timestamp,latitude,longitude,altitude,velocity_north,velocity_east,velocity_down,roll,pitch,yaw,acc_bias_x,acc_bias_y,acc_bias_z,gyro_bias_x,gyro_bias_y,gyro_bias_z,latitude_cov,longitude_cov,altitude_cov,velocity_n_cov,velocity_e_cov,velocity_d_cov,roll_cov,pitch_cov,yaw_cov,acc_bias_x_cov,acc_bias_y_cov,acc_bias_z_cov,gyro_bias_x_cov,gyro_bias_y_cov,gyro_bias_z_cov,acc_x,acc_y,acc_z,gyro_x,gyro_y,gyro_z,mag_x,mag_y,mag_z,pressure,freeair,mag_anomaly
2025-06-14T21:17:02.500Z,40.074321,-75.2397738,58.89999771118164,0.0,0.0,0.0,0.01491300991843811,-0.349567059140939,-0.04647833954256311,0.001,0.001,0.001,0.001,0.001,0.001,1.0677034502946993e-8,1.0677034502946993e-8,0.40789757646763647,2.25,2.25,2.25,1e-9,1e-9,1e-9,0.001,0.001,0.001,0.001,0.001,0.001,-0.7133069223371046,3.3451243269032447,9.471522824517612,-0.0032471154744808566,0.0026971157461118268,-0.039457211270928334,5.650000167615486,4.3090910983808115,-48.02784324414802,1005.8199666341146,0.28984115685185685,48.55058770888258
2025-06-14T21:17:07.500Z,40.07596628704492,-75.23763611903954,41.25167010279256,-52.45653558176608,72.8259792276665,-48.57921555755512,0.6916473051498127,0.5600764132566752,0.8868819734861251,0.001000000000388468,0.0010000000004168896,0.001000000000388468,0.0010000000004026788,0.0010000000004026788,0.0010000000004026788,1.010677734996305e-6,1.0106793949424437e-6,4.594690177826735,2.2523981644860176,2.2489834035118825,0.19843309063483705,0.000010001335290489727,0.000010000924278400273,0.000010001734274897119,0.0010010000000000008,0.0010010000000000004,0.0010010000000000008,0.0010000100000000006,0.0010000100000000006,0.0010000100000000006,3.0203734812206693,7.072647006352742,-3.9550135469701555,0.3542022288967338,0.835241398130854,0.45368193906255894,-7.036607393196651,-19.837054456983292,31.410715602693102,1005.7759643554688,-1.1417683641169047,37.81073643837245
2025-06-14T21:17:08Z,40.076023512049616,-75.2371916944614,38.07209698066336,-53.22888535546642,78.46766758213849,-54.86414931551906,2.0142585682796366,0.534757121917133,1.9008636051293595,0.0010000000007153176,0.0010000000004026788,0.001000000000672685,0.000999999999990564,0.0009999999999834586,0.0009999999999834586,2.0106778816975026e-6,2.010679890094775e-6,2.631870071631531,2.2540086710284477,2.2500952313033995,0.10274357155233922,0.00002244593654148083,0.000017966717793215972,0.000023238296513861536,0.001002,0.0010019999999999994,0.0010020000000000003,0.0010000199999999995,0.0010000199999999995,0.0010000199999999995,12.63525873521278,0.46720236058041004,0.14510000678061022,2.6629249695590893,3.1759854551133855,0.7922822723370784,-34.99423183538975,0.3999999486483063,4.291827119313754,1005.7739624023437,2.854226511907475,35.25865089543043
2025-06-14T21:17:08.500Z,40.076081475045854,-75.23671637835751,28.211671556084124,-53.04565326317266,82.8567782989218,-58.81699474605201,1.8574754021219042,0.4468810105803977,2.143131096262755,0.0010000000007437393,0.0010000000000758291,0.0010000000006158416,0.0009999999999763531,0.0010000000000971454,0.0010000000001539888,3.010678041466794e-6,3.010680431365128e-6,1.9275743512528118,2.256177058357798,2.251220097557919,0.0698931064110014,0.00003125795615749452,0.000027298354089206722,0.00003397828873894409,0.001002999999999999,0.001002999999999999,0.0010029999999999998,0.0010000299999999998,0.0010000299999999998,0.0010000299999999998,8.930443919305501,0.9227359025228143,4.031525188248418,-0.5644593743068834,0.4835124969830563,0.010681249344060657,-34.00508858436762,3.6379361734833826,-36.679362053094906,1005.815966796875,0.05052179321388065,50.14928852599487
2025-06-14T21:17:09Z,40.07612811876498,-75.23620964052199,16.43183480725495,-52.724722317255875,87.62249794531996,-62.900047118802505,1.6760271628478816,0.7192553795165955,2.2816530158767634,0.0010000000005874199,0.0010000000001184617,0.0010000000005021548,0.0009999999997631903,0.001000000000189516,0.0010000000003671516,4.01067821355319e-6,4.010681017845914e-6,1.5619458485316071,2.259609364231493,2.2525793274634793,0.054724945480327816,0.00005573844465949129,0.00003686599629147422,0.00005189709043258327,0.0010039999999999982,0.0010039999999999982,0.001003999999999999,0.001000039999999999,0.0010000399999999987,0.001000039999999999,8.465647042167767,1.3120200730015077,6.136236923641013,-0.5402654036106522,0.12928924533177935,-0.6137447645333078,-30.615958558752183,11.534441958082484,-37.81316627340114,1005.8059936523438,0.7458946922415025,50.00210733658402
2025-06-14T21:17:09.500Z,40.07613572615925,-75.23566430032876,3.483100130858187,-52.26557053467821,92.40241812540468,-67.03487889837686,1.1311930965718573,0.7453293936073365,2.067189753648103,0.0010000000006016307,0.0010000000002605702,0.0010000000005589982,0.0009999999993360231,0.0009999999998839826,0.0010000000006584742,5.010678395894964e-6,5.010681649095331e-6,1.3370402133773494,2.2647955362770182,2.254315656812106,0.0476564568238092,0.00006785674590353656,0.00004729810702075834,0.000061028791839366184,0.0010049999999999987,0.0010049999999999987,0.0010049999999999996,0.0010000499999999993,0.0010000499999999993,0.0010000499999999995,8.520091034014433,0.5089125281751213,6.171272145747636,-0.851403118102264,-0.32474375057425675,-0.11625364453009722,-34.24762634277344,13.377000541687012,-32.37787628173828,1005.8139770507812,0.7401823661939109,48.9914885811839
2025-06-14T21:17:10.500Z,40.07591467452703,-75.23442981366709,-36.421881589289036,-50.552781727634,101.42199115155219,-76.51586096754289,0.8281588525777964,1.0724840927955381,1.6624003025311154,0.0010000000009441257,0.0010000000004041132,0.0010000000007735954,0.0009999999995755802,0.0009999999998612317,0.0010000000002854392,6.010678775027046e-6,6.010683041660071e-6,1.3224261663217933,2.279921758641115,2.2584971390280697,0.049560278485662704,0.00018598914323922537,0.000055861311861955476,0.00013977345171708425,0.0010059999999999973,0.0010059999999999976,0.0010059999999999984,0.0010000599999999984,0.0010000599999999984,0.0010000599999999984,8.165187904097216,0.6323102591714164,5.608212777830778,0.027747319976265755,-0.01767023789392093,-0.44112767245083195,-40.40820463498434,15.21523497502009,-22.61484440167745,1005.81396484375,0.1321679180111451,48.74169280033882
2025-06-14T21:17:11Z,40.07541366926296,-75.23367774962064,-44.77500188279994,-49.20186068207472,106.20503898345805,-79.2667065927986,6.220714185584939,1.0880889897438306,1.050653384668839,0.0010000000006883335,0.0010000000006030684,0.0010000000006030684,0.0009999999992075293,0.000999999999824264,0.0010000000000509601,7.010678952646851e-6,7.0106838013379006e-6,1.1705904433392549,2.2916966744667757,2.262472343672268,0.051156388084972935,0.0002633172397321536,0.00005753754751536911,0.0002301239817664363,0.0010069999999999977,0.0010069999999999977,0.0010069999999999986,0.0010000699999999983,0.0010000699999999983,0.0010000699999999983,8.408860581766858,1.6729174237052615,6.032251309880631,-0.7402555802580718,-0.16021914617101002,-0.6076061121989121,-43.199251327514645,7.581000299453735,-21.76425075531006,1005.8199462890623,0.6887788536829436,48.962480757252926
2025-06-14T21:17:11.500Z,40.074653583469676,-75.23282582584251,-55.034380047809805,-48.029675263848674,111.3470637025178,-81.03040980523255,6.242282058190502,0.8088238398096625,0.9954963821397314,0.001000000000506622,0.0010000000004183787,0.0010000000002508265,0.0009999999993780082,0.00099999999963942,0.000999999999749554,8.010679109473042e-6,8.010684601585761e-6,1.0668747071802187,2.307175505495209,2.2659887945954647,0.05632443345166252,0.0001384991346573011,0.00006613582351349149,0.00013969340248121123,0.0010079999999999965,0.0010079999999999965,0.0010079999999999993,0.0010000799999999985,0.0010000799999999987,0.0010000799999999985,7.5768903431355685,2.5652067744460965,5.842316939141412,0.12409374574583362,-0.5104468726626618,-0.12368437493851593,-46.02675148010254,-0.2610000140964985,-17.22450065612793,1005.8099853515625,0.11060104273765495,49.14476988818557
2025-06-14T21:17:12.500Z,40.07257619462679,-75.23088197986173,-99.28728132218279,-40.53337112986351,116.88671715885735,-92.1042778187005,0.33518761105247274,0.557412300400925,1.2208750103597024,0.0010000000008219259,0.001000000000547651,0.0010000000005256323,0.0009999999999337206,0.0009999999997631903,0.0009999999994683016,9.010679335204193e-6,9.010686319464487e-6,1.1253319872993044,2.3253503378335756,2.296860793108329,0.06285706818624094,0.00010685493300033742,0.00007819545737257058,0.00012037247389921588,0.0010089999999999958,0.001008999999999996,0.0010089999999999986,0.0010000899999999982,0.0010000899999999982,0.0010000899999999982,10.485813322026171,-5.380756597762831,-1.1661521919575115,0.22789912886563946,-0.16026336800253652,0.17454913028060096,-11.955375537872314,24.14137601852417,20.020125846862793,1005.8419677734375,2.0475635045963365,33.563954958213394
2025-06-14T21:17:13Z,40.069942162735025,-75.22944208528921,-104.16340224526357,-35.60550331889901,119.39091901264621,-92.70045757298787,0.3467097138258187,0.45643540351288914,0.6175993484480501,0.0010000000009699691,0.0010000000007994389,0.0010000000007610028,0.0009999999996637143,0.0009999999995692454,0.0009999999995808809,0.000010010679245472127,0.00001001068722487193,1.0439945940907502,2.329363765245866,2.320388485884277,0.0625782650624621,0.000120487428106413,0.0000801971108895223,0.0001467839863116347,0.0010099999999999968,0.0010099999999999968,0.0010099999999999977,0.0010000999999999977,0.0010000999999999977,0.0010000999999999977,7.805631624697817,-6.985231551488788,0.6736781530474334,0.6412533316745361,-0.488254160611343,-1.2292599991803017,-24.37148553133011,27.138672947883606,14.039453715085983,1005.8319580078123,0.7003451302302313,39.08425731649827
2025-06-14T21:17:13.500Z,40.06675505897504,-75.22779844501369,-110.89029964811829,-31.9705106834494,123.34961973266438,-94.27967711675664,1.0349870943557828,0.21647779212502202,0.465855740461691,0.0010000000010901117,0.001000000001037485,0.0010000000006516836,0.0009999999998726605,0.0009999999992708075,0.0009999999998465798,0.00001101067904260659,0.000011010688160075105,0.9865135738483986,2.339072641505228,2.3480196023617004,0.06451055393087389,0.00011378305920143468,0.00008971103253318578,0.00014878622488883039,0.0010109999999999974,0.0010109999999999974,0.0010109999999999978,0.0010001099999999968,0.0010001099999999968,0.0010001099999999968,8.728093256449865,-4.436068068051003,-2.059100102913573,1.6550563847079425,-0.6557046456221776,-0.10881918537522836,-17.643334007263185,23.844167539808485,1.3316667093171013,1005.8339599609375,0.2082626748003147,29.6917814083187
2025-06-14T21:17:14.500Z,40.06060698490049,-75.22435093705347,-152.936514223899,-24.42916750976466,135.8937549911754,-97.78272346998747,1.533964764793977,6.1078703311207185,0.5046260917808747,0.001000000001533207,0.0010000000008593842,0.0010000000004475546,0.0009999999998203189,0.0009999999990215548,0.0009999999996151432,0.000012010678489990259,0.000012010690132014274,1.0992245439505082,2.3776468121950156,2.4100153997975005,0.08904696909982876,0.00011727325263561425,0.00009844503338423033,0.0001545858929656563,0.0010119999999999966,0.0010119999999999966,0.0010119999999999966,0.0010001199999999976,0.0010001199999999976,0.0010001199999999976,8.970665732713504,-3.379290966762393,-3.197322599236498,0.40336744437720945,-0.1276518207550673,0.25807864350802084,12.018375430107117,-8.598000249862672,-25.59000108897686,1005.8579833984375,0.30672160310930513,29.55016265533006
2025-06-14T21:17:15Z,40.0540835525491,-75.22144858074476,-147.95247279857324,-19.478583675147778,146.06697176859166,-92.12265225022888,1.2740087871133963,5.585673740664552,0.8001147798959403,0.0010000000018480044,0.0010000000012041685,0.001000000000558328,0.0010000000001067597,0.0009999999992755077,0.0009999999995054319,0.00001301067751960703,0.000013010691109799703,1.0567416434088224,2.398405374555467,2.445833931916644,0.10240903560415403,0.00016356322388710133,0.00010477677134212014,0.0001984069381493403,0.0010129999999999972,0.0010129999999999972,0.0010129999999999972,0.0010001299999999975,0.0010001299999999977,0.0010001299999999977,8.880283791858412,-5.113530268564023,-1.176010063251307,-0.5577982489631209,0.33921336570220056,0.8624903992335153,-7.626000367999077,6.324000360816717,-19.427625806331633,1005.8979736328125,0.5145395826717658,21.807780573501685
2025-06-14T21:17:15.500Z,40.047355181445546,-75.2183301797866,-142.67823786960264,-15.522099223354202,157.15039705615365,-85.6184880297526,1.5799158897930539,5.751733513873939,0.7184639873468648,0.0010000000018287297,0.0010000000017226763,0.0010000000003663456,0.0010000000003059636,0.0009999999990843581,0.0009999999996503095,0.000014010676391003777,0.000014010692104509838,1.038472950889708,2.426395297509273,2.476697486088207,0.11653882229213061,0.00011864916370379345,0.00011197216963910611,0.00017420834128446274,0.0010139999999999965,0.0010139999999999962,0.0010139999999999965,0.0010001399999999979,0.0010001399999999979,0.001000139999999998,7.831357041039208,-5.194656942580685,-2.051463429425056,0.28646055782658447,-0.14311083113453854,-0.7532380582155473,-12.583644239667882,17.476995295666633,-8.458643970733627,1005.9219848632813,-0.18289441117120112,23.137410764613207
2025-06-14T21:17:16Z,40.04048940985765,-75.21500546490532,-135.65512339936322,-12.754003541080307,168.3938938656654,-77.19500586609853,1.8887191243772523,5.39458995852115,0.6052330272656862,0.0010000000020773446,0.0010000000020868574,0.0010000000001773686,0.0010000000001651047,0.00099999999923884,0.0009999999992896856,0.000015010675089419542,0.000015010693113015374,1.0392705182799722,2.4586099245573787,2.4950969030951464,0.12862138479362575,0.000162258154079389,0.0001184552813690327,0.00018960657438275093,0.0010149999999999966,0.0010149999999999966,0.0010149999999999966,0.0010001499999999978,0.0010001499999999976,0.0010001499999999978,7.977259065875007,-3.502763196096899,-2.6112153373804854,0.19289687604451944,-0.20337812135192354,0.38792186987672084,-1.988250116109848,-24.013125948905945,-5.856750215291977,1005.953955078125,-0.7083082660307138,24.796821639558612
2025-06-14T21:17:16.500Z,40.033630721107656,-75.21151914465602,-126.06210813316096,-10.176815479713255,179.8028787188015,-68.17091775596205,1.973333583775517,5.303878403088585,0.6832788998680206,0.0010000000025344956,0.0010000000023192685,0.001000000000542597,0.0010000000001962755,0.000999999998981499,0.00099999999898851,0.000016010673617269807,0.000016010694134582486,1.054584832538365,2.501641444520702,2.520441412135916,0.14227048717572863,0.00013814204192519715,0.00012411717927661247,0.00019254145152074854,0.0010159999999999967,0.0010159999999999967,0.0010159999999999965,0.0010001599999999978,0.0010001599999999978,0.0010001599999999978,7.853816009598879,-6.023300322852632,-1.7272469651179299,-0.0013422878565372215,-0.031285104226669476,-0.20446196756646975,-11.356500478982925,17.45475058078766,-14.31675064086914,1005.981982421875,0.24168996391779038,25.27063920837199
2025-06-14T21:17:17Z,40.026986640873716,-75.20794645335533,-113.44518252372904,-8.451140665759315,190.80312985810352,-56.95684907295933,2.701174928990611,5.321110169866179,0.3161120981175819,0.0010000000026749655,0.0010000000023033806,0.0010000000008791774,0.0009999999998483104,0.000999999999058593,0.0009999999991694522,0.000017010671991355568,0.00001701069517240868,1.0809666280892123,2.5553875107724098,2.5443512539706528,0.15596010541657704,0.00011281025701739623,0.00012094538860381022,0.00021358172617321944,0.0010169999999999964,0.0010169999999999962,0.001016999999999996,0.0010001699999999986,0.0010001699999999986,0.0010001699999999986,10.214551511098566,-5.858526400817205,-2.2007794528375744,0.5485605983000067,-0.6279073313922032,0.01372146260531781,-20.43061312850641,14.99464344491764,-15.376913927039322,1006.0099731445313,2.171905370783794,29.64280282897335
2025-06-14T21:17:17.500Z,40.02075588827516,-75.20437871853804,-98.13353141823953,-9.053194993509798,200.49496001668044,-47.05127208822558,3.000063963925788,5.416825727547429,0.7252632671818654,0.0010000000026462697,0.0010000000027236284,0.001000000000703902,0.0009999999997631292,0.000999999999043966,0.0009999999988707451,0.00001801067023071214,0.000018010696232642572,1.1113355807956329,2.616654868115845,2.5505698791842586,0.15650773102362658,0.00006495200985870542,0.00012857390406273192,0.0002375849757234622,0.001017999999999997,0.0010179999999999968,0.0010179999999999961,0.0010001799999999992,0.0010001799999999994,0.0010001799999999992,7.172830597897006,-6.034021200537213,-1.3682535554189796,1.0665336267091077,-0.4618148838428325,-0.6561220118991176,-34.84630246065101,26.054848028689015,-15.271684296277105,1006.0259643554688,-0.33639542616427,46.11224961555014
2025-06-14T21:17:18Z,40.01505680580151,-75.20089625568713,-81.35179044957056,-11.182471727249702,207.75656909602023,-37.52277295369322,2.9843715111784976,5.3606077575737165,1.2105506421107084,0.0010000000026479938,0.0010000000029230505,0.0010000000008733205,0.0009999999994085133,0.0009999999990158578,0.0009999999991333079,0.000019010668332918358,0.000019010697320649814,1.1359728997582637,2.6673032195747965,2.5432144275624355,0.14678647116196628,0.0000897543013501613,0.0001163675625072869,0.0002773232356635412,0.0010189999999999963,0.0010189999999999965,0.0010189999999999965,0.001000189999999999,0.001000189999999999,0.001000189999999999,7.691606733197752,-3.57709910660874,-1.6006224101877657,0.5608601657972376,-0.18565290500058726,-0.5136415651258658,-40.18875114440918,6.601125277206302,-16.651875610351563,1006.0379760742187,-1.1779196695879985,43.9998985433001
2025-06-14T21:17:18.500Z,40.00994286322228,-75.19755701427337,-64.12141779031003,-14.582785179418853,213.7470689103994,-28.703861700286318,2.607148077378105,5.286329950222275,1.7827998209625382,0.0010000000027533824,0.0010000000029483916,0.00100000000121083,0.0009999999994327114,0.0009999999987982528,0.0009999999992309837,0.000020010666268673388,0.00002001069844217857,1.1506975068823804,2.7283399994695565,2.5264364567314126,0.13691782691634982,0.00015878625952701805,0.0000890851098727952,0.00034317428055715554,0.0010199999999999968,0.0010199999999999968,0.0010199999999999968,0.0010001999999999997,0.0010001999999999997,0.001000199999999998,9.792381155750974,-2.896581751494569,-1.0344051430842318,0.08837207561917305,0.015157714730280564,-0.5028281885909485,-41.38425140380859,0.7166250231117011,-19.89675079345703,1006.0539794921875,0.4526522197833241,45.92434920553533
2025-06-14T21:17:19Z,40.005411754093565,-75.19439659619853,-47.194149228793364,-18.456243111520724,217.2160360265317,-20.594731990497877,1.623307124809012,5.109499091675663,3.346893876037859,0.0010000000027630246,0.0010000000029467648,0.0010000000014046726,0.0009999999996121607,0.000999999998808118,0.0009999999993716556,0.000021010663978482754,0.000021010699600470986,1.1548792208258019,2.769150075178443,2.5104308471443315,0.12377063417320706,0.0007397068302360675,0.000034780756595491826,0.000999295028374436,0.001020999999999997,0.001020999999999997,0.001020999999999997,0.0010002099999999996,0.0010002099999999996,0.0010002099999999988,10.480339850321513,0.24148618354844933,0.8638362215992558,1.0024122237050503,1.1902342302270266,-0.5397010861018514,-41.05273588498434,-10.963281681140264,-18.063672522703808,1006.06796875,0.7066021548044117,46.1715524022559
2025-06-14T21:17:19.500Z,40.001439262364826,-75.19143015133047,-31.2692326400322,-22.536037316876595,220.4135541242012,-14.532696239962037,0.33806821792175845,5.366235062050287,5.002275102991475,0.0010000000028170268,0.0010000000026902849,0.0010000000014013524,0.000999999999449396,0.0009999999986995039,0.0009999999991165964,0.000022010661399419453,0.000022010700797305794,1.1520729587173009,2.8288165173486166,2.496155549567932,0.11966917740271675,0.00014522834240609915,0.00011324039064550124,0.0006961104649759405,0.0010219999999999967,0.0010219999999999964,0.0010219999999999967,0.0010002199999999994,0.0010002199999999994,0.0010002199999999994,5.833273587330068,0.6373066971239452,8.599997066496398,0.4588863351509215,1.4706816832171759,0.7080683041883116,-20.16675085067749,-22.50262580871582,-35.84437614440918,1006.0759521484375,0.59855035678552,46.88155879420493
2025-06-14T21:17:20Z,39.99798622031724,-75.18866055061044,-16.78386074101208,-25.702789170420775,221.46585357544222,-9.463347429343266,6.238507849889373,5.708458208358675,5.902963237184114,0.0010000000030298373,0.0010000000023380506,0.0010000000016236507,0.0009999999996835758,0.0009999999985391282,0.000999999999283574,0.000023010658450635973,0.000023010702032419504,1.1442402433798824,2.856972441790457,2.495819337449714,0.10913162009301101,0.00016800587606442976,0.00006660235330215737,0.0005678289311628138,0.0010229999999999964,0.0010229999999999961,0.001022999999999996,0.0010002299999999987,0.0010002299999999987,0.0010002299999999987,3.150496894978733,0.37212176183568885,9.441546170689385,0.4375169650477852,0.8123059471326448,1.511169332732221,-9.849000387191772,-27.3656262588501,-40.13512664794922,1006.0899658203125,0.14739570336188834,49.56514575741308
2025-06-14T21:17:20.500Z,39.99499764999044,-75.1860788446892,-3.8978823849633635,-28.55698589752934,221.9586338738462,-5.65113835721519,6.061389360917943,5.633100699198303,6.171896979960784,0.0010000000027878893,0.0010000000022588724,0.0010000000015335483,0.000999999999405386,0.0009999999981666475,0.0009999999989594559,0.00002401065501092175,0.000024010703301055535,1.1301882978650812,2.884609743058998,2.500677396778926,0.09958678028455445,0.0002058223119791114,0.00006829403593822312,0.0005969660963326556,0.001023999999999997,0.001023999999999997,0.001023999999999997,0.0010002399999999975,0.0010002399999999992,0.0010002399999999992,1.97588418220087,0.016495457757974286,9.708855003788798,-0.19609651067873313,-0.2745930185230611,0.4535717993108573,-18.007125663757325,-21.118500785827635,-40.39987670898437,1006.0919677734375,0.09490357315223333,49.014209348368105
2025-06-14T21:17:21Z,39.99242405780714,-75.18367064421982,7.336155551435709,-30.898425935307788,221.7212966222372,-2.6555811327742065,0.1156894312513744,5.4747472755878945,6.076843747114192,0.0010000000023667442,0.0010000000024493814,0.0010000000016856239,0.0009999999993133767,0.000999999998099859,0.000999999999206983,0.000025010650916663827,0.000025010704594052177,1.110990949097394,2.902010449518004,2.5139227383882483,0.0892004615727292,0.00028168620829782025,0.00007825802507948826,0.0007127023528904115,0.0010249999999999966,0.001024999999999997,0.001024999999999997,0.0010002499999999966,0.0010002500000000003,0.00100025,3.8551335033812726,0.28319001131196103,9.05593715413258,0.44406830808787706,-0.35294244010320563,-0.11662150837966083,-24.173250999450683,-18.224625835418703,-37.86750137329101,1006.0959716796875,0.03346858269116118,48.481190115916256
2025-06-14T21:17:21.500Z,39.99021922347822,-75.18141951315421,17.039812096661226,-33.08379084237377,221.0766227282266,-0.32023374938275895,0.07642534851971329,5.542947256999039,0.04190499466104301,0.001000000002074311,0.0010000000024837621,0.0010000000018385,0.0009999999993622157,0.0009999999977970864,0.000999999999544254,0.000026010645950143702,0.000026010705896707356,1.08721830383726,2.9139702883665843,2.532959720545514,0.07927621720414245,0.0002438919954760819,0.00009011224797327908,0.0006447243941812339,0.0010259999999999959,0.001025999999999996,0.0010259999999999963,0.0010002599999999972,0.0010002600000000009,0.0010002600000000009,4.415319740852809,1.2790674597181828,9.116766743119255,0.18522181037549187,0.1594917520240245,0.3918111669952252,-29.145001258850098,-22.989375762939453,-31.59862621307373,1006.0899658203125,0.39724679434884136,48.748443380753734
2025-06-14T21:17:22Z,39.98835428174534,-75.17931299832136,25.326330590942312,-35.48080814875973,220.10610829726858,1.3660892976234424,0.07604509162343351,5.60698281285924,0.12305030296869748,0.001000000001837975,0.0010000000024072266,0.0010000000022045972,0.0009999999991267907,0.0009999999981251053,0.000999999999147913,0.00002701063982775436,0.000027010707187991297,1.059857154110329,2.920488774213002,2.5549868219537246,0.0704039436434098,0.00021576693344213082,0.0001027138189787966,0.0006113746799828187,0.0010269999999999956,0.0010269999999999954,0.0010269999999999951,0.0010002699999999975,0.001000270000000001,0.001000270000000001,3.2398601310497313,1.0702200444166858,9.88774715169087,0.0369194433496813,0.13824472189418227,0.14280666605345949,-29.359875984191895,-18.22725065231323,-34.22512649536133,1006.0919677734375,0.6471833149903503,48.63732451865957
2025-06-14T21:17:22.500Z,39.98680144763347,-75.17733734111764,32.333600394561536,-36.91882954643972,219.2032899137988,2.494128323448992,6.234746673494608,5.640328918227146,0.4674841962411695,0.0010000000021389021,0.001000000002574128,0.0010000000020884599,0.0009999999991324433,0.000999999998322663,0.0009999999989601977,0.00002801063219510405,0.000028010708438819643,1.0302203704395878,2.9299914992849176,2.5864287104971826,0.06251730566912475,0.00018580987184764727,0.000125418019161194,0.0005647277745178164,0.0010279999999999948,0.0010279999999999948,0.001027999999999994,0.001000279999999998,0.0010002800000000014,0.0010002800000000014,4.039543804775591,0.7290627949782057,8.93077599602337,0.1275595107913327,0.08467744121142957,0.5769543412128967,-32.378907680511475,-14.783594310283661,-32.41875139872233,1006.0879638671877,0.016372096416681844,48.14477006062221
2025-06-14T21:17:23Z,39.98554981879527,-75.17548421055632,38.22786530477658,-38.522183252276854,217.9870692418891,3.37583783952581,6.090970542609715,5.7524837079829005,1.0940054383268898,0.0010000000017988328,0.0010000000026852745,0.001000000002513581,0.0009999999988250581,0.0009999999982006943,0.0009999999986527119,0.000029010622596144055,0.00002901070961062684,0.9991339370225694,2.9339729961990377,2.622719085992618,0.055526262029384155,0.00014428686016975664,0.0001489470716457532,0.0005072734006994287,0.0010289999999999952,0.0010289999999999954,0.0010289999999999943,0.0010002899999999979,0.0010002900000000013,0.0010002900000000013,3.2097368177816405,0.14643000270748346,9.764057182309923,0.42833255754671246,0.12397151015104256,1.2006284867785006,-33.7628923257192,-2.7164063941066465,-34.995704571406044,1006.0879638671875,0.46676194698974927,48.7032459128828
2025-06-14T21:17:23.500Z,39.98459477996038,-75.17374642198209,43.18280016595974,-40.03780703762577,217.40851112187957,3.9147686927341208,6.1142230726609545,5.761936083265018,1.0027053464259466,0.0010000000016575914,0.001000000002727058,0.0010000000023289864,0.0009999999988295966,0.00099999999829964,0.000999999999030359,0.000030010610494706992,0.000030010710657660966,0.968284067867077,2.9541695704932587,2.6641942178485776,0.05138057580989819,0.00014965866187808494,0.0001567532422751722,0.0005218934191533997,0.0010299999999999955,0.001029999999999996,0.0010299999999999938,0.0010002999999999987,0.001000300000000002,0.001000300000000002,3.6093664584763823,0.8170641653394279,9.406824474829772,-0.06520930201979899,0.06507034554625049,-0.1487517418030085,-29.494142015775044,7.8468753298123675,-36.63554843266805,1006.0859619140625,0.29629355067082597,47.6826639389441
2025-06-14T21:17:24Z,39.98394049787977,-75.17211854093817,47.3051651309715,-41.474603727892905,217.17633797572284,4.149571803597651,6.198741730069191,5.586458165500167,0.6998479216781925,0.0010000000017994705,0.0010000000025000373,0.0010000000024860559,0.0009999999990316715,0.0009999999984908602,0.0009999999991232413,0.00003101059531015631,0.00003101071152902873,0.9397345497711318,2.9832945530349146,2.7107098193813597,0.048751594506489436,0.00020539065489425667,0.0001607132593931933,0.0005763321293008719,0.0010309999999999944,0.0010309999999999955,0.0010309999999999948,0.001000309999999999,0.0010003100000000008,0.0010003100000000025,4.166881843993417,1.2249316943577608,8.890960572220946,-0.20154673806282716,-0.2836103262343326,-0.5518548830747626,-32.78962650299072,2.177625088915229,-33.24412616729737,1006.0879638671875,0.08280955559844642,46.74471994442669
2025-06-14T21:17:25Z,39.984053914647916,-75.16935517063521,52.52583931650073,-44.66836674550816,216.00966332830998,4.255510791424516,5.954782097908018,5.830831595734738,1.469450159711673,0.00100000000188331,0.0010000000022178852,0.0010000000024309938,0.000999999999361017,0.0009999999982067775,0.0009999999988051325,0.00003201056377250256,0.000032010713679895577,1.045635961149174,3.0321369264388958,2.833654972364649,0.048404713675191585,0.00016413271952635204,0.00016291493211768407,0.0005288174461315355,0.0010319999999999936,0.0010319999999999954,0.0010319999999999939,0.0010003199999999986,0.0010003200000000012,0.001000320000000002,3.43506722354709,0.22090455206292867,9.6544629802679,0.21894619500798676,0.11627853309837977,0.8197046156352974,-32.49260357448033,0.9753826806435779,-30.36964393148617,1006.0999755859375,0.43763801945325065,44.48630599160473
2025-06-14T21:17:25.500Z,39.984147657525504,-75.16799455925063,55.04401841036043,-46.157725002550336,215.4458813199516,4.165611466826252,5.992657158944319,5.953108498097248,1.9210054202374585,0.0010000000019243474,0.0010000000026463656,0.001000000002546868,0.0009999999996332953,0.0009999999978731683,0.0009999999990837102,0.00003301052933755439,0.0000330107130051953,0.9882665901383416,3.0656532453917373,2.9006429796102777,0.046883278382373626,0.00018282401791639655,0.0001478637207809521,0.0005472553512210224,0.0010329999999999938,0.0010329999999999944,0.0010329999999999938,0.001000329999999998,0.0010003300000000015,0.0010003300000000015,3.1379147828246103,0.14873293635318102,9.46413583020223,0.4528235448220594,-0.02451569678714987,0.9435930164925747,-28.693304652259464,8.929464589981805,-31.41428684052967,1006.0919677734375,0.15986476291658885,43.47291202601611
2025-06-14T21:17:27Z,39.986236105876756,-75.16451893978181,60.17422352946587,-49.88224971354129,214.8942087616659,3.9639028697702785,6.264194932123767,6.098799216723559,2.5440573603140826,0.0010000000018345284,0.001000000002368437,0.0010000000025249991,0.000999999999627878,0.0009999999979289221,0.0009999999992121224,0.00003401044060353833,0.00003401071368482755,1.208825239505327,3.21772415680805,3.1714406702286038,0.050483291092024735,0.0001991831639939858,0.00013416763083029098,0.0005767441341246127,0.001033999999999994,0.0010339999999999948,0.0010339999999999941,0.0010003399999999971,0.0010003400000000006,0.0010003400000000006,3.53177765512274,0.7500575300987423,9.327642940518693,0.35140922371583094,0.03534910699237125,0.5175648720898027,-19.374238456167827,15.797561529206067,-36.40381268757145,1006.0979736328123,0.19007084266188307,44.16058386217288
2025-06-14T21:17:27.500Z,39.987693506456864,-75.16361073170637,60.9744441681203,-51.401940920176195,215.03736521538846,3.762627627441361,6.277321191134441,6.1181585384286,2.7499821558427304,0.0010000000015212326,0.00100000000273825,0.0010000000023975223,0.0009999999993017187,0.0009999999979641307,0.0009999999987577134,0.00003501035977164265,0.000035010708895069895,1.1013462693758571,3.2782825694392734,3.273576184765681,0.04900287810556307,0.00020571776628713258,0.0001424972141431202,0.0005900772911216652,0.0010349999999999927,0.0010349999999999953,0.0010349999999999945,0.001000349999999997,0.001000350000000001,0.001000350000000001,3.894261709504861,1.2453346750284622,9.232858157424358,0.10019694561424314,0.025403054845417362,0.41762638865986773,-13.401136853478171,14.003693754022772,-39.90170600197532,1006.0899658203125,0.2855873592598766,44.360292516180095
2025-06-14T21:17:30Z,39.99219904898273,-75.15800665114679,62.092960748953686,-67.7546497112519,224.04305176172448,-1.1581007258723002,6.134334440990277,5.691435028286566,1.7329885374020726,0.0010000000016151484,0.001000000002704156,0.001000000002546387,0.000999999999152022,0.000999999998156204,0.000999999998505456,0.00003601012167167242,0.00003601070562035054,1.7459333760428457,3.707227270753911,4.017164456046711,0.11441050320551878,0.0002366069325818539,0.00018091263648253633,0.0005795512014717529,0.0010359999999999927,0.0010359999999999963,0.0010359999999999935,0.0010003599999999974,0.0010003600000000018,0.0010003600000000018,7.1955283707859365,3.1161391649916643,6.002227105952401,-0.38682499764257666,-0.2534205372714967,-0.7608773825989942,-39.56958499484592,4.230416833195421,-19.541667217678494,1006.0879760742188,0.060894459755522136,44.334193868106155
2025-06-14T21:17:30.500Z,39.99371245372165,-75.1570608213979,59.98213006305353,-70.93023378193936,225.53185341546214,-2.1502872258073373,6.149886099227992,5.502474333441646,1.6125641141825775,0.0010000000013505532,0.0010000000028677434,0.001000000002213007,0.0009999999992719305,0.0009999999982282623,0.000999999998751756,0.000037009979023002923,0.00003701069589138783,1.4932687566337473,3.757879609759236,4.189699647735325,0.11147262300647108,0.00029479278618689043,0.0001987205002568941,0.0006216104626948713,0.0010369999999999924,0.0010369999999999958,0.0010369999999999939,0.0010003699999999978,0.0010003700000000022,0.0010003700000000024,7.613900338020717,4.560792285816099,5.21091605768451,-0.1109597573180994,-0.35710487434556093,-0.24419725536887157,-39.884822845458984,-4.836160932268415,-13.81339338847569,1006.0899658203125,0.4777370387442408,42.48521007749297
2025-06-14T21:17:31Z,39.994400561632084,-75.15584288497664,58.06275064227281,-74.10132103085643,226.74980942845107,-3.944481234087672,6.1556861960603015,5.552229955223409,1.7126950160051477,0.0010000000012825607,0.0010000000028348235,0.0010000000020100935,0.0009999999989975304,0.00099999999844879,0.0009999999991310144,0.00003800988126716683,0.00003801069111380408,1.3421744558923794,3.7953775797008835,4.357099005451785,0.11338721556554182,0.0002777257537482298,0.00019933780274970282,0.0006215090901710437,0.0010379999999999918,0.0010379999999999953,0.0010379999999999944,0.0010003799999999986,0.001000380000000002,0.0010003800000000019,6.442404333010174,5.4080286718803805,3.4265812356635146,0.15358928634086255,0.07885803440745165,0.15700714182481817,-39.35913604345077,-8.27403884056287,-11.070673429048979,1006.0759765625,-0.7320355688617123,41.71518775570358
2025-06-14T21:17:31.500Z,39.9945597448093,-75.1544487176622,56.21644115330191,-76.27828884011282,228.0932495824536,-4.3958861837938725,6.001561007654071,5.763291182757219,2.0728367699356016,0.0010000000010996686,0.0010000000029166845,0.0010000000020076282,0.0009999999990517156,0.0009999999983632676,0.0009999999989104842,0.000039009809754840985,0.00003901068931501205,1.2474381447606884,3.8623642160092104,4.550383706285133,0.11230633787700253,0.0002549634947629592,0.00016960402786357734,0.0006164881045732561,0.0010389999999999924,0.0010389999999999963,0.0010389999999999935,0.001000389999999999,0.0010003900000000025,0.0010003900000000027,8.384638945442008,2.1936843675176334,5.304448797768899,0.12054294789319761,0.3043275610407422,0.6875047988162875,-38.773595333099365,1.7259376011788845,-14.588906860351562,1006.0699584960937,0.34639153720113686,41.46326753989559
2025-06-14T21:17:32Z,39.99439545705736,-75.15294327168142,54.54488657283131,-78.92028068891113,229.31509577121724,-5.0884766239702826,5.9943622698085655,5.777593770864583,2.167579423966767,0.0010000000012854815,0.0010000000029140082,0.001000000001906701,0.000999999999348614,0.0009999999986113792,0.0009999999987187922,0.00004000975565867157,0.00004001068956891749,1.187635518386251,3.924087422807117,4.767672624491033,0.1157135541533031,0.0002681982830739195,0.0001648616558393919,0.0006290622513088081,0.0010399999999999917,0.0010399999999999954,0.0010399999999999925,0.001000399999999999,0.0010004000000000024,0.0010004000000000024,8.653419124125335,2.0885338572532572,5.203201519487281,0.07269687416770242,-0.013878123732678958,0.1676624975631918,-37.47589447384789,9.090625388281685,-19.212947209676106,1006.0759643554687,0.4958343949810457,43.08381492868707
2025-06-14T21:17:33Z,39.99385799763984,-75.14984874775526,51.05444343883085,-83.50449923324031,230.20302352624776,-5.755720357571676,5.803896516638965,5.894419835658552,2.235115697764731,0.0010000000015001225,0.0010000000030195677,0.001000000001747987,0.0009999999989619467,0.0009999999990343376,0.0009999999990637513,0.0000410097046459355,0.00004101069670514566,1.372430872035478,4.037887867134826,5.258593610179472,0.1272125382865666,0.00025109083583251164,0.00015991389256009514,0.0006332085254633543,0.0010409999999999916,0.0010409999999999953,0.0010409999999999916,0.001000409999999998,0.0010004100000000017,0.001000410000000002,7.570023697321984,0.9876533858018451,6.768890308378221,-0.1718676012948636,0.09557831521539548,0.10348316274795089,-34.781642039616905,12.430469334125519,-22.995704015096027,1006.0859741210937,0.3874153752802037,43.50950680767211
2025-06-14T21:17:33.500Z,39.99304929507786,-75.14812173440687,50.300376779323045,-85.28598419371457,230.4715331857518,-5.907922941144271,5.853342691549101,5.860162142306976,2.1795696620684177,0.0010000000010589151,0.0010000000029195262,0.0010000000018909156,0.0009999999987216023,0.000999999998734935,0.000999999999446706,0.00004200967021800804,0.000042010699673482176,1.2900990094475386,4.064685575931312,5.511208906969763,0.12225783245130213,0.0002535425182914762,0.00017039422540305945,0.0006419386087490122,0.0010419999999999922,0.0010419999999999958,0.0010419999999999924,0.001000419999999997,0.0010004200000000006,0.0010004200000000006,7.381064466889581,0.36606958038673404,6.858558986579142,0.03841198830045409,0.0010344386799224243,-0.11818367363175607,-34.17412666320801,15.791625633239747,-22.12800079345703,1006.0779663085938,0.26680507841661855,43.66795581544418
2025-06-14T21:17:34Z,39.99233244015451,-75.14641961089673,49.54806787047049,-87.06518149209997,230.34247476687645,-6.0629117001226565,6.018573555031171,5.899868200605998,2.1365885624643624,0.001000000001342576,0.0010000000033026642,0.001000000001991167,0.000999999998793829,0.0009999999988763836,0.0009999999994174304,0.00004300964584492993,0.000043010703939670196,1.23335058952618,4.080936835193863,5.780959418063122,0.11819702493475077,0.00024176700663309372,0.00018119137835752026,0.000649363247902147,0.0010429999999999916,0.001042999999999995,0.0010429999999999916,0.0010004299999999975,0.001000430000000001,0.001000430000000001,6.641121059137541,1.7039476373457207,7.256922358627289,0.28086220904333614,0.12037093013928744,-0.04573866652208821,-34.718024320380636,10.977471418158952,-23.762791611427485,1006.0879638671875,0.16795093285923965,43.480017805570604
2025-06-14T21:17:35Z,39.991637202873775,-75.1432378748072,46.88395915318004,-91.14778396406628,230.48121984329873,-6.290848166448544,0.14161876267603765,5.439510336269025,1.9469421501750306,0.001000000001228648,0.0010000000031949177,0.001000000002075922,0.0009999999990352735,0.0009999999990422087,0.0009999999990360643,0.00004400962448588118,0.0000440107162110014,1.4245779771640876,4.1601785701971865,6.403474793229071,0.12546790886624887,0.0003943389098141379,0.00021292205084322375,0.0007357814314169887,0.0010439999999999913,0.001043999999999995,0.0010439999999999913,0.0010004399999999976,0.0010004400000000013,0.001000440000000001,7.623665343760102,3.9459276964631433,4.981471460101998,0.3030031220098658,-0.4866999973670604,-0.20392499829660418,-36.00686124475991,3.467835488751894,-25.02347667042802,1006.07998046875,0.10928479206531319,43.98510958232356
2025-06-14T21:17:35.500Z,39.99091102705283,-75.14150527258468,47.13171088300252,-91.81242124976902,229.6656852017195,-5.8637795162746205,0.15722627196313063,5.539053800914368,1.9271895964500882,0.0010000000011003202,0.0010000000029285264,0.0010000000016366954,0.0009999999991776355,0.0009999999988020427,0.0009999999992464463,0.00004500961087484519,0.00004501072229926569,1.3251998960381721,4.146666168608997,6.699319471853195,0.11347446805072088,0.00031056077258052547,0.00022206795204950783,0.000701218450676606,0.0010449999999999912,0.0010449999999999947,0.001044999999999991,0.0010004499999999978,0.0010004500000000013,0.0010004500000000013,7.270186033883456,4.721335957342314,4.851375240550917,-0.02576309516947216,0.21280267889955554,-0.05232678767481128,-37.97142991565523,-1.4973214978263492,-22.45000089917864,1006.0899658203123,0.11831738495309574,44.13694061848813
2025-06-14T21:17:36.500Z,39.99037664572134,-75.13834249666002,45.423780928370306,-96.63579193818809,228.47699984793275,-6.197497697966957,5.860863962817889,5.98083776468302,2.5820498538152785,0.0010000000011010824,0.0010000000030947283,0.001000000001808235,0.0009999999993454253,0.0009999999990830382,0.0009999999989208205,0.00004600959856829813,0.00004601073715401461,1.485813323684655,4.157085236071009,7.4792473211624335,0.12369441389657404,0.0002943114638274637,0.00012639109914467593,0.0006920602367193004,0.0010459999999999907,0.0010459999999999942,0.0010459999999999907,0.0010004599999999982,0.0010004600000000016,0.0010004600000000014,7.148201774596068,3.529888748166017,5.850855993269238,-0.30207916571499743,0.45363846136864,0.7784628143318082,-33.74343891143799,-0.29249999374151237,-29.290313816070558,1006.0679809570313,0.07334157783615396,44.68358959596953
2025-06-14T21:17:37.500Z,39.98984709681963,-75.13513313517095,43.55432767252831,-102.67534363088829,226.51585768726937,-8.564850187492864,5.4914475993522025,5.642539036546826,2.5490260322321356,0.0010000000008757218,0.001000000003063568,0.0010000000017655593,0.000999999999157484,0.0009999999992091081,0.0009999999991681498,0.000047009589442770794,0.00004701075342147578,1.6125959527572542,4.08115071520443,8.349785634982547,0.14299991984783744,0.00040302990728861154,0.00013066911031326035,0.0007389732066676018,0.0010469999999999913,0.0010469999999999948,0.0010469999999999913,0.0010004699999999977,0.0010004700000000011,0.0010004700000000013,8.315525402522121,3.413407292998716,5.368353810944338,-0.4373300550190306,-0.2641029776243991,-0.2313125017444854,-37.81458494398329,4.161250151528252,-24.78708424038357,1006.1039794921875,0.6545454502775068,45.40543777183121
2025-06-14T21:17:38.500Z,39.98932073446392,-75.13182133184515,40.30128158728951,-108.86121568489209,223.32340465866156,-13.200291867941463,5.440005342591165,6.104291694412014,2.653881792178686,0.0010000000009517207,0.0010000000028606837,0.0010000000016227055,0.0009999999990121865,0.0009999999995000531,0.0009999999994739746,0.00004800958362398023,0.00004801077114158656,1.7190523178050992,3.904381219123025,9.25836716017505,0.17200024618037757,0.0002802127807375367,0.00012097063972781514,0.000719723326823204,0.001047999999999991,0.0010479999999999936,0.001047999999999991,0.001000479999999997,0.0010004800000000006,0.0010004800000000006,7.026723728341383,4.6719821600781914,5.723737507229927,-0.03862448976226289,0.2955426020788297,0.4556739761107842,-37.7535018157959,-4.856250202655792,-18.86700080871582,1006.0779663085938,0.38128103739447355,42.483755459728926
2025-06-14T21:17:39.500Z,39.98894201251794,-75.12836143841223,35.63611964030976,-113.87781973818163,221.020758583246,-17.277696551564656,5.294042210304885,5.902005086908311,2.714671122853447,0.0010000000009031448,0.0010000000027855394,0.0010000000018335503,0.000999999999321177,0.000999999999576303,0.0009999999992358472,0.000049009580213158184,0.000049010790288830166,1.8141948680546793,3.726574621019076,10.248484691450475,0.19760287705380683,0.00031312768446004887,0.00011712132430850864,0.0007207607548074074,0.0010489999999999903,0.001048999999999993,0.0010489999999999903,0.0010004899999999965,0.0010004900000000001,0.0010004900000000001,7.497532274935156,3.529183132655753,5.880698151850599,-0.17202193809490776,-0.13694540755917703,-0.10974005190367303,-35.80293523048868,4.091326689233585,-27.083036773058833,1006.0759643554687,0.3465141675018599,45.0785474045558
2025-06-14T21:17:43Z,39.988647087595574,-75.11491674976357,20.56683732011875,-121.23685052511107,216.0951630633804,-17.50898751476544,5.774034066500221,5.85828482781732,3.334938175367542,0.0010000000012966392,0.0010000000023876487,0.001000000001563231,0.0009999999995583622,0.0009999999992715925,0.0009999999995070155,0.00005000956752000444,0.00005001086652193511,3.40290299210032,3.2419102529519406,14.068484068375932,0.2847877007087125,0.00027995034756842446,0.00007065884603534763,0.0007327539233184123,0.0010499999999999913,0.0010499999999999921,0.0010499999999999913,0.001000499999999996,0.0010004999999999997,0.0010004999999999997,7.888448035846154,1.8956819129179063,5.984729846085536,0.16815132794993384,-0.09232925458606364,0.1567271269047546,-33.970409704714406,11.47346981204286,-28.515307406989894,1006.0839599609375,0.2674717991373395,45.812087459521486
2025-06-14T21:17:47.500Z,39.98420160964793,-75.09660470375933,31.884170823682226,-120.66449115129252,220.69193147752495,-5.9968293179380225,6.1417685164185665,5.765951290247195,2.917085169473816,0.0010000000012360827,0.001000000002822611,0.0010000000017286975,0.000999999999498229,0.0009999999992208375,0.0009999999994892328,0.00005100953642937952,0.000051010979696268285,4.016136254097724,3.2349373159555603,17.73407887683807,0.1719971384717986,0.00018462792053041598,0.00010395517108813123,0.0007341409295588116,0.0010509999999999918,0.0010509999999999916,0.0010509999999999918,0.0010005099999999963,0.0010005099999999998,0.0010005099999999998,6.992873076004118,0.9627534550621258,7.249587821005211,-0.0136559782930809,0.0312766304833243,-0.09028831456098804,-30.744294539741848,15.569022344506305,-29.142392324364703,1006.0839599609375,0.30356820127524375,45.13181316088256
2025-06-14T21:17:52.500Z,39.97794025073392,-75.07808117086415,41.87982732464421,-131.93625544467542,225.94498764307863,-3.927456007107624,0.34926033284255353,5.855564045755453,3.5214175731999315,0.001000000001309088,0.0010000000027077349,0.0010000000014878908,0.0009999999997468152,0.000999999999622383,0.0009999999993303473,0.000052009423266254954,0.000052011125138112655,3.828988524314278,3.5811241262133766,22.050054168517946,0.08080044386356294,0.00021506216049258273,0.00004465964862274281,0.0007458663474947956,0.001051999999999991,0.001051999999999991,0.001051999999999991,0.0010005199999999956,0.001000519999999999,0.0010005199999999993,6.909399148629306,1.7201105596505817,6.668422393619672,0.18004069070702938,0.04695239318953472,0.14085904204262412,-22.53984459241231,7.3562503059705096,-40.68672013282776,1006.0799560546875,-0.060989600238368046,47.09101225575862
2025-06-14T21:17:53Z,39.97651540546389,-75.07571571812126,47.67963455264316,-132.46889470474068,227.96236119281082,-3.0160792425510876,0.4614184047832103,5.7979038496210356,3.745070161875346,0.0010000000011675869,0.0010000000028995628,0.0010000000017165362,0.0009999999996996424,0.000999999999323929,0.0009999999989444082,0.00005300939890879042,0.000053011136317025015,2.3106751642273515,3.604076297871893,22.40571494840154,0.057688880818060895,0.0002401308323804501,0.00004596478907595144,0.0007589395211796136,0.0010529999999999906,0.0010529999999999906,0.0010529999999999904,0.0010005299999999943,0.00100053,0.0010005299999999997,6.480286970773023,1.7197834120398836,7.761643718717995,0.4094145789754315,0.06800494746552357,0.41263437516526535,-17.30820393562317,6.008203352491061,-43.569923321406044,1006.1019775390625,0.43974615113802595,47.26527117220406
2025-06-14T21:17:53.500Z,39.975680530938995,-75.07377821750424,49.74673991170246,-133.59154200242548,228.51816592236577,-2.9272948683846245,0.43202022621374564,5.71489274924931,3.5594653879907376,0.0010000000012616922,0.001000000002481877,0.001000000001464803,0.00099999999964505,0.0009999999993824237,0.0009999999991885515,0.0000540093796488522,0.00005401115148701967,1.7060983008981183,3.6515942637873744,22.832848360342147,0.04979212570464051,0.00026485119004751026,0.000059607606041957036,0.0007724934355547139,0.0010539999999999896,0.0010539999999999896,0.0010539999999999896,0.001000539999999995,0.0010005399999999996,0.0010005399999999998,7.209070584270238,2.00557442644754,6.110750312751909,-0.2600723822193552,-0.2858936052942862,-0.22811162583060524,-18.520536468142556,3.236160845983596,-44.085715793427966,1006.0899658203125,-0.155891081239205,47.92732506441194
2025-06-14T21:17:54.500Z,39.97467398240881,-75.07037507747654,49.774023482897604,-137.44071346755865,230.37384063227873,-2.6722107990270514,0.5808763970920364,5.794621313316121,3.1814742823081064,0.001000000001361569,0.0010000000027942258,0.0010000000011818686,0.0009999999993744535,0.0009999999993378964,0.0009999999989183338,0.000055009340449503876,0.00005501118695478493,1.5030338316336826,3.734619205092006,24.020476254259172,0.0482840887715575,0.00020318888497020297,0.00010489716258273929,0.0007752734881368139,0.0010549999999999898,0.0010549999999999895,0.0010549999999999895,0.0010005499999999957,0.0010005499999999991,0.0010005499999999991,8.143662932914859,1.401384157036066,6.578061676153972,-0.04979202074434858,-0.09020824388971103,-0.33875851263167395,-15.725000580151876,5.510547071695328,-38.51484537124634,1006.0959716796875,0.7445499539634826,41.96463789137691
2025-06-14T21:17:55Z,39.97360941790382,-75.06841971855097,50.46799837407842,-137.98281871221045,231.76552098870758,-2.846992931561188,0.38701315239424905,5.813996923005772,3.3429359082511336,0.0010000000015590958,0.0010000000026541061,0.001000000000927376,0.0009999999989779122,0.0009999999996142524,0.0009999999991487356,0.00005600929756315625,0.000056011200870806773,1.2628103980309315,3.769207398867914,24.366820493084905,0.04513860700519731,0.00023164674411068663,0.00009526598887458823,0.0007849435457851115,0.0010559999999999892,0.001055999999999989,0.001055999999999989,0.001000559999999995,0.0010005599999999984,0.0010005599999999984,5.3902541033352165,1.5935654576377558,7.33259262270687,-0.2474031222037303,0.1738843755664321,0.2352000017056729,-16.255804334368026,2.834375111829667,-36.74821581159319,1006.0919677734375,-0.5785310748127611,40.28290133270479
2025-06-14T21:17:56Z,39.97215348629198,-75.06488153237314,50.00593982806649,-139.89024945974347,232.7447188490835,-2.143833992126117,0.16556607760795314,6.022168483574907,3.8418442056457205,0.0010000000014039445,0.001000000002907476,0.0010000000009283848,0.0009999999988364232,0.0009999999992305704,0.0009999999990352284,0.00005700921488316478,0.00005701123414303424,1.217725938332174,3.899574361269924,25.29402849762062,0.046375959807019744,0.00023272168025228055,0.00007980674399762521,0.0008044846418741824,0.0010569999999999892,0.0010569999999999892,0.0010569999999999892,0.001000569999999994,0.0010005699999999975,0.0010005699999999992,5.0899060766515,0.7935988792899532,8.906391126764834,-0.042639583882784965,0.3584966123738148,0.4287533812165081,-12.809511433476986,1.2476902746635936,-41.69062639319378,1006.0979736328125,0.4709568834360168,43.63191746379272
2025-06-14T21:17:57Z,39.970065811871905,-75.06113670019037,49.68702427509106,-144.52214667551453,230.86619426433126,-2.7177354186781306,0.2732286394574048,6.1509280036175795,4.567755061044815,0.0010000000015188955,0.0010000000032028052,0.001000000001014149,0.0009999999986105975,0.0009999999995508348,0.0009999999992160898,0.00005800908200103181,0.00005801126327538172,1.2045024110344544,4.066864999109675,26.756393935659517,0.055584935607210825,0.000158780341992815,0.0001586173430151671,0.0008362631304675522,0.0010579999999999884,0.0010579999999999884,0.0010579999999999884,0.0010005799999999927,0.0010005799999999964,0.00100058,5.27159290919444,-1.4358691885991282,8.593272445228994,0.3122503308784088,0.3499325681899183,0.8376957141531378,-8.50996650231851,-5.543412350319527,-40.66571096471838,1006.0859619140625,0.36534160115117814,41.9147319102098
2025-06-14T21:17:57.500Z,39.968030137985835,-75.05889005408433,50.0660254847734,-145.15800370857028,229.10606046290565,-2.9141554804433785,0.354309952586006,6.106484384646712,4.72347460497201,0.0010000000018015962,0.001000000003104885,0.0010000000007867242,0.0009999999990379083,0.000999999999301954,0.0009999999995833227,0.00005900895388763611,0.00005901126928163286,1.08705860345091,4.162595762910513,27.218963371292237,0.05345379682766619,0.0001468818165725544,0.0001897877224946827,0.0008469070275273924,0.0010589999999999886,0.0010589999999999886,0.0010589999999999886,0.0010005899999999935,0.0010005899999999965,0.0010005900000000009,5.060552681572489,0.6128951464001681,8.423765016973459,0.2220812461785473,0.011831249814506376,0.32165312309370625,-5.3233335494995115,-11.585833803812664,-40.49833501180013,1006.0979736328125,0.0285724177423829,42.45798230355132
2025-06-14T21:17:58Z,39.96607110931277,-75.05669893239677,50.15493589764265,-146.25085189651614,227.43187417066113,-3.0414143863004495,0.2151292017089682,6.004147935538218,4.724561060681825,0.0010000000015166035,0.001000000003418226,0.0010000000010141543,0.0009999999986548254,0.0009999999990463599,0.000999999999890732,0.00006000882636884468,0.000060011276660965796,1.0071738213575685,4.263450759348809,27.783788822390363,0.0540902764264181,0.00016159191468715815,0.00019971066640985026,0.0008536426502138015,0.0010599999999999878,0.0010599999999999878,0.0010599999999999883,0.0010005999999999921,0.0010005999999999958,0.0010006000000000012,5.23612879135315,-0.7856643253748442,8.617436200277359,-0.2706638282259935,-0.19787659459792495,0.05754281903028622,-7.491223710648557,-12.514229206328697,-38.93896411327606,1006.1079833984375,0.2968565828772952,41.580801796956905
2025-06-14T21:18:01Z,39.95590541193038,-75.04468313467787,39.912051861122706,-162.6962357927056,215.12360748994246,-8.538457651807423,0.4195053669073114,6.265349084878872,4.089830381589964,0.0010000000017543176,0.0010000000032066216,0.0010000000010613615,0.0009999999986583287,0.0009999999989415572,0.0009999999998620717,0.00006100844347015734,0.00006101140673610938,1.8929669693341575,4.983060050575083,33.39702951790518,0.13395323325077982,0.0002319190347233096,0.00012018046636678661,0.0008817946324138283,0.0010609999999999886,0.0010609999999999886,0.0010609999999999884,0.001000609999999992,0.0010006099999999955,0.0010006100000000018,6.278563717724284,-2.098530578788971,7.636656502606378,0.055426160103838724,0.02386831831386335,-0.27562266959498954,-19.608334223429363,14.380834054946899,-30.275001186794704,1006.0939819335938,0.29077882359088847,38.83126216969839
2025-06-14T21:18:01.500Z,39.949418899038314,-75.04093362999902,42.18458918621043,-163.38452157904632,213.98610996221177,-8.328094921977641,0.5137967072429206,6.23313264068058,4.046807249546525,0.0010000000016894442,0.0010000000031270334,0.0010000000009777867,0.000999999998510735,0.0009999999991281534,0.0010000000001134405,0.0000620082402111324,0.00006201141215312459,1.5882119061564695,5.001450995066946,34.35901722365515,0.124990505891885,0.0002413706333391986,0.0001199388033735968,0.0008893861124529013,0.0010619999999999885,0.0010619999999999885,0.0010619999999999885,0.0010006199999999916,0.001000619999999995,0.001000620000000002,5.2886515695654746,-0.32368159301340865,8.294564902455122,0.2227460343407754,-0.060983537133814984,-0.0630661585067905,-32.59598359607515,3.053125111829667,-25.409375871930802,1006.0799682617187,0.026857109949386837,41.44215128641956
2025-06-14T21:18:02Z,39.94504967938928,-75.03801985656125,43.09813191133248,-164.94186828613576,212.7460294669814,-8.225609875742094,0.7838154657619789,6.106546981623532,4.132124616759917,0.001000000001841815,0.0010000000035625266,0.0010000000011912338,0.0009999999989909795,0.0009999999990409306,0.0010000000003968612,0.0000630081280036452,0.00006301143215395773,1.410385034530298,5.050395393551571,35.426946963651694,0.12329635010721933,0.00024258996023292172,0.00013567065932408497,0.0008829320318775992,0.0010629999999999889,0.0010629999999999887,0.0010629999999999889,0.0010006299999999924,0.0010006299999999958,0.0010006300000000024,6.446122992889564,0.7007500376100002,8.329509474782254,0.6093364841372975,-0.07766553992288142,0.28126148573720705,-38.76661330775211,12.593586043307656,-23.266283788179095,1006.1039794921875,0.7402870661238664,46.93361187374254
2025-06-14T21:18:03Z,40.07433547257654,-75.2398001313124,59.43468314540404,-1.284890514819704,0.1443695442445688,-1.5934704279154233,0.4978964478410248,5.864340000354666,5.720964565770287,0.0010000000017479644,0.0010000000034285144,0.0010000000007935241,0.0009999999994685425,0.0009999999997182285,0.0010000000007049348,5.984076513776909e-10,5.984079071563061e-10,0.3641356026607594,0.037231947970978736,0.037578422450833544,0.07213101129161849,0.0001790842620657124,0.00021372101397183166,0.0004211550548747653,0.0010639999999999883,0.0010639999999999881,0.0010639999999999881,0.0010006399999999914,0.001000639999999995,0.0010006400000000014,6.789141603219223,0.35079893016134994,7.70288627052188,0.6038019954572277,0.14638899730241833,1.169185490846237,-29.623501319885253,14.659500637054443,-35.96550132751465,1006.1139892578124,0.49340163978765933,48.846341902991774
2025-06-14T21:18:04Z,40.07430782434987,-75.23982766006468,57.63264232689969,-0.947415495317309,-4.827559155358054,-1.8159884885291608,0.4553134295007489,5.549541883469923,0.5182295160541248,0.0010000000015678715,0.0010000000037275073,0.0010000000006017444,0.0009999999996782095,0.000999999999578498,0.001000000000733609,1.0005984081980888e-6,1.0005984095927958e-6,0.5465050701393166,0.054304920558586545,0.04920525249701772,0.09126544987177236,0.00027797732250272136,0.00022208969975555688,0.0008359945005420333,0.0010649999999999876,0.0010649999999999876,0.0010649999999999876,0.0010006499999999914,0.001000649999999995,0.0010006500000000005,5.368916915891806,0.17681250825222866,9.291117185062038,0.9830275568845146,0.29497756228414007,1.670129156380951,-8.930067871067974,9.227534232912836,-45.10033952867663,1006.1019775390625,0.9524612488739608,46.8927432154761
2025-06-14T21:18:04.500Z,40.074292982350144,-75.23985830062747,56.71255246120723,-1.0594803630772927,-5.607957008155393,-1.8884820251181391,0.7508482984453754,5.464613506543396,0.5415636297289266,0.0010000000013548167,0.0010000000035433121,0.0010000000006584694,0.000999999999734747,0.0009999999997063413,0.0010000000007010683,2.000598409050598e-6,2.0005984120294273e-6,0.6354928443029016,0.07441412331479384,0.06239905571790273,0.08907916095481473,0.00034057292009045096,0.00022658052694801605,0.0009490304381639753,0.001065999999999987,0.0010659999999999869,0.0010659999999999869,0.001000659999999991,0.0010006599999999946,0.0010006600000000007,6.066400283282089,3.233612678484368,6.856537852392655,0.6461737112184527,-0.12608621744960424,0.12874711765390176,-2.794186155463374,-12.640116799709409,-45.65930362080419,1006.0959716796875,-0.07046027424164986,47.45890031513249
2025-06-14T21:18:05.500Z,40.07424255754175,-75.23994809719609,54.894244472991346,-1.6575336517034025,-9.776846703224654,-2.452693558701211,0.5524003797798802,5.639872788001701,0.3925517082394707,0.001000000001284877,0.0010000000037870909,0.0010000000007292038,0.0010000000000312708,0.0009999999998760117,0.0010000000006274994,3.0005984119676805e-6,3.000598421410199e-6,0.9123893601246353,0.13378474756509803,0.09691456057667093,0.09904381553518188,0.0002226235122339519,0.00025106243716110596,0.0007318127696681805,0.0010669999999999874,0.0010669999999999874,0.0010669999999999874,0.0010006699999999898,0.001000669999999994,0.0010006700000000004,4.261386960140444,2.2690603954896837,8.767612202475394,-0.3098286149582477,0.07266381526806982,-0.2042141452172037,3.945312642181913,-8.393229550785488,-45.6072932349311,1006.0999755859375,0.2296925262749576,46.54065176330055
2025-06-14T21:18:07Z,40.07411076525571,-75.2401597530775,52.0863161926029,-0.9489217917968719,-14.83531467053686,-3.2837956252833234,1.1347908359358005,5.824946180339604,5.908872291602825,0.0010000000017832346,0.0010000000034401056,0.001000000001038324,0.0009999999997979913,0.0009999999998778913,0.0010000000003484442,4.000598410455155e-6,4.0005984531208585e-6,1.4102959912559676,0.27707851279147,0.1665422999980842,0.10085994409911328,0.00016258791360784468,0.00026476848079019154,0.0004886386093732716,0.0010679999999999867,0.0010679999999999867,0.0010679999999999871,0.0010006799999999908,0.0010006799999999942,0.0010006800000000012,4.953465934207177,3.500788738791902,6.9830346608835825,0.1324679054750471,-0.3016976323352037,-0.4534158718121044,-15.496622162896234,3.9364866469357467,-41.771960902858424,1006.1019775390625,-0.5291110005359637,44.72732278481844
2025-06-14T21:18:07.500Z,40.07404873819662,-75.24024476894073,51.95292279079769,-0.7303562604170952,-16.762365029210837,-3.514419420895942,0.9902608728135868,5.876970649582196,5.999180608878499,0.001000000001980293,0.0010000000031843244,0.0010000000008671744,0.0009999999994871177,0.000999999999941935,0.001000000000886608,5.000598397324071e-6,5.0005984678537996e-6,1.311379445190625,0.3368582131456393,0.18123683569654098,0.09020996374637144,0.00014112226621880563,0.0002830374273862639,0.0005063539222517502,0.0010689999999999862,0.001068999999999986,0.001068999999999986,0.0010006899999999894,0.001000689999999995,0.001000690000000002,5.1107286359923805,4.160948848411625,7.09964357035765,-0.20055031140687232,0.18745062432822873,-0.017396876215351884,-19.65703206062317,1.595156303793192,-37.7367205619812,1006.1119873046875,-0.09150584488229378,42.57932820169079
2025-06-14T21:18:08.500Z,40.07389851436083,-75.24045069074877,50.50713606740433,-2.4708259001614974,-20.628020367597294,-3.747761862960462,1.1208677028396759,5.184293943740759,5.953931400380372,0.0010000000021742389,0.0010000000028802477,0.0010000000010046317,0.0009999999994591982,0.0010000000000867843,0.0010000000009137001,6.000598351950487e-6,6.000598509244311e-6,1.4488597132881464,0.4886551034756343,0.2239659607754729,0.08863311309537522,0.0005581810400483565,0.0002861175996269466,0.0007365054004998001,0.0010699999999999865,0.0010699999999999848,0.0010699999999999848,0.0010006999999999902,0.0010006999999999946,0.0010007000000000006,5.7015779171974055,2.9807395986663194,7.189605590217124,0.12110305396311775,-0.4549180567177053,0.6990002745323123,-18.446076237878135,-1.5283431121429731,-38.29404218806777,1006.1259887695312,-0.13013364556976276,42.53260997577333
2025-06-14T21:18:09.500Z,40.07368984996433,-75.24068592256842,49.771265274965515,-7.115318228247905,-22.895195702502864,-3.013742987109066,5.913724059567406,5.323598279846708,1.5016591481209949,0.0010000000020693332,0.0010000000026611274,0.0010000000010564722,0.0009999999995743364,0.0009999999997225414,0.0010000000005714262,7.000598216099206e-6,7.000598564688019e-6,1.5249624845782601,0.6930403508362074,0.2865751872886346,0.08900568478431348,0.0009605477160761392,0.00009803077777197585,0.001796650879477905,0.0010709999999999871,0.0010709999999999843,0.001070999999999984,0.0010007099999999906,0.001000709999999994,0.0010007100000000012,6.4573676846109285,2.9099946955776437,8.622738501381907,0.24478264981030148,0.5109630070782482,1.0094425975245467,-14.686225054215411,-11.260332068618464,-43.85969527886839,1006.12998046875,1.38086334000392,47.604078846908784
2025-06-14T21:18:10.500Z,40.07341450219586,-75.24093769510091,49.69138830716838,-10.367619342775155,-24.173119149190146,-2.6435498435123663,6.135705714178693,5.497087886592613,1.7243756301306183,0.0010000000023634896,0.0010000000024669982,0.0010000000012798404,0.0009999999996606562,0.0009999999998582187,0.0010000000007491458,8.000597920305821e-6,8.000598638218953e-6,1.555762633700862,0.9316876095694584,0.3603454816678018,0.09009891262808781,0.000627298835259857,0.00011061128609694083,0.001301968801450096,0.0010719999999999868,0.0010719999999999846,0.0010719999999999849,0.0010007199999999897,0.0010007199999999931,0.0010007200000000005,6.198661254880744,1.6599939794688248,8.16954068169837,0.41698035462340777,0.12787351206043718,0.19965505563091288,-5.511628120444541,-17.229506559150163,-46.896804011145306,1006.135986328125,0.6107294938890091,50.26469004681375
2025-06-14T21:18:11Z,40.07321799692274,-75.24106131833874,50.52796178919378,-11.291483664663708,-25.12015562780888,-2.6144391018014796,6.0639935053694956,5.608034905507338,1.6757663638672025,0.0010000000020671208,0.0010000000023464828,0.0010000000013964463,0.0009999999995623956,0.001000000000009956,0.0010000000006827902,9.000597587076274e-6,9.000598677641968e-6,1.3685286735419115,1.0524239217490343,0.383514681371656,0.08484891479648586,0.0005301638115569619,0.0001115173255693809,0.0011278556192280767,0.001072999999999986,0.0010729999999999856,0.0010729999999999856,0.0010007299999999896,0.001000729999999993,0.0010007300000000002,4.0377245678296525,1.2478524888322164,8.838072355408668,-0.21690312190362268,0.21739374828759195,-0.02259999958737739,1.329941916257836,-21.65276230213254,-46.56366410366324,1006.1239868164063,0.018875288566274448,51.36906132801551
2025-06-14T21:18:12Z,40.07286651252008,-75.24134805648326,50.26331568841145,-12.172203765130163,-27.732433173648474,-2.3993237892417794,0.23267576218619063,5.3623283705646125,1.7228210569328328,0.0010000000021199516,0.00100000000257721,0.0010000000014483202,0.000999999999676848,0.0010000000000849048,0.0010000000007187723,0.00001000059694849376,0.000010000598789030245,1.4314336048404734,1.3392305703747036,0.4559376325230938,0.08413207038079257,0.0008664538205829573,0.00012475256803014227,0.0016779902046501303,0.0010739999999999858,0.0010739999999999858,0.0010739999999999858,0.00100073999999999,0.0010007399999999935,0.0010007400000000008,4.7836894831863805,1.7606929411864658,8.396950422194765,0.5334535297435105,-0.28303342426771727,0.0491127699686918,-2.1289063366129994,-13.243359863758087,-48.571877002716064,1006.1339965820313,0.04567781628450652,50.389889301205535
2025-06-14T21:18:12.500Z,40.072616728063586,-75.24149439613215,50.96022922064875,-11.831886748628373,-29.128737219258127,-2.1463020658733356,0.09478559836798112,5.408661097000728,1.5846810654780878,0.001000000001937902,0.0010000000028115616,0.0010000000016787483,0.0009999999994076733,0.000999999999937038,0.0010000000007966204,0.000011000596210415671,0.000011000598849711024,1.2847236527948693,1.4873315889290835,0.4774378429399069,0.07558613454587683,0.000810422563954504,0.0001175143740662561,0.0015743983963845776,0.001074999999999986,0.001074999999999986,0.001074999999999986,0.0010007499999999901,0.0010007499999999936,0.0010007500000000008,5.165671313735449,1.9119027322301063,8.681797777023874,-0.5070351716221305,0.05732558093843938,-0.1719125012513074,-6.3932929039001465,-18.034299385256883,-47.276983307629095,1006.1239868164063,0.5044526147476117,51.00213841167137
2025-06-14T21:18:13Z,40.07237601084043,-75.24165294357215,51.42462797206695,-11.401710516104009,-30.60199069144693,-1.7626350029358222,0.16094113598841905,5.441695871615971,1.6860500999921768,0.001000000002181412,0.0010000000027210246,0.001000000001823012,0.0009999999995507756,0.0009999999998245865,0.001000000000607852,0.000012000595381235014,0.000012000598920372602,1.1824979320456652,1.6535365499708103,0.5059808456210473,0.06890166532385371,0.0007228225092815679,0.00013832678569860346,0.0014611275422125082,0.0010759999999999854,0.0010759999999999854,0.0010759999999999856,0.001000759999999989,0.0010007599999999925,0.0010007599999999998,5.131528275976336,1.338415913672078,9.28107362570246,0.2849008704036506,0.07709680323447657,0.13884389438452457,-3.0091570865276247,-11.393023690512013,-49.22921717444132,1006.1499633789062,0.9122680167445611,50.619825177770025
2025-06-14T21:18:13.500Z,40.07212712771643,-75.24182080034953,51.7580244945985,-11.404778101659227,-31.800660542651137,-1.9887570992515418,6.210687035469225,5.472113007439163,1.820138085064653,0.0010000000019686377,0.0010000000028038624,0.0010000000014827167,0.0009999999995655518,0.0010000000000020607,0.001000000000887837,0.000013000594379233756,0.000013000599001755128,1.1080762994596276,1.8068336686593267,0.5373897094766448,0.06519194313247216,0.0006235462908931809,0.00017174176059527382,0.001342599989205686,0.0010769999999999849,0.0010769999999999849,0.0010769999999999864,0.0010007699999999898,0.0010007699999999933,0.0010007700000000002,4.533820697522149,1.631855764502817,8.071618571192912,-0.27556744438147573,0.06461614627346553,0.19428151101682398,-4.902526809814129,-14.013032466807264,-49.90771492491377,1006.1339721679688,-0.3764570975914602,52.06894057141712
2025-06-14T21:18:14Z,40.07186898300581,-75.24199696188973,51.96257424131581,-11.097235680023392,-32.95042807285279,-1.6773494962698272,6.1362048742709945,5.65458454682949,1.9646929044212307,0.001000000001657016,0.0010000000030430277,0.00100000000171101,0.0009999999994809677,0.0010000000002643521,0.0010000000008088474,0.000014000593117507268,0.000014000599094262805,1.051953337742978,1.9924038859593884,0.5769953584718769,0.06104690812965443,0.0004026937208807283,0.00021362548283949278,0.0010252836652075246,0.001077999999999985,0.0010779999999999852,0.0010779999999999863,0.0010007799999999884,0.001000779999999994,0.001000780000000001,4.4808757442698175,-0.0351010637450864,9.38121636224152,0.03823974946184687,0.33906499618291647,0.2720997479698124,0.8190000215172768,-8.526000356674194,-50.17875228881836,1006.1419799804687,0.61963018645448,50.904473848064505
2025-06-14T21:18:14.500Z,40.0715974667085,-75.24218100155358,52.13046983939575,-11.034730251445534,-34.15134556828902,-1.725612457485581,6.140131522786359,5.6221546800513496,2.011181629012038,0.0010000000018992462,0.0010000000032398904,0.001000000001597894,0.0009999999996378448,0.0010000000003060354,0.0010000000004780204,0.000015000591497600164,0.000015000599199249251,1.008519489053778,2.173527942781134,0.6190306249498355,0.058869249187049055,0.00040266102010917947,0.0002357693516284642,0.001043658294780828,0.0010789999999999847,0.0010789999999999845,0.0010789999999999856,0.0010007899999999888,0.0010007899999999932,0.00100079,3.5674722606509293,0.40633723593354876,9.140119036561895,0.058384013093487376,-0.07842209198672856,0.0749863363310923,2.2984012570665326,-10.161192250806232,-50.52383964006291,1006.1439819335938,0.04334489446580475,51.58668057173584
2025-06-14T21:18:15Z,40.07130644972751,-75.24237176346107,52.28742759588459,-10.571647417828695,-35.03134246993358,-1.4827183484595183,6.255766970622745,5.613395139346105,1.8571881859795536,0.0010000000020413725,0.0010000000034085827,0.0010000000013994299,0.0009999999998654271,0.001000000000283622,0.0010000000007227036,0.00001600058940141054,0.000016000599317936478,0.9737884533482897,2.378551884850129,0.6663249997225075,0.055248868085605286,0.00046411163502695345,0.00021174233991768385,0.0010983842687304955,0.0010799999999999853,0.0010799999999999853,0.0010799999999999853,0.0010007999999999881,0.0010007999999999933,0.0010008000000000005,4.317281738652528,-0.20046087885000186,9.25447326129256,0.036213000506524796,-0.00013925054513718772,-0.23349599874998747,1.6113750648498535,-10.57500036239624,-49.54800247192383,1006.1339721679688,0.4372974574596921,50.68951140458328
2025-06-14T21:18:15.500Z,40.070994146975124,-75.24256942603196,52.41400101686163,-10.329866394254527,-36.33893633406419,-1.6413451497027503,0.0068691984865730405,5.618884077904086,1.7949967699704688,0.0010000000019135332,0.0010000000035489441,0.00100000000168409,0.0009999999995673426,0.0010000000006517827,0.0010000000010521406,0.000017000586690478913,0.00001700059945121113,0.9455069057166503,2.5779428498842347,0.7140012805195232,0.0542653742457255,0.00048279717474589487,0.00020863906717174808,0.0011098300263973047,0.001080999999999986,0.001080999999999986,0.0010809999999999858,0.001000809999999987,0.0010008099999999941,0.0010008100000000013,3.240851308127009,0.8607432337558862,9.109605023122603,-0.012607291176780586,0.008226822905191649,-0.08789713361745326,3.0160157481829324,-12.985156734784445,-49.21797116597494,1006.127978515625,-0.06934404500678043,50.99131452225895
2025-06-14T21:18:16Z,40.070664463047834,-75.24277568659325,52.497217909686206,-9.815124369865206,-37.71387722770583,-1.3912564184158542,6.222775398514973,5.591922095017864,1.779709343354307,0.0010000000016441013,0.001000000003376966,0.0010000000013722407,0.000999999999397556,0.0010000000004164048,0.0010000000014556854,0.00001800058320743331,0.000018000599600913168,0.9228851539027184,2.812012900554954,0.7704818524932563,0.05364472568266376,0.0005116897545453507,0.0002154179252152355,0.0011501018001865875,0.001081999999999985,0.0010819999999999853,0.001081999999999985,0.0010008199999999858,0.0010008199999999947,0.0010008200000000017,3.645587020470563,0.010715796527482068,9.894488638625218,-0.15768468640608288,-0.05781843671547235,-0.01662687431101662,2.9302885807477512,-10.66442346572876,-49.2759639055301,1006.1399780273438,0.7683676698400966,50.50180206819295
2025-06-14T21:18:16.500Z,40.07031331907862,-75.24298973033206,52.61186952809024,-9.531588252660312,-38.85446147041343,-1.3522309270194997,0.0896048159537144,5.58557594652728,1.770542715701915,0.0010000000015027311,0.0010000000037451765,0.0010000000014298016,0.0009999999989866388,0.0010000000005788976,0.0010000000014078795,0.000019000578774089725,0.000019000599768754702,0.9048009682453168,3.050587571073655,0.8288821560420631,0.05341275290697329,0.0005238593281396556,0.0002230815323043994,0.0011648085065208435,0.0010829999999999846,0.0010829999999999844,0.0010829999999999846,0.0010008299999999862,0.0010008299999999942,0.0010008300000000012,3.958792221132715,0.6788238761011947,9.1496344621818,0.28715721815719186,-0.01748777851669574,-0.005934721772669425,2.588696908443532,-12.317952663340467,-49.00013538117104,1006.1379760742187,0.21618198937834596,50.590922527007926
2025-06-14T21:18:17Z,40.069938424921524,-75.24321151262421,52.76627928618726,-9.305129488936094,-40.24839165677145,-1.099911099044589,6.243737604146443,5.647418858404328,1.7927503588072462,0.0010000000014324197,0.001000000003900062,0.0010000000016575888,0.0009999999990305372,0.0010000000002868626,0.0010000000010445256,0.00002000057320158399,0.00002000059995634926,0.8911842892001915,3.319279512978329,0.8947273345961387,0.05474701637430683,0.00047226106102140106,0.00023739092118144067,0.0010910543490667277,0.0010839999999999845,0.0010839999999999847,0.0010839999999999847,0.0010008399999999857,0.0010008399999999937,0.0010008400000000007,3.5806115303458013,0.9670420925633951,9.894510684358728,-0.23494524963471283,0.12056099907995985,0.03918574826278567,3.662755231468045,-14.3816333692901,-48.899619433344625,1006.1299682617188,0.7906927686568015,51.10200336960149
2025-06-14T21:18:18Z,40.06926555653627,-75.24368642026367,52.24266583679136,-9.858319573216583,-42.96618944138882,-1.966792189474085,0.10876689327706027,5.499257376161391,1.655297072219448,0.0010000000017421173,0.0010000000038834051,0.001000000001795448,0.0009999999989226136,0.0010000000002646232,0.0010000000011316395,0.00002100056248057458,0.00002100060040674862,1.0261479101754538,3.8418746696752724,1.0304489917669915,0.06154534107335664,0.0006795792772180298,0.00021347590672647016,0.0013528418421290067,0.0010849999999999842,0.0010849999999999846,0.0010849999999999846,0.0010008499999999863,0.001000849999999994,0.0010008500000000015,3.408271430967806,1.5703138312062364,8.518156658647788,0.057266462736437755,-0.1576762205261607,-0.09623048585884962,3.226339414006188,-13.079018343062629,-48.82232348124186,1006.1199951171875,-0.4677172614389226,50.64665948103978
2025-06-14T21:18:18.500Z,40.06869661576134,-75.24392696163608,52.280362084811856,-8.915687362022787,-43.99048232888803,-1.9480002217964059,0.06335777822021374,5.576796592425266,1.6656645082735564,0.0010000000018415061,0.0010000000038540382,0.0010000000020230807,0.0009999999990227342,0.0010000000001942164,0.0010000000013016652,0.000022000550322405023,0.000022000600660289468,0.9914876784911858,4.14301558422395,1.0836904195076904,0.061539393024907234,0.0005949824106888412,0.00022191459784219405,0.0012350301731878209,0.0010859999999999835,0.0010859999999999854,0.0010859999999999835,0.001000859999999987,0.001000859999999994,0.001000860000000001,4.106525193689512,-0.4037950206810327,9.133970426557653,-0.07888936128890635,0.14733617016171055,0.008902925586107776,2.9740692503908845,-10.762899358221825,-48.982582092285156,1006.1159912109375,0.247035659059264,50.2391614177929
2025-06-14T21:18:19Z,40.06811012456043,-75.24417455110283,52.28643588517401,-8.60843068479899,-45.34352731564391,-1.9519743513753143,0.06435112039516014,5.568245177719379,1.621843183595603,0.0010000000018839598,0.0010000000042082887,0.001000000001881166,0.0009999999990089822,0.0010000000004856979,0.001000000001478497,0.000023000537175845523,0.00002300060093929512,0.9656180519919775,4.466640309409238,1.1395323854765687,0.06418772348861332,0.0006333658736131364,0.00021749836439670552,0.001275172743049225,0.0010869999999999823,0.001086999999999986,0.0010869999999999823,0.0010008699999999881,0.001000869999999994,0.0010008700000000014,3.3363641441016303,0.579712819554736,9.539192293564303,-0.05693724480295253,-0.030941326824724245,-0.059925763306046105,5.922554606976717,-11.443206994429879,-48.50054583342179,1006.1159912109375,0.34682343708209973,50.18288047036118
2025-06-14T21:18:19.500Z,40.06750883819558,-75.24442966339593,52.2877743744409,-8.411553295080305,-46.554834038440404,-1.8152189547685775,6.277569524619864,5.576303328092982,1.4400208170711917,0.0010000000018981533,0.0010000000044485657,0.0010000000016262489,0.0009999999988956612,0.00100000000069867,0.0010000000017617778,0.000024000522828438272,0.00002400060124442143,0.9482833898708553,4.819541886688403,1.198319509958015,0.06671027102162672,0.0007003555661987948,0.0001866625081369642,0.0013265437392025025,0.0010879999999999833,0.0010879999999999868,0.0010879999999999833,0.0010008799999999887,0.0010008799999999933,0.0010008800000000004,3.751770174872316,-0.062239997218949475,9.568823710121817,-0.3844015609065715,-0.0025984375306295025,-0.27844348591807067,5.460638492665392,-6.664627941364937,-49.36276797030835,1006.1239868164063,0.5027434739751193,50.10901729562657
2025-06-14T21:18:20.500Z,40.066504451892705,-75.24497446771169,51.45080257206731,-9.658805917203674,-49.715155355328555,-2.4286031443728695,6.201081128626751,5.586190531232037,1.6068885905795072,0.0010000000016813211,0.0010000000044859774,0.0010000000019340862,0.0009999999987188577,0.001000000000623188,0.0010000000016953483,0.000025000500300989437,0.00002500060195660321,1.1029800340185387,5.532486477480547,1.3292455922864639,0.07764825314057147,0.0006529179151764635,0.00021847733708964156,0.0012917945818063988,0.0010889999999999832,0.001088999999999987,0.0010889999999999832,0.0010008899999999878,0.0010008899999999921,0.0010008900000000008,2.7216628876727986,0.6411979062630835,9.425922798155112,0.03173875004722342,-0.004035999816609729,0.12817300040657473,8.255357469831194,-7.766709532056536,-47.6582924200564,1006.1259887695312,0.05673128457808696,48.98755524074432
2025-06-14T21:18:21.500Z,40.065210829670995,-75.24554586020102,50.649024031544585,-10.208563908378002,-52.72556767603465,-2.6583340211346242,6.116901328013685,5.6572960508790375,1.7166318260816065,0.0010000000012420995,0.0010000000044526572,0.001000000002069922,0.000999999999165132,0.0010000000005494407,0.001000000001817551,0.000026000469458413304,0.000026000602791853133,1.2521592665962262,6.341451695542298,1.4362691299675643,0.08906087374152918,0.0005633442055876005,0.0002402873880733258,0.001192538003189095,0.0010899999999999827,0.0010899999999999866,0.0010899999999999827,0.001000899999999988,0.0010008999999999916,0.0010009000000000014,2.448223806981865,-0.4388223902541712,9.767292527447825,-0.017381685674901955,0.04851598776745299,0.09326744130465445,11.56875040266249,-8.496250322129992,-46.64708497789171,1006.1300048828123,0.3041060145233287,48.805407887378465
2025-06-14T21:18:22.500Z,40.06372070253059,-75.24613856024196,50.173830856631795,-11.36196594081016,-54.94688706921307,-2.556612885641183,6.134167571717579,5.659718704748606,1.6276055446651523,0.0010000000010644092,0.001000000004577114,0.0010000000021227083,0.0009999999993058992,0.0010000000002696168,0.0010000000016103816,0.00002700043337738731,0.000027000603754047803,1.3792750960785138,7.233907401626175,1.5130225820823384,0.09310679932176999,0.0006176268056343562,0.00020953276076716366,0.0012392512110745862,0.0010909999999999824,0.001090999999999986,0.0010909999999999824,0.0010009099999999868,0.0010009099999999914,0.0010009100000000011,2.692335839679021,-0.3178821564609629,9.770357536313847,-0.035496874896905874,0.00004687460219915526,-0.07504062459003749,10.71061081110045,-9.143023690512013,-46.58023408401844,1006.135986328125,0.36481364037961533,48.66236055476502
2025-06-14T21:18:30.500Z,40.147086918148624,-75.23410967664672,88.08818268929798,193.2434320936062,210.54863620280724,3.2659709129229952,1.4271418697983438,0.7683302840780772,2.291835796082889,0.0010000000015788924,0.0010000000049525891,0.0010000000028725334,0.0009999999995470026,0.0009999999998954307,0.0010000000028198837,0.000027999740199375494,0.00002800062701858391,4.608621744606552,61.74825236286321,17.333897526416166,0.6361427343291037,0.00027127480670991345,0.00028482360261753326,0.0008289455128858358,0.001091999999999982,0.001091999999999986,0.0010919999999999823,0.0010009199999999868,0.0010009199999999902,0.001000920000000001,3.8113687928488535,5.584508439425393,5.577256119127147,0.7644367156023271,1.1628859268275187,-0.03269661376320677,-52.39932292440663,22.590489968009617,-52.00312689076299,1006.1059692382812,-1.0519633259142671,77.20321654390386
2025-06-14T21:18:35Z,40.15470411689756,-75.22375152983419,56.405090048546164,235.29152896751202,181.12695888794602,-17.40172638710586,0.7759047297186974,0.9010337955062261,0.8699244828232059,0.0010000000019228595,0.0010000000048083744,0.001000000002577222,0.0009999999993367484,0.0010000000002323007,0.001000000002733251,0.000028999704834722923,0.000029000688230351917,4.239437750830103,53.09185617365206,27.63938430017985,0.4636924362858884,0.0008555669850566043,0.0000773905930239001,0.001033386073504081,0.0010929999999999814,0.0010929999999999853,0.0010929999999999814,0.0010009299999999871,0.0010009299999999906,0.0010009300000000012,-5.558504010202079,-4.03954772449035,7.051764093873012,0.1620226162133745,-0.2754467247808637,-0.18186160576652133,-12.552187943458557,30.590626287460328,-13.142344331741333,1006.133984375,0.031580061301440254,35.581757110104704
2025-06-14T21:18:40.500Z,40.16696727162385,-75.20179991618512,42.818587721221036,171.33205014033797,288.0649397094981,-6.336992067442546,5.36706126321865,0.3678865497785639,0.4201419257817588,0.0010000000018094092,0.0010000000050488964,0.0010000000026197948,0.0009999999992909119,0.0010000000001004787,0.0010000000026837458,0.000029999664288593136,0.000030000784462953174,4.33091123448548,61.34610504673597,32.89722602633498,0.21132957024627397,0.00018170447870979853,0.00013313228909393168,0.0008581562216637064,0.0010939999999999808,0.0010939999999999845,0.0010939999999999806,0.001000939999999987,0.0010009399999999905,0.001000940000000001,4.235052507576017,1.2371140019176745,8.497145735538478,-0.6291627688712246,-0.18811059662010263,-0.20646086622756382,4.798005479447385,-9.393351463561363,-42.30439003477705,1006.0939697265625,-0.25573105174457056,43.599459807007214
2025-06-14T21:18:45Z,40.172107842195146,-75.18249488661229,37.58568198556195,110.35690991552133,294.2757724856245,-11.86808107767856,6.156776368525146,5.8711310632411084,0.25407399738380604,0.0010000000018144566,0.0010000000053253075,0.001000000003257896,0.0009999999998305579,0.0009999999998189955,0.001000000003199385,0.000030999603007180754,0.00003100093455010809,3.4567749763318165,64.12161900204478,26.400777312619372,0.11111714804851461,0.00013783890348748827,0.00017556612785746677,0.000927283866403249,0.0010949999999999799,0.001094999999999985,0.0010949999999999797,0.0010009499999999861,0.00100094999999999,0.0010009500000000005,-5.756569226034788,0.2541824451449205,7.77873409600898,0.2917340610891221,-0.20812312459955726,-0.21028531354561603,12.039375507831574,20.76984453201294,-43.023282527923584,1006.1259765625,-0.14814991870652905,49.26794941029531
2025-06-14T21:18:50.500Z,40.06722096165101,-75.19900586084356,-22.068145884219746,234.64278296175857,14.389174194949419,-48.94504267854323,0.2968199845597437,4.247714244574524,0.4427316034265889,0.0010000000024246653,0.0010000000047782618,0.0010000000052962134,0.0010000000017773697,0.0010000000008581914,0.001000000006883799,0.00003199899006117509,0.00003200109007926778,4.116881330671912,20.580337245837452,6.436907646488243,0.7359078993269355,0.00041183588561958525,0.00013001570883805242,0.0013496573802211991,0.0010959999999999792,0.0010959999999999857,0.0010959999999999792,0.0010009599999999856,0.0010009599999999891,0.00100096,-5.6877740094679865,1.6239050810879858,7.823401605125984,0.3414636089969051,-0.8980316659243417,0.4194902767275235,-17.137500785117926,13.598110997399619,-28.3277627368306,1006.2999755859375,0.017221798166426314,35.79191340595648
2025-06-14T21:18:55Z,39.97463049625768,-75.22234537367407,-25.726894053810497,355.37597498020904,-87.80761235070693,-74.82826828554859,4.819618839984268,5.509169016911394,2.1017195143617764,0.0010000000017504325,0.0010000000048684587,0.0010000000066979953,0.0010000000017252693,0.0010000000020235766,0.0010000000059252692,0.000032998606274136605,0.00003300116255867301,4.1239494711923115,18.936267515331004,6.002354561090314,0.17361598149429308,0.00016615363784724436,0.0001249025508907525,0.0010659048464030025,0.0010969999999999784,0.001096999999999985,0.0010969999999999784,0.001000969999999986,0.0010009699999999895,0.0010009700000000003,-2.805596283499379,4.104930988600428,8.709546566884539,-0.000888081408561958,-0.000977616280049259,-0.00087848837963522,-3.3331396635188613,34.23968177617982,-38.729652670926825,1006.1919799804688,0.23732928374347667,51.80199196759239
2025-06-14T21:19:00.500Z,39.84886500571653,-75.24940937570805,-62.093802721144016,341.3095599512395,-129.83344237149916,-55.164772055130825,6.026192092222081,5.442818399264338,0.8640961051640033,0.001000000001799031,0.0010000000051634947,0.001000000008051919,0.0010000000013562127,0.001000000004628498,0.0010000000014106886,0.000033998304716665226,0.00003400124148119628,4.137874301861391,16.235426680731432,10.706810318095215,0.1822622483352655,0.00008676408863057935,0.0001344331187016484,0.0009825092992596885,0.0010979999999999772,0.0010979999999999848,0.0010979999999999772,0.0010009799999999855,0.001000979999999989,0.0010009799999999998,-2.0481867402412117,2.9094967753043766,9.39280700852466,-0.0011527777786752092,-0.0007555555589037033,-0.001012222228081218,-4.652038211407869,44.35149624036706,-35.02622463392175,1006.199951171875,0.2574511072484535,56.70562007242176
2025-06-14T21:19:05Z,40.07443058642239,-75.23998775414451,41.95852115480046,49.699735318612525,-8.61071200752491,-43.58259043527272,0.2897493286879949,5.030034939181731,0.38736903299956227,0.0010000000035596298,0.0010000000047223159,0.0010000000075159334,0.00100000000051666,0.001000000006462811,0.0009999999961442922,1.327246285085189e-9,1.3272460026233126e-9,0.5235366446814392,1.9431435981198641,1.9725488339509873,0.10797559817209296,0.000041864091725408564,0.00008394777550329071,0.0002137728706043611,0.001098999999999976,0.0010989999999999852,0.001098999999999976,0.0010009899999999855,0.001000989999999989,0.0010009899999999993,-2.5631703895380635,2.62880010702287,9.336042370349977,-0.001455921051517339,-0.0009601973855194743,-0.0010615131589720756,-3.510937660932541,45.88875198364258,-34.93640785217285,1006.207958984375,0.2522836069131963,57.78106065794415
2025-06-14T21:19:10.500Z,40.07560833168953,-75.24152387119629,-75.35594712194421,33.87997527835252,-34.803128994089974,-33.65038606290216,0.5050863561392045,5.6638414069404215,0.2005502874631389,0.0010000000059208764,0.0010000000039799113,0.0010000000055143212,0.001000000000130834,0.0010000000064475064,0.000999999997021197,1.0013284438758886e-6,1.0013308245146386e-6,3.3314088362146794,1.674453518604759,3.957847448661205,0.23442637881914136,0.00004810033805497313,0.000054595126077609603,0.0002201096297643197,0.0010999999999999758,0.001099999999999986,0.0010999999999999758,0.0010009999999999845,0.001000999999999988,0.0010009999999999986,-2.560010588849101,2.6327071074948662,9.33370976629171,-0.0010149456526095688,-0.0009760869631141153,-0.0007907608668432726,-3.4109043922830136,45.87048039537795,-35.15465578119805,1006.20595703125,0.2532826606253637,57.892825004893844
2025-06-14T21:19:15Z,40.07560255306519,-75.24389134004268,-11.773774003369482,27.867983432518056,-49.71608326348195,-10.1840718152568,0.5227294780564595,6.028792466716684,0.1601961797024838,0.001000000006791013,0.0010000000039931377,0.0010000000049019738,0.0010000000000935454,0.0010000000060537302,0.0009999999978592847,2.001331408592817e-6,2.0013424574755154e-6,3.937933948895626,1.6608476391321574,5.846223540610975,0.14478215232285752,0.0000567792302364496,0.000036522563688766874,0.00022928948621997848,0.001100999999999976,0.0011009999999999859,0.001100999999999976,0.0010010099999999853,0.0010010099999999888,0.0010010099999999994,-2.590121728335966,2.641282569726624,9.349554466242044,-0.0011911585129651997,0.0034939025899476716,-0.0014728658254022531,-3.887500138509841,45.74107351757231,-34.994643710908434,1006.2019653320312,0.27951927253875447,57.72328553671738
2025-06-14T21:19:20.500Z,40.07424965485818,-75.24732603582622,24.18443215332165,13.874227785649078,-61.2005276459841,-4.364495137502912,0.47911256502125354,6.133615549187093,0.1593342140381241,0.0010000000067124839,0.001000000003976262,0.0010000000049257452,0.000999999999750527,0.0010000000056274003,0.000999999998635557,3.0013378450976116e-6,3.00137353711533e-6,3.908000830972661,1.8459374186611783,7.892840599549784,0.10048637798726978,0.00006532866142547388,0.000032478565255202836,0.0002393990243110693,0.0011019999999999747,0.001101999999999985,0.0011019999999999747,0.0010010199999999857,0.0010010199999999892,0.0010010199999999983,-2.5854635440149996,2.6319318314023907,9.320574746103734,-0.0007825581624653198,-0.00197529070927277,-0.0006450581393174684,-3.8572675793669946,45.49971079271893,-33.83110587541447,1006.21796875,0.2500902089091489,56.829923031792184
2025-06-14T21:19:26Z,40.07202316019923,-75.2512117110369,37.823566232791975,-1.4120935257533738,-69.26269489479596,-3.5073496698137303,0.438237944381041,6.17318171177418,0.16115508103684065,0.0010000000068198735,0.0010000000040626433,0.001000000004718757,0.0009999999995568378,0.0010000000056291643,0.000999999999218403,4.00134729170695e-6,4.001429364903437e-6,3.679458851150663,2.1986249415423345,10.002598751809675,0.08307597965242244,0.00007019456448346587,0.00003451462608886332,0.00024910700802818243,0.001102999999999974,0.0011029999999999842,0.001102999999999974,0.0010010299999999854,0.0010010299999999883,0.0010010299999999987,-2.5784273944690668,2.637268304589659,9.314027699321098,-0.001049652777259252,-0.0013743055591547558,-0.0009312499990080792,-3.771964386531285,45.49446563720703,-34.1019656590053,1006.211962890625,0.2443579420992135,56.981684751386204
2025-06-14T21:19:31Z,40.06930016174799,-75.25502144230181,42.25441358993616,-15.258045078234009,-74.60099106011819,-3.4142465856733883,0.4091713187037996,6.1943697904067205,0.1601205418648049,0.001000000006827762,0.0010000000039887896,0.0010000000050017633,0.000999999999413398,0.0010000000055060208,0.000999999999232873,5.001358243571558e-6,5.001507335263978e-6,3.422933773712619,2.656766809484835,12.05777429179918,0.07199553909959373,0.00007409320165653203,0.000039014054130344016,0.0002587657338067763,0.0011039999999999737,0.001103999999999985,0.0011039999999999735,0.0010010399999999852,0.0010010399999999886,0.0010010399999999995,-2.5893421681212216,2.632601264516062,9.332385705943157,-0.0006018228989785128,-0.001441145914182308,-0.0011174479152486635,-3.7460938841104507,45.7531263033549,-34.138282775878906,1006.21396484375,0.2634530612688717,57.20837639942283
2025-06-14T21:19:35.500Z,40.06190890214923,-75.27260894517885,104.68219350267947,-203.01881298647862,-363.52817378000526,76.25877960405778,0.9198903238038756,0.6921879538709357,1.2520534050478827,0.001000000007732865,0.0010000000034176516,0.0010000000045488058,0.0009999999989879402,0.0010000000063983933,0.0009999999986968983,6.0013842902728516e-6,6.001631690411341e-6,4.313541293436096,18.267747385931887,34.80860254706709,0.7796582657176239,0.00017523844453328334,0.00004364783103740292,0.0003927857395930218,0.0011049999999999743,0.0011049999999999856,0.0011049999999999723,0.0010010499999999842,0.0010010499999999877,0.001001049999999999,-9.626851683507164,-1.5825415565055225,-3.9013404140885872,-0.0871624957649098,2.9635468544329235,0.3954093674659272,7.669602593237704,47.81378039446744,-20.573864438317038,1006.2459716796875,0.7402567457868641,52.61424671635614
2025-06-14T21:19:40.500Z,40.04753535504015,-75.29823092398622,105.07941858658097,-235.9740762214659,-377.2917049424857,12.601365045199003,0.7450421215572569,0.5242593617732458,1.0999063342749467,0.0010000000081125935,0.001000000003504032,0.0010000000045108186,0.0009999999991773547,0.0010000000064431368,0.0009999999981671296,7.001407134584229e-6,7.001869155984562e-6,4.357945058833636,14.471984492476244,35.94282449593288,0.1582946396376399,0.00017910072925957302,0.000045298949494942705,0.0003977316278106044,0.0011059999999999738,0.0011059999999999848,0.0011059999999999729,0.0010010599999999842,0.0010010599999999879,0.0010010599999999985,1.7761488718792882,9.365340730245011,2.9442794237789163,-0.000587499941776991,-0.0017138295420722977,-0.0008098403757207748,-19.65638367673184,-20.23284660501683,-13.035239970430414,1006.1699829101562,0.20736616145374742,31.075003273357204
2025-06-14T21:19:45.500Z,40.03787148941653,-75.31610003439417,71.75948628792106,-259.26164774230824,-328.0940373740272,-11.962157387895822,0.6383753784121198,0.5455883992077617,1.0141519184683976,0.0010000000077349416,0.0010000000036801515,0.0010000000048156605,0.0009999999988642666,0.0010000000060966638,0.0009999999979894833,8.001420361247533e-6,8.002175550087819e-6,3.8732782044898446,10.779288631626416,38.43793123245878,0.24165117729392604,0.00014857697718092944,0.000052343590888304774,0.0003806236697906627,0.0011069999999999745,0.0011069999999999858,0.0011069999999999737,0.001001069999999985,0.0010010699999999885,0.0010010699999999993,1.7809536612066252,9.363100342701632,2.9893751554898156,-0.0013885869535935004,-0.001119565253555789,-0.001020923880728023,-19.588839894249325,-19.146875835600355,-13.109375522250222,1006.1759887695313,0.21766836233231135,30.367386247800663
2025-06-14T21:19:50.500Z,40.01863434528133,-75.34291643256988,38.756999553284274,-244.4602420400941,-322.8930547708045,-18.891983629961704,0.7899002518320816,0.49123425584876007,1.140984278290349,0.0010000000080398403,0.0010000000031426665,0.0010000000043004194,0.0009999999986751178,0.0010000000060956138,0.000999999998112037,9.001413387967841e-6,9.00251068067046e-6,4.086705101610331,6.8563563951124475,38.15409655344332,0.26813909813553316,0.0000876579060354371,0.00004858232126210521,0.0003476832902795982,0.0011079999999999749,0.001107999999999986,0.0011079999999999738,0.0010010799999999854,0.0010010799999999888,0.0010010799999999997,1.795625080308228,9.328974361084285,2.954417526800067,-0.001075765390105793,0.0023954081577768384,-0.0011515305809034302,-19.88100070953369,-19.018500747680665,-13.176375617980957,1006.1699829101562,0.1790141778842645,30.505267396566328
2025-06-14T21:19:55.500Z,39.9979341360856,-75.37267039234167,31.071346093584935,-221.7084483269391,-334.3037721381003,-11.778300042461598,0.6426577317659837,6.045288596655983,0.31154410805510024,0.0010000000083360077,0.0010000000026389832,0.0010000000042475008,0.0009999999983865838,0.0010000000065225794,0.0009999999977417205,0.000010001419570727972,0.00001000290961028507,4.074372058772049,5.229091789703667,36.725751759746544,0.16395708349294053,0.000045252281325291845,0.00005498440511166951,0.00032894517774094596,0.0011089999999999757,0.0011089999999999848,0.0011089999999999729,0.0010010899999999849,0.0010010899999999883,0.001001089999999999,2.710558237261078,9.046846317288118,3.638247456108123,-0.06939970153224809,-0.40401904437697395,-0.09358333267455247,-20.094573372288753,-24.15986949519107,11.536678063242059,1006.2079711914063,0.3525274555583539,33.47510593646378
2025-06-14T21:20:00.500Z,39.978937469952676,-75.3996661815878,30.464088474823924,-216.47379468734698,-330.55366858546705,-11.800691312174457,0.8983138956127802,5.949594055205368,0.011350786679817853,0.0010000000085273685,0.0010000000031414615,0.0010000000043839344,0.0009999999983982997,0.0010000000063642104,0.0009999999974476255,0.000011001437899669844,0.000011003392050717008,3.8664936557265985,4.850397491840257,37.219120298190504,0.12075640355428119,0.00004078050823262574,0.0000630666555816741,0.00034061653560446905,0.0011099999999999754,0.0011099999999999853,0.0011099999999999732,0.0010010999999999852,0.0010010999999999887,0.0010010999999999993,1.9534786583726265,9.706811196642462,1.30197862844383,0.014554687320315915,-0.05606588509570515,-0.023676041590042243,-13.229521812276637,-25.367953361348903,18.596809265461374,1006.20595703125,0.2187899657007403,34.1231762637278
2025-06-14T21:20:05.500Z,40.07439665351134,-75.24001762215715,55.895296875447194,-70.25158673401455,-24.92618668068898,-9.489572899849048,0.8310599844875721,5.88720971717753,4.495593834012706,0.0010000000096784616,0.0010000000028026813,0.0010000000047974782,0.000999999996721216,0.0010000000065850554,0.0009999999982287528,1.0241558066765978e-9,1.024155647229802e-9,0.3827411403357541,1.5772246366756975,2.11486097760931,0.04787928658675136,0.00007402969766846685,0.000035988141574349366,0.00013412943461254076,0.0011109999999999746,0.0011109999999999853,0.001110999999999974,0.0010011099999999848,0.0010011099999999882,0.0010011099999999988,2.3282358311783575,9.7095540775086,0.6462036047306954,-0.04493124947460552,-0.21069062345738848,-0.040693749634197925,11.057083702087402,-29.325001102023656,15.268333943684896,1006.1099853515623,0.22726094148196527,34.861630378400186
2025-06-14T21:20:10.500Z,40.07217215889217,-75.24151170953553,16.006665205889014,-46.93658078410867,-25.544429306281774,-11.647344831658696,0.9451200220443439,5.949574105142976,4.330338101270739,0.0010000000096201686,0.0010000000030146716,0.0010000000044026334,0.0009999999966450743,0.001000000006286192,0.000999999998556161,1.0010246279409834e-6,1.0010262339535929e-6,1.8794468426218311,1.879275679489235,1.9114374101899603,0.10137390710747748,0.00007562852662281887,0.00004202851468859176,0.00013510995335203808,0.0011119999999999752,0.001111999999999986,0.001111999999999973,0.0010011199999999838,0.0010011199999999873,0.001001119999999998,1.4573713210673145,9.950769161221563,1.3780550659217163,0.00025714304209162385,-0.01026488099746067,-0.01750000035230872,14.256250614590115,-28.215417777167428,14.076250542534723,1005.811962890625,0.37297022573397903,34.604736654481094
2025-06-14T21:20:15.500Z,40.06971449506233,-75.24322329742263,21.747990928191285,-39.85459945538438,-28.262714741272077,-7.641652954705393,1.0536738881505392,5.975934611666391,4.315846316868019,0.0010000000097215782,0.0010000000032081933,0.0010000000043738197,0.0009999999966018751,0.0010000000064905492,0.0009999999988097575,2.001025834304229e-6,2.001032165991418e-6,3.361479628470179,2.0192216249185844,2.0084921978782426,0.09051105313387525,0.000058217776711100874,0.000054335114227615004,0.00013217638905219033,0.0011129999999999753,0.0011129999999999864,0.0011129999999999725,0.0010011299999999831,0.0010011299999999868,0.0010011299999999972,1.1544207064763043,9.502795001814773,1.223662016202221,-0.0033964284885653027,0.01486020400841288,0.01024413360092646,13.875375518798828,-28.899750938415526,14.80275062561035,1005.4039794921875,-0.127001263066527,35.3106144421054
2025-06-14T21:20:23.500Z,40.06506594391019,-75.24590382404001,43.63120772813356,-34.96189191708815,-29.5508130366755,-2.6889713246256406,1.155877675715897,6.066102333616416,4.1083437418499695,0.00100000000980037,0.0010000000032040818,0.0010000000042813758,0.0009999999966957827,0.0010000000065234038,0.0009999999988971123,3.001027619703732e-6,3.001051052993389e-6,4.041039129161707,2.0501423185335175,2.8888457738282516,0.05444239791118591,0.000049852305143000165,0.000058116969288473836,0.000135408054008596,0.0011139999999999755,0.0011139999999999867,0.001113999999999972,0.0010011399999999833,0.0010011399999999865,0.0010011399999999974,1.5795402890398416,9.47941133258333,1.8902392435956579,-0.006774999590755783,-0.011458967796660103,-0.017730162739049378,9.336648074063389,-28.42968867041848,12.923438050530173,1004.815966796875,0.016879468014095678,32.5949710554155
2025-06-14T21:20:25.500Z,40.06397002572366,-75.24652273094144,54.104389337633876,-34.205070667370016,-29.542370111238554,-1.5276197966199432,1.1813316699351695,6.105055742088078,4.123541820200276,0.001000000009870824,0.0010000000030271814,0.001000000003897467,0.0009999999968794827,0.0010000000064651128,0.000999999999101058,4.0010277537644545e-6,4.0010582065162555e-6,2.688595311470126,2.0141757951223047,3.2333420450537074,0.04015244431969793,0.00005368266505378926,0.00006902481805598411,0.0001442105406950403,0.0011149999999999745,0.0011149999999999873,0.0011149999999999726,0.0010011499999999828,0.0010011499999999854,0.0010011499999999962,1.1514171322122706,9.664883413172053,1.935854969069805,0.005209374863825959,0.017437499628990796,-0.013306249911047993,13.272017565640537,-28.98537050593983,12.58593808520924,1004.7579711914062,0.1465177129037022,34.2739042519259
2025-06-14T21:20:30.500Z,40.06151142072844,-75.24813105601834,59.717195647194806,-31.50022271841661,-31.064525103268345,-0.26728263456386836,1.2120922767218956,6.103687888408243,4.038653103811595,0.0010000000100126316,0.0010000000031010555,0.0010000000038260031,0.000999999996560291,0.0010000000066035884,0.0009999999988626674,5.001025238797856e-6,5.001081975053748e-6,2.8010603290798137,2.103162251508994,4.3011163110923265,0.03294153054090471,0.00006056754134491003,0.00007544421621472826,0.00015439824160383113,0.001115999999999974,0.0011159999999999879,0.0011159999999999727,0.0010011599999999816,0.0010011599999999853,0.0010011599999999957,1.6102058796323024,9.540263314177569,2.338093126493485,-0.00029111117391994966,-0.015049444074688337,-0.005849166608447913,12.732528989965266,-28.677273880351674,11.287926543842662,1004.5559692382812,0.17652366199501113,33.34542297249096
2025-06-14T21:20:35.500Z,40.0592313067415,-75.2498264601807,65.24891882127017,-30.508939181376167,-32.3069170105516,0.49143025911852545,1.2158330259656214,6.05649430734112,3.797311283640791,0.0010000000099265884,0.0010000000033548164,0.0010000000040918137,0.0009999999964963474,0.0010000000063886776,0.0009999999986525494,6.001012225515215e-6,6.001116308641765e-6,2.7401003934622814,2.257869225438116,5.615548728707336,0.024881749915290595,0.00007614264806293797,0.0000740820853558316,0.000166580938571379,0.0011169999999999728,0.001116999999999988,0.0011169999999999728,0.0010011699999999816,0.0010011699999999853,0.0010011699999999957,1.991413601752527,9.317089665590228,2.696296039474373,-0.011034062628454189,-0.04835843681925024,-0.007833749880342545,13.487500508626303,-28.020090330214728,12.004018374851771,1004.485986328125,0.12467561754975089,33.33363476076481
2025-06-14T21:20:40.500Z,40.05758978949886,-75.25173698279083,69.6318525513441,-24.336324402559335,-34.032961753130515,0.9852566766601979,1.2167887634031793,6.056231867610838,3.7893913531050085,0.0010000000097674935,0.0010000000031591292,0.0010000000037591532,0.0009999999964960006,0.0010000000065861431,0.0009999999986411974,7.0009795901366385e-6,7.00116441249886e-6,2.636175850774158,2.5303441323113014,7.214655390801859,0.02305108664480494,0.0000787884195878046,0.00008360460090282783,0.00017656737029580694,0.001117999999999973,0.001117999999999989,0.001117999999999973,0.0010011799999999804,0.0010011799999999843,0.0010011799999999947,1.4689963033100044,9.58551175498627,2.3830588718611807,-0.00048510638226508776,-0.0014680851795890902,-0.0005055850284530793,17.27070375283559,-28.076563755671184,1.6964844390749931,1004.469970703125,0.20912939747929787,33.00674704138477
2025-06-14T21:20:47Z,40.0580678286123,-75.25566503643468,77.23452351761344,-42.2762889281702,-50.92766020367204,3.2571031104551307,1.335340830103611,5.89904042252261,2.494532240584213,0.0010000000097442902,0.0010000000029459517,0.0010000000037512042,0.0009999999965357817,0.0010000000063730382,0.0009999999990541204,8.000888818145719e-6,8.00124824290015e-6,2.756360134554499,3.346400685139463,9.093462612358714,0.04383881415011544,0.00011439763043598554,0.00006510737942423738,0.0002062239093935742,0.0011189999999999722,0.00111899999999999,0.0011189999999999722,0.0010011899999999793,0.0010011899999999847,0.0010011899999999951,3.939531592026635,9.446555098419578,0.6300290931578127,-0.106686684014092,-0.4795807048562854,-0.0919293472915257,10.286413400069527,-25.33328914642334,-10.427853687949803,1004.4219848632813,0.47913954039432655,29.26299715338247
2025-06-14T21:20:50.500Z,40.05935330728207,-75.25933887010349,80.13952697947708,-37.55014216964885,-66.39126059513619,2.6111448357180773,1.340119732752161,5.934907045359091,2.503369595212669,0.0010000000099812383,0.0010000000030383565,0.001000000003580818,0.0009999999962886444,0.001000000006365696,0.000999999999210293,9.000824611905911e-6,9.001294570138709e-6,2.4798016269375673,4.044472872959983,9.21679415405579,0.05230181365678284,0.00010773887079428373,0.0000709968801736596,0.00021035455124293894,0.0011199999999999724,0.0011199999999999908,0.0011199999999999721,0.0010011999999999784,0.0010011999999999847,0.001001199999999995,1.2461316366506057,10.078372832646686,1.0585526889321184,0.007250000174554985,0.003520731721878341,-0.013006097438185465,1.5853619073566638,-23.266777189154375,-16.411184913233708,1004.37197265625,0.4363065447439618,28.516317948915177
2025-06-14T21:20:55.500Z,40.059601065312805,-75.26561638503222,80.45360741146706,-33.632051641305466,-84.05139604443754,0.9140734647957933,1.2763632441370776,5.984520501264735,2.5019539964573507,0.0010000000103402291,0.001000000002949796,0.0010000000036984895,0.0009999999964745102,0.0010000000062477395,0.000999999999187332,0.000010000793820958126,0.00001000135881102071,2.8566666341918316,5.322054060263756,8.532830559260413,0.04841698815362979,0.00009167553919025587,0.00007533029868428076,0.00021432350439396284,0.0011209999999999712,0.00112099999999999,0.001120999999999973,0.0010012099999999772,0.0010012099999999842,0.001001209999999995,1.4386882182573593,9.586491211135234,1.7315000872701676,-0.008054807495148688,0.0014644227825828888,-0.012701602368566125,1.700304950155863,-23.896189898979372,-16.532927396820813,1004.2719848632812,0.07503426884693054,29.107622074125022
2025-06-14T21:21:00.500Z,40.05764795190383,-75.2717508657451,76.05277046366447,-28.812252502732182,-96.70316047812037,-1.1107595670144295,1.2074020909292162,6.021265581353334,2.7265145631079775,0.00100000001040043,0.0010000000030091574,0.001000000003589758,0.00099999999627654,0.0010000000058846027,0.0009999999993848523,0.000011000814923468041,0.000011001423222207002,2.9999762449628653,6.940218699585062,7.376828017312128,0.04452216978883079,0.000076208249775472,0.00008458034587069133,0.0002204264557977057,0.0011219999999999718,0.0011219999999999904,0.0011219999999999718,0.001001219999999977,0.0010012199999999839,0.0010012199999999945,0.9535289978379604,9.417113583009682,2.1480382708964254,0.0005881249367124097,0.04374593748412236,0.00597468752122725,1.925304956552459,-23.60625080946015,-15.851067636071182,1004.1979736328125,-0.0651925324302271,28.49939173525584
2025-06-14T21:21:05.500Z,40.07356071600028,-75.24319547758117,80.24934363771237,-2.244733795654609,-26.998425182200563,1.8078464058484291,1.332651089559349,6.08063425981098,2.7124051124721986,0.0010000000107827176,0.0010000000026952065,0.0010000000035345735,0.0009999999964948026,0.0010000000051810611,0.0009999999996653576,5.747244656904454e-9,5.747245403734345e-9,0.43901039632536404,1.7973198109123851,1.5539585698230922,0.015267330981267724,0.000044892450697963776,0.00005225210604582311,0.0002277543856286285,0.0011229999999999715,0.0011229999999999901,0.0011229999999999712,0.0010012299999999767,0.0010012299999999827,0.0010012299999999931,1.4353898415945774,9.680443669576237,2.145073952313648,-0.002744531236823619,-0.0034177082388058343,-0.01972578112851469,6.7817937498507295,-23.22676704240882,-15.927717913752018,1004.17197265625,0.24118141454381067,28.968339466382044
2025-06-14T21:21:10.500Z,40.072848023281985,-75.24488654090003,86.48997067516076,2.7283683957714233,-29.658501243147523,1.7037070699399834,1.3491172756779382,6.069804437403381,2.8386791777555196,0.0010000000109246763,0.001000000002832384,0.0010000000035645061,0.0009999999965124133,0.0010000000050921732,0.0009999999993333558,1.0057478549263327e-6,1.0057489876678803e-6,0.9664422505162281,2.3746493537763755,1.8110339377317233,0.01793424074734558,0.0000528163056603815,0.00006210731391919673,0.0002370453425827911,0.0011239999999999722,0.0011239999999999911,0.0011239999999999725,0.0010012399999999766,0.0010012399999999835,0.001001239999999994,1.1009477813650805,9.56479020890053,2.2898819358421876,0.009879687202020539,0.0239734372527837,0.006218750058231861,6.921811493075624,-23.856505763774017,-14.850000576097138,1004.2559814453125,0.11934515822739858,28.940696628220543
2025-06-14T21:21:16.500Z,40.07229020513509,-75.24723895200847,88.0505107194808,8.098220424373757,-30.803018960052423,1.4176657563121857,1.343377890709164,6.181164948187605,2.868259663422924,0.0010000000110903897,0.0010000000025706716,0.001000000003747445,0.0009999999965223975,0.0010000000050005846,0.0009999999990792272,2.0057506229011196e-6,2.005756269004e-6,1.7954920825038458,3.381681822742963,2.2805767072279464,0.01395550173668349,0.000058669679922614274,0.00006840145255049014,0.0002460537504211085,0.001124999999999973,0.0011249999999999917,0.001124999999999973,0.0010012499999999774,0.0010012499999999826,0.0010012499999999932,1.1419375526903432,9.443696346915909,2.6627834575405505,0.0020398648267097516,0.009947972782703655,-0.020313175381576953,8.095559622112074,-22.361842908357318,-15.618257196326004,1004.4939819335938,0.10109515013972627,28.45201528743892
2025-06-14T21:21:32Z,40.0731212773417,-75.25437490960405,83.04057096814165,-42.64001287380717,-36.980311216903786,0.0011399426137579383,1.2339249266688783,0.28201365306997384,2.8503226935368233,0.0010000000111957362,0.00100000000263081,0.001000000003832291,0.0009999999969429023,0.00100000000503583,0.000999999998487858,3.0057695663432406e-6,3.005816461862043e-6,3.2791323720281857,7.538939035543185,4.855795633000671,0.058588327690354276,0.00006550247190639471,0.00007203721774415223,0.0002634629923964284,0.0011259999999999719,0.0011259999999999905,0.0011259999999999716,0.0010012599999999771,0.0010012599999999817,0.001001259999999992,1.6695589022595634,9.635949062344842,2.124323641219757,-0.005008653629914412,0.005310897217600094,-0.02303525595561437,6.20961567071768,-24.131731766920822,-13.809135168026655,1005.0779663085938,0.2308762774253771,28.488403383935747
2025-06-14T21:22:08.500Z,40.081292834659976,-75.25285736597594,46.81267216850237,-52.2361246375307,2.720911778399877,-4.225439067826635,1.3385724973635182,0.12881753474816796,2.801413916455418,0.0010000000090773424,0.0010000000014508813,0.0010000000021268157,0.0009999999976917696,0.0010000000061752752,0.0009999999970880216,1.6132174887821042e-8,1.6132180225744656e-8,1.23301651097567,1.20789461019718,2.0633441808863524,0.023128825410605857,0.00003538262164752595,0.000012984733485858222,0.00023409084338501447,0.0011269999999999726,0.0011269999999999915,0.0011269999999999718,0.0010012699999999764,0.001001269999999982,0.0010012699999999925,1.3900743559997861,9.50474038369052,2.4260215451679055,0.0009756578870886267,-0.00021118410954821902,0.0008055918886693445,2.45015634894371,-23.74781346321106,-14.990156841278075,1007.1119873046875,0.12640511641213467,28.189782741283636
2025-06-14T21:22:44.500Z,40.130289763547175,-75.1736463294657,59.33653108266412,259.0949824909589,349.8618454629887,5.784807956980828,2.4814486643703813,5.592374356160772,2.4762463888041055,0.0010000000077709007,0.0010000000006705242,0.0010000000009462264,0.0009999999979709963,0.001000000006917909,0.0009999999974198226,1.0163291090465982e-6,1.0165148713783162e-6,4.932371623554559,4.429994975105146,23.162785677850806,0.048691165406324455,0.000019619891803648313,0.000030284770996190272,0.00017315888483215367,0.0011279999999999717,0.0011279999999999903,0.0011279999999999717,0.0010012799999999766,0.0010012799999999829,0.0010012799999999916,1.3732296631756336,10.01844335625951,2.5145123715476743,0.022391499950064737,-0.018300250257021422,0.04381675014190999,8.20875036239624,-24.000001068115235,-13.438875522613525,1008.1439819335938,0.5710006913953273,28.705123139347613
2025-06-14T21:22:49.500Z,40.14413910929902,-75.1528140513174,32.394220149809904,292.2555498021603,378.79336829795795,-21.766772658995897,2.48614393289766,5.589937144185106,2.5430183235458164,0.0010000000078162115,0.0010000000005344044,0.0010000000007324846,0.0009999999979147212,0.0010000000071299126,0.0009999999976922766,2.0163722792928153e-6,2.0167332284697106e-6,3.285221185667604,6.011018135561414,27.7385671919955,0.05952822914083486,0.00003029517515587313,0.00003904506372595439,0.00018082368488748626,0.0011289999999999705,0.0011289999999999892,0.0011289999999999727,0.0010012899999999759,0.0010012899999999828,0.0010012899999999928,1.1104133926651651,9.940833856370043,2.1800367602017663,0.010959574375586839,0.006787765957868514,-0.0076263297190253395,9.54773977969555,-22.188830517707988,-13.357580387845953,1008.0099853515625,0.3790148626898081,27.603001384813346
2025-06-14T21:22:54.500Z,40.1499762569751,-75.13905908612216,-28.528133539316414,312.43741005545843,376.6811616121075,-36.9311796744759,2.217494732722969,5.634830587614643,2.636792838147703,0.0010000000071320146,0.0010000000004823956,0.0010000000003192555,0.0009999999972377439,0.0010000000071881002,0.0009999999984283865,3.0164106190905056e-6,3.0170209183223815e-6,3.111191749378544,8.18888096344918,31.682847220662474,0.08203283022551852,0.00003834543020362211,0.00004677074147360336,0.00018915323591846874,0.00112999999999997,0.0011299999999999889,0.0011299999999999737,0.0010012999999999758,0.0010012999999999828,0.0010012999999999936,1.6985125808157508,9.119783726373774,2.566195961872004,-0.0211455129003075,0.0055048080439519045,-0.01708044865238748,8.378506404597585,-23.519817910543303,-14.543598175048828,1007.9359741210938,-0.23487085023036422,28.894541312812212
2025-06-14T21:22:59.500Z,40.141729809458646,-75.14017145767353,-63.68807912741261,349.26598499336365,320.75621095342467,-34.10300711571942,1.8566278654147248,5.653551772054026,2.7719649500339694,0.0010000000059531028,0.0010000000001224685,0.0009999999996420828,0.000999999996737224,0.0010000000074172598,0.0009999999999358283,4.016434822879322e-6,4.017378424941351e-6,3.308940122534038,10.512337470865141,35.96513064587391,0.09354785101726441,0.00004945209482887701,0.000051722557995690246,0.0001952337565105936,0.0011309999999999695,0.0011309999999999884,0.0011309999999999734,0.0010013099999999762,0.0010013099999999834,0.001001309999999994,0.8515635550683782,9.464904467814195,2.642190675490292,-0.006818597288175231,0.025410060666309693,-0.012459451110415982,9.537187838554383,-22.789219617843628,-13.984688091278077,1008.2119750976562,0.012253743680754992,28.387939357815313
2025-06-14T21:23:04.500Z,40.132212797939246,-75.14206444981548,-60.47549337867227,387.9902748041064,260.93348425827327,-24.681073403748087,1.438229789070332,5.643554748012892,3.010852419971328,0.001000000005816277,0.0009999999999611845,0.0009999999991373622,0.000999999996731785,0.0010000000073270743,0.0010000000005288272,5.016457891920334e-6,5.01783782325226e-6,3.4175270859935862,12.076682119519505,40.99385383131522,0.08497637357452534,0.000082730565291045,0.00004956909197512871,0.00020371349904588397,0.0011319999999999698,0.0011319999999999887,0.0011319999999999735,0.0010013199999999761,0.0010013199999999835,0.001001319999999994,0.594390932797851,9.165782263553382,2.393204654025667,-0.008795191987569704,0.046180128264441386,0.01774583326764135,11.194243832638389,-23.513487715470163,-12.298520213679263,1008.5359741210938,-0.3520121912768314,28.800101991353014
2025-06-14T21:23:09.500Z,40.077671951541575,-75.24866141599982,21.15523785489356,237.50957951162505,119.029868649919,-6.7732263604901854,1.2081149608201558,5.735831200476856,3.172881893894398,0.001000000014416654,0.0010000000067125966,0.0010000000053745517,0.000999999994947485,0.0010000000032454382,0.0010000000132526045,4.8202892573159386e-8,4.820290308204752e-8,1.3281244052273504,1.2002407030058369,1.9290105950405532,0.05584039214107552,0.00007974870646182164,0.00004766457962973514,0.00014235196891121442,0.0011329999999999702,0.0011329999999999888,0.0011329999999999739,0.0010013299999999756,0.0010013299999999847,0.0010013299999999934,1.4438487031139868,9.252784244124994,2.317720376170222,-0.007871562529346695,-0.013763436949222704,0.02399406209628299,12.216071968986874,-23.01919719151088,-11.224553971063523,1009.01396484375,-0.15737509306340214,28.374347311762136
2025-06-14T21:23:14.500Z,40.08559619000765,-75.24177326511993,2.6060813692198472,253.3664052997076,115.32463203640272,-7.1874129164495635,1.1775660749961139,5.791994080629022,3.1485996707828368,0.0010000000142366453,0.0010000000069210954,0.001000000005438889,0.0009999999950494464,0.001000000003333438,0.0010000000129707304,1.0482033072307775e-6,1.0482053078664847e-6,2.4719250371858528,1.3093669599766566,2.25473462666926,0.07645307631800144,0.00008850307238589218,0.00004956527511040014,0.00014831402653758122,0.0011339999999999697,0.0011339999999999885,0.0011339999999999734,0.0010013399999999751,0.0010013399999999856,0.0010013399999999927,1.429236425236352,9.324541377060854,2.838684221210849,-0.00739650010929899,0.0009414999396682171,-0.0020587499050701663,12.820500583648682,-23.324625854492187,-11.277375354766846,1009.583984375,0.045938088819548424,28.90639491481055
2025-06-14T21:23:19.500Z,40.093545712123884,-75.2349908537045,0.24809876696588162,262.54043948256157,112.46188582331736,-5.128871493962179,1.1847171765151763,5.867333873545662,3.131821294968294,0.0010000000141369824,0.001000000006792832,0.001000000005478985,0.0009999999950599857,0.0010000000035041796,0.0010000000130294627,2.0482044668948133e-6,2.0482129179563335e-6,3.1908429129430917,1.452648124654764,2.852426405231578,0.07197040572786295,0.0000958552186140674,0.00004428632596492396,0.00015055997387861564,0.0011349999999999691,0.0011349999999999882,0.001134999999999973,0.001001349999999976,0.0010013499999999868,0.0010013499999999929,1.449605481244684,9.304603130436755,2.9261609356220086,-0.001857737863896325,0.005554166694341836,-0.00012916668435610022,13.151786304655529,-23.07053652263823,-11.035268215906052,1010.12998046875,0.055333682857681935,28.757492303431437
2025-06-14T21:23:24.500Z,40.10140330940371,-75.22818638889795,3.9527091320363787,274.71192713459556,111.7442434556194,-2.1573903876333285,1.309331683044376,5.780258949551325,3.044251394420058,0.0010000000143800493,0.0010000000068513515,0.0010000000055422275,0.0009999999948187433,0.0010000000033698953,0.0010000000132591173,3.0482062341471977e-6,3.048227711687498e-6,3.334803330512055,1.568260297891961,3.8259722484940117,0.0670372703675881,0.00011220533277290708,0.00004275019618344121,0.00016825452143451436,0.0011359999999999697,0.0011359999999999886,0.0011359999999999736,0.0010013599999999761,0.0010013599999999876,0.001001359999999994,1.2247775598995578,9.919449221127394,2.8773313724623217,0.014722964971046559,-0.017723837522871936,0.02147645318028229,13.246875502846457,-22.015483812852338,-10.357244686646895,1010.6199829101563,0.5941117789037986,27.7025439819368
2025-06-14T21:23:29.500Z,40.10954672799703,-75.2211841113938,5.00976180417889,287.7770692668465,119.25476079858302,-2.954561361129706,1.3084240852001716,5.870638174252379,3.018041146699302,0.0010000000143953742,0.001000000006802674,0.0010000000056622474,0.0009999999947846211,0.0010000000032925889,0.001000000013510745,4.048207448458531e-6,4.048252734876696e-6,3.257280120239206,1.6609211246296245,5.128220746258666,0.05412561757382676,0.00011195483406012985,0.0000421715559381044,0.0001656577399853933,0.0011369999999999703,0.001136999999999989,0.001136999999999974,0.0010013699999999765,0.001001369999999988,0.001001369999999994,1.2679415199038584,9.026541916537994,3.992472174894792,-0.003649167174880088,0.0015452779779246406,-0.013268055026329613,13.312500529819065,-22.18541742960612,-10.033333693610297,1011.1239868164063,0.14232910244904565,27.75032223831291
2025-06-14T21:23:34.500Z,40.11786998878089,-75.21389366261404,2.8108886545051206,298.21736012196226,125.63197123966775,-1.8753265078842687,1.347537588583671,5.886685777215597,3.012252610851824,0.0010000000140789609,0.0010000000071193507,0.0010000000056186746,0.0009999999945472062,0.001000000003262157,0.0010000000134662045,5.048203848542008e-6,5.048292715315141e-6,3.126484083438325,1.7862651291503902,6.936603363888502,0.051006921921692254,0.00012196608414713535,0.000043104716337269564,0.00017486218151109166,0.0011379999999999691,0.001137999999999988,0.001137999999999973,0.0010013799999999762,0.0010013799999999868,0.001001379999999994,1.5812933152979516,9.320122092162881,3.8732447950493407,0.007557737965385086,-0.00015208339665631447,0.0001720234681342977,13.141346809191582,-23.024519993708683,-9.428846554878431,1011.6379638671875,0.4052621857787161,28.137587088943288
2025-06-14T21:23:39.500Z,40.12600465499165,-75.2065787905486,2.3856785241362513,308.5987596017574,125.54266782318284,-1.7654590498163738,1.3431075175505318,5.902202909484927,3.004545424018481,0.001000000014257246,0.0010000000068342602,0.0010000000058270984,0.0009999999947892485,0.001000000003010848,0.0010000000137251731,6.048187520440051e-6,6.048353461780765e-6,3.062764730325336,1.8777205724161372,9.206302727871346,0.04847501155216847,0.00013063720075216613,0.00004497863206393255,0.00018473873472791657,0.0011389999999999701,0.0011389999999999888,0.0011389999999999736,0.0010013899999999764,0.001001389999999987,0.0010013899999999942,1.2647367903218294,9.529581065579515,2.6787807557186074,-0.00041700002564592,-0.001305250066800709,-0.0004279999699995184,13.246500396728516,-22.109250679016114,-12.147000637054443,1011.7539672851562,0.16765926953247143,28.492726607205775
2025-06-14T21:23:44.500Z,40.1339200591089,-75.19941966880883,2.5127900545487822,317.97202646241976,124.71970005251433,-1.4838389776650447,1.3387935447229964,5.92455575775629,3.0048660255826953,0.0010000000140863961,0.0010000000067783201,0.0010000000057406447,0.0009999999947315915,0.0010000000030849258,0.0010000000138909574,7.048151522064187e-6,7.048441653303573e-6,3.0303492548633484,1.9622060019354168,11.94912146676458,0.04518548084350043,0.00013746623845683258,0.00004711154402060175,0.00019371480815997584,0.0011399999999999711,0.0011399999999999898,0.0011399999999999737,0.0010013999999999772,0.0010013999999999878,0.001001399999999995,1.2721432995138133,9.5234572613622,2.6822447116381136,0.0004601190116564611,0.00009345225005764446,-0.0016744046943653922,13.125000721070824,-22.49725681397973,-11.90396385658078,1011.761962890625,0.1628892362776769,28.637277374319684
2025-06-14T21:23:49.500Z,40.141891996396986,-75.19234695071316,3.3093090980759854,325.8605623834654,123.67082676766341,-0.9922051591178622,1.3266842097435323,5.964558516615291,3.0267084082652698,0.0010000000142655883,0.0010000000066578009,0.0010000000060107646,0.0009999999949107698,0.0010000000029371564,0.0010000000135772767,8.048090477645653e-6,8.048565877527348e-6,2.9837218669406154,2.0513583850184296,15.223063593887327,0.04018538910301381,0.00014328938862943032,0.00004879439479848291,0.00020091968503207735,0.00114099999999997,0.0011409999999999888,0.0011409999999999738,0.0010014099999999778,0.0010014099999999886,0.0010014099999999956,1.3144167300984133,9.521225565373742,2.6339876456733093,0.00006071428523511083,0.0049419643613039365,-0.004552083527546082,13.073684842962967,-22.18026372006065,-11.861842557003623,1011.7739624023437,0.15273914327551713,28.347588327514554
2025-06-14T21:23:54.500Z,40.150179089380785,-75.18525979489587,4.629863459564987,333.40371004532113,123.18302008260883,-0.5850303548148765,1.3251874143061027,5.978158208212825,3.0219390487731936,0.0010000000141316264,0.0010000000064342806,0.0010000000062855205,0.0009999999950199027,0.001000000002837671,0.0010000000131324262,9.04799831321901e-6,9.048737063703042e-6,2.919635308405784,2.1566367536091637,19.128233259904015,0.03623404880728699,0.00015129604803254654,0.00005129954568836883,0.0002103004293987669,0.0011419999999999707,0.0011419999999999896,0.0011419999999999744,0.0010014199999999777,0.0010014199999999883,0.001001419999999995,1.219772903291878,9.509060392100626,2.6830829849183058,0.000029487155117981527,-0.0009435896393722718,-0.0011092950519403847,13.33581135724042,-22.205575066643792,-11.315878790778083,1011.7699584960938,0.14147734331704712,28.26619306803096
2025-06-14T21:23:59.500Z,40.15897142971976,-75.1781016536319,5.953992324948372,341.92186373018563,122.95602644678394,-0.32490199348798104,1.3274072644817214,5.954913667284843,2.9816280435474534,0.0010000000140212688,0.0010000000066357755,0.0010000000064969857,0.0009999999951959867,0.0010000000031511597,0.0010000000133735172,0.000010047870396137201,0.000010048968392929201,2.864669019506644,2.2706432769738973,23.77316242051797,0.035163179499029695,0.00016146936710064667,0.000055178150139028616,0.00022254683295345223,0.001142999999999971,0.0011429999999999884,0.001142999999999975,0.0010014299999999783,0.001001429999999989,0.0010014299999999943,1.1876625554685207,9.530746281511442,2.6949459649129106,-0.0017478658446260322,-0.00905213401468705,0.00392987809979573,13.36500062942505,-22.353750705718994,-11.501719188690185,1011.7739624023437,0.16065014754056806,28.471039055212106
2025-06-14T21:24:04.500Z,40.16815669458882,-75.17089600671942,6.873723315563102,350.4871109975901,120.79436144511793,-0.36954003938532215,1.3457286815834608,5.9700241661419735,2.974956731904004,0.0010000000138547618,0.0010000000069420075,0.0010000000062808394,0.0009999999953630334,0.001000000003003337,0.001000000013090077,0.000011047711308247749,0.000011049274594111618,2.8347256495655038,2.3507258020968735,29.151500759546987,0.036053150990742425,0.00016981222104824336,0.00005664578648238999,0.00023155071912354922,0.0011439999999999703,0.001143999999999989,0.0011439999999999738,0.0010014399999999785,0.001001439999999989,0.0010014399999999954,1.1932878905040125,9.62302877291454,2.1611568718407073,0.003313157998711992,-0.0008407898085626628,-0.0021868424430702537,13.484375613076347,-22.573215030488512,-11.399553866613479,1011.761962890625,0.11930320222625815,28.65877421857473
2025-06-14T21:24:09.500Z,40.08300158275181,-75.25282797048452,59.225136640772774,191.18901671763064,19.269425883820997,8.511744547366861,0.9859761848976145,0.004077976394309353,2.9168407674599965,0.0010000000156804177,0.0010000000090392613,0.001000000013795512,0.0009999999970514394,0.0009999999985884523,0.0010000000184871678,7.244988672144685e-8,7.244996316752483e-8,1.4744214416013923,1.0659460622067618,2.108263924802563,0.0221129829562531,0.00006619569370832483,0.00004507441214576059,0.00024052014163070937,0.001144999999999971,0.0011449999999999896,0.0011449999999999746,0.001001449999999978,0.0010014499999999888,0.0010014499999999957,1.516389610135978,9.851865684857191,1.1527756536872842,0.0017070314630980082,-0.014303124746594707,-0.0033833333432103548,12.606641193230947,-23.36679768562317,-10.003906587759653,1011.7259765625,0.24604759765732076,28.372696437411555
2025-06-14T21:24:14.500Z,40.087567743847934,-75.25247745653026,60.60203993279496,187.84355071729186,-4.589814136655575,2.2722092377471617,0.9420116583368144,6.206087572022382,2.913880166490338,0.0010000000161564386,0.001000000009610004,0.0010000000134693999,0.0009999999976931966,0.0009999999984768625,0.0010000000183620534,1.0724502881413789e-6,1.0724525476853759e-6,1.9553023373663723,1.3834757176885264,2.6382368194907655,0.040999432471890876,0.00007345384415830629,0.00005270585043806121,0.00025151657337395397,0.0011459999999999706,0.0011459999999999897,0.0011459999999999743,0.0010014599999999775,0.001001459999999988,0.0010014599999999953,1.3812725668392734,9.769764160147211,1.7068475851427645,-0.0003061048035848284,-0.010660174029139137,0.0005476744133899114,12.329215604205464,-23.51032057473826,-9.440843360368596,1011.6999877929687,0.22811086528239854,28.17572348704578
2025-06-14T21:24:19.500Z,40.09130172216833,-75.25415387514003,34.62347709228814,183.6901036689551,-34.48924004728693,-4.809717403245317,0.8896993185423184,6.179598160999248,2.945141355786184,0.0010000000165833187,0.0010000000100456763,0.0010000000131262542,0.0009999999982375114,0.0009999999985006581,0.001000000018657046,2.0724521368196455e-6,2.072460515408636e-6,2.6661571329627463,2.0589763451606378,3.0862219918657643,0.08051370081386222,0.00006764347568161517,0.00006062261582470764,0.0002528141033997499,0.001146999999999971,0.0011469999999999903,0.001146999999999973,0.0010014699999999765,0.0010014699999999872,0.001001469999999996,1.311581576066861,9.666040721220275,1.9385163969366512,0.0019619791432223975,-0.003028125133006409,-0.0015270834361508206,12.614625606536865,-23.188875846862793,-9.949875450134277,1011.68798828125,0.16341041762106243,28.21081175196917
2025-06-14T21:24:24.500Z,40.094179153782186,-75.25660578589657,6.798517634935105,178.7782019157653,-54.76285860111974,-7.781778690190611,0.9124566648886813,6.198476112249998,2.9554690110856825,0.001000000016288876,0.0010000000099976807,0.001000000013229827,0.0009999999984271438,0.000999999998426505,0.0010000000184354969,3.072456024746803e-6,3.072472719860702e-6,3.326528235046827,3.2595781026851616,2.9901121470100325,0.09652784692609068,0.0000509318429987238,0.00007039654725501009,0.00025130106287550986,0.00114799999999997,0.0011479999999999908,0.0011479999999999728,0.0010014799999999756,0.001001479999999986,0.0010014799999999969,0.9858300383123823,9.905035391479618,2.0470400909383213,0.002655208341159768,0.00484756937545301,-0.0006295137413979936,13.344643456595284,-23.85428641183036,-10.076250403267997,1011.7499755859375,0.38257623942690533,29.13132942016069
2025-06-14T21:24:29.500Z,40.0965143959284,-75.25913925860489,-2.470990316407139,174.74428828301777,-63.4615906472992,-3.7302635241355206,1.1076575770322963,6.18841131144144,2.9338541404108494,0.001000000016604743,0.0010000000103099556,0.0010000000133518056,0.0009999999980892845,0.0009999999986192388,0.001000000018691256,4.072462433737371e-6,4.072488822358455e-6,3.501355179539896,4.9188733999713685,2.8146654995668223,0.07732146506685598,0.00004121422062428089,0.00008029759753993166,0.0002562161892119356,0.0011489999999999693,0.001148999999999991,0.0011489999999999732,0.0010014899999999764,0.0010014899999999864,0.0010014899999999977,1.3565220136944773,10.318510215656238,2.268196442337879,0.030697023716953233,-0.00077410700946158,0.001285118828319444,12.634299394561022,-24.650763302314573,-10.035366244432403,1011.7799682617188,0.8729246625676679,29.461691006893567
2025-06-14T21:24:34.500Z,40.09837358631231,-75.26225582539786,-1.212967116638346,173.41239875098245,-67.87213248314967,-2.623124987188978,1.150422900755038,6.199496025670409,2.9110549964933146,0.0010000000169180972,0.0010000000106626479,0.001000000013274516,0.0009999999981804058,0.000999999998295057,0.0010000000187572321,5.072471324679904e-6,5.072510361258353e-6,3.360950576336947,6.67223417537419,2.769955262012518,0.05229378471817836,0.000039605332673657106,0.00008976098676767951,0.00026452737321249804,0.0011499999999999683,0.0011499999999999902,0.0011499999999999742,0.0010014999999999768,0.0010014999999999855,0.0010014999999999978,1.1822577440817161,9.581150459279241,2.0817731902649217,0.002421874623539743,-0.000746874745993754,-0.004081249843247011,11.597104002789754,-25.06600733501155,-8.13841506911487,1011.7139892578125,0.09752697439406433,28.792853651254223
2025-06-14T21:24:39.500Z,40.09974305702655,-75.26592996696215,2.572391857835113,171.5294149886663,-72.18128157878026,-0.8953126447292807,1.1948428114423657,6.234787425453279,2.906222756754328,0.0010000000168795342,0.001000000010446561,0.0010000000134263787,0.000999999998131889,0.0009999999983106135,0.00100000001855793,6.072480885496835e-6,6.0725386153592825e-6,3.1385397580182275,8.705193848715531,2.944680013431509,0.0395297683251082,0.000041928537401267986,0.00009886951909124616,0.00027434821553692565,0.0011509999999999687,0.0011509999999999908,0.0011509999999999734,0.0010015099999999772,0.001001509999999985,0.0010015099999999984,1.1950464773441762,9.764936170294861,2.1499858179882114,0.0050072221500989346,0.0029783335618339614,-0.007774166576281165,11.913068554618143,-24.598296555605803,-8.72258559140292,1011.4459838867188,0.29227190622315846,28.689335688422325
2025-06-14T21:24:44.500Z,40.10069289221904,-75.27014441579321,7.020015679431658,168.90632621182363,-77.86068660053934,-0.7827584991742401,1.1535621307567347,6.219093602221786,2.930785021707916,0.0010000000166104361,0.0010000000106253379,0.0010000000134492628,0.0009999999986514752,0.00099999999811968,0.0010000000185010228,7.072486873257734e-6,7.072574834571879e-6,2.9611752259742543,10.984557951954352,3.3122738551611666,0.035634054483321555,0.0000461443822360719,0.00010698313179478781,0.00028427089454390937,0.001151999999999969,0.001151999999999991,0.0011519999999999731,0.0010015199999999771,0.0010015199999999845,0.0010015199999999986,1.239358388396692,9.560208738210616,2.0415042642353156,-0.010607812655618536,0.0038812493349555336,0.0036165626310497192,10.982072704716733,-24.788487886127673,-8.343256962926764,1011.1559936523438,0.07693019908137178,28.366919272641184
2025-06-14T21:24:49.500Z,40.10121037300503,-75.27490390745197,11.276304121555238,166.71349290424305,-85.56131339697481,-0.1624696915730901,1.1843136620493968,6.239304392144668,2.9567878640528678,0.00100000001656874,0.0010000000107930399,0.0010000000129592123,0.0009999999986752275,0.0009999999980459548,0.001000000018658505,8.072484857767197e-6,8.07262049348184e-6,2.8698340788193946,13.632914723461521,3.8729862369558474,0.036406603402883646,0.00005057373558380121,0.00011376985208943451,0.0002943698563555821,0.001152999999999968,0.0011529999999999898,0.0011529999999999737,0.001001529999999978,0.0010015299999999849,0.0010015299999999992,1.1390652824046572,9.778413596432882,1.937499012057704,0.004309183655552842,0.006728060984925692,-0.003009183785619652,12.05892903464181,-24.940562228767238,-7.317857440637082,1010.7999633789062,0.25708755796299065,28.65305466906106
2025-06-14T21:24:54.500Z,40.10136072306279,-75.28018952126655,16.334084433532087,162.8648156609492,-92.14987162095713,-0.1284527094093798,1.206684989815299,6.266895240974894,2.96822143810162,0.0010000000168333167,0.0010000000106441251,0.0010000000131201226,0.000999999998429913,0.000999999998330325,0.0010000000184806727,9.072475332712453e-6,9.072677627024478e-6,2.8569125027778335,16.361601051649483,4.6727593734458654,0.03913296760834456,0.000054505021084655256,0.0001193676624285099,0.00030439816679346207,0.0011539999999999676,0.0011539999999999903,0.0011539999999999743,0.0010015399999999768,0.001001539999999984,0.0010015399999999982,1.3588846823575542,9.656923576148563,1.8491577696227426,0.0025913686746940516,0.004378869341955177,-0.005799404876516093,10.87587241239326,-25.632559354915177,-7.297238693680874,1010.2739868164062,0.15028751773911353,28.784708953799953
2025-06-14T21:24:59.500Z,40.10098300059697,-75.28599884850499,21.385677257481312,162.33083620184053,-100.72971961714703,-0.2211496664117294,1.1466809391383939,6.218364129886455,3.060109472480092,0.0010000000166980713,0.0010000000105236365,0.0010000000132578358,0.000999999998299996,0.0009999999985011389,0.0010000000182467503,0.00001007246513262606,0.000010072748949415594,2.8770729255733243,19.484531370777507,5.6060622470879045,0.03901325997571234,0.00006242689477277188,0.00012021009915201959,0.0003140251383331733,0.0011549999999999668,0.0011549999999999896,0.0011549999999999744,0.0010015499999999774,0.0010015499999999845,0.0010015499999999986,0.8979538905543941,9.692819694019336,1.776480833314803,-0.013316562746012698,0.013581875446525211,0.014399999420770011,11.444196882702055,-25.452233269101097,-7.6160717237563365,1009.6619750976563,0.12027898809334027,28.927278334765678
2025-06-14T21:25:04.500Z,40.100767512066525,-75.29230755095593,26.742555296626264,159.46649070050682,-110.40036762378205,0.6122529924997501,1.1657367456611294,6.259209233747616,3.088236050280803,0.0010000000169391998,0.001000000010794959,0.0010000000132268567,0.00099999999816425,0.0009999999985560828,0.001000000017903935,0.000011072464696490364,0.000011072838302167199,2.9066028735802787,23.32534903639522,6.7504092319691535,0.0417315870280668,0.0000667945729757058,0.0001242794187916307,0.0003238476514039398,0.0011559999999999676,0.0011559999999999906,0.0011559999999999754,0.0010015599999999782,0.0010015599999999856,0.0010015599999999994,1.2966412271146828,9.908026987401872,1.9037089251830954,0.0024925000492985894,0.00864464301925495,-0.006342857345026797,12.194118163164925,-25.367648124694824,-9.28621359432445,1009.2019775390625,0.3983204983874468,29.638570182968618
2025-06-14T21:25:09.500Z,40.08939132537889,-75.27505030293906,35.847923310678794,3.234215155788547,-24.355413190562818,1.6024198434002226,1.322560353868654,0.21309588175020772,2.906352242703886,0.0010000000176711803,0.001000000011223942,0.0010000000129997892,0.0009999999990728703,0.000999999998616468,0.0010000000175507764,2.4247307835439896e-8,2.424731464572735e-8,1.74668778283604,1.9418111225049128,1.3452403881021182,0.025746063686169836,0.000049161388091372094,0.00006613565757568003,0.00027367680804787025,0.0011569999999999677,0.0011569999999999907,0.0011569999999999755,0.0010015699999999775,0.0010015699999999846,0.001001569999999999,0.9934073947744114,9.525910739775691,2.4074751090888684,-0.002827303024231834,0.007079934462290126,0.00361710522023568,11.120893260410854,-25.251965277535575,-9.288750457763673,1009.1059814453125,0.09780343910897933,29.11381023779581
2025-06-14T21:25:14.500Z,40.08888155480984,-75.27654159711297,38.07543532574819,-14.345971838973632,-25.55645421800569,1.3550822679475445,1.2651845945102473,0.21191144698240405,3.1108623888609825,0.0010000000179580175,0.0010000000112385615,0.0010000000128517843,0.00099999999870219,0.0009999999987441166,0.0010000000175161958,1.0242478151061745e-6,1.0242489128766137e-6,2.269932783190555,2.301733984053465,1.6859498156823447,0.04106773296946534,0.00006268516040665668,0.00006679155511337724,0.0002867269046903449,0.0011579999999999687,0.0011579999999999913,0.001157999999999976,0.001001579999999978,0.0010015799999999852,0.0010015799999999993,1.143669284692082,10.050085190884053,2.3982847163243464,-0.018711308672984036,0.03768988027845805,0.012884226363784449,11.975481277857071,-24.6024049612192,-9.792308073777418,1009.2959716796875,0.6177655090579708,29.061604027274722
2025-06-14T21:25:19.500Z,40.08788318752889,-75.27821468223989,34.265309789616865,-32.37210206045977,-29.235237492008295,-0.6400244386265247,1.3230149037627474,0.21003264161080695,3.1085373244412606,0.0010000000179612326,0.0010000000114761154,0.0010000000131441295,0.0009999999990573556,0.0009999999989958072,0.001000000017532897,2.0242493048064924e-6,2.0242543250334972e-6,2.7803752418226098,2.699239579864342,2.2796804891420397,0.05768303136529863,0.00007108259588464525,0.00006529310052181948,0.00029110777756650573,0.0011589999999999697,0.0011589999999999916,0.001158999999999976,0.0010015899999999782,0.0010015899999999854,0.0010015899999999997,1.1787419456031716,9.799842336694974,2.1161081879525927,0.012691071034154693,-0.0029151787926257346,0.0024767857777147455,12.42162225053117,-24.976014575442754,-9.188007174311457,1009.5099731445313,0.31739444324166743,29.368597133691242
2025-06-14T21:25:24.500Z,40.08649757171908,-75.27994213811634,26.575035401654144,-49.4814941126563,-29.350219220986826,-2.0062104799347686,1.374503499122847,0.26780018816801543,3.169909837726588,0.0010000000182576075,0.0010000000114448564,0.0010000000130332386,0.0009999999988406295,0.0009999999988443494,0.001000000017193924,3.0242520022643824e-6,3.0242655443623484e-6,3.1208028783973356,2.921952730015283,3.249469778772058,0.06571853222068012,0.00008550039994897817,0.00005537829950486917,0.00029993351966484404,0.0011599999999999705,0.0011599999999999926,0.0011599999999999755,0.0010015999999999775,0.0010015999999999847,0.0010015999999999988,0.9817881917962105,9.831950516739461,2.2044066883366678,0.007432267440429323,0.013702906454076524,-0.00822674415359121,11.972093449082486,-25.12369306697402,-9.229796875354856,1009.811962890625,0.3461854259704933,29.32093362173933
2025-06-14T21:25:29.500Z,40.084463756944736,-75.28175398845109,18.89120105810217,-62.499957434349604,-31.390296985008373,-3.8434820453362715,1.3650584153923726,0.21177436689147577,3.274330570833472,0.001000000018243911,0.0010000000113696578,0.0010000000132796135,0.0009999999989135206,0.0009999999987391228,0.0010000000170747756,4.024255615336249e-6,4.024285563215307e-6,3.25112202490734,2.946043405712661,4.589579538006631,0.06228821605879778,0.00009624703547668848,0.00004554522879400691,0.0002997696781415038,0.0011609999999999709,0.001160999999999993,0.0011609999999999748,0.0010016099999999768,0.001001609999999984,0.001001609999999998,0.9008900446411185,9.59140295885849,1.8069051015768254,-0.006601630170439571,0.020309509591099853,0.01243614116373341,12.74202180416026,-25.62327246970319,-8.402792930603027,1010.0199829101563,0.02401062866380072,29.824739946034875
2025-06-14T21:25:34.500Z,40.08160569020652,-75.28385965022188,13.371569528661084,-75.15975641933353,-32.93440438463381,-3.366518754688763,1.3953531577822578,0.21838648817676795,3.256878356219325,0.0010000000182461015,0.0010000000114652441,0.0010000000130157658,0.0009999999987756266,0.0009999999990002674,0.0010000000171641653,5.024259313136893e-6,5.0243182483253e-6,3.267874285299185,2.8888567490094137,6.461337399880833,0.062490642443101235,0.00010531296604622649,0.000042455384422838234,0.00030722102943558384,0.0011619999999999719,0.0011619999999999918,0.0011619999999999758,0.0010016199999999778,0.0010016199999999848,0.001001619999999999,1.410333381283583,9.889837947516197,2.233991768982641,0.008134459461391668,0.0008023649192866397,-0.0062287160916896945,12.774671705145584,-25.682073492752878,-7.433388446506701,1010.215966796875,0.45891918397855047,29.631290752521302
2025-06-14T21:25:39.500Z,40.078049568127774,-75.28620523145482,12.368714628186769,-85.16132565155183,-32.956003112265925,-2.2277742655871453,1.476114601366286,0.16092634180684737,3.2399054034652983,0.0010000000180669583,0.0010000000117060912,0.0010000000133101432,0.000999999998944106,0.000999999999225366,0.0010000000169975848,6.024262036119302e-6,6.0243686203441685e-6,3.24128084367367,2.7795298033629416,8.745949073291516,0.05777562471628692,0.00011122155734916421,0.00004156479815851123,0.00031116113267326914,0.0011629999999999713,0.0011629999999999913,0.001162999999999975,0.0010016299999999782,0.0010016299999999851,0.0010016299999999994,1.086504210967123,9.926221298206308,2.0258042741420184,0.018606089960957358,-0.001832051013862271,0.006636538414934946,13.67678623199463,-25.286251177106585,-5.821607344491142,1010.2839721679687,0.41096469991481044,29.33150379072581
2025-06-14T21:25:45Z,40.073537158137015,-75.28895795332353,14.267374520419423,-95.13426536566014,-33.63140850093494,-1.649738650958375,1.3907977839440777,0.12837533138740279,3.3046491676401546,0.0010000000183212558,0.001000000011736194,0.0010000000135502916,0.0009999999985905604,0.0009999999995392523,0.0010000000168809474,7.024261830178989e-6,7.024451593967267e-6,3.2869833364615824,2.666765618720559,11.695259450180785,0.05160996670077131,0.00011647002643003026,0.00004276514153663666,0.000318451291478611,0.0011639999999999717,0.0011639999999999919,0.0011639999999999756,0.001001639999999978,0.0010016399999999849,0.0010016399999999994,1.2021167327349185,9.742275456946642,2.0334709219122695,-0.01523486732576133,0.012840460047704384,0.003928289662812817,13.530938076972962,-26.132345104217528,-5.57296895980835,1010.123974609375,0.24639463566519967,29.950637530916016
2025-06-14T21:25:49.500Z,40.06984286686823,-75.29112484166191,15.368235012045615,-104.12534578728554,-26.449169568953725,-1.2965899375246985,1.4907845079040187,0.19864690007119773,3.6807930782352085,0.0010000000185889106,0.0010000000116171866,0.001000000013379499,0.000999999998996991,0.0009999999994222953,0.0010000000168011985,8.024257579523908e-6,8.024545267714305e-6,3.0575353054360352,2.5263082661482277,14.37325294519248,0.05930995417312992,0.00010161710903298829,0.00006789431704388782,0.0003305741042230412,0.0011649999999999727,0.0011649999999999918,0.0011649999999999766,0.0010016499999999772,0.0010016499999999846,0.0010016499999999987,0.0848291730411919,9.378212882771942,4.089825193444583,0.011519207250645952,0.08971981661612945,-0.006795121948056574,14.38734428882599,-24.917344903945924,-6.324844026565552,1010.2939819335937,0.4523654345965754,29.459640429577675
2025-06-14T21:25:54.500Z,40.065056437375965,-75.29380013029638,13.388099916571752,-120.91550381597493,-28.604289266560322,-3.3411652481970995,1.6282589384986885,0.024570754839155537,4.340542544089366,0.0010000000186929207,0.0010000000116489045,0.0010000000131884926,0.0009999999988502333,0.0009999999996762447,0.0010000000169206641,9.024251526931824e-6,9.02468112782555e-6,3.1682947502139047,2.437982780137741,17.748820052399115,0.06488607008416403,0.0000474707237528662,0.00012277962403763843,0.00033151598892629583,0.0011659999999999733,0.0011659999999999906,0.0011659999999999772,0.0010016599999999767,0.0010016599999999854,0.001001659999999998,1.1022214813480262,9.410993390026283,3.300164431217983,0.019113371920063838,0.15760465030395254,0.04193837210345996,7.295579549742908,-27.87027554395722,15.46372013557248,1010.3859741210938,0.25402121128150223,32.69711090182144
2025-06-14T21:26:00Z,40.05828518228854,-75.29758709816186,6.298611122696968,-147.6075549556375,-33.967701644422924,-6.453391872051583,1.283555531549483,0.08448438885120754,3.1119416523634023,0.0010000000187283037,0.0010000000118875142,0.001000000013283149,0.0009999999990011857,0.000999999999751393,0.0010000000170279906,0.000010024267509769354,0.000010024893747101437,3.449830675742292,2.336304714128045,23.140339548327233,0.09265525355148066,0.00013424684006824587,0.000041575683647451306,0.000346953717227182,0.0011669999999999743,0.0011669999999999897,0.0011669999999999782,0.0010016699999999758,0.0010016699999999853,0.001001669999999997,3.338587978395894,9.209726093589888,2.7712595768873967,-0.0830468742050247,-0.5186781246604717,-0.09160312419789861,11.774085835712713,-26.84039762543469,-5.040548970059651,1010.5619750976563,0.4004854111856277,29.73953861928837
2025-06-14T21:26:10.500Z,40.09378953600571,-75.28513709602937,24.500236120047283,-81.58573752603468,0.8590368423109596,1.1832018740680041,1.310145055873996,6.220988373266235,2.142000285811872,0.0010000000201837683,0.0010000000128281017,0.0010000000129698507,0.000999999998048242,0.0010000000021414951,0.0010000000147654777,2.3916763012774545e-9,2.3916761425273854e-9,0.655539824252941,1.1018012490708633,2.113703007942546,0.029658853442389204,0.000049556857665241085,0.00005296593767201972,0.00026854203418999695,0.0011679999999999742,0.0011679999999999896,0.0011679999999999779,0.0010016799999999766,0.0010016799999999848,0.0010016799999999978,2.6990526308826084,9.427167963016068,2.1607476016150207,-0.02519999987951245,-0.13521718757574727,-0.0292253122011047,12.3246956801996,-24.777897439351896,-3.1897867249279486,1010.5079711914062,0.2597031145367586,27.85703207541597
2025-06-14T21:26:15Z,40.09218578941293,-75.2850345354141,27.427980506021086,-87.40440315334246,3.0973870258673486,1.0158281028604428,1.2804411338289752,6.173962910089965,1.578546182620742,0.0010000000200902925,0.0010000000129002662,0.0010000000128716476,0.0009999999978484045,0.0010000000025513077,0.0010000000143791641,1.0023921526337196e-6,1.0023936273510759e-6,1.334815995032861,1.208327024471335,2.52308343194129,0.030631247625377386,0.00003502513523491254,0.00008583447048968488,0.0002818144861097409,0.0011689999999999737,0.0011689999999999888,0.0011689999999999763,0.001001689999999977,0.0010016899999999848,0.001001689999999998,1.627070065358959,9.636249135958241,1.724555081652546,-0.017959308763559778,-0.13754627635338026,-0.026656914739634722,-6.016304565512615,-21.706386649090312,-15.441848402437957,1010.5039794921875,0.14176776305868158,27.309541396468816
2025-06-14T21:26:20Z,40.090355165801,-75.28480484118954,28.154188115063928,-93.00314552298893,5.062587914882059,1.1451963001028287,1.2264857400436315,6.11843358202585,1.340649633443669,0.0010000000202995648,0.0010000000130796806,0.0010000000129730987,0.0009999999975220982,0.0010000000023777887,0.0010000000143496135,2.00239405204069e-6,2.002401322720029e-6,2.1517982634469357,1.387714104934467,3.2925956353163626,0.024392404594458197,0.00003998390778174162,0.00009732199166797584,0.00029656806669923986,0.0011699999999999742,0.0011699999999999896,0.0011699999999999773,0.0010016999999999773,0.0010016999999999854,0.0010016999999999986,1.6576086081094576,9.60031749872918,2.187320848987082,-0.01563179337657919,-0.04884701051162174,-0.004246195628717078,-10.120612103888329,-18.609575149860788,-13.500000466691686,1010.473974609375,0.20263720509047115,25.11952505201876
2025-06-14T21:26:25Z,40.08857559108214,-75.28446893228812,26.620026271663754,-104.12491294125779,6.69994485910428,0.28741622832470426,1.2087782995746095,6.121669552572728,1.310748613321144,0.00100000002020783,0.0010000000133137542,0.001000000012842812,0.0009999999971982117,0.0010000000027103491,0.0010000000143778314,3.0023973824139512e-6,3.0024170898325896e-6,2.5031789973094325,1.6216618134771785,4.3747902631676325,0.023513527922471387,0.00004549227525830044,0.00010696611988506693,0.0003072485337834596,0.0011709999999999735,0.0011709999999999887,0.0011709999999999774,0.0010017099999999775,0.0010017099999999844,0.0010017099999999985,1.4129558742009698,9.716569040684593,1.4795384416783146,-0.002744531150757688,-0.00513359361356416,-0.002733072882820326,-10.567255704299264,-19.23668554554815,-13.762908230657162,1010.461962890625,0.14682426833357398,25.906215019995436
2025-06-14T21:26:30Z,40.08663275843096,-75.28400634520561,23.149520806986825,-115.9897962458473,9.122871935742,-0.6261960420354667,1.2015155214315938,6.126541041078191,1.3061216811358922,0.001000000020081292,0.0010000000135629576,0.0010000000128298685,0.0009999999972743912,0.0010000000024275699,0.001000000014203765,4.002400580745712e-6,4.002444220416153e-6,2.611616452069802,1.9020239595693909,5.801657525426617,0.027240943268102003,0.00004963440868750922,0.00011685237506635592,0.0003172575160242982,0.001171999999999974,0.0011719999999999892,0.0011719999999999777,0.001001719999999978,0.001001719999999985,0.0010017199999999993,1.4087457191016424,9.744464594454513,1.3159413701219256,-0.0006791666656033595,-0.0005416667106656428,-0.001260677212713973,-10.764844218889872,-19.696094314257305,-13.526953637599945,1010.47197265625,0.14984701674517759,26.206751350443614
2025-06-14T21:26:35Z,40.08413367730431,-75.2834014947415,19.254293013758094,-127.45631196665771,11.541751007069395,-1.3428037128371497,1.180574597124211,6.100834160453659,1.2495096410256183,0.0010000000203688696,0.0010000000137536946,0.0010000000131628285,0.000999999997338435,0.0010000000025992741,0.0010000000143563117,5.002400346615054e-6,5.002487037973311e-6,2.6881628206960246,2.1821935616638646,7.60907118945826,0.034239468743285255,0.00005309056286605721,0.00012578921698108765,0.0003295838168906057,0.001172999999999974,0.0011729999999999894,0.0011729999999999777,0.0010017299999999767,0.0010017299999999841,0.00100173,1.4333256746195244,9.75556755957759,1.306919576024391,-0.006528124903820407,-0.012353125194906545,0.0007031247331538021,-10.064825900765353,-20.942442383877065,-13.9443319897319,1010.4499755859375,0.16234608420393357,27.098491783304716
2025-06-14T21:26:40Z,40.07881046655393,-75.2825453656863,2.4100581609365754,-166.75501085381015,8.896841751027328,-13.281123869972747,1.1910311447720918,0.09633939553808918,2.69779533042194,0.0010000000200144788,0.001000000014042987,0.0010000000132354362,0.000999999997483584,0.0010000000026828759,0.001000000014423097,6.002404015676209e-6,6.00254918799357e-6,3.180720392005381,2.017082990984863,9.261314903037771,0.1425488612038453,0.00013032798613533508,0.00005200132193526682,0.0003613477053672811,0.001173999999999973,0.0011739999999999882,0.001173999999999977,0.0010017399999999773,0.0010017399999999845,0.0010017399999999997,1.6263100673948685,8.534627121381781,0.9622567117479939,0.018699739585963847,1.7859729014708434,0.38436666716410317,17.05375076929728,-20.49250077141656,-19.560834164089627,1010.4759765625,-1.0443779488596217,33.06653715628673
2025-06-14T21:26:45Z,40.07627243353264,-75.28284532149259,29.60355790245407,-161.30198984285022,0.3849739894225417,30.391600716687286,6.256580344648184,5.9056515111296175,3.053884165050208,0.0010000000199873287,0.0010000000140400272,0.0010000000135235961,0.0009999999976626173,0.001000000002495914,0.0010000000141572095,7.002423054486963e-6,7.002639790541824e-6,3.38649070574675,2.2688922709759716,14.64915197916723,0.048403361917094115,0.00017021450546116722,0.00003950846988493537,0.0002996273859366786,0.0011749999999999736,0.0011749999999999888,0.0011749999999999773,0.001001749999999978,0.001001749999999985,0.0010017499999999992,0.0973021922776282,2.23769141351809,10.188568965318133,-0.5846987249452013,-0.11720714492908005,0.32217831152938214,-9.758418725461375,28.581888821660257,-21.08188854918188,1010.4939819335938,0.6474027282899075,36.83196153431051
