timestamp,latitude,longitude,altitude,velocity_north,velocity_east,velocity_down,roll,pitch,yaw,acc_bias_x,acc_bias_y,acc_bias_z,gyro_bias_x,gyro_bias_y,gyro_bias_z,latitude_cov,longitude_cov,altitude_cov,velocity_n_cov,velocity_e_cov,velocity_d_cov,roll_cov,pitch_cov,yaw_cov,acc_bias_x_cov,acc_bias_y_cov,acc_bias_z_cov,gyro_bias_x_cov,gyro_bias_y_cov,gyro_bias_z_cov,acc_x,acc_y,acc_z,gyro_x,gyro_y,gyro_z,mag_x,mag_y,mag_z,pressure,freeair,mag_anomaly
2025-06-14T21:17:02.800Z,40.074321,-75.2397738,58.89999771118164,0.0,0.0,0.0,0.01819286032114176,-0.35289162099361415,-0.04616038314998147,0.001,0.001,0.001,0.001,0.001,0.001,1.0677034502946993e-8,1.0677034502946993e-8,0.40789757646763647,2.25,2.25,2.25,1e-9,1e-9,1e-9,0.001,0.001,0.001,0.001,0.001,0.001,-0.7066050291061401,3.376290202140808,9.38941535949707,-0.0223987498320639,0.01047750008292494,-0.03218874968588348,5.332500219345093,4.501875257492065,-48.502502059936525,1005.8299560546876,0.22265387390057612,49.001940491079324
2025-06-14T21:17:07.800Z,40.07513586691293,-75.23871318954075,32.305001705660516,-1.2866142563286012,36.12315321567938,-72.69620423423518,5.645808940953628,0.948156716935678,6.196828810958366,0.001000000000388468,0.0010000000004168896,0.001000000000388468,0.0010000000004026788,0.0010000000004026788,0.0010000000004026788,1.010677734974928e-6,1.0106793948659543e-6,4.594689917589669,2.252371474133253,2.248964029971541,0.19843121795087892,0.000010002589845889649,0.000010000999766947009,0.000010003731195497178,0.0010010000000000008,0.0010010000000000004,0.0010010000000000008,0.0010000100000000006,0.0010000100000000006,0.0010000100000000006,2.0604801049232484,6.302000283241272,-0.9128950486183166,-0.538707494199276,1.2525600006580353,0.35722874605655663,-3.3304688781499863,-14.228906869888306,33.42656421661377,1005.7699584960938,-3.0917250070509765,36.48130077355929
2025-06-14T21:17:07.900Z,40.07515171407882,-75.23867044180544,41.83036489135838,-1.6445649114519145,36.632353256947276,-71.03302926937536,5.186094036196221,1.2684091548497645,5.681692942952567,0.0010000000007153176,0.0010000000004026788,0.001000000000672685,0.000999999999990564,0.0009999999999834586,0.0009999999999834586,2.010677763276332e-6,2.01067949020051e-6,2.4435481243343977,2.253412367693921,2.249930695461608,0.11054379353005482,0.00006642198466157846,0.000018399560065298664,0.00005158834438421793,0.001002,0.0010019999999999994,0.0010020000000000003,0.0010000199999999995,0.0010000199999999995,0.0010000199999999995,3.7168851842876363,7.829285358428538,-2.134480110764892,0.09471374840994146,3.949155019759729,0.933092485904291,-4.001785857336862,-12.439286231994629,34.14910888671875,1005.7699584960938,-0.8588855144356391,36.56375334343573
2025-06-14T21:17:08.400Z,40.07522285586528,-75.23845826679343,24.209785397816553,-1.3711779441663394,35.41841439797391,-78.32468979395021,4.470288637151806,1.0776294978362662,4.466044216528245,0.0010000000006584742,0.0010000000001326725,0.0010000000005874199,0.0009999999999763531,0.0010000000001539888,0.0010000000001539888,3.010677912954874e-6,3.0106799944357628e-6,1.8545178585166573,2.2552946917345085,2.2510307226280597,0.07595128177041426,0.00009358330833679956,0.000015558501609796745,0.00010969196237128853,0.001002999999999999,0.001002999999999999,0.0010029999999999998,0.0010000299999999998,0.0010000299999999998,0.0010000299999999998,11.928856777190447,2.374606328248575,0.015987501410094754,0.9772781209796761,0.9952734319269823,-0.4875265646949245,-42.586608341761995,6.637500286102295,-25.408929552350724,1005.7999877929688,2.378437826039916,50.03283164822378
2025-06-14T21:17:08.900Z,40.07527088899183,-75.23824893892949,6.115473363316422,-0.19951660500381851,34.80439984227233,-83.65144256877159,3.864482545999571,1.039850950574997,4.3302772859520235,0.001000000000189516,0.0010000000004026788,0.0010000000006584742,0.0009999999996495035,0.0010000000004808385,0.001000000000537682,4.0106780763543495e-6,4.01068054419022e-6,1.5317308760518284,2.257798950108802,2.2524756702086304,0.057751266698880574,0.00009345580597728324,0.000025138771019812143,0.0001140591164716769,0.0010039999999999982,0.0010039999999999984,0.001003999999999999,0.0010000399999999987,0.0010000399999999987,0.001000039999999999,7.826244162558851,1.753868827760087,4.148881362914452,-1.0618984455466034,0.16838281059249732,0.0052046860110337625,-30.447917726304794,5.862500190734863,-39.591667599148224,1005.8199462890624,-0.7544917998442721,50.288563722530114
2025-06-14T21:17:09.100Z,40.075269051501685,-75.23816323241238,6.300745742298041,0.23063683691056244,34.958936914436535,-84.72073983496065,3.9074261427010226,1.0074962275704746,4.50485028438323,0.0010000000000758291,0.001000000000189516,0.001000000000388468,0.0009999999996345354,0.0010000000006300525,0.0010000000006584742,5.0106781453974736e-6,5.010680776661635e-6,1.233495281106556,2.25970468939613,2.2539409701954636,0.04778804490234262,0.00009281896688556606,0.000035490659770073624,0.00011166703396643111,0.0010049999999999987,0.0010049999999999987,0.0010049999999999996,0.0010000499999999995,0.0010000499999999995,0.0010000499999999993,7.69163780117016,2.90136887335737,5.816862808703718,-0.5349468717571568,-0.1898562490935589,-0.4453484433000696,-30.26484489440918,11.043750166893005,-38.62968873977661,1005.8099975585938,0.28608172256948317,50.30082505048677
2025-06-14T21:17:09.900Z,40.075158621927756,-75.23781822428387,-37.75134047779683,3.2944698716934497,33.05510446102063,-97.74637328974386,3.3822619304168033,0.7890146956077461,4.584735730334029,0.001000000000088672,0.0009999999998172974,0.0010000000005461554,0.0009999999994464472,0.0010000000006314205,0.0010000000004275478,6.010678438978848e-6,6.010681775858921e-6,1.206268622421156,2.268033823949491,2.2619716714254787,0.04057163854703167,0.00006323180854689042,0.0000455700261832761,0.00009673659753058404,0.0010059999999999976,0.0010059999999999976,0.0010059999999999984,0.0010000599999999984,0.0010000599999999986,0.0010000599999999984,10.616217169867546,-0.9593333796926911,7.426550315856545,-0.8483849952217262,0.2451800061159986,-0.21666874664342686,-37.81312637329101,17.062500953674316,-26.39812602996826,1005.8099975585938,3.207265201539948,49.1713080134499
2025-06-14T21:17:10.500Z,40.074735604203056,-75.2375345401575,-64.41903868123026,2.685822291289923,31.269418105629583,-104.89515627549818,3.253951707699747,0.6807878268038929,4.466263942685198,0.0010000000003015394,0.001000000000241369,0.0010000000003901313,0.0009999999990852992,0.0010000000005109236,0.001000000000567993,7.010678668007192e-6,7.010682597318588e-6,1.1188236909129246,2.2765671191736208,2.270772236040782,0.03512421688430576,0.00006253167254641908,0.000055329135746413606,0.00010442245377941947,0.0010069999999999977,0.0010069999999999977,0.0010069999999999986,0.0010000699999999983,0.0010000699999999983,0.0010000699999999983,9.450683786180196,1.579783406893595,5.639016926658932,-0.08666249720696884,0.20162343576114813,0.11695781087087549,-40.86187629699707,16.230000686645507,-21.35625057220459,1005.7899780273438,1.3340106260410747,48.87934465435913
2025-06-14T21:17:10.900Z,40.07408834869932,-75.23731107621578,-74.29364341709838,2.723014206238766,30.577079349616454,-106.99313510976663,3.2898747095995797,0.6067974762624417,4.814248636781766,0.0010000000003600462,0.0010000000005824035,0.0010000000002321485,0.0009999999994497134,0.001000000000489616,0.0010000000005324571,8.01067881196295e-6,8.010683178000418e-6,1.002394292184144,2.281750419541552,2.276591572706461,0.031390822643963305,0.00006757171664083297,0.00006447011338853749,0.00011195102588983943,0.0010079999999999985,0.0010079999999999967,0.0010079999999999996,0.0010000799999999985,0.0010000799999999987,0.0010000799999999987,5.537480281829533,0.7368800392148466,4.722095226287451,-0.45898500478176196,0.08521250018426346,-0.7360474894052463,-41.173126220703125,11.971875476837159,-23.248125648498537,1005.8199462890624,-2.469191340159692,48.775224453633456
2025-06-14T21:17:11.300Z,40.07316705885503,-75.23706315558974,-86.11042915817048,3.368061044505533,28.85696850260004,-110.23102760124632,3.3338810253234183,0.4492463544686607,5.196147552153542,0.0010000000000758291,0.0010000000005004344,0.001000000000045687,0.000999999999749427,0.0010000000007508447,0.0010000000008379421,9.010678943121198e-6,9.010683784196645e-6,0.9150214650006383,2.289356385003822,2.285705850122136,0.029383784398284804,0.0000734977724646322,0.00006890905588995796,0.00012632722609791478,0.0010089999999999984,0.001008999999999998,0.0010089999999999986,0.0010000899999999982,0.0010000899999999982,0.0010000899999999982,8.247905324935553,1.0725050380224126,5.958500265121228,-0.3987187473321418,0.23792000168512975,-0.9230337390904982,-43.681875991821286,7.391250324249268,-21.01125087738037,1005.8199462890624,0.44773312742251203,49.03268866743306
2025-06-14T21:17:11.900Z,40.071444979976995,-75.23666238860034,-118.01867194410613,5.307807829675155,27.946717694652506,-118.1231138494525,4.320386937202044,1.0214398463615029,5.733237520807333,0.0009999999999742958,0.0010000000007315858,0.000999999999771229,0.0009999999997873067,0.0010000000008310618,0.0010000000010051448,0.000010010679112367533,0.000010010684740244761,0.8857477621231882,2.3055409658616197,2.30816008440332,0.02777298598112756,0.0002804665462945223,0.0000677682420152415,0.0002852858903503715,0.0010099999999999977,0.0010099999999999977,0.0010099999999999977,0.0010000999999999977,0.0010000999999999977,0.0010000999999999977,9.37831707170267,1.5199000574212898,4.591033584912572,1.3807069265580034,-1.6796611080177186,0.11116944295622226,-46.73437690734863,-1.0162500441074371,-15.296250534057616,1005.8199462890624,0.7682226884112532,49.18439830972553
2025-06-14T21:17:12.900Z,40.07424244448971,-75.23988694684608,-18.05239653633783,1.6996419625284418,0.8644466750714273,-94.74628268494607,5.200863011123715,0.007496529517373125,6.26178699589237,0.000999999999823852,0.0010000000010415655,0.000999999999427475,0.0009999999997645308,0.0010000000010689525,0.001000000000916336,1.2817946761419522e-9,1.281794697436879e-9,0.2986855868214697,0.09542856220549739,0.09552827254267154,0.03526766441673584,0.00009210689296185305,0.00007173703552161792,0.00016458553555652323,0.0010109999999999978,0.0010109999999999976,0.0010109999999999978,0.0010001099999999968,0.0010001099999999968,0.0010001099999999968,11.106883877224417,-7.442000302633381,-0.34308335147940755,1.1383402814867238,-1.3556805381783212,-1.5485624865965828,-12.480000591278076,36.65625152587891,19.68562545776367,1005.8399658203124,3.593572476006317,43.43904500786488
2025-06-14T21:17:13.100Z,40.074244019361146,-75.23988578855668,-31.28881424722197,2.657615852339603,0.10612766044395298,-93.98589575297999,5.269400878737161,5.870675403717768,6.023563625467826,0.0010000000001036812,0.0010000000012291865,0.0009999999991055042,0.0009999999994926144,0.0010000000013874854,0.0010000000007178943,1.0012817947259279e-6,1.001281794858582e-6,0.29797119394700144,0.0967046049108795,0.09699567671933243,0.03862275252763705,0.00011913688859734899,0.00008152431144652477,0.00019262096374268481,0.0010119999999999966,0.0010119999999999966,0.0010119999999999966,0.0010001199999999976,0.0010001199999999976,0.0010001199999999976,6.909305452346978,-8.062915349961369,1.1544950475698474,0.1285593753459424,-0.023584374529447234,-2.5443547198781595,-18.30833413865831,23.92291768391927,12.606250445048014,1005.8199462890624,0.9005699233820699,32.65601514346334
2025-06-14T21:17:13.200Z,40.074244846310975,-75.239885836215,-34.92279398492991,2.657937731560503,-0.17613549968990166,-93.20871290434982,5.330013036786157,5.709344804896767,5.958696101579136,0.0010000000000752465,0.001000000001384976,0.0009999999991048291,0.0009999999996352926,0.0010000000015994168,0.001000000001008802,2.001281794779924e-6,2.0012817949808807e-6,0.2898238289538717,0.09807930158658622,0.09823287675449252,0.03946956464367683,0.0001493806535155621,0.00009178122755939178,0.0002246553789694266,0.0010129999999999972,0.0010129999999999972,0.0010129999999999972,0.0010001299999999975,0.0010001299999999977,0.001000129999999998,4.700000160641037,-7.017433662839635,1.4899833934580953,0.35306249927200617,-0.3938374918191599,-1.5633208284385232,-23.629167768690323,24.131250805324978,8.604166931576199,1005.8399658203124,-1.2039267121672914,34.85230244681227
2025-06-14T21:17:13.600Z,40.07423436987493,-75.23989085894301,-64.37143778503234,4.55785754859919,-2.2059247970835374,-93.71794033806412,5.788303334398054,5.598347859968502,6.04452439291194,0.0009999999998042243,0.0010000000015695674,0.000999999999157542,0.000999999999468759,0.0010000000016467511,0.0010000000014215062,3.001281795412679e-6,3.001281795729725e-6,0.31424021602335955,0.10209361729790059,0.10194382229397511,0.04705228898764963,0.00017920977226619966,0.00010110303824046899,0.00024739114761849655,0.0010139999999999965,0.0010139999999999965,0.0010139999999999965,0.0010001399999999979,0.0010001399999999979,0.0010001399999999988,7.642783675299675,-2.6586667891622193,-2.188883430056207,1.4446887364391159,-0.3210999975220462,0.006136249587793657,-21.363750839233397,27.118126106262206,4.436250135302544,1005.8399658203124,-1.3972594806399046,34.80631258410073
2025-06-14T21:17:13.900Z,40.07419672050124,-75.23990115034756,-82.47805285100995,5.4403385656907,-4.65731006932506,-92.10985963198881,6.093582293628377,5.283706981630534,6.093545378870757,0.0009999999999176152,0.0010000000018095534,0.0009999999990422282,0.0009999999992743355,0.0010000000014883921,0.0010000000016686208,4.001281796124483e-6,4.00128179634678e-6,0.333342994069765,0.11044523513765216,0.10662479462543653,0.054306371038184455,0.0003363914833493956,0.00011056664672275137,0.0003789125055671358,0.0010149999999999966,0.0010149999999999966,0.0010149999999999966,0.0010001499999999978,0.0010001499999999978,0.0010001499999999985,9.347131775856214,-7.18712539768376,-1.4378688017121473,1.3126357239319801,-0.9778392699121867,-0.20002142922403082,-9.624107497079033,22.746429443359375,-3.2919643947056363,1005.8199462890624,2.0983566015971364,24.917022251866012
2025-06-14T21:17:14.700Z,40.0739041553258,-75.23994272696069,-138.58434590436732,7.774550908424141,-7.053487314538159,-92.02754246078297,0.858255138473988,5.111168145972922,5.4682823362301,0.0009999999997300896,0.0010000000015697023,0.0009999999989928586,0.0009999999995969917,0.0010000000015466545,0.0010000000014209177,5.001281797602539e-6,5.001281795423044e-6,0.45349060647216477,0.12340903829716547,0.11897791091953182,0.06879169942482136,0.00042695797826518376,0.00011696215811742906,0.000525632834109562,0.0010159999999999967,0.0010159999999999967,0.0010159999999999967,0.0010001599999999978,0.0010001599999999978,0.0010001599999999978,5.490080236435019,-1.6899100760239576,-2.715010119437214,0.7864624937780007,-0.19949499762207096,-0.3484487513320443,55.51500282287598,-43.201876640319824,-36.470626258850096,1005.8699951171876,-3.4259769800186657,79.2364576457847
2025-06-14T21:17:14.900Z,40.07354921095495,-75.23994568715926,-137.17762287737952,7.527847967036746,-9.396200463883416,-86.73136119939267,0.34361528673374087,4.927225693414156,5.845932159072921,0.0009999999996306093,0.0010000000013833889,0.0009999999990370368,0.0009999999995148779,0.0010000000017353218,0.0010000000013601913,6.001281794567701e-6,6.001281794651448e-6,0.4601748155561529,0.13747805051509743,0.12621531963890417,0.0777901216276035,0.0006500284489694118,0.00012111242614535632,0.000653132465669987,0.0010169999999999962,0.0010169999999999964,0.0010169999999999962,0.0010001699999999986,0.0010001699999999986,0.0010001699999999986,11.92208053970364,-9.841915393830915,-4.075090194701142,-0.47324374711473216,0.12754874860340665,0.7137387379766204,-28.781250953674316,25.434375953674316,-3.0918751120567327,1005.8699951171876,6.208365092304361,38.53340974907825
2025-06-14T21:17:15.200Z,40.07303806294407,-75.2399570284251,-141.49549344931646,6.168966218010233,-10.042202465163111,-81.48719492113514,4.307633428097337,4.809565184822367,1.8267074995617978,0.0009999999995876946,0.0010000000017311933,0.0009999999991088058,0.0009999999994083195,0.0010000000015114945,0.001000000001500014,7.001281788148502e-6,7.0012817924627775e-6,0.49324554244193725,0.14651780846600687,0.13158122835443478,0.07946632683215087,0.007680561017201623,0.00004427004779412541,0.007223017636430294,0.001017999999999997,0.001017999999999997,0.001017999999999997,0.0010001799999999992,0.0010001799999999992,0.0010001799999999992,6.372856544494998,-2.5991313884272103,-1.9503813365688232,0.04807031171072357,-0.4136374939241105,0.5689546933160531,6.204375219345093,-3.1200001657009127,-34.23562641143799,1005.9099731445312,-2.625719426509803,34.93283903070023
2025-06-14T21:17:15.700Z,40.07208472350377,-75.23999393261494,-154.68494096674837,2.589104521386847,-16.191808162087035,-74.96386336662293,2.0019698169968576,5.331183695986014,4.156595678258723,0.0009999999991345205,0.0010000000018490689,0.0009999999994074605,0.0009999999993707872,0.0010000000017671505,0.0010000000013245503,8.001281767806497e-6,8.001281786526262e-6,0.5769023355306584,0.19966863405403754,0.13671592571094732,0.0680417265497003,0.0002095808385901712,0.00007532373331948975,0.0005661837453691482,0.0010189999999999965,0.0010189999999999967,0.0010189999999999963,0.001000189999999999,0.001000189999999999,0.001000189999999999,10.061637925148423,-9.408756686212364,-2.5350064018955853,0.18180625459797245,-0.1285828108788681,-1.3900937566772202,-10.2037504196167,11.128125429153442,-6.780000305175781,1005.9199829101562,4.2281273313646865,16.550481030512692
2025-06-14T21:17:15.900Z,40.07107792995047,-75.23999200074512,-143.9547350461413,-1.368302057860824,-17.415733487932485,-70.03176516851583,2.117217667238724,5.4614513262802715,4.046298359573597,0.0009999999988883957,0.001000000001704643,0.0009999999990572383,0.0009999999992612197,0.0010000000017994944,0.0010000000017119227,9.001281737563298e-6,9.001281783195196e-6,0.5679746635580337,0.21249483966103228,0.1370453517297746,0.06368343625656579,0.00020073849936244492,0.00007807849890514789,0.0005351225381637213,0.0010199999999999966,0.0010199999999999968,0.0010199999999999968,0.001000199999999998,0.0010001999999999997,0.001000199999999998,4.61111035251704,-4.862020255090655,-0.05809000825822705,0.16211625465813617,0.305171255184433,-0.45794000423087017,-4.912500286102295,13.171875476837158,-20.44875087738037,1005.9299926757812,-3.0773213080924715,24.8149119731879
2025-06-14T21:17:16.100Z,40.069996532004325,-75.23999206336802,-133.91919852409248,-5.21669059494773,-18.85345103706442,-65.03364980401906,2.2534113850640956,5.478333617072808,3.7576089065450105,0.0009999999990122678,0.0010000000014912277,0.0009999999989605754,0.0009999999993641417,0.0010000000015805235,0.0010000000021282475,0.0000100012816983669,0.000010001281779228585,0.55906459453904,0.23195174889678893,0.1385608016764946,0.061832687575042795,0.00022545395360632886,0.00008915222182504938,0.0005678224968060303,0.001020999999999997,0.001020999999999997,0.001020999999999997,0.001000209999999997,0.0010002099999999996,0.0010002099999999988,7.429533568065484,-4.2218001878543525,-2.681450121560743,-0.42917499339506654,0.02068374936847744,0.2672212486846017,-11.576250457763672,15.14062557220459,-2.2518751502037047,1005.949951171875,-0.8221881027269374,19.191589591612328
2025-06-14T21:17:16.500Z,40.06844919694795,-75.24003462985048,-134.21299647057916,-10.950308992943963,-22.61376865964878,-61.32720676572539,2.374717397226797,5.7038875337326385,3.7346358314363433,0.0009999999990582776,0.001000000001330023,0.0009999999986741084,0.000999999999331552,0.0010000000012974468,0.0010000000021440111,0.000011001281622446041,0.000011001281768397585,0.6024909317988922,0.2897044615990625,0.1377157769553929,0.06578624806254406,0.0001799281542179215,0.00009008068350866294,0.0004784720611732027,0.0010219999999999962,0.0010219999999999964,0.0010219999999999967,0.0010002199999999965,0.0010002199999999994,0.0010002199999999991,8.62230536842445,-6.8671003112807885,-2.304100156783018,0.16839999722007912,0.024643748462482264,-0.6444999972603146,1.8900000751018524,-6.740625262260437,-8.394375419616699,1005.969970703125,1.4830907049977304,10.930350334769214
2025-06-14T21:17:16.900Z,40.06640268078318,-75.2400814250384,-131.389741008706,-18.045734027628697,-26.20407941448482,-57.004963432185036,2.6891425538026925,5.718894404991597,3.2631780949559803,0.0009999999996650744,0.0010000000017000715,0.000999999998496494,0.0009999999995584407,0.0010000000009630474,0.0010000000022676208,0.00001200128148264551,0.000012001281753788683,0.6439176143758337,0.3661948488949813,0.1375838412375895,0.0750989355787518,0.0001811559679771127,0.0001092120734551905,0.0004922640087341852,0.001022999999999996,0.0010229999999999964,0.0010229999999999961,0.001000229999999996,0.0010002299999999987,0.0010002299999999987,9.035994099617946,-8.22514419055118,-3.007131410597429,-0.022123439422140127,-0.2260874964533309,0.42160624794075063,-14.838750648498536,24.853125762939452,-14.857500648498535,1006.0,2.8059549482795862,32.536262909142685
2025-06-14T21:17:17.300Z,40.06383972304166,-75.24012963599242,-125.66548175706531,-27.14469738725605,-28.93755517478531,-52.07743727275909,2.8284088438711716,5.894750787568649,3.22666782113984,0.0009999999999423768,0.0010000000019707975,0.0009999999982466183,0.0009999999993957219,0.0010000000001071188,0.001000000002716655,0.000013001281247584434,0.000013001281734338676,0.6859201582051999,0.45632159441243797,0.1413163528371911,0.08991874837409536,0.0001665969284018048,0.00011136239449667146,0.00044893879411970046,0.0010239999999999967,0.0010239999999999967,0.0010239999999999967,0.0010002399999999969,0.0010002399999999995,0.0010002399999999977,9.971862958908416,-9.466656697751791,-2.395506379960464,0.07829166861750467,-0.18259166123400405,-0.5633138936052217,-19.813125801086425,9.211875247955323,-14.971875667572021,1006.0199584960938,4.179515426643012,26.487222810804756
2025-06-14T21:17:17.700Z,40.06078460543324,-75.24017404204861,-117.22831822623459,-35.94646579231958,-30.44262537392465,-46.64203290534983,2.848544910565724,6.050458927970113,3.177878560566832,0.001000000000342048,0.0010000000024019448,0.0009999999980807163,0.000999999998933819,0.0009999999992664197,0.0010000000030262822,0.000014001280880876826,0.000014001281709171233,0.7308182073345757,0.5461768592206313,0.14934652361758838,0.10562227876569358,0.00015839538092287064,0.00011695546740503134,0.00041965440320255906,0.0010249999999999968,0.001024999999999997,0.001024999999999997,0.0010002499999999966,0.0010002500000000003,0.0010002499999999968,7.740550498538605,-8.289333680896611,-3.4167501736431336,-0.31702082318669395,-0.3146527753539627,-0.48492359581530226,-35.88562660217285,28.531876182556154,-15.22500057220459,1006.0299682617188,2.067688911294567,48.30778296135629
2025-06-14T21:17:17.900Z,40.057989819613695,-75.24015376152644,-100.7709208212176,-42.616203515600375,-29.169934849531046,-40.40012222491514,3.3835005286308197,6.219296253744401,3.0782789681997103,0.0010000000008216156,0.0010000000025695138,0.0009999999977502298,0.0009999999988460225,0.0009999999987884093,0.0010000000036060367,0.00001500128049003017,0.00001500128169369972,0.7040708568725064,0.572951031400116,0.1553937007874225,0.10650269901333775,0.00015670088946264773,0.0001260894404806679,0.0004066502354514086,0.0010259999999999963,0.0010259999999999963,0.001025999999999996,0.0010002599999999972,0.001000260000000001,0.0010002599999999974,6.596019076347009,-5.5157314965748965,-3.3625001440029023,2.0517546703826124,-1.0903609449260052,-0.23291093467478588,-38.13000144958496,21.759375953674315,-17.745000648498536,1006.0299682617188,-0.5450972841039552,47.35237792012483
2025-06-14T21:17:18.100Z,40.0553537905446,-75.24013585420833,-86.28966369333995,-48.833551778257984,-27.165316565841415,-35.20614110693014,3.735671368045169,6.263614359225791,3.0766707988020356,0.0010000000015016417,0.001000000002537174,0.0009999999974194828,0.0009999999989000249,0.0009999999976188416,0.0010000000043799066,0.000016001280068144848,0.00001600128167649237,0.682501032088817,0.5806962510422827,0.16388825929367903,0.10618479344829708,0.00016513661977014723,0.00013320246837762872,0.0004107868709319695,0.0010269999999999954,0.0010269999999999954,0.0010269999999999954,0.0010002699999999975,0.0010002700000000019,0.0010002699999999975,7.890395330428255,-3.1352951297785703,-1.8070900807358177,1.153159704845311,-0.6172444386205214,-0.26544305335014723,-43.39687614440918,9.920625305175781,-15.530625343322754,1006.0299682617188,-1.0971226418661273,47.1476744311938
2025-06-14T21:17:18.900Z,40.05072748463913,-75.24025443349144,-85.64034039514031,-62.62916151027656,-25.21429030064792,-32.165398725616235,3.727975018221834,6.072945598596888,3.496644609074477,0.0010000000026453035,0.0010000000033039606,0.0009999999967755743,0.0009999999990888105,0.000999999996477404,0.0010000000055076295,0.000017001278911659314,0.000017001281589289475,0.9028880797992777,0.6391600102818639,0.23732092927218912,0.1424035996985341,0.00017697661720597076,0.00013451929890932705,0.00041842162210914847,0.0010279999999999948,0.0010279999999999948,0.0010279999999999948,0.001000279999999998,0.0010002800000000023,0.001000279999999998,10.581000626456559,-1.10746671719275,-0.606133344727161,-0.1045374994896114,-0.3528777754547891,-0.6422999894927697,-42.410626602172854,-3.532500219345093,-18.916875457763673,1006.0599975585938,0.8778196290402219,46.572344341533544
2025-06-14T21:17:19.200Z,40.04665867863858,-75.24020833486759,-68.43137512312545,-68.60144344840201,-21.931651416195695,-26.18590095633888,4.121105106909038,5.614844815204973,3.4275291775617105,0.001000000003544115,0.0010000000034907281,0.0009999999960879128,0.0009999999987036878,0.0009999999957135616,0.0010000000064722021,0.0000180012776643924,0.00001800128154795174,0.8913446054655034,0.6506248025235374,0.2585525101345899,0.13898666297663292,0.00023286284672698377,0.00013909407695283802,0.00045099665505787074,0.0010289999999999954,0.0010289999999999954,0.0010289999999999954,0.0010002899999999979,0.0010002900000000013,0.0010002899999999979,6.5627836456272375,0.7002167010009364,-0.2013333419529142,1.2101610968916785,0.7292930520675706,-0.8516972193773032,-41.62312622070313,-9.924375438690186,-16.2037504196167,1006.0699462890624,-3.1755949068009777,45.755160898526086
2025-06-14T21:17:19.700Z,40.042196792264804,-75.24019730652788,-55.48122474243823,-74.59086751150043,-21.01093019532295,-22.510751773059454,5.072814381266398,5.761518673860923,2.6625858406686387,0.00100000000412856,0.0010000000038233243,0.000999999995818222,0.0009999999986911095,0.000999999994681381,0.0010000000067174784,0.000019001275895425192,0.000019001281468624443,0.9742086143606383,0.721333895155591,0.28932239076614424,0.14121565315498208,0.0001790565848906709,0.0001446791455232317,0.00044722601181756863,0.0010299999999999958,0.0010299999999999958,0.0010299999999999958,0.0010002999999999985,0.001000300000000002,0.0010002999999999987,3.639433496895531,1.4559834073349696,5.915116873427171,1.1253656057430357,1.2653921713871905,0.8281593491966376,-19.23187599182129,-22.421250915527345,-37.47187614440918,1006.0799560546876,-2.682875474036134,47.71492645813159
2025-06-14T21:17:19.900Z,40.038711431116624,-75.24013065499595,-38.91914719777368,-78.82991685842163,-20.08822287649747,-16.396640721560885,5.244904510736266,5.977920170619766,2.59279913677715,0.0010000000046385435,0.0010000000039868551,0.0009999999952562824,0.0009999999985618416,0.0009999999936135323,0.001000000007192215,0.00002000127431781377,0.00002000128143173569,0.9025447301219678,0.7762994640725437,0.3152001122814462,0.13857712834681116,0.0001480138106852781,0.00015238256173055926,0.000458195977595965,0.0010309999999999946,0.0010309999999999946,0.0010309999999999944,0.0010003099999999973,0.0010003100000000008,0.001000309999999999,5.658316963615527,-0.5736666947244095,14.185200777693797,0.37365695291888473,0.6502152734783165,1.350487490859202,-9.618750381469727,-24.031875801086425,-40.81875076293945,1006.0799560546876,5.50372436593778,48.3344279263484
2025-06-14T21:17:20.200Z,40.03553229396055,-75.24009869187141,-26.054187751317095,-82.1777322403366,-19.2451679707011,-12.271344085278871,5.488058575777296,0.12004424199389536,2.6417254881454357,0.0010000000051907188,0.0010000000044537603,0.0009999999949848394,0.0009999999983830844,0.0009999999925944837,0.0010000000074446309,0.000021001272617135962,0.00002100128137315473,0.8920186511282832,0.8236657970039354,0.3405324398440239,0.13425069490332078,0.000147274822305461,0.00015872120972768792,0.0005306975762898423,0.0010319999999999936,0.0010319999999999939,0.0010319999999999936,0.0010003199999999977,0.0010003200000000012,0.0010003199999999986,2.126250128317539,0.17080001155798968,8.701900356721323,0.6258281266107636,0.8897249942485778,1.5986234267878137,-9.631875324249268,-28.306876182556152,-40.02000122070312,1006.0899658203124,-0.8197707519454671,49.95645794592194
2025-06-14T21:17:20.700Z,40.03211916413588,-75.24010970553172,-15.203917755896342,-86.33945193372674,-19.27827749488063,-8.798637175676387,5.594148613447617,0.2711238200290048,2.779693816422685,0.0010000000059861125,0.0010000000047989044,0.0009999999946049291,0.0009999999980926406,0.0009999999916139298,0.0010000000081720084,0.00002200127020456079,0.000022001281265377676,0.9748724264978735,0.9003070307116986,0.3980858669523966,0.13819192245053702,0.0001742344549765918,0.00016138230233450957,0.0005989332994628875,0.0010329999999999938,0.0010329999999999938,0.0010329999999999936,0.001000329999999998,0.0010003300000000017,0.001000329999999998,2.103100094896,-0.04411667031329536,9.547450469975718,0.027376558797188234,0.15819061937178636,0.49834843554348346,-18.32250061035156,-20.536875534057618,-40.61625213623047,1006.0899658203124,-0.002966953028797995,49.062737847697015
2025-06-14T21:17:20.900Z,40.02951882707041,-75.24007171868865,-3.6915975916031236,-88.33533662156883,-18.758560336343145,-5.223821778325324,5.612789053797711,0.21260264458402398,2.8341565876397365,0.001000000006212915,0.001000000004888396,0.0009999999941676008,0.0009999999983079722,0.00099999999134026,0.0010000000086145277,0.000023001268055867754,0.000023001281216916428,0.9021458697521549,0.9422543851154579,0.42595929294826873,0.13244041394898004,0.00018337531237896793,0.00016609664524986446,0.0006095060780895566,0.001033999999999994,0.001033999999999994,0.001033999999999994,0.001000339999999997,0.0010003400000000006,0.0010003399999999971,2.417278694146846,0.31513572792867606,11.309857636593355,-0.19467856904673572,-0.1286196403611144,0.15559285229478798,-21.226875877380373,-17.103750801086427,-40.49812660217285,1006.0899658203124,1.7900737321133873,48.818150891296064
2025-06-14T21:17:21.100Z,40.02738602027475,-75.24004905474234,5.6455197487625295,-90.00851308752027,-18.205031029851202,-2.476584699213451,5.78945350187854,0.08117780121842938,2.841587849210273,0.001000000006640179,0.0010000000051404766,0.00099999999380764,0.0009999999983994591,0.0009999999910554136,0.0010000000089349147,0.000024001266043414142,0.00002400128116669571,0.8462870156359423,0.9721236517119051,0.4558778755909103,0.12779575115720915,0.00018597353505464493,0.0001727468843491468,0.0005956108351993028,0.0010349999999999927,0.0010349999999999927,0.0010349999999999945,0.0010003499999999975,0.001000350000000001,0.0010003499999999975,4.014433549874768,-0.39921668466421045,10.008667290587429,0.7097374923586736,-0.3518214247991613,-0.24759642897343376,-23.88187599182129,-15.635625457763672,-38.98125114440918,1006.0899658203124,1.0115071095167214,48.31510968084172
2025-06-14T21:17:21.700Z,40.02486054447047,-75.2401128765793,14.396815938851228,-93.59765074295802,-18.612654745385555,0.2657087875116515,6.1450607013953835,6.1701556552695145,2.9222209249222804,0.0010000000070589004,0.0010000000051481998,0.0009999999937639638,0.0009999999981638369,0.0009999999904170892,0.001000000008942379,0.000025001262653730305,0.000025001281007319424,0.9791039020237915,1.053792511763097,0.5561217696002994,0.1363108381610827,0.00019630850220300874,0.00017435377271111382,0.0005718778804842411,0.0010359999999999927,0.0010359999999999927,0.0010359999999999937,0.0010003599999999983,0.0010003600000000018,0.0010003599999999983,5.3874052038126345,0.8577950229593371,9.89861056709909,0.5599175086037428,-0.28284749557673544,0.037005004255479396,-30.0768762588501,-22.260000801086427,-31.35375099182129,1006.0799560546876,1.5226377688140742,48.81781303897886
2025-06-14T21:17:21.900Z,40.023059611033,-75.24010501427883,22.08296284051262,-93.8717646699794,-18.123707197294365,2.431797885333295,6.0862076742916456,0.011184513513911067,2.953188271241095,0.0010000000071970433,0.001000000005304582,0.000999999993865305,0.0009999999980833151,0.0009999999901004872,0.001000000008997719,0.00002600125964552965,0.000026001280949084767,0.9037080401152435,1.0774730250516598,0.5748271079170425,0.12441200380516339,0.00020334062415493115,0.00017890909261507687,0.0006189944597841116,0.0010369999999999924,0.0010369999999999921,0.001036999999999994,0.001000369999999999,0.0010003700000000024,0.001000369999999999,2.6907834414305567,0.46066668500650354,9.473900351636553,-0.41275138060233824,0.7793583161794276,0.24561388992369007,-30.860626411437988,-23.130000877380372,-29.84625129699707,1006.0999755859376,0.07963505736354057,48.766473856477766
2025-06-14T21:17:22.400Z,40.0212186308968,-75.2401662369022,29.773143122777416,-95.26195273212984,-17.50394940045526,4.062639416702588,6.2651714830872045,0.029539423179753495,2.7608543960050183,0.0010000000071946874,0.001000000005709544,0.0009999999937034825,0.0009999999981075583,0.0009999999900489071,0.0010000000092015705,0.00002700125541015016,0.00002700128079802061,0.9726856006062923,1.1110083854773887,0.6411559653051824,0.11826364018383978,0.00019833411799837836,0.00019706408824395657,0.0006396090617888851,0.0010379999999999918,0.0010379999999999908,0.0010379999999999944,0.0010003799999999986,0.001000380000000002,0.0010003799999999986,3.2472167879668423,-0.0011000050094456602,9.492533876213274,0.3260055544064403,0.14009027469485852,-0.40451666345436443,-29.844375991821288,-14.664375591278077,-35.1900016784668,1006.0899658203124,0.2527288186776796,48.4155140062233
2025-06-14T21:17:22.900Z,40.07427441102568,-75.2398427184598,60.642652143315246,-13.082193761354846,-12.4094872735661,19.533925529890567,0.601846187824412,5.7588873166977645,4.050112626229783,0.0010000000085272041,0.0010000000073194498,0.000999999992849171,0.0009999999981117646,0.0009999999871693158,0.0010000000099149942,6.246391547922287e-10,6.246391344433518e-10,0.2971492943107602,0.07110782486215915,0.0659752060186692,0.05151823271233169,0.0002207091227490393,0.00013664855784192127,0.00037791452511962614,0.0010389999999999924,0.0010389999999999898,0.0010389999999999933,0.001000389999999999,0.0010003900000000025,0.001000389999999999,3.201481418840843,0.7508750186952478,9.545262860304453,0.8063828034121842,0.34694374416646073,0.9688734432366862,-34.87083519829644,-9.914583524068197,-32.07291815016005,1006.0799560546876,0.3168089130428197,48.40393867901661
2025-06-14T21:17:23Z,40.07426305540613,-75.23985707492344,62.25759630409764,-13.602684511429683,-12.033050056011042,19.49785752332674,0.6030768427308695,5.665745518229542,4.17840785627585,0.001000000008436976,0.001000000007276909,0.0009999999924630782,0.000999999998059697,0.0009999999869697589,0.001000000009955555,1.0006246391629498e-6,1.0006246391633197e-6,0.29446521349514165,0.07230404314074207,0.06850730264611496,0.051182877910653714,0.00026877431153936825,0.00013997458556399292,0.00034012379779456675,0.0010399999999999917,0.001039999999999989,0.0010399999999999925,0.001000399999999999,0.0010004000000000024,0.001000399999999999,5.321133594080558,-0.24875000931392247,10.933433937079904,0.7182968726177025,-0.16651562583653548,1.4430937638183625,-33.249376678466795,-7.47000036239624,-34.95750198364258,1006.0899658203124,2.3830433666874193,48.81950373340656
2025-06-14T21:17:23.300Z,40.07423070300099,-75.23989669681319,67.34240843752565,-14.348637644189223,-10.436432655504126,19.011299369515225,0.39137015816784093,5.582690721645847,4.631677012626204,0.0010000000084118988,0.0010000000074857928,0.0009999999925533458,0.0009999999981900427,0.0009999999872593248,0.0010000000096630898,2.00062463928202e-6,2.0006246396482806e-6,0.32212445687249575,0.079800405636223,0.07379855798033631,0.048346776389798604,0.00033413933154990543,0.0001396723262291131,0.00034859832988261584,0.0010409999999999914,0.001040999999999988,0.0010409999999999914,0.001000409999999998,0.001000410000000002,0.0010004099999999985,1.9885501269150183,1.221666707296512,10.359983848579315,0.23973194629810238,0.3369291627272467,1.2463236057393867,-34.306876754760744,-0.6206250265240669,-34.63312606811523,1006.0799560546876,0.8403899614755999,48.752389080803574
2025-06-14T21:17:23.600Z,40.07419948418683,-75.23993301738071,71.93943882107271,-15.16806202052075,-10.050488617597214,18.898696297770428,0.24849226002579713,5.73670700975612,4.778780102742359,0.001000000007831005,0.0010000000071969566,0.0009999999928149718,0.0009999999985770287,0.0009999999872090895,0.0010000000100167823,3.000624639506789e-6,3.000624640625485e-6,0.35037386751094785,0.09333640793783687,0.08174979698180768,0.048420450595093555,0.000276149912299373,0.00015102548110586183,0.00043588571768737975,0.001041999999999992,0.001041999999999989,0.0010419999999999924,0.001000419999999997,0.0010004200000000006,0.001000419999999998,4.857316924828488,0.43735001520891775,9.610884011170098,-0.19798593485919436,0.6059593653210255,0.23670312125759604,-30.517501068115234,7.524375295639038,-36.34125175476074,1006.0799560546876,0.9982083009876752,48.04805716551593
2025-06-14T21:17:24.400Z,40.07413793768863,-75.2400296964707,83.99768251287709,-16.756730733104245,-10.273225199872787,17.705948678145486,0.5954583816311598,5.754413893821523,4.447592215994659,0.0010000000079243834,0.0010000000071931716,0.0009999999927523954,0.0009999999986926003,0.0009999999870103104,0.0010000000097543545,4.000624639426334e-6,4.000624647115839e-6,0.4792929243887836,0.13635993003841448,0.10756309607473424,0.04973133241720491,0.0002868373936303977,0.0001580723208259016,0.00040887855623053586,0.0010429999999999916,0.0010429999999999882,0.0010429999999999916,0.0010004299999999975,0.001000430000000001,0.0010004299999999983,4.872995304099835,1.6602050652431997,7.7026103248668045,0.2144319435372277,-0.14438194412038483,-0.33176388803794965,-35.073751831054686,0.29437500908970826,-31.027501106262207,1006.0799560546876,-0.5146602365923761,46.829005926423875
2025-06-14T21:17:25Z,40.07415420880266,-75.24010191547693,90.15498813632055,-19.610623504668755,-9.08495586522606,16.105310104919205,0.5621707964802559,5.619660185287376,4.760750482023536,0.0010000000077210907,0.001000000007295326,0.000999999992524261,0.0009999999986489675,0.0009999999868972374,0.001000000009790399,5.000624632867389e-6,5.0006246566088385e-6,0.5704558165170769,0.2016822256598967,0.13822511141134078,0.05212274916493679,0.00035697105911813544,0.000169110823081273,0.00040615936172115223,0.0010439999999999913,0.0010439999999999876,0.0010439999999999913,0.0010004399999999974,0.0010004400000000013,0.0010004399999999978,3.12772161183246,1.1878357571121219,9.472122051791219,0.2151499990370367,0.029494444188716478,0.5294138859015515,-33.36875194973416,-1.2291667262713115,-30.08125072055393,1006.0899658203124,0.2662381275346177,44.94286974474724
2025-06-14T21:17:25.900Z,40.07430322806567,-75.24019825057378,97.04419522795953,-25.23697827483171,-7.426704149381889,13.155420862504876,6.244252563931071,5.3446177791095835,5.78874176449611,0.0010000000073679322,0.0010000000074814504,0.000999999992817025,0.000999999998989077,0.0009999999870520847,0.0010000000095956305,6.000624588011545e-6,6.0006246806943785e-6,0.7416188104567464,0.33788022186980843,0.20352536841811159,0.06551676113048154,0.0004554840872616924,0.0002285807343356452,0.0009516338970770859,0.0010449999999999912,0.0010449999999999876,0.0010449999999999912,0.0010004499999999978,0.0010004500000000013,0.0010004499999999978,2.9524334871426827,-0.056666668140898525,9.520567026781563,0.16812499898144928,-0.06538055467619859,1.0575208203959576,-26.937501271565754,10.88125048743354,-31.95625114440918,1006.0899658203124,0.18839967494628124,43.18828765625426
2025-06-14T21:17:27Z,40.07474225965469,-75.24030175566486,99.9061666240714,-33.37418793453005,-5.586541459021363,8.920799344444097,5.806741043198138,5.335997288799173,0.5024449743152684,0.0010000000067954954,0.00100000000724,0.0009999999927220828,0.0009999999993156466,0.0009999999874675178,0.0010000000091041946,7.000624386421353e-6,7.000624733584404e-6,0.9896630754164104,0.5624070906094932,0.3104278527995407,0.0898007267796034,0.00047932944731827104,0.00019756642767541476,0.0015139755556738256,0.0010459999999999907,0.001045999999999987,0.0010459999999999907,0.0010004599999999982,0.0010004600000000016,0.0010004599999999982,4.017995213501238,0.5847950162067701,8.938790439612895,0.3444687446365929,-0.08766624667690812,0.5820549925469763,-21.18750057220459,16.906875610351562,-35.06250190734863,1006.0899658203124,0.03786242576886145,44.31847431066147
2025-06-14T21:17:27.600Z,40.07527371314275,-75.24036745006731,94.75444764164266,-40.69356022475237,-5.641596128679403,4.768349140138591,5.478611882811959,5.458163332211564,1.1329817739168941,0.0010000000065688431,0.001000000006961095,0.000999999992988122,0.0009999999992657527,0.0009999999876801054,0.001000000009218637,8.000624081568519e-6,8.000624777115502e-6,1.0414354145756732,0.6622649744733823,0.39376989860897027,0.10684048055823132,0.00039265280781380235,0.00016717910641952114,0.001348655928940081,0.0010469999999999913,0.0010469999999999876,0.0010469999999999913,0.0010004699999999977,0.0010004700000000013,0.0010004699999999977,3.517756419413447,1.1689813082741816,9.02491300011409,0.24648281203278785,-0.10457187640531296,0.6442874988226448,-14.370536123003278,14.156250544956752,-39.23303713117327,1006.0899658203124,-0.023422466697463153,44.115059366644914
2025-06-14T21:17:27.700Z,40.075702118404166,-75.24039630431716,88.30705320295183,-43.86820937579209,-6.5719070554894845,2.7279545691090727,5.416036849772277,5.462756121084335,1.2570789751876965,0.001000000006646892,0.001000000006582286,0.0009999999926373728,0.000999999999120693,0.0009999999877047556,0.0010000000093407754,9.000623836815744e-6,9.000624785085471e-6,0.8971835837932216,0.6563419328474831,0.40765526034326416,0.1018817414621249,0.00037172008285555756,0.0001720209551715434,0.001285641894157342,0.001047999999999991,0.0010479999999999862,0.0010479999999999906,0.0010004799999999967,0.0010004800000000004,0.001000479999999997,3.5264430343017286,1.1007286011081294,9.046143254968298,0.20224027972990183,-0.011556944323180484,0.44699027839374567,-13.329167048136393,13.797917154100206,-39.96875127156576,1006.0999755859376,-0.008515614709413985,44.33447631723216
2025-06-14T21:17:30.100Z,40.07673267984991,-75.24048874181365,86.48714116421534,-58.766718260842396,2.384977430161284,5.766182702383278,0.5292361523334703,5.167392283572786,5.763783750997249,0.0010000000064750425,0.0010000000065185455,0.00099999999306139,0.0009999999991847045,0.000999999987986164,0.0010000000092390113,0.000010000621815008594,0.000010000625147290346,1.7616910835196933,1.6324383997152587,0.9361913492150579,0.12632199555690982,0.0006838321370075049,0.00015293142706370507,0.0008997098764838418,0.0010489999999999903,0.0010489999999999857,0.0010489999999999894,0.0010004899999999958,0.0010004899999999993,0.0010004899999999967,8.64976291560462,3.1116501113110524,7.843512879855843,-0.17724062183225142,0.047279688065593975,-0.663079684445662,-39.25208536783854,7.041666931576199,-21.350000381469727,1006.0899658203124,2.3027923569149436,45.23415970197643
2025-06-14T21:17:30.800Z,40.077613666374845,-75.24049573661578,79.73422024591889,-66.91817737478252,3.252553664174737,3.907080906147043,0.658313895360602,5.377021838887372,5.593267222738547,0.001000000006346561,0.0010000000061958726,0.0009999999932306341,0.0009999999990804476,0.0009999999882867939,0.0010000000088590997,0.000011000619953619534,0.000011000625338324518,1.6069410779854454,1.6950009359317053,1.1069027460752832,0.11464684237292752,0.00031133620580255013,0.00014725071585383026,0.0005857813673920484,0.0010499999999999913,0.001049999999999985,0.0010499999999999904,0.0010004999999999962,0.0010004999999999997,0.0010004999999999962,6.532975283298375,5.190825230909822,7.1503253053098765,-0.1354750002018405,0.22467187623390902,-0.34318593687742976,-39.98203229904175,-5.91093772649765,-12.260156869888306,1006.1099853515624,1.2073027968642223,42.235166048444654
2025-06-14T21:17:31.300Z,40.07820542078875,-75.24049163596003,74.55915801693018,-70.60541175441902,3.5147026119572633,2.1078697223155403,0.7639354715822978,5.642909734515161,5.572266642113542,0.0010000000061420335,0.0010000000063746246,0.0009999999934643948,0.0009999999990509426,0.0009999999879809556,0.0010000000085798359,0.000012000618398081286,0.00001200062550430769,1.4131939030757197,1.6655849021568374,1.1838236071502002,0.09417107546522938,0.00018099208190102577,0.00014774326764846455,0.0005471958788358655,0.0010509999999999918,0.0010509999999999845,0.001050999999999991,0.0010005099999999963,0.0010005099999999998,0.0010005099999999963,5.824421673904612,5.367114573608742,4.266714466374219,0.09407360971728196,0.4128444397301716,-0.45453610317798243,-39.32343864440918,-8.639063000679016,-10.410937905311584,1006.0999755859376,-0.785139617570295,41.58544990048672
2025-06-14T21:17:31.800Z,40.078605284265834,-75.24048388408849,70.62825136284594,-72.70956194464264,1.595142567179033,0.1220041539690615,1.0041026366402053,5.772052368138063,5.860617890522006,0.0010000000061133755,0.0010000000062882189,0.000999999993565414,0.0009999999989349024,0.00099999998825553,0.001000000008326197,0.00001300061690342496,0.000013000625693166384,1.2762102678000105,1.5343891510647998,1.2481933606781905,0.07229123821777754,0.000165172592702404,0.00014324773323539983,0.0005831349200075321,0.0010519999999999909,0.0010519999999999837,0.00105199999999999,0.0010005199999999956,0.0010005199999999993,0.0010005199999999958,6.356216887997737,2.26598341633901,5.00998349359954,0.8032374849328948,0.5750699898124723,0.05263874956107462,-38.82000198364258,6.369375276565552,-14.990625476837158,1006.0799560546876,-1.3768113128796928,42.09840940613467
2025-06-14T21:17:32.400Z,40.07886555949185,-75.24048938410071,67.28834263179435,-72.0986086522969,-2.0999359134844275,-0.9643410963388949,0.8454636681734604,5.833509618954566,5.73826429827429,0.001000000005874759,0.0010000000063963442,0.0009999999934447031,0.000999999999180674,0.0009999999882201781,0.0010000000080771438,0.000014000615046893915,0.000014000625948000623,1.1968684274198684,1.3822963201223817,1.3067208291927788,0.04799600714378803,0.0001573207901070808,0.00014967599118526613,0.0005689432154755666,0.0010529999999999906,0.0010529999999999832,0.0010529999999999904,0.0010005299999999962,0.00100053,0.001000529999999996,9.7040004005371,1.7563500672913295,6.003175345109381,-0.3886640610386211,-0.09236875024986403,-0.23251562759554031,-37.02656364440918,10.171875476837158,-20.254688262939453,1006.0699462890624,1.7642362095704256,43.41291807895583
2025-06-14T21:17:33.100Z,40.07429796214814,-75.23981258242408,70.72898541664792,-2.431366129291807,0.6350319160192576,2.1615035362908386,0.4879338817587452,0.20526375865599145,5.16013284080076,0.0010000000042326633,0.0010000000068297245,0.0009999999948733925,0.0010000000001965477,0.000999999988808589,0.0010000000070715075,5.879429409474493e-10,5.879429439251848e-10,0.2801837058648484,0.029207197391472706,0.02943193594470488,0.014167632030245854,0.00006492235953204372,0.00006119694059934337,0.0004096772187083393,0.0010539999999999896,0.0010539999999999823,0.0010539999999999896,0.001000539999999996,0.0010005399999999998,0.001000539999999996,7.17510030703487,1.0818667307829473,6.8992169503171565,-0.18390249928750121,0.33163999522910304,0.09947124884214922,-35.156251695421005,11.97916709052192,-22.20000097486708,1006.0899658203124,0.23217193031679095,43.270060422102816
2025-06-14T21:17:33.300Z,40.074294969352984,-75.23981288693514,70.26589888120442,-1.966882201272044,-0.8891811423136847,1.016422680124308,0.407948932557122,0.17803238482314407,5.231003070642683,0.0010000000046799847,0.0010000000067528893,0.0009999999944658058,0.0010000000001111104,0.0009999999887683974,0.0010000000070828844,1.0005879429554425e-6,1.0005879429934478e-6,0.2773239465155125,0.03066227276742706,0.031049845114838808,0.01583993574947649,0.00007476194105013644,0.00007069048866363674,0.0004224319881738786,0.0010549999999999893,0.0010549999999999824,0.0010549999999999895,0.0010005499999999955,0.0010005499999999994,0.0010005499999999957,6.8707102527576085,1.289090072148169,5.981105255132079,-0.4698887501137434,0.027187501069173847,0.37297249936350346,-34.42875175476074,12.862500667572021,-23.490000915527343,1006.0899658203124,-0.5801240571471923,43.6183285634749
2025-06-14T21:17:33.700Z,40.07428307655683,-75.23982657883055,69.45705009226485,-1.4889088699919442,-4.9441691003134975,-1.1343392758448472,0.5616120897318827,0.34402076420162253,5.1968899413595055,0.0010000000049785126,0.0010000000068815236,0.0009999999949241193,0.0010000000001965297,0.0009999999890106196,0.0010000000068048878,2.000587943048949e-6,2.000587943431538e-6,0.28895687190517777,0.04418467633812797,0.033888897071374074,0.020653934090792074,0.0000914028930796947,0.00008092965564570339,0.00041621830428353266,0.0010559999999999882,0.001055999999999982,0.001055999999999989,0.001000559999999995,0.0010005599999999984,0.0010005599999999947,7.921085332865803,-0.06338499880512324,7.877300428396037,0.41202249282587383,0.3335787458234093,-0.2720399985384244,-34.344376754760745,16.389375495910645,-21.046875762939454,1006.1499633789062,1.3915829874023498,43.48694527529312
2025-06-14T21:17:34.100Z,40.07426694546414,-75.23985892924567,67.82517968015941,-1.2321024402247198,-8.83590668758877,-3.539954339379501,0.6372525705755598,0.4690342429859251,5.153065301780089,0.0010000000051090816,0.0010000000070104432,0.0009999999951798826,0.001000000000437184,0.0009999999887818464,0.0010000000070726552,3.000587943272746e-6,3.0005879443067284e-6,0.30407102390360213,0.07283094853851425,0.03697380982673118,0.027597099087598307,0.00011128356207186285,0.00009120224706794248,0.00041663389965089915,0.0010569999999999892,0.0010569999999999818,0.0010569999999999892,0.0010005699999999958,0.0010005699999999992,0.001000569999999994,6.648133682245998,1.0298833784458434,8.0982171499515,0.2328569511967919,0.20020833152969236,-0.26121110846617157,-34.85208384195963,12.545833905537924,-22.82291751437717,1006.0999755859376,0.748672790051173,43.50800896866828
2025-06-14T21:17:35Z,40.07420304507558,-75.23999333682674,62.63322078732391,-1.627161601991776,-16.594489398421043,-7.053371732636906,0.8652389660807782,0.06195610561595349,4.85695888275947,0.0010000000048168691,0.001000000006770073,0.0009999999950598853,0.0010000000002921504,0.0009999999885780947,0.0010000000069386894,4.000587941933571e-6,4.000587947781578e-6,0.38809753950580544,0.18434967330060872,0.046617247030563864,0.047994350537919735,0.00009709913158624437,0.0001024111193315044,0.00046927396109126287,0.0010579999999999884,0.0010579999999999813,0.0010579999999999884,0.0010005799999999964,0.00100058,0.0010005799999999927,6.199820207590716,2.968100165360116,7.242065357213072,0.37808749580339573,-0.6218537518865938,0.08424999971725583,-32.98359537124634,5.343750178813934,-28.560938835144043,1006.0599975585938,0.20620866399685187,43.9567514178838
2025-06-14T21:17:35.600Z,40.0741430701917,-75.24012818243727,57.665818184964174,-1.0451147068814508,-21.675265879954654,-9.18142381136828,0.6902593385501039,0.2277701573927344,4.9727676371495235,0.0010000000050345889,0.0010000000067552344,0.000999999995332472,0.0010000000002042438,0.0009999999887153174,0.001000000007123724,5.000587931338417e-6,5.0005879515036425e-6,0.46359357744687935,0.29814347328829205,0.0582853816026331,0.06573477506487374,0.00011236599553008222,0.00011058328857675849,0.0004599815260164762,0.0010589999999999886,0.0010589999999999812,0.0010589999999999886,0.0010005899999999965,0.0010005900000000009,0.0010005899999999937,7.4307073821973315,4.5818430993148676,5.820543080471074,-0.3272359369549096,0.3395874986315744,-0.05838906376757693,-38.670537676130024,-1.5187500715255737,-21.27053669520787,1006.1099853515624,0.7142673455651058,44.16048386320953
2025-06-14T21:17:36.800Z,40.07387000679462,-75.24049700909407,46.19552078514355,5.0072691298054925,-31.046678496945976,-12.592371035413985,0.3833156748674858,0.009982168992530276,5.678149399706343,0.0010000000054083298,0.001000000006492961,0.000999999995061896,0.0010000000004684734,0.0009999999890148838,0.0010000000075164692,6.0005878441680625e-6,6.00058796420643e-6,0.7606412981043333,0.6093357043278047,0.1212210017332193,0.1104098641669762,0.0001171183782015523,0.0001145841328117654,0.0004951520195225572,0.0010599999999999878,0.0010599999999999809,0.001059999999999988,0.0010005999999999958,0.0010006000000000012,0.0010005999999999939,7.70143610654055,2.38256437001234,6.232571733751878,-0.4029468724729673,0.205542186450322,0.7695671787190725,-32.46796989440918,2.111718811094761,-31.619532585144043,1006.0699462890624,0.4128580654365185,45.36979900038277
2025-06-14T21:17:37.800Z,40.07343446913729,-75.24086112096332,37.388508274058786,14.162321701638062,-33.192530857082986,-14.015433431608933,6.100828703056729,5.94099253933276,5.762635571355687,0.001000000005740925,0.0010000000065129551,0.0009999999948445309,0.0010000000002505,0.0009999999886583313,0.0010000000076401444,7.000587592133273e-6,7.000587987690903e-6,1.0643945103988912,0.7791074399977503,0.27743104784160455,0.12928114960982354,0.000133445377868413,0.00012029114064984793,0.0005609279498695599,0.0010609999999999884,0.0010609999999999812,0.0010609999999999884,0.0010006099999999955,0.0010006099999999999,0.0010006099999999947,10.258333822456885,3.0460334688757498,4.5138835976967915,-0.6055737445359147,-0.3758524961883248,0.12603625372790664,-38.35687675476074,2.662500095367432,-23.77125072479248,1006.0999755859376,1.8372481230811044,45.20405594642482
2025-06-14T21:17:37.900Z,40.073200446164364,-75.24088598062818,39.81204687848551,14.936156572470871,-32.31632094213835,-12.955886214155754,6.058081994264267,5.900725985580931,5.744012537052091,0.0010000000058269858,0.001000000006374951,0.0009999999947243072,0.001000000000210872,0.000999999988479851,0.0010000000078624078,8.000587379677059e-6,8.00058799061766e-6,0.9185713011934115,0.7846235698198276,0.2920458164750089,0.11624926120240885,0.0001418924099489978,0.00012657539561399816,0.0005762031438125676,0.0010619999999999885,0.0010619999999999811,0.0010619999999999885,0.001000619999999995,0.0010006199999999994,0.001000619999999995,8.976875411504727,3.8084939291412074,8.046256588941008,-0.34914999335367036,-0.19192638706689052,-0.3068916644993996,-39.06187705993652,4.891875195503235,-22.241250801086426,1006.0899658203124,2.865509823862012,45.21536608594259
2025-06-14T21:17:38.500Z,40.07281213278276,-75.24108415449521,36.255376714136034,19.212432265794533,-28.864286390668784,-14.938531570440718,5.761496337624867,6.173048440973175,5.9863425385869675,0.0010000000058216232,0.0010000000062869482,0.0009999999944232923,0.001000000000309109,0.0009999999882673249,0.001000000007880819,9.00058708689784e-6,9.000588018727917e-6,1.0071924437488113,0.7261594492437526,0.3963130034591152,0.10746122188958818,0.0001240586968275271,0.00013767206983443853,0.0005329980867784785,0.0010629999999999889,0.0010629999999999815,0.0010629999999999889,0.001000629999999996,0.0010006299999999995,0.001000629999999996,5.899550259478358,5.077317006422661,5.174650225750582,-0.3798812488319598,0.33399125094373683,0.5680987437884862,-38.28000144958496,-8.499375343322754,-16.860000991821288,1006.0799560546876,-0.4305977895754989,42.683172250765104
2025-06-14T21:17:39.600Z,40.071930568846035,-75.24139845057458,27.009369941572956,27.602222950140877,-23.732134626758366,-18.11902640149383,5.526034781997772,5.779911603144469,5.868604789008717,0.001000000006095276,0.0010000000061516812,0.0009999999946348592,0.00100000000008803,0.0009999999882943358,0.0010000000077793534,0.00001000058631773949,0.000010000588119469194,1.2778456886505545,0.6656357206695871,0.694833605073874,0.12712594957658915,0.00016274609113698963,0.00013634159404306398,0.0006071293787867931,0.0010639999999999881,0.0010639999999999808,0.0010639999999999883,0.0010006399999999951,0.0010006400000000006,0.0010006399999999969,7.807767053810232,3.4930001169777625,5.772550298484445,-0.23378749808699997,-0.20525624846238838,-0.29547000027490955,-35.281876754760745,4.41000018119812,-27.48187599182129,1006.0799560546876,0.5412459972163264,44.938934964719394
2025-06-14T21:17:43.300Z,40.07431117485256,-75.2397920917851,58.71346447064421,1.2521378421265805,-0.20084331355615334,3.1778236707209913,5.428556854521339,5.181994695592673,0.5205784324713992,0.0010000000071443025,0.0010000000070021543,0.000999999995761198,0.0009999999986300117,0.000999999988635234,0.0010000000078952628,5.37889577023635e-10,5.378895132629448e-10,0.3145712261094472,0.011190787956652608,0.011605032158972833,0.057128466435349905,0.00010816365342736357,0.00004691647901762286,0.000056689076617995205,0.0010649999999999876,0.0010649999999999802,0.0010649999999999874,0.0010006499999999962,0.0010006499999999996,0.0010006499999999962,7.927895330422982,2.0589051237044806,5.778995250707269,0.17201624864331022,-0.12689499800226753,0.20294000112232466,-34.0200008392334,11.398125553131104,-28.65000114440918,1006.0799560546876,0.24402954899386076,45.914002533126805
2025-06-14T21:17:47.800Z,40.07456870779735,-75.23949757409258,69.25939533321815,-11.542958008046673,11.34530045717634,2.786527288734848,0.44378796392433606,5.342423844520214,5.329968695695313,0.0010000000070863008,0.001000000007147812,0.0009999999960900229,0.0009999999986573067,0.0009999999887782426,0.0010000000078570703,1.000537914563689e-6,1.0005379350037183e-6,1.3591581007808726,0.10371709774195267,0.18307262074226577,0.05196409845504612,0.0001331414522979944,0.00002998178742083885,0.00020640254075240055,0.0010659999999999869,0.0010659999999999797,0.0010659999999999869,0.001000659999999997,0.0010006600000000004,0.001000659999999997,6.632017010151818,0.8055500391784158,7.500667022709317,0.0017499998118458379,0.07153125031683855,-0.18622968702807785,-30.737500932481552,15.537500699361166,-29.072917726304794,1006.0799560546876,0.2628889373461258,45.0714750371237
2025-06-14T21:17:52.600Z,40.074917550457705,-75.23848485905908,68.15169849284996,-25.973619067513994,21.75838296056745,0.17053838491162976,5.834724234341926,5.048770473326133,0.9974168498398789,0.0010000000071464777,0.0010000000067707346,0.0009999999960078844,0.0009999999988395747,0.0009999999890451235,0.0010000000075857023,2.0005379809853956e-6,2.0005384374791108e-6,2.4499463968929973,0.3169137742767979,0.5992219402052551,0.040516853624706625,0.0003171311360796589,0.00004735391268925139,0.0002777100924773484,0.0010669999999999877,0.00106699999999998,0.0010669999999999877,0.0010006699999999967,0.0010006700000000004,0.001000669999999997,7.739769088261194,0.6613625550347614,5.625275300983525,0.4911399921192245,-0.09282250014315425,0.42170250058878544,-22.293750762939453,8.621250438690186,-40.26562576293945,1006.0999755859376,-0.1920524433040014,46.825774393690985
2025-06-14T21:17:53.200Z,40.074984539610384,-75.2382707319043,63.888963510576545,-28.54210197586628,21.004212133669583,-1.2522247479690671,0.016490600423833063,5.225464346699811,1.0266329778783305,0.0010000000070974934,0.0010000000068348524,0.000999999996195966,0.0009999999986890552,0.0009999999891769096,0.0010000000074098726,3.000537897578944e-6,3.000538507007596e-6,1.7808465986579907,0.32985723660628896,0.6118589556291687,0.032064799705431336,0.00015810230219407188,0.000053620091821346226,0.00019405926972385838,0.001067999999999987,0.0010679999999999798,0.0010679999999999871,0.0010006799999999968,0.0010006800000000014,0.0010006799999999977,5.116900265580554,0.9915333741570689,8.281433721758278,0.9324416654386468,0.3021722212112886,0.09694583201891578,-16.83937587738037,7.126875257492065,-43.34437637329101,1006.1199951171876,0.0022142230531198726,47.04345989868878
2025-06-14T21:17:53.300Z,40.0743171002409,-75.23978487292352,62.557515792737775,-3.444585520699775,2.315847004635887,4.80679475109777,0.7075485992083116,5.244649932313191,0.8617006885946282,0.0010000000080765785,0.0010000000071894314,0.0009999999965564438,0.0009999999984184633,0.0009999999898522762,0.0010000000070254777,5.258607187798658e-10,5.258608001882491e-10,0.3252785460716176,0.029407738079541015,0.03051207619715341,0.009164439539650158,0.00006233084447282409,0.000036035258272496925,0.0000972117530351849,0.001068999999999988,0.0010689999999999806,0.001068999999999988,0.001000689999999996,0.001000690000000002,0.0010006899999999985,5.401118980877454,1.5482563322118121,6.200262831691731,0.39215374307465517,-0.35070375000348203,0.5282375057861616,-15.31500072479248,5.968125200271606,-44.39812660217285,1006.1099853515624,-1.41325032973043,47.342967864024445
2025-06-14T21:17:53.800Z,40.074313117726646,-75.23977309739823,64.23831778155518,-2.2461160234348765,1.6849898342609737,3.9547542009638015,0.661600613094248,5.279237289295437,0.564356154886804,0.0010000000077064212,0.0010000000069447185,0.0009999999963321007,0.0009999999982105816,0.0009999999902045767,0.001000000006892483,1.0005258608155066e-6,1.0005258611245607e-6,0.3312308263308587,0.033920883319473426,0.03248091100898695,0.00961351214235372,0.00006729141492154945,0.00004556694754536651,0.0001131156424670887,0.0010699999999999874,0.0010699999999999803,0.0010699999999999874,0.0010006999999999963,0.0010007000000000006,0.0010006999999999972,7.496525334350139,0.24263751103382594,4.260612683538065,-0.6230499873145501,-0.1495343751163259,-0.29612656294511963,-20.25937581062317,3.2343751192092896,-43.406251430511475,1006.0799560546876,-1.154423221809203,48.01042887685826
2025-06-14T21:17:54.900Z,40.074292820914785,-75.23977805433842,65.8764964035501,4.274993896007824,-2.48953175243126,0.2936312936438167,0.9023395773161285,5.912446308433008,6.230743313671589,0.0010000000074777426,0.0010000000071136326,0.0009999999961068224,0.0009999999985385972,0.0009999999900743791,0.0010000000068881073,2.0005258614705614e-6,2.000525864329228e-6,0.3757053558279549,0.047982799922065104,0.038421651956028584,0.009763697407030002,0.000046498001611232206,0.000043256720330349765,0.00012044687623808878,0.0010709999999999871,0.0010709999999999797,0.0010709999999999871,0.001000709999999995,0.0010007100000000014,0.0010007099999999978,7.453310226432723,-1.2934000501702139,5.0234902133978325,-0.19744625112235414,0.10785874834891196,-0.899521257198789,-16.21312561035156,4.807500171661377,-37.258126449584964,1006.0899658203124,-0.6993007546227007,40.91627223466504
2025-06-14T21:17:55.400Z,40.074299449034775,-75.23979766966092,64.99601754898706,4.176953280273939,-4.350513606880144,-1.1179777485956177,0.4544354249604942,5.492370090202314,0.499358997383155,0.001000000007392193,0.0010000000074393985,0.0009999999962052918,0.0009999999987383842,0.000999999990273343,0.0010000000068312303,3.0005258614378635e-6,3.0005258670249466e-6,0.38205015739140963,0.05869499513145486,0.04318178291116768,0.010592513697998417,0.0000687331554188896,0.00006459923507345874,0.0001277875313149068,0.0010719999999999868,0.0010719999999999784,0.0010719999999999868,0.001000719999999994,0.00100072,0.0010007199999999966,3.1368877237364376,1.2121438106227311,7.107012735847552,-0.2978074934542466,-0.06295749900242543,1.4265112509658597,-14.121094346046448,2.470312625169754,-38.11875104904175,1006.1099853515624,-1.9173480651003103,40.72521084063249
2025-06-14T21:17:56Z,40.074307866134156,-75.23983250813713,63.63550338666288,4.226773553580171,-5.687652251506612,-1.4932698434095264,0.2242995124478834,5.545761612461655,0.3449430025206136,0.001000000007633769,0.0010000000071398428,0.0009999999959051007,0.0009999999989239881,0.0009999999903789576,0.0010000000071804388,4.0005258585143435e-6,4.000525871912601e-6,0.39639389788056023,0.07561261132094506,0.05235571700127958,0.011528399317488608,0.00007606808639561048,0.00007239194114438766,0.00014044411067790915,0.0010729999999999865,0.0010729999999999778,0.001072999999999986,0.001000729999999993,0.0010007300000000005,0.0010007299999999966,5.813433680632935,0.40756668248856526,7.504100356211748,-0.5869424978482027,0.022842498483549745,-0.2155412474938994,-15.34921932220459,-1.2117187827825546,-40.76250171661377,1006.0999755859376,-0.2784618257225056,43.573431352066756
2025-06-14T21:17:57.100Z,40.074315009127204,-75.23991839078538,61.18181062112924,3.706200859353307,-7.696067235126025,-2.220866481724685,6.257661777375717,5.643941963520409,0.6347120347798929,0.0010000000073782014,0.0010000000072951164,0.0009999999960587942,0.000999999999095557,0.0009999999901562947,0.0010000000073676703,5.000525820643432e-6,5.000525886144713e-6,0.4537544101822931,0.11615344396707124,0.07598886641808691,0.012807255564250376,0.00007068949767852412,0.00008496462036702543,0.00014187161453176378,0.0010739999999999858,0.0010739999999999784,0.0010739999999999858,0.0010007399999999935,0.0010007400000000008,0.0010007399999999974,4.834006445638653,-0.6449875233989827,7.945869134907049,-0.060124996127881705,0.11068437487010889,0.19742968321618623,-10.01718783378601,-5.4210938811302185,-40.55156373977661,1006.0899658203124,-0.45637111304503997,42.12074735247943
2025-06-14T21:17:57.700Z,40.07432623317395,-75.2399738522667,59.47679426404962,3.683942411835938,-8.172843556769484,-2.5448917951047885,0.15185322497309034,5.671023502087129,0.6458105423013977,0.0010000000073787675,0.0010000000070248705,0.0009999999961280712,0.0009999999988540946,0.000999999990509119,0.0010000000069682769,6.000525726127597e-6,6.000525898079783e-6,0.468324645675963,0.14341505479067568,0.09432708081917128,0.013483244566479612,0.00007797922773795838,0.00009493187038179436,0.00015171247121461992,0.001074999999999986,0.0010749999999999794,0.001074999999999986,0.0010007499999999938,0.0010007500000000006,0.001000749999999997,5.0445502404033205,-0.1123333371023438,7.837016933868958,0.3096262460360034,0.04680875068210958,0.0119524983391995,-5.081250190734863,-11.30437536239624,-40.61625213623047,1006.0999755859376,-0.458546226948815,42.46508722818305
2025-06-14T21:17:57.900Z,40.07434179995449,-75.23999294786186,58.74555823831938,3.735333680769584,-8.360464791410612,-2.648506152313306,0.1264534743676087,5.685134135116066,0.6397192881338866,0.0010000000071517202,0.0010000000067405999,0.0009999999958146648,0.0009999999990387798,0.0009999999905862022,0.0010000000068874474,7.000525614672383e-6,7.000525902770727e-6,0.44571567981145516,0.1544783428438979,0.10198567604337469,0.014051536768625672,0.00008642891070420062,0.00010492743490119671,0.00016176072044310673,0.0010759999999999856,0.00107599999999998,0.0010759999999999854,0.0010007599999999936,0.0010007599999999996,0.0010007599999999962,5.059650216201185,0.19310001734190038,7.982767032627163,-0.14531999716793143,0.06695249978098158,-0.035292499728018525,-5.986875247955322,-13.90312557220459,-40.336875915527344,1006.1199951171876,-0.32626989293301517,43.083625214499804
2025-06-14T21:17:58.200Z,40.07434319737799,-75.24002342062919,57.87212925840316,3.790878129508188,-9.026953207779185,-2.6660222661737754,0.08626102049287511,5.636098934258771,0.6211087544649606,0.0010000000068966053,0.00100000000649906,0.0009999999956569767,0.000999999999166479,0.0009999999908541545,0.0010000000070489255,8.00052546368607e-6,8.000525910845613e-6,0.4350615995250971,0.1742228797229694,0.11437465582429382,0.014923216112982926,0.00010268493691944316,0.00011492121962017015,0.00017203879536155533,0.0010769999999999849,0.00107699999999998,0.0010769999999999849,0.0010007699999999933,0.0010007700000000002,0.0010007699999999967,4.756381379597188,-0.9773875529237442,8.764025615696324,-0.1706750010354145,-0.16806249899220835,-0.03302375099751663,-7.370625257492065,-12.435000610351562,-39.08062629699707,1006.0599975585938,0.2399704647566396,41.668291054116274
2025-06-14T21:18:01Z,40.07395382533001,-75.24047599378552,52.62885440910042,-4.425897011395238,-18.497405112850878,-1.4876935929100907,0.2155715880599337,5.416301531468993,6.032590494111792,0.0010000000070422223,0.0010000000063044108,0.000999999995849398,0.000999999999304899,0.0009999999907673522,0.00100000000651619,9.00052226530751e-6,9.000526069127339e-6,0.7651544436004674,0.4963520729884283,0.33154304542132246,0.038289011764868534,0.000232465609679076,0.00009559925808479773,0.00028585834883703565,0.0010779999999999852,0.0010779999999999798,0.0010779999999999852,0.001000779999999994,0.0010007799999999993,0.0010007799999999956,4.928769009344833,-1.1584750542705677,9.514737950806193,-0.22028194496283357,-0.13917221970521093,-0.2762902764483581,-14.462500678168404,27.316668192545574,-30.070834265814888,1006.1099853515624,0.9996644904146771,43.12325339664866
2025-06-14T21:18:01.800Z,40.07358027080611,-75.24065344359416,52.14055211119761,-6.979601462034525,-20.075024849201135,-1.9183113993884344,0.5406481534290458,5.468954371242952,5.842322858875104,0.0010000000068148354,0.0010000000060222999,0.000999999995776973,0.0009999999993744305,0.0009999999906961702,0.0010000000066012536,0.000010000517772027107,0.00001000052615889587,0.8222767197836791,0.6054991545370251,0.4155397048827986,0.046475144178860825,0.00023007488389366503,0.00009655369963418511,0.0003027540646203617,0.0010789999999999845,0.00107899999999998,0.0010789999999999847,0.0010007899999999932,0.00100079,0.0010007899999999966,5.1703627576757585,-0.06574374514703575,8.401156591419555,0.2368444406728278,0.00009999948587074677,-0.1770458312993838,-36.21041827731662,3.4437501430511475,-23.243750466240776,1006.0799560546876,0.08674431236636487,43.166206241910615
2025-06-14T21:18:02.200Z,40.07326196985409,-75.24074633915491,52.22249352159813,-7.845474250296498,-21.598037783632428,-1.758629839971879,0.7680684296092009,5.344215935360345,5.921677023227804,0.001000000006998959,0.001000000006235189,0.00099999999570689,0.0009999999995452871,0.000999999990974871,0.001000000007008293,0.00001100051333977638,0.000011000526212722415,0.7916109442561753,0.677935791053623,0.45840530677315505,0.05097216594065949,0.0003042584129992018,0.00010954312515481786,0.0003599203917828884,0.0010799999999999853,0.0010799999999999788,0.0010799999999999853,0.0010007999999999935,0.0010008000000000005,0.001000799999999997,7.167285982942579,0.18812857983191297,8.348836077013152,0.753960939288765,-0.1824140635449533,0.2986124960416108,-38.85000133514404,14.228906750679016,-23.043750524520874,1006.0999755859376,1.2269227514539098,47.358146316686366
2025-06-14T21:18:03.400Z,40.07433358721298,-75.23980070905242,61.77986207093617,-0.2999188648270054,-1.1491429400449227,6.774497717316338,5.832906141544231,5.63758531022696,1.3349536086800644,0.001000000006838313,0.0010000000056443182,0.000999999995643136,0.0009999999996143246,0.0009999999912409046,0.0010000000068386247,5.983835030935937e-10,5.983834498390834e-10,0.29611828333665513,0.036112248975846896,0.03525788050447784,0.011802781665183268,0.00010200055345521956,0.00003154238420840838,0.0003016383995601453,0.001080999999999986,0.0010809999999999798,0.0010809999999999863,0.0010008099999999943,0.0010008100000000013,0.0010008099999999978,8.936800354420763,-1.7769000774949224,6.955016964386888,0.4281512444619911,0.1965462451667438,1.548460011713649,-24.94875087738037,16.261875724792482,-38.5650016784668,1006.1099853515624,1.6826059680900964,48.725180157503324
2025-06-14T21:18:04.200Z,40.074332867306936,-75.23980572578719,66.59181688412414,-1.0874762665161022,0.10335790042523035,6.94263695598529,6.006944181840611,6.080233530554195,2.2270498274625,0.0010000000066383188,0.0010000000052763209,0.0009999999958467784,0.0009999999994287116,0.0009999999913922074,0.0010000000069481198,1.0005983838157831e-6,1.0005983844958678e-6,0.33232416749195287,0.04865025675467346,0.04463483643616234,0.012590918008531177,0.00005217159271367558,0.00006611806262837932,0.00022161342054081355,0.001081999999999985,0.0010819999999999805,0.001081999999999985,0.0010008199999999947,0.0010008200000000017,0.0010008199999999982,4.903500246041135,-2.0045001039561448,8.427350448612755,1.12826784583539,0.2033249974380959,1.94550891848289,-7.243750333786011,9.937500476837158,-45.69687716166178,1006.1099853515624,0.17367809942245757,47.32256981416969
2025-06-14T21:18:04.800Z,40.07433055071342,-75.2398063714625,69.3410012325313,-4.9908336108150815,-0.15725278732635833,5.276024986227978,0.04928490743245867,6.024927817129373,2.1122169465503866,0.0010000000064094004,0.0010000000051679256,0.0009999999955645138,0.0009999999993309061,0.0009999999911096688,0.0010000000070349913,2.000598384577897e-6,2.0005983869851525e-6,0.3578862976007671,0.05911779450399977,0.05743664479581042,0.016111037445000337,0.00006752013395409658,0.00007232862858015078,0.00023842580796668993,0.0010829999999999846,0.001082999999999981,0.0010829999999999848,0.0010008299999999942,0.0010008300000000014,0.0010008299999999977,4.881825215650913,4.735200253163466,6.7116754125000835,0.5185953100925437,-0.07372031203914194,-0.20623593389192638,-3.757031410932541,-16.973438382148743,-44.93437671661377,1006.0699462890624,-0.2251676001936898,48.17993582702752
2025-06-14T21:18:05.800Z,40.074316483681734,-75.23981925706443,73.62417114754041,-8.523377794634472,-1.7681975191724233,6.22767672872678,5.8715586759095135,5.920948623440038,2.040506472253427,0.001000000006676127,0.0010000000048610213,0.0009999999953402533,0.0009999999990200896,0.0009999999910129188,0.0010000000071512271,3.0005983858315946e-6,3.0005983963279362e-6,0.43000897669408744,0.0948837914043253,0.0916348985290697,0.020762562000807974,0.00008492850888331198,0.00007969880746656016,0.0002616860749154898,0.0010839999999999845,0.001083999999999981,0.0010839999999999845,0.0010008399999999937,0.0010008400000000007,0.0010008399999999972,3.691421572542593,1.6268643608041582,10.547279081076562,-0.5229303497239642,-0.0997053566656446,-0.09909642658341093,6.437500238418579,-7.637500286102295,-45.384376525878906,1006.0899658203124,1.51225592391084,46.470525453740244
2025-06-14T21:18:07Z,40.074326919562225,-75.23987628662398,79.13320793938891,-12.145814506775803,-5.562806652677605,7.1355627040411855,6.202131615051232,5.31414891283403,1.9416517040142525,0.0010000000066726338,0.0010000000046231615,0.0009999999949991914,0.0009999999993354745,0.0009999999912731815,0.0010000000075073476,4.000598372597492e-6,4.000598421091837e-6,0.5498651073960209,0.15912687446209328,0.15149331212530062,0.02686536490579499,0.00025324506372084845,0.00008551849083776692,0.0004945383352440657,0.0010849999999999844,0.0010849999999999807,0.0010849999999999844,0.001000849999999994,0.0010008500000000013,0.0010008499999999976,5.469500260584831,1.3293875625084903,9.267144190316092,0.2581703122025842,-0.561518741598679,-0.23267030514001713,-11.854688048362732,7.223437786102295,-42.771095275878906,1006.0999755859376,1.062891665630696,44.9674739028073
2025-06-14T21:18:07.700Z,40.074413857484416,-75.23994470844917,80.52603424045653,-14.705083655466428,-8.69321582473044,5.732125486510036,6.144969695955541,5.358000091021972,1.7145168685571668,0.0010000000069436386,0.0010000000046385563,0.0009999999950816255,0.0009999999998076465,0.000999999991103498,0.0010000000073574196,5.0005983260003415e-6,5.000598445443608e-6,0.6051193200481912,0.19722727091859119,0.19013412465147828,0.03169369176070156,0.0002534634453637132,0.00008684802851017693,0.0004913603764596785,0.0010859999999999835,0.00108599999999998,0.0010859999999999856,0.001000859999999994,0.001000860000000001,0.0010008599999999975,5.089121677936966,2.896271565023976,7.8914431800892295,-0.3521946392904176,0.0874714270363951,-0.20858571689368716,-20.206250826517742,1.3500000536441803,-37.378126780192055,1006.1199951171876,0.04720950857312395,42.511588060165515
2025-06-14T21:18:07.900Z,40.07453723229249,-75.23997613023063,78.77840769255194,-16.213135684021587,-9.463697567579006,4.730006888298215,6.099823989701299,5.499375252698351,1.775504585091077,0.001000000006874915,0.0010000000048386382,0.0009999999950084891,0.000999999999848489,0.0009999999912424316,0.0010000000075113687,6.000598270158198e-6,6.000598453919715e-6,0.5725985923293299,0.20626250195368498,0.203399500543551,0.033175805789446025,0.0001873075399178703,0.00009826195324387206,0.0004077584297525937,0.0010869999999999823,0.0010869999999999797,0.0010869999999999862,0.0010008699999999942,0.0010008700000000014,0.0010008699999999979,4.443900221287883,4.300116837390924,6.539883647075909,0.018511249661637953,0.6871599992602622,0.2505424966738559,-19.179375839233398,2.9606251239776613,-37.33500175476074,1006.0899658203124,-0.7788137076171006,42.07745054041797
2025-06-14T21:18:08.800Z,40.07468696221488,-75.24011232028167,78.90480699454118,-23.270424339165935,-13.444945972332404,2.7772499982702596,5.202170097793746,5.758374150517432,2.9433838621857884,0.0010000000068057279,0.0010000000044304439,0.0009999999948489219,0.0009999999998095272,0.0009999999911983605,0.00100000000729349,7.000598101414897e-6,7.0005985046963975e-6,0.6857573007766882,0.26649876351518487,0.2942280560117437,0.05109845309943926,0.00012486499905647443,0.00011529930381512743,0.00030581496434043114,0.001087999999999983,0.0010879999999999794,0.0010879999999999868,0.0010008799999999935,0.0010008800000000004,0.0010008799999999967,6.88745030466028,1.3072167208146346,7.249433603927518,-0.17952083303846994,-0.5613583340652463,1.3509916733030862,-20.63333405388726,-3.935416910383436,-37.35000144110786,1006.1300048828124,0.30569966692387257,42.851373826004156
2025-06-14T21:18:09.500Z,40.07487555709615,-75.24025456145556,75.44270177815088,-29.228550187406388,-16.736643002179253,-3.6519869084901613,5.412167276541328,0.07537100350843046,2.9211968941406927,0.0010000000066370484,0.0010000000045730078,0.0009999999950451866,0.0009999999995650116,0.0009999999914144001,0.0010000000075988866,8.000597761059275e-6,8.000598559481969e-6,0.7746525955410024,0.2784377489885126,0.35446217818873044,0.06834913238809702,0.00010197134252374467,0.0001237331176808188,0.00029970130465991067,0.0010889999999999834,0.0010889999999999795,0.001088999999999987,0.0010008899999999939,0.0010008900000000008,0.0010008899999999956,6.254666944708906,2.952566816113598,4.7841168579576925,0.34012374633569686,0.5848874976722995,0.7724099984096071,-15.971250629425048,-9.511875343322753,-43.51312675476074,1006.0899658203124,-1.368751104750797,47.317481088488044
2025-06-14T21:18:09.900Z,40.075052347718746,-75.24035582542999,70.70014065271162,-33.44221036776257,-19.554156232237837,-7.468811864442708,5.684373889912542,0.6370712487071957,3.2567463261041047,0.001000000006723592,0.0010000000048947279,0.0009999999950017864,0.000999999999745055,0.0009999999911552507,0.001000000007793395,9.000597337696198e-6,9.000598596274804e-6,0.7831482499317215,0.2887874014919792,0.4037071570934291,0.08092563835003876,0.00018112745305165406,0.00011865107401734167,0.00039034299728053415,0.0010899999999999827,0.001089999999999979,0.0010899999999999866,0.0010008999999999942,0.0010008999999999997,0.0010008999999999951,6.926707535873316,1.503435760629713,8.135021818438444,0.44398055511094253,0.5620930513229395,1.7495124674827032,-12.09791702694363,-12.308333926730686,-44.70625093248155,1006.1300048828124,1.0113393801946307,47.9217976383387
2025-06-14T21:18:10.500Z,40.075067559140415,-75.24051888840746,63.5784347031437,-37.920075452275974,-23.89219574522716,-11.508510305122263,0.13709518726569692,0.3241185739219642,3.7371286209803274,0.0010000000069812066,0.001000000004709797,0.000999999995044342,0.0009999999996399373,0.0009999999915219924,0.0010000000073818365,0.00001000059670609544,0.000010000598661302474,0.8682008459848715,0.32569758970862583,0.47795091754280195,0.0989232930399035,0.00015726732513508357,0.00010754002813845145,0.00034455939852682025,0.0010909999999999824,0.0010909999999999787,0.001090999999999986,0.0010009099999999942,0.00100091,0.001000909999999994,6.123387800686788,1.6901375820587803,7.523000525479547,1.0158640539052652,-0.8327546807141072,0.7046156173270492,-2.746875122189522,-12.632812976837158,-48.08672094345093,1006.1599731445312,0.06823488169206804,49.79418604295587
2025-06-14T21:18:11Z,40.07493181990224,-75.24066394441975,57.00290139422422,-41.31593741913466,-25.368952111808017,-14.558214123012826,0.3187036035114568,0.4919544304668209,3.85427952127504,0.0010000000068117443,0.0010000000048071027,0.0009999999949456707,0.000999999999564378,0.0009999999917269786,0.001000000007461442,0.000011000595902948088,0.000011000598723782137,0.917670855833477,0.34317883308213315,0.5458433021195926,0.10677718279405933,0.00019391260405465593,0.00011002198226017724,0.0003842893422437475,0.0010919999999999823,0.0010919999999999786,0.001091999999999986,0.0010009199999999937,0.0010009200000000002,0.001000919999999994,5.046766897406484,-0.28055000434127886,6.487650321965405,0.27413749673998594,0.3822537476058147,0.13655500017858466,-2.3193751096725466,-21.198750495910645,-46.50000114440918,1006.0999755859376,-1.5536275522310659,51.156734039138684
2025-06-14T21:18:11.400Z,40.07468112643903,-75.24078086878184,51.889359478589995,-42.86159993330724,-27.662871616659032,-15.92735205311104,6.268182287846587,0.4872905245159567,3.728365923496977,0.0010000000066416263,0.0010000000047787944,0.0009999999951737398,0.0009999999995768105,0.0009999999916912063,0.0010000000079063338,0.000012000595017750114,0.000012000598779064063,0.9239140035460605,0.3759717501695452,0.5918868109499872,0.1091145576021498,0.0002014975323824451,0.00011601784185274483,0.0003925895041475391,0.0010929999999999814,0.0010929999999999779,0.0010929999999999853,0.001000929999999994,0.001000930000000001,0.001000929999999994,3.732762711279733,3.405762599940261,8.006656514649677,-0.7052291561758135,-0.0406305531594542,-0.27922361224973624,3.943750196033054,-20.637500762939453,-47.00625144110786,1006.1300048828124,-0.309851369980256,51.48827101269259
2025-06-14T21:18:12Z,40.07410743277414,-75.24095965876985,44.59695684833172,-44.94790532612311,-29.18828272451773,-17.447403970923656,0.1865407748969866,0.27490016813003515,3.535865797170099,0.001000000006471741,0.0010000000047528592,0.0009999999951886157,0.000999999999363232,0.0009999999919753485,0.0010000000076768358,0.000013000593832750028,0.000013000598873778312,1.0133458606391073,0.416396135397251,0.6715310118768786,0.11246317150766205,0.00017608668664614028,0.00012366401977360612,0.00036921596382805366,0.0010939999999999808,0.0010939999999999772,0.0010939999999999845,0.001000939999999994,0.001000940000000001,0.001000939999999994,2.981870125763927,1.4147150506925479,7.436390375142155,0.4747499918345869,-0.36948625279132136,-0.2774299988825706,0.5418750196695328,-9.05437536239624,-49.63687705993652,1006.1599731445312,-1.64162589852238,50.45879293526075
2025-06-14T21:18:12.500Z,40.07333722835374,-75.2411012148031,39.502664764129335,-46.55252979351516,-30.336450719394175,-19.75673280659089,6.28186642487692,0.1981290903517402,3.2136377159500733,0.0010000000063872042,0.0010000000050582923,0.0009999999953022986,0.0009999999991949756,0.0009999999920673542,0.0010000000078772553,0.000014000592445657816,0.000014000598962314159,1.0446513658407666,0.4394904969590799,0.736041156854904,0.11360443996978536,0.00016552268606077067,0.00014119693907354398,0.00037269270828796435,0.0010949999999999799,0.001094999999999976,0.0010949999999999834,0.0010009499999999935,0.0010009500000000005,0.0010009499999999935,5.045985966812202,2.7751572769662465,4.034000222074688,-0.24412749803002573,-0.17005624549033455,-0.6319050023632524,-6.141666942172581,-20.556250890096027,-46.63750118679471,1006.1199951171876,-2.746312837519263,51.33547340735775
2025-06-14T21:18:13Z,40.072361086193474,-75.24123804455161,34.983735247886855,-47.92610873425612,-30.41045887434508,-19.897379416490793,0.020083193741683276,0.2894927198874299,3.26925451241874,0.001000000006771082,0.0010000000053707115,0.0009999999951881267,0.000999999999099438,0.0009999999919105844,0.0010000000077127306,0.000015000590862892864,0.000015000599061766661,1.0683661303141478,0.4673448679629688,0.8235227438245284,0.11178291576634669,0.00018866209834107867,0.0001414707867552328,0.0003949759163270406,0.0010959999999999792,0.0010959999999999757,0.001095999999999983,0.0010009599999999928,0.00100096,0.0010009599999999928,3.7143801679547335,1.4369750490138016,7.707500289921691,-0.008191247212826845,0.23954250047404096,0.11007250041471961,-4.269375133514404,-11.334375476837158,-49.10812683105469,1006.1599731445312,-1.1017841831904631,50.57962651715863
2025-06-14T21:18:13.500Z,40.0743579943696,-75.23992934544769,74.65181018462265,-12.197852760204938,-6.582509894739493,0.3408095488806677,0.2538980585850853,5.583100473241056,2.97730151104902,0.001000000006810687,0.0010000000038366272,0.0009999999946075848,0.0009999999991814668,0.0009999999929633503,0.0010000000075058944,6.38719372014972e-10,6.387192535635432e-10,0.3075470434914668,0.04497863199931568,0.05044400223707484,0.04176350632793082,0.00014950088255576152,0.00010991574351342262,0.00018291987827485524,0.0010969999999999784,0.001096999999999975,0.001096999999999982,0.0010009699999999932,0.0010009700000000003,0.001000969999999993,4.613618957035923,1.385731326574677,5.685237812047048,0.02976944520994015,-0.8804194360493193,-0.20922083040187478,-1.7835938036441803,-13.867969393730164,-49.790627002716064,1006.1399536132812,-2.327940134181538,51.71656475622348
2025-06-14T21:18:14Z,40.07431595496251,-75.23996735989928,73.63022647613326,-11.641875021706099,-6.3031347864513,0.5678925395198378,6.235827147098366,5.771015385828467,3.2456326107764424,0.0010000000066129422,0.0010000000039388326,0.0009999999948705762,0.0009999999989481316,0.0009999999928788457,0.0010000000074038555,1.0006387195123943e-6,1.000638719800762e-6,0.352219946413802,0.05421869631344498,0.05678472068192415,0.039872693877502065,0.00014476345472594468,0.00010514928460572609,0.00021499066785169845,0.0010979999999999772,0.0010979999999999733,0.0010979999999999812,0.0010009799999999927,0.0010009799999999996,0.0010009799999999916,5.037305234902247,0.15279500761244488,9.55421049500051,-0.2980824956885736,0.4226649982701573,0.4171924998685165,-2.670000123977661,-9.988125324249268,-50.64375228881836,1006.1599731445312,1.0222283353899193,51.688257349413995
2025-06-14T21:18:14.600Z,40.07426666027109,-75.24001444316272,72.199983772864,-9.269801511043664,-6.863968126961696,-0.8199800350075631,0.06145236229914952,5.459361110030627,3.3064556013974564,0.0010000000068120143,0.0010000000042406224,0.0009999999947857918,0.0009999999990446089,0.0009999999925948673,0.0010000000073302835,2.000638720120554e-6,2.0006387220580336e-6,0.4165730904641387,0.06727134607059135,0.07502905694321227,0.03511974142237244,0.0002586871945098956,0.00011116649412078057,0.00018181126363777143,0.0010989999999999778,0.0010989999999999722,0.0010989999999999817,0.0010009899999999924,0.0010009899999999993,0.0010009899999999924,1.7808250854743948,1.4036500921210002,8.63485066795862,0.2574803594020735,-0.5520017871785478,0.08941607166299213,4.5053574017116,-9.216964585440499,-50.60625239780971,1006.1499633789062,-0.8519780211245669,51.6356293885307
2025-06-14T21:18:15.200Z,40.0742308966285,-75.24006096894023,69.82460580506138,-8.061210248881418,-5.97020309429031,-2.621429677127355,0.40519553436841194,5.541251728336854,2.82410591754537,0.0010000000065135655,0.0010000000041027236,0.0009999999951565714,0.0009999999990579797,0.0009999999928283127,0.001000000006960182,3.000638721146276e-6,3.000638726566703e-6,0.47994839428658087,0.08422481734091614,0.09958151084267379,0.031720133503573195,0.0001862999021720492,0.00014474342548418033,0.0002215581568076026,0.0010999999999999766,0.0010999999999999719,0.0010999999999999823,0.0010009999999999915,0.0010009999999999989,0.0010009999999999915,3.644550171527408,-0.16956667482614726,6.8682170249143395,0.00598500145322255,-0.010308752782688288,-0.6051612431480278,1.801875078678131,-10.106250476837157,-49.53562698364258,1006.1399536132812,-2.0025427032159078,50.58810392366486
2025-06-14T21:18:15.700Z,40.074209761446966,-75.240098118058,66.96581069066733,-6.0724405897877896,-6.1286821194737024,-4.206991598715838,0.5065480150904333,5.5467692754317905,2.6417534906755185,0.0010000000061719308,0.00100000000430534,0.0009999999950157888,0.0009999999989878186,0.0009999999929121315,0.0010000000073319042,4.000638721307899e-6,4.0006387328785025e-6,0.5192867274809567,0.10055819861202779,0.13411933977513715,0.029146342639693783,0.00018442278525979315,0.00015988220703369674,0.00025755831181423303,0.0011009999999999757,0.0011009999999999722,0.0011009999999999824,0.0010010099999999925,0.0010010099999999994,0.0010010099999999923,1.8403501050672033,2.06465013196323,7.7971002595738,-0.03566375041658849,-0.1154274976032781,-0.24639624881695346,3.3337501525878905,-13.417500495910645,-49.16437759399414,1006.1199951171876,-1.506545174565602,51.07126442750632
2025-06-14T21:18:16.300Z,40.074196134131995,-75.24013842335151,63.044531068518054,-3.5615261833468375,-4.887867157089082,-6.168709025924223,0.685565946301117,5.631234787145308,2.4617505887131657,0.001000000006242506,0.0010000000045644933,0.0009999999947180986,0.0009999999991607345,0.0009999999930950664,0.0010000000074001111,5.000638716703976e-6,5.000638744606507e-6,0.5666962042052616,0.12628951985229478,0.18825358756503088,0.027097232186860196,0.000166521242769886,0.0001716250847210793,0.00030346128024846917,0.0011019999999999767,0.001101999999999973,0.0011019999999999812,0.0010010199999999929,0.00100102,0.001001019999999993,2.5025644258709905,0.29030001897892255,7.944843287881659,0.11164687508911529,-0.015454687472795586,-0.2714796823746269,2.629687577486038,-8.437500238418579,-49.61015844345093,1006.1399536132812,-1.4450684663386462,50.39116364217669
2025-06-14T21:18:16.800Z,40.07419043218853,-75.24016497180692,59.21733303676886,-1.0186222934556546,-3.8825089707773306,-7.7367176449775155,0.9351559592896108,5.65257025445304,2.374854782342708,0.0010000000065555278,0.0010000000042677056,0.000999999994903078,0.0009999999989934736,0.000999999993192324,0.0010000000071849285,6.000638698850334e-6,6.000638759593574e-6,0.5865411616496629,0.15268308955588264,0.25074763200433997,0.027415857040598884,0.00017136957616989564,0.00018107188593655991,0.0003302306153395754,0.0011029999999999766,0.0011029999999999731,0.0011029999999999805,0.0010010299999999926,0.0010010299999999995,0.0010010299999999926,2.059868844383673,1.5893937891080034,8.330993997102297,0.40328436547601704,-0.07305000169816044,-0.12861717895785887,3.075000143051148,-14.002500629425048,-48.77812728881836,1006.1300048828124,-1.0520907855360855,50.84118597432208
2025-06-14T21:18:17Z,40.07419054115909,-75.24017352692525,57.50526651070706,-0.2174980371074912,-3.183295315128913,-8.322420887516111,0.8730359033596673,5.697313635801505,2.3618320200300413,0.0010000000068258476,0.001000000004225353,0.000999999994732563,0.0009999999991656542,0.0009999999932764243,0.001000000007190921,7.00063867325667e-6,7.000638767078089e-6,0.5543219508129692,0.16632810870204445,0.2765958972816952,0.02753819210127627,0.0001707182390808877,0.00019090112325079677,0.000343599775910219,0.0011039999999999772,0.0011039999999999737,0.001103999999999981,0.0010010399999999921,0.001001039999999999,0.0010010399999999921,3.6232335107525864,1.3497833944383963,7.907017052549585,-0.34700499682027774,0.09655624831403574,-0.20914750158015144,2.158125066757202,-16.47187614440918,-48.34875144958496,1006.1099853515624,-0.9782377828330037,51.123153124055975
2025-06-14T21:18:17.400Z,40.074174107440236,-75.24018371039799,54.209914255334276,1.9300484113489063,-1.4383841142722098,-9.424416241124842,0.8743201783044336,5.76139802013414,2.3118970085828776,0.001000000006684229,0.001000000004211095,0.000999999995059249,0.0009999999994094952,0.0009999999930899888,0.0010000000070556582,8.000638623665775e-6,8.00063878639354e-6,0.5552087837047849,0.19882234810028016,0.3420543168180094,0.030277330387505626,0.00016856508642343638,0.00020005116427202968,0.000364080150692559,0.001104999999999978,0.0011049999999999743,0.0011049999999999797,0.0010010499999999912,0.0010010499999999981,0.0010010499999999912,3.158450133634735,0.39821668833733925,9.21480033832653,-0.06422249816647181,0.021096249095368575,-0.19157499767068878,5.090625190734864,-12.433125686645507,-49.15312728881836,1006.1499633789062,-0.030971956714597428,50.95607745385492
2025-06-14T21:18:18Z,40.07410004249124,-75.2401845138242,48.920777875166145,5.551251850814765,0.4212377986294701,-11.43142386183276,1.198520257259179,5.896213391810056,1.9588624416312914,0.001000000006586142,0.001000000004493803,0.0009999999949587373,0.0009999999998251186,0.0009999999931079827,0.0010000000072247243,9.000638486985352e-6,9.000638827446297e-6,0.5859437159264631,0.24686364052926546,0.4606076263267046,0.03864336718215913,0.00017589805858826392,0.00019450218998941595,0.00042640560200601056,0.0011059999999999774,0.0011059999999999738,0.0011059999999999803,0.0010010599999999911,0.0010010599999999985,0.0010010599999999913,2.15511886977481,1.7927563508706896,8.548869179730588,0.2890837510830108,-0.36221249794269017,-0.48433999515285336,4.93541685740153,-11.306250466240776,-49.16875203450521,1006.1199951171876,-0.7836256535108954,50.69270825825107
2025-06-14T21:18:18.600Z,40.073913219521884,-75.24016406050974,43.0957179452315,9.490275547586915,4.052454736552066,-14.022298499275875,0.9782179264540882,5.963030094052464,2.087821306962964,0.0010000000066738507,0.001000000004660482,0.0009999999951555761,0.000999999999954526,0.0009999999932320382,0.00100000000702658,0.000010000638170749388,0.00001000063888774893,0.6201090324111781,0.31269759044885326,0.6008365397117139,0.054320015345743815,0.00016947928774109586,0.00021162954760575384,0.00042019135796621514,0.0011069999999999784,0.0011069999999999745,0.001106999999999981,0.001001069999999991,0.001001069999999999,0.001001069999999992,3.9321314265662135,-0.5741125362262365,9.223231719975745,-0.2939987460373083,0.22947749959621602,-0.0037362516222125743,2.0812500847710504,-11.714583820766872,-48.985418955485024,1006.1199951171876,0.26206942527988236,50.40961445740968
2025-06-14T21:18:19.200Z,40.07352661535029,-75.24012315769032,37.21290876700789,12.803617141518208,6.158625824984678,-14.923421529764775,0.9305114310191036,6.039825421770618,2.012954586930422,0.0010000000064080115,0.0010000000044421426,0.0009999999954354978,0.0010000000002939272,0.0009999999929655487,0.001000000007323011,0.000011000637542903171,0.0000110006389739936,0.6657412896245601,0.3913389646175971,0.7781461188580239,0.0710236723171889,0.00017587566400512262,0.00021732473108569474,0.0004387921033165079,0.0011079999999999786,0.0011079999999999747,0.0011079999999999814,0.0010010799999999914,0.0010010799999999997,0.0010010799999999925,2.3510938605003378,1.8461188396168835,9.519387768750267,-0.10083874894674041,-0.030425001044508952,-0.17209124735700407,6.075000333786011,-12.13687572479248,-48.30937728881836,1006.1199951171876,0.19665017952320363,50.17967937604514
2025-06-14T21:18:19.800Z,40.072870951147756,-75.24006510919078,32.07785676873168,15.92202219463739,10.100647352525787,-15.148696627069647,0.5701919911333712,6.125805992559914,2.0323772164889493,0.0010000000068672802,0.0010000000046779495,0.0009999999951749265,0.0010000000002882347,0.000999999993133397,0.0010000000070365484,0.000012000636440850818,0.000012000639095455956,0.7293895052113492,0.517784786477901,0.9943238278464196,0.09616151470527708,0.0001763750553515017,0.00022834588727698476,0.0004506767560331309,0.0011089999999999774,0.0011089999999999757,0.0011089999999999802,0.0010010899999999918,0.0010010899999999992,0.0010010899999999918,4.953971654068125,-1.3323143253370837,10.721729137970176,-0.5861388838559016,0.12731805626426915,-0.07350833077467638,5.167968928813934,-4.985156446695328,-49.69687747955322,1006.1300048828124,2.104289465637551,50.212889006208044
2025-06-14T21:18:20.500Z,40.071801717745494,-75.23998929906058,27.1421506936459,17.516068179112555,11.381252047109184,-14.526892053410197,0.6762986053596077,6.030797899750885,2.0040782858790385,0.0010000000067870323,0.0010000000047121413,0.0009999999948319884,0.0010000000002083297,0.0009999999930238967,0.0010000000066818324,0.000013000634498122246,0.000013000639293021096,0.8455661492799618,0.6443349248792729,1.233442877101068,0.11000851778428022,0.00018948599940863975,0.00023677513314917026,0.0004591168057152637,0.001109999999999978,0.0011099999999999754,0.0011099999999999808,0.0010010999999999922,0.0010011000000000002,0.0010010999999999922,2.526200126641082,1.1942000677538822,9.334715484623965,0.19541874940105755,-0.1364099981418131,0.05433000085730528,8.139375400543212,-6.496875286102295,-47.836876678466794,1006.1300048828124,-0.037713817506946835,48.957334707999145
2025-06-14T21:18:21.500Z,40.06993617280264,-75.23989492611673,21.630729653478937,20.419697776160653,13.139986970272494,-13.72115967367073,0.5609465834285562,6.068229375615857,2.144525117385321,0.0010000000070349824,0.00100000000461534,0.0009999999949729498,0.0010000000004173233,0.000999999993238401,0.0010000000070128794,0.00001400063057549607,0.000014000639708237721,1.1117247477382648,0.8523461809066355,1.6657766830825604,0.14026011304962285,0.00017684804606878714,0.0002534079572508856,0.00045870083222535046,0.0011109999999999777,0.001110999999999975,0.0011109999999999814,0.0010011099999999917,0.00100111,0.0010011099999999917,2.443185870027567,-0.4438642998895764,9.803428918026233,-0.01675138890722692,0.10951944395603964,0.10039860957192757,10.681250360276964,-8.772916899787056,-46.64375220404731,1006.1300048828124,0.331138769700867,48.64861624183541
2025-06-14T21:18:22.900Z,40.066914045908355,-75.23981217871541,19.27099011272289,22.16702987830964,14.056876564907103,-10.2270144436546,0.42102494455031825,6.0919233052999795,2.114984315607764,0.0010000000068193155,0.0010000000048257958,0.0009999999950801952,0.0010000000002641115,0.000999999993283247,0.0010000000070406387,0.000015000622570467986,0.000015000640639875149,1.6109709265735073,1.2180644033320043,2.3616601480948565,0.16518851395010806,0.00015973642363093912,0.00026275774725401704,0.00046900497319613563,0.001111999999999977,0.0011119999999999759,0.0011119999999999806,0.0010011199999999908,0.0010011200000000005,0.0010011199999999908,2.539983438484786,-0.4828833528339657,10.349000381474754,-0.026946250278919965,0.00407374983957059,-0.009662500425735512,10.764375400543212,-8.615625476837158,-46.73625183105469,1006.1300048828124,0.8850655909666727,48.72753913198338
2025-06-14T21:18:30.500Z,40.07437134977307,-75.2400359225699,54.08475717400547,10.039844626878102,282.7015052312565,-7.564350377325977,1.0288498867316151,5.917033688767373,2.8396623449336267,0.0010000000087570938,0.0010000000117085207,0.001000000003283761,0.001000000000505144,0.0010000000010796648,0.0010000000097551527,1.059321397100906e-9,1.059321157160196e-9,0.4808554009536248,2.1071027508066207,0.2935355612373496,0.42803218100666196,0.000019597990907658233,0.00018995155299941901,0.000044983375202627234,0.0011129999999999762,0.0011129999999999753,0.0011129999999999799,0.0010011299999999903,0.0010011299999999998,0.0010011299999999903,9.264883922570085,2.0672334568717172,6.614667078235036,1.4716387500760297,0.9078337481089048,0.38795999490510685,-51.53541904025607,24.189584096272785,-31.79166751437717,1006.1399536132812,1.7455899484591426,65.20535943847516
2025-06-14T21:18:35.400Z,40.08153620148793,-75.2225762224739,-61.8684755942206,42.488326510706855,313.1345338571254,-85.69307942990613,2.112295550409454,0.08512224088556275,2.724398129047899,0.001000000009079885,0.0010000000121039995,0.0010000000038615751,0.0010000000003181856,0.0010000000015587735,0.0010000000101365206,1.0010595906158355e-6,1.0010596301407876e-6,2.970566060701752,2.9046365804587544,0.38754128626302115,0.15130034256064973,0.00003095641196379567,0.0001842654393021471,0.00005280301577424565,0.0011139999999999755,0.0011139999999999755,0.0011139999999999794,0.0010011399999999902,0.0010011400000000006,0.0010011399999999902,-6.349783599014562,-3.438766869874583,7.8359670973850895,0.7618087401385024,-0.0344675014029809,-0.5640899965860644,-15.894375705718994,29.334376335144043,-13.404375648498535,1006.1300048828124,0.8249223549049352,35.95567341630063
2025-06-14T21:18:40.500Z,40.074397755121645,-75.24000963060865,29.87681383578172,56.89464825498893,361.45417192706367,-42.44720572152319,0.6430042133791223,0.18729382275094944,2.4696726787655527,0.0010000000110949997,0.0010000000202200923,0.0010000000129341833,0.0010000000003865472,0.0010000000109552734,0.0010000000138903297,1.0431359861449317e-9,1.0431358917009779e-9,0.4976876780562926,1.3905718151871922,0.275745942831968,0.056561571758202346,0.000033109509558821906,0.00018673501659781063,0.0000439611680524291,0.0011149999999999745,0.0011149999999999745,0.0011149999999999782,0.001001149999999989,0.0010011499999999997,0.0010011499999999889,3.6924334701871144,0.9826833824592985,9.128550404014964,-0.3411749998334252,0.005971248982778085,-0.053524995068911466,5.846250200271607,-12.459375476837158,-42.45375213623047,1006.0799560546876,0.05430291904885827,44.628816019537155
2025-06-14T21:18:45.400Z,40.083422175488145,-75.21972563898217,-57.070417216571855,107.19385213488201,338.8442773294474,-10.208794280312738,0.26309617251018147,0.23153561094161174,1.2519659903646088,0.0010000000113007852,0.001000000019958793,0.0010000000128335784,0.0009999999999067385,0.001000000011165422,0.0010000000135462798,1.0010433119306818e-6,1.001043496548084e-6,3.0744676689969905,1.106270041695032,0.5299494963814714,0.4246736384141249,0.00011178843705820698,0.0000436955062771247,0.00005057839627063145,0.001115999999999974,0.001115999999999974,0.0011159999999999775,0.0010011599999999888,0.0010011599999999992,0.0010011599999999888,-5.489683541626898,0.8516667091379356,7.964683672150287,0.2875208312004251,-0.4700277808351927,-0.40486805601979203,8.50833378897773,22.193751017252605,-43.6000010172526,1006.1099853515624,-0.1272242716317158,49.657923598526644
2025-06-14T21:18:50.500Z,40.07447727058733,-75.23987916699575,52.71528266758852,76.52291036029708,217.5929666612808,-8.704944106045415,6.279834630420359,5.359446548677126,1.4279584418261448,0.00100000001187489,0.001000000023461308,0.0010000000164748577,0.001000000000170505,0.0010000000149343491,0.0010000000150039887,1.5468705754516092e-9,1.5468706252689045e-9,0.4954759877445146,0.7149415986460096,0.3876108932782565,0.175435870387864,0.00006158795523004889,0.00004301843634539602,0.00010676000380129877,0.0011169999999999728,0.0011169999999999728,0.0011169999999999767,0.0010011699999999887,0.0010011699999999991,0.0010011699999999887,-7.3135903129690645,0.627800028542587,7.491995309816878,0.13698124976465492,-0.4731612472198799,0.18033499881760662,-15.46500072479248,14.668125629425049,-29.09062614440918,1006.1799926757812,0.6757370604037757,36.06356923500057
2025-06-14T21:18:55.400Z,40.080289519869766,-75.22823369788435,6.43429852190431,52.7725425854594,183.86008203019483,-25.133391724724802,6.2366169681490575,5.5043806626192096,1.471521946921396,0.001000000011989551,0.0010000000238925353,0.0010000000166882368,0.0010000000000991189,0.001000000015055831,0.001000000015322865,1.0015470093978141e-6,1.001547210049664e-6,3.0522828787321785,0.9128996502565055,0.31882482693579756,0.1869633121188559,0.00006963065648893709,0.00003646027448663768,0.00011440910500831627,0.001117999999999973,0.001117999999999973,0.0011179999999999769,0.0010011799999999878,0.0010011799999999982,0.0010011799999999878,-2.7953876087784306,4.095256434893988,8.705375360472416,-0.000709722223965616,0.00003888886832518427,-0.0011680555696488776,-3.343750105963813,34.279168446858726,-38.81250127156576,1006.1900024414062,0.21183974862435245,51.89072211898675
2025-06-14T21:19:00.600Z,40.07445772267825,-75.2399768799804,50.502631830879785,29.564780851151188,139.70991330825728,-16.67032729630579,6.271358214730744,5.722857725495213,1.4355196416047862,0.0010000000122237288,0.0010000000261745164,0.0010000000193363273,0.0010000000004544392,0.0010000000177937366,0.0010000000162843008,1.524471817819888e-9,1.5244719150777676e-9,0.49984731462386345,0.8441848625945099,0.28459280429989237,0.05994822270346549,0.00007861463368554287,0.00002560240340149691,0.00011433104574160889,0.0011189999999999722,0.0011189999999999722,0.0011189999999999779,0.0010011899999999882,0.0010011899999999988,0.0010011899999999882,-2.047083423838419,2.9090167751073333,9.396866990814475,-0.0009140625005647813,-0.0004671875179429809,-0.001550000012342565,-4.637500180138482,44.293751610649956,-35.122918446858726,1006.199951171875,0.24846653038234395,56.719101570558635
2025-06-14T21:19:05.400Z,40.07758156901432,-75.23278493917365,-13.905549009777928,15.40584444223256,113.0603674080592,-21.68090052345447,0.10232645276030954,5.809702902716012,1.3355780005179,0.0010000000125895282,0.0010000000264159322,0.0010000000194087624,0.0010000000004594008,0.001000000017573411,0.0010000000163717067,1.0015245976143359e-6,1.0015247799255652e-6,2.168574676903212,1.2735761387358646,0.37907530096251324,0.11764687655557403,0.00008115759114273212,0.00003080144013411744,0.00011946763222681207,0.0011199999999999724,0.0011199999999999721,0.0011199999999999767,0.0010011999999999881,0.0010011999999999987,0.0010011999999999881,-2.557550105425025,2.6329001125497804,9.337767157641254,-0.0008472222235045058,-0.0009541666847087477,-0.0007402777954693897,-3.532500076293945,45.901876831054686,-34.99312629699707,1006.199951171875,0.2383091394945244,57.82710326308103
2025-06-14T21:19:10.700Z,40.074461891565726,-75.23989620020068,48.37255548980206,18.916602713713495,84.29668504916103,-6.525979557309154,0.3885848210493546,5.979704970836785,1.1608198919309343,0.001000000013247696,0.0010000000275788886,0.0010000000212905898,0.0010000000001541922,0.0010000000185426583,0.0010000000172491281,1.3604668009806691e-9,1.3604667373915454e-9,0.47565398010270615,1.0120268021216157,0.37150786186306556,0.03333220454603289,0.00007106345887195171,0.00002789243443454954,0.00010493907215714287,0.0011209999999999712,0.0011209999999999712,0.0011209999999999768,0.0010012099999999878,0.0010012099999999985,0.0010012099999999878,-2.5450001222948293,2.6302334802151477,9.329550405694839,-0.0011069444443243452,-0.0013361111268632333,-0.0011527777933215957,-3.4166667991214332,45.697918785942925,-35.043751610649956,1006.2099609375,0.23084874440435232,57.68909831981443
2025-06-14T21:19:15.400Z,40.07619246728574,-75.23581014372732,19.14669188857215,14.37124691347654,62.120075247443964,-10.260367009565709,0.3844388609807874,6.013526281816199,1.1550079432099734,0.0010000000132010954,0.001000000027331657,0.0010000000215200022,0.0009999999999677257,0.0010000000186485122,0.0010000000168814078,1.001360590213665e-6,1.0013608698302563e-6,1.5602540618497533,1.4694802168023713,0.5335408487145279,0.06262873674098265,0.00008123377532956882,0.00003458408551221539,0.00011509623383054162,0.0011219999999999718,0.0011219999999999715,0.0011219999999999765,0.0010012199999999876,0.0010012199999999982,0.0010012199999999874,-2.5924750993384276,2.640518831225473,9.331231640794444,-0.0015652777748689478,-0.0007097222423378027,-0.0007861111295191837,-3.8687501748402915,45.675001780192055,-35.029167599148224,1006.2099609375,0.25028174799409614,57.69063825754966
2025-06-14T21:19:20.600Z,40.07751281829963,-75.23187060331065,13.122723858467971,10.086528359784914,48.21044947380295,-7.86216509461528,0.3435717057422222,6.122802334106539,1.1818351395075959,0.001000000013286712,0.001000000027337605,0.0010000000215961424,0.0010000000003497938,0.001000000018568175,0.0010000000172361025,2.0013610862187053e-6,2.0013624361579536e-6,2.975675674830134,2.226470367625927,0.7278412835880627,0.07484463643056931,0.00008945391433644918,0.000034287858072509455,0.0001234382633150219,0.0011229999999999712,0.0011229999999999712,0.0011229999999999751,0.001001229999999987,0.001001229999999998,0.0010012299999999862,-2.565721550273472,2.6551358996526697,9.348693298318324,-0.0015843749968012257,0.0025234373458440373,-0.00019218752125864532,-3.8742189109325413,45.52031373977661,-33.83203172683716,1006.219970703125,0.26531143043191613,56.84812341429675
2025-06-14T21:19:26.400Z,40.07441985157836,-75.2399970409866,53.53878181750615,7.909304580674922,35.42174627220415,-2.5851613453360742,0.31028877380823994,6.195950664794054,1.2012794793379362,0.0010000000134198028,0.0010000000280882783,0.001000000022170914,0.0010000000001587966,0.0010000000191106246,0.0010000000170774556,1.1310435864629316e-9,1.131043562619453e-9,0.4591095866120689,1.2878662323091408,0.46514758901108266,0.026311750822048025,0.00007559729554594022,0.00002851412388978724,0.00012310376707547018,0.0011239999999999722,0.0011239999999999722,0.001123999999999976,0.0010012399999999868,0.0010012399999999979,0.001001239999999987,-2.564435861055854,2.6278572719845554,9.29842185535996,-0.0014640624978352187,-0.0036124999462044125,-0.0013609375152803275,-3.801562607288361,45.47343873977661,-34.125000953674316,1006.2099609375,0.2126376633868431,56.98065825970299
2025-06-14T21:19:31.100Z,40.07504747589122,-75.23839347503318,42.29824755760656,3.485351542606777,21.63394739932521,-3.529272158913912,0.30267537783215237,6.213612828365029,1.2012997288181988,0.001000000013113098,0.001000000028167404,0.0010000000219898238,0.0010000000000339108,0.0010000000189998198,0.0010000000172262122,1.0011312022744217e-6,1.0011315322049327e-6,1.3061249470210112,1.8019306147503227,0.6394530582603399,0.04342792720223831,0.00008463122637668012,0.000035999626406998096,0.00013175830664816562,0.001124999999999973,0.001124999999999973,0.001124999999999977,0.0010012499999999863,0.001001249999999997,0.0010012499999999863,-2.5850167999401776,2.6508834696594796,9.333233813793477,-0.00032625000380956653,0.0008562498311327055,-0.0016600000135011156,-3.722916735543145,45.8500010172526,-34.275001525878906,1006.199951171875,0.2580313278598712,57.36595339827579
2025-06-14T21:19:35.500Z,40.06652061022201,-75.24708610085774,141.48970321942068,-726.3926075248729,-345.010717678596,82.97239450999979,6.209513075369777,0.9583786949041109,0.6082154292052988,0.0010000000134800966,0.001000000029783596,0.001000000022153482,0.0009999999982746148,0.001000000020608739,0.0010000000181286403,2.001132977148118e-6,2.0011377554214193e-6,4.5110694256367765,11.063832598708057,17.590433908488265,1.1654949951430025,0.00008960652645309474,0.00005545759891873698,0.00013152900500171835,0.0011259999999999719,0.0011259999999999719,0.0011259999999999764,0.0010012599999999867,0.0010012599999999975,0.001001259999999987,-13.676185775769948,-3.0111852178855285,-3.0430001238804416,3.2415250098108905,3.663086222629621,-2.2084662685566547,11.966250610351562,61.83937721252441,-14.763750553131104,1006.199951171875,4.487346192633211,64.69359699755053
2025-06-14T21:19:40.600Z,40.074433492604534,-75.23987177771073,86.98885052141031,-553.0500381935475,-291.3218301478103,6.274129185272585,0.12502012814342164,0.6223772968478218,6.196313608543128,0.0010000000164655518,0.0010000000366354451,0.001000000016525736,0.0009999999776166108,0.0010000000262432437,0.0010000000274997345,1.3071281528490992e-9,1.307128201096889e-9,0.44026965247138394,0.9675347732900329,1.7194484078864212,0.08633918506707348,0.00004022143310565005,0.000048194066172118586,0.00004597041584439426,0.0011269999999999724,0.0011269999999999724,0.0011269999999999765,0.0010012699999999864,0.0010012699999999968,0.0010012699999999862,1.7791572254591066,9.340850553210311,3.0430359115379053,0.0027125000481318575,0.004185714436575304,-0.003985714021572326,-19.640625715255737,-20.196094751358032,-13.000781893730164,1006.1699829101562,0.17474825458014326,31.026659543548142
2025-06-14T21:19:45.500Z,40.056680812026165,-75.25545836629223,41.60800358053698,-526.9903140841659,-250.42919422850423,-27.674651297114476,0.1439715494681335,0.5892054553119552,6.175698565173586,0.0010000000167777778,0.0010000000366367503,0.0010000000167600617,0.0009999999776327977,0.0010000000262094806,0.0010000000273405636,1.001307319524571e-6,1.00130877865729e-6,2.617188379253872,0.9808630126447174,1.577126369333135,0.17408482230514216,0.00003792259189270424,0.000048818597387202476,0.00005433910443380669,0.0011279999999999715,0.0011279999999999713,0.0011279999999999754,0.0010012799999999872,0.0010012799999999978,0.0010012799999999872,1.778105091078505,9.366515373193346,2.976095150931045,-0.0017287499736678208,-0.0012337500715428038,-0.0013575000721287043,-19.582500457763672,-19.36125068664551,-12.939375495910644,1006.1699829101562,0.18175615304839157,30.426250224789985
2025-06-14T21:19:50.700Z,40.074362823774464,-75.24004065244368,57.967260185992366,-342.89116323270594,-171.78795667201095,-26.422221377393328,0.45345772158898073,0.4909736669939009,5.466769095698263,0.0010000000174323063,0.0010000000399343497,0.001000000013870657,0.000999999969142395,0.0010000000288374368,0.0010000000316795024,1.1256532791007604e-9,1.1256531955837726e-9,0.40417837897244446,0.6918718593457859,0.8569741328746432,0.04537376055888286,0.00002771755445029702,0.00004312950592295277,0.00005715189685028099,0.0011289999999999725,0.0011289999999999705,0.0011289999999999762,0.0010012899999999863,0.0010012899999999971,0.0010012899999999863,1.7886334065163576,9.386650489770492,3.0066667997404553,0.0013375000097012126,0.0005400001517103295,-0.0016874999770491437,-19.848750877380372,-18.885000801086427,-13.498125553131104,1006.1599731445312,0.23318407210753944,30.541978654577083
2025-06-14T21:19:55.500Z,40.063101992111804,-75.24999376448757,-40.88636407116958,-309.8896017902172,-177.6336031120096,-27.46007602259576,0.3845449106112908,5.742300431471516,4.7435999661038775,0.0010000000173524654,0.0010000000402530097,0.0010000000133981192,0.0009999999690439314,0.0010000000291120513,0.0010000000318675848,1.001125808770145e-6,1.0011264636403686e-6,1.857225587333459,0.728249849780072,0.8922910747107459,0.09333990625941399,0.00003498859868574441,0.00004994252620789189,0.00008812496329964114,0.0011299999999999728,0.0011299999999999698,0.0011299999999999763,0.0010012999999999867,0.001001299999999997,0.0010012999999999867,3.1187835074356385,8.75636702809049,3.8184501134945656,-0.0755112489600357,-0.45322374799751114,-0.0987624990362819,-21.039584477742512,-23.74166742960612,10.356250445048014,1006.1900024414062,0.26843598935240287,33.37033748265902
2025-06-14T21:20:00.700Z,40.074385521555065,-75.24001599291392,43.99561112744091,-232.77439908147662,-149.47266912727784,-11.341475712913939,1.143974974917011,5.431232046338259,3.951555722072539,0.0010000000173934864,0.001000000042572952,0.0010000000117140891,0.0009999999635404249,0.0010000000307533758,0.001000000035097028,1.0391717315134976e-9,1.0391717752442747e-9,0.38594609871833907,0.5489522639714571,0.7719846416243344,0.031180131928775077,0.000036374688084081616,0.00005042988303464078,0.00008128489027701135,0.0011309999999999732,0.0011309999999999695,0.001130999999999977,0.001001309999999987,0.0010013099999999977,0.0010013099999999868,1.8803750892704054,9.931887911756316,1.0421375354394447,0.02097249972563123,-0.056659999354983476,-0.02876124983487418,-13.192500495910645,-25.426876068115234,18.575625801086424,1006.219970703125,0.38625143776719334,34.141155582723655
2025-06-14T21:20:05.500Z,40.06609851167776,-75.24841675960567,-6.603359537139909,-208.8076173061772,-147.08437528629102,-16.15462737090527,1.8357925248839828,5.584456205055316,2.69164648875782,0.001000000017530942,0.0010000000426695851,0.0010000000117981233,0.0009999999632169837,0.0010000000310510578,0.0010000000352197802,1.001039344675325e-6,1.001040088960898e-6,1.440303291479837,0.6012213887569493,1.1982125387795228,0.05825604431129658,0.0001060853897806953,0.00002173897904386601,0.00012476913099396158,0.0011319999999999735,0.00113199999999997,0.0011319999999999774,0.0010013199999999865,0.0010013199999999974,0.0010013199999999868,2.3126501179627157,9.540667302406971,0.5416666893775677,-0.0713174989305919,-0.25280374685024953,-0.043212499946062556,10.186875438690185,-29.566876220703126,15.961875724792481,1006.0899658203124,0.05774625500024759,35.11054704425083
2025-06-14T21:20:10.600Z,40.05652592416958,-75.25803586464694,-16.057492597126924,-192.25047224397355,-153.2018761087019,-13.681149317305282,1.6059836522647402,5.696695980000728,2.6894219221581244,0.0010000000173845678,0.001000000042636471,0.0010000000117536408,0.0009999999630806793,0.0010000000309468864,0.0010000000351925442,2.0010399524454915e-6,2.0010439433713975e-6,2.882155917265769,0.6543762485751695,1.977214759798554,0.07598564674381934,0.00009945647339877109,0.000029476177161955516,0.00012644878240126233,0.0011329999999999737,0.0011329999999999702,0.0011329999999999776,0.0010013299999999854,0.001001329999999997,0.0010013299999999854,0.9751167019430327,9.575667043855171,1.2108833954198686,-0.027491667210697797,-0.020479165919545968,-0.00011388841150872405,14.141250610351562,-28.10437602996826,14.043750667572022,1005.8399658203124,-0.07165051579953394,34.453655205445756
2025-06-14T21:20:15.500Z,40.074360560144235,-75.24005475470734,53.822640056075784,-156.0899544003623,-87.22039598016546,-7.17620330800866,2.4643584531065286,5.896584845353707,2.7277801483169615,0.0010000000175615206,0.0010000000439580505,0.0010000000103741254,0.0009999999608841178,0.001000000031917807,0.0010000000371335608,1.328409088245047e-9,1.3284090753886366e-9,0.35786890120728193,0.5178481414910857,1.2686813497657035,0.04729514696716896,0.000057845713453323356,0.00003610459444139379,0.00010582538384555554,0.0011339999999999734,0.0011339999999999697,0.0011339999999999773,0.0010013399999999856,0.0010013399999999964,0.0010013399999999856,1.4644100686137875,10.061915372805874,1.02260005675571,0.19521249739047306,-0.02645125045183016,-0.0012887500801940343,13.72312536239624,-29.473126029968263,14.551875591278076,1005.3999633789062,0.4436024472382471,35.619415991762736
2025-06-14T21:20:23.500Z,40.066573049363924,-75.24757272631261,-7.51800585868952,-138.62545876285222,-50.14935569465034,-22.7944642105603,2.5046220763318456,6.070110235567032,2.499180727453518,0.0010000000175655363,0.001000000044286667,0.0010000000102236644,0.0009999999605562768,0.0010000000317415445,0.0010000000370061746,1.001328983018015e-6,1.001332118440018e-6,3.6839804381804004,1.2109562544385466,1.6712277751413607,0.1447531347626556,0.000024763868178684193,0.00005018347188932746,0.00010023878788928628,0.001134999999999973,0.0011349999999999691,0.0011349999999999767,0.0010013499999999868,0.0010013499999999972,0.0010013499999999868,1.659256346670113,9.291613089040668,1.4545063340709181,0.0401296878401193,-0.06113906238067101,0.017064062830645713,7.244531571865082,-28.832813501358032,14.557031869888306,1004.8299560546876,-0.22812784080603993,33.10163423887319
2025-06-14T21:20:25.500Z,40.07420374082278,-75.24018499835974,61.106616421411836,-98.21766265189224,-57.811684889064026,-15.07829254320408,2.414532557874622,6.01064882745144,2.4244698916867513,0.0010000000173510182,0.0010000000453221308,0.0010000000098394988,0.00099999995933967,0.0010000000317771892,0.0010000000376890433,2.2086680600227065e-9,2.2086680406367185e-9,0.3919155886287691,0.7580799046554045,0.8649818333507813,0.033127909795201686,0.00002424963225303489,0.00005594328366084054,0.00007701230192902627,0.0011359999999999734,0.0011359999999999697,0.001135999999999977,0.0010013599999999876,0.0010013599999999974,0.0010013599999999876,1.1043687901991783,9.533750461534083,2.2528625895874783,0.04719374942905491,0.02106875066358389,-0.0422671861492424,13.598438143730164,-29.409376621246338,12.696094274520874,1004.7699584960938,0.08245008665488346,34.79965848868141
2025-06-14T21:20:30.500Z,40.07126010939531,-75.24291707285815,-30.44187512477975,-66.14333781669914,-31.873612036606005,-33.15544301324293,2.3776366120239025,6.051318398270171,2.124548777235805,0.0010000000175991407,0.0010000000451866628,0.0010000000097495675,0.0009999999591278532,0.0010000000315439075,0.001000000037711683,1.0022087924614837e-6,1.002209737702127e-6,1.7717886777582792,1.151195457141444,1.2181407391304606,0.08702958236124264,0.00003257147369689016,0.00006267920448752038,0.00008638153881448809,0.001136999999999974,0.0011369999999999703,0.0011369999999999779,0.001001369999999988,0.0010013699999999977,0.001001369999999988,1.6134875585859356,9.410881685211637,2.757612591763432,-0.0010859372842509966,-0.05252812510181263,0.03265312507099629,12.543750524520874,-29.64140748977661,12.569531679153442,1004.5399780273438,0.16081259890959712,34.55355748147858
2025-06-14T21:20:35.600Z,40.072862323890696,-75.24159919307779,59.758361323774515,-21.328015306874892,-41.11723106853403,-11.547014326838005,1.9953759875091333,6.049192400827927,1.807974072276195,0.001000000017523918,0.001000000044601368,0.0010000000100037175,0.0009999999578196215,0.0010000000316158736,0.0010000000382373799,1.794359166814852e-9,1.7943591560899735e-9,0.408812677708084,0.7696147079956671,0.8349005324564338,0.03899452392810917,0.00003164351200443869,0.00006594730066233438,0.00006771344254722656,0.001137999999999973,0.0011379999999999691,0.001137999999999977,0.0010013799999999866,0.0010013799999999975,0.0010013799999999868,1.8472438400211773,9.209525512650126,2.3372376134298105,-0.007352500669764233,-0.040751249583316954,-0.0027049998887745735,13.548750686645509,-27.928126335144043,11.9662504196167,1004.47998046875,-0.09670311080532566,33.267651830169704
2025-06-14T21:20:40.600Z,40.071519025696276,-75.24390444756112,11.131258452828725,4.332868159286771,-36.84061972940163,-15.073592741445648,1.9234029295515547,6.092289115039734,1.7844592012445895,0.001000000017862114,0.0010000000445004136,0.0010000000102345504,0.0009999999580360412,0.0010000000318623648,0.0010000000381942943,1.0017944800519534e-6,1.0017954197638233e-6,1.787172927006078,0.9006802349817181,1.24082084919898,0.08051496910992342,0.00003577051891309702,0.00007530910536311223,0.00007733582800523476,0.0011389999999999736,0.00113899999999997,0.0011389999999999775,0.001001389999999987,0.0010013899999999978,0.001001389999999987,1.4975750675026178,9.574415515855057,2.292605124940405,0.0013100000296633885,-0.0005600001736984436,-0.00281499993527034,17.225625801086426,-27.995626068115236,1.6650000929832458,1004.469970703125,0.18188604359856156,32.912704961596795
2025-06-14T21:20:47Z,40.07206325074653,-75.24273179693576,64.34530635223827,14.222963974474759,-6.5892798638054515,-3.4116922502658102,1.4448412447896855,6.272553612120571,0.4752499294360269,0.0010000000179374324,0.0010000000446921471,0.0010000000103885212,0.0009999999580277165,0.0010000000319578684,0.0010000000381475745,6.659204384929385e-9,6.659204324840648e-9,0.6302004842096044,0.6346991498499585,0.9815724369602971,0.034229803760508645,0.00007766674362510585,0.00002474118071702796,0.00008255905728680164,0.0011399999999999737,0.00113999999999997,0.0011399999999999783,0.0010013999999999878,0.0010013999999999984,0.0010013999999999878,3.869578799911076,9.368407653764093,0.5891643165417914,-0.10635937357222801,-0.5243937502225973,-0.028121875473308196,11.686607360839844,-26.09464372907366,-8.389286041259766,1004.4299926757812,0.3735808919688172,29.797387786617524
2025-06-14T21:20:50.600Z,40.07221761339876,-75.24296868251585,59.40158084381097,18.884896380978866,-4.311150027437844,-1.0170498639432006,1.496842165526805,0.01565616964441989,0.4412368450596244,0.0010000000177718116,0.0010000000448765155,0.0010000000101515537,0.0009999999579242173,0.0010000000321020944,0.0010000000383177507,1.006659285181405e-6,1.0066598221689744e-6,1.2733853135939626,0.7326651783327817,1.306053279966386,0.03547259435502103,0.00008829309710536717,0.00003274213680971687,0.00009517224694144646,0.0011409999999999736,0.00114099999999997,0.0011409999999999773,0.0010014099999999886,0.001001409999999999,0.0010014099999999886,1.583578639676685,10.275007515998833,1.0078572076284884,0.01470937559713366,-0.008012500343205855,-0.01012656289614795,1.5991072143827163,-23.19910785130092,-16.49464362008231,1004.3899536132812,0.665149205433836,28.51010563720502
2025-06-14T21:20:55.900Z,40.07233209482156,-75.24339702428108,60.178273175666945,26.09735127119455,-7.956337180131537,-1.5084842519010473,1.483773991100768,6.24913476132783,0.3781689334846713,0.0010000000177175618,0.0010000000446468598,0.0010000000102293424,0.00099999995812846,0.0010000000317576146,0.0010000000385124743,2.0066596882896726e-6,2.0066638471030378e-6,2.3090846974796033,0.9202423685767797,2.0500218031249915,0.02974933537319168,0.00009909501252158186,0.00003783791955981011,0.0001021013600529557,0.0011419999999999744,0.0011419999999999688,0.0011419999999999764,0.0010014199999999883,0.001001419999999999,0.0010014199999999881,1.3792786384132323,9.397593221347073,1.9117143834216919,-0.002214583051845533,-0.01183958315147958,0.005760416824547515,1.877678666796003,-24.479465212140763,-16.41964340209961,1004.2899780273438,-0.0908147196692088,29.535937193341013
2025-06-14T21:21:00.600Z,40.073266136698386,-75.24298014524709,71.68855926120942,17.706910355304892,-2.3684890559705547,-1.6703042148943443,1.363572091075782,6.212277090310392,0.604681232649237,0.0010000000178693764,0.0010000000443549355,0.001000000010455859,0.0009999999578852968,0.0010000000319583078,0.0010000000385089588,1.4961386187815744e-9,1.4961386324106676e-9,0.6172730135162421,0.6332421661339435,1.2372946374905849,0.010290798576610093,0.00007000679361328024,0.00004160089819702594,0.00011053978162358921,0.001142999999999975,0.0011429999999999683,0.0011429999999999758,0.001001429999999989,0.0010014299999999998,0.0010014299999999872,0.9153875416675358,9.081144141152558,2.0385876169102417,-0.011312500160949805,0.04917222274644348,0.007677777692243859,1.8140625655651093,-23.75156331062317,-15.766406893730164,1004.199951171875,-0.42806267203688975,28.565788448358354
2025-06-14T21:21:05.800Z,40.073756894762646,-75.2429390831756,64.15966084325514,23.61603356283793,3.7113899525573317,-1.9942983739005031,1.323629100494664,0.1488909747872156,0.6248235179972073,0.0010000000177286768,0.0010000000440577941,0.0010000000104859513,0.0009999999578134862,0.0010000000321240218,0.0010000000385503723,1.0014964643698673e-6,1.0014979025904598e-6,1.1197860840028628,0.9373912968880342,1.9462479647323603,0.014187745624255168,0.00008008979591072341,0.00005137853921477016,0.00013926482644398348,0.001143999999999974,0.0011439999999999673,0.0011439999999999768,0.001001439999999989,0.0010014399999999997,0.0010014399999999865,1.3014500657936057,9.498367184064803,1.9705667565559097,-0.007201250063981547,0.01408374970004431,-0.04164499949230686,6.860416995154487,-23.327084223429363,-16.010416984558105,1004.1599731445312,0.006700386067402326,29.112689275403085
2025-06-14T21:21:10.600Z,40.07447517319372,-75.2438666866047,74.1688827899667,18.683422783686343,-3.554692402876892,3.1369267270767724,1.414045239088194,6.1340857427201385,0.7145074298706198,0.001000000017945564,0.0010000000438089422,0.001000000010528954,0.0009999999576803778,0.001000000031865594,0.0010000000383287657,4.548400887231657e-9,4.548400940869302e-9,0.5063915962017445,0.7439475761293268,1.2692266630601412,0.01020154554365387,0.00005930032717945293,0.00004387442873441567,0.00012937240005422759,0.0011449999999999746,0.001144999999999967,0.0011449999999999776,0.0010014499999999888,0.0010014499999999996,0.0010014499999999853,1.2436833964673881,10.235100408721946,2.4238834583389535,0.016916249758840905,0.004788750448736449,0.04858249997217843,6.986250209808349,-23.99812602996826,-14.799375629425048,1004.25,0.8114771022331058,29.047139544476426
2025-06-14T21:21:16.600Z,40.07472778981907,-75.24438780784149,91.27962687554616,27.30132598084443,-11.407454641008345,4.050762545253333,1.4633503897782554,6.1675907356976465,0.7044198588992787,0.0010000000181342407,0.0010000000434710408,0.001000000010757579,0.0009999999572951749,0.0010000000320168987,0.0010000000385531295,1.0045489647214563e-6,1.0045508801656462e-6,1.1129738542168295,1.196914677873114,2.0940543879532734,0.015306326104950575,0.00006804804589517439,0.00005241885805412639,0.00014036552276706208,0.0011459999999999743,0.0011459999999999667,0.0011459999999999782,0.001001459999999988,0.0010014599999999987,0.0010014599999999846,1.229964337058514,9.647407799813193,2.973007299957646,0.006035416515643707,-0.0019395835929383277,-0.003887500177902966,8.050000508626303,-21.818750699361164,-15.712500731150309,1004.489990234375,0.39056489934217026,28.06671018790172
2025-06-14T21:21:32Z,40.07535781918709,-75.24631311019348,71.39147995507612,68.77646550708346,0.26317290302323737,0.8985564259345381,1.5286061889543685,0.17144401971837706,0.7991181123869783,0.0010000000176785286,0.0010000000407224562,0.0010000000110924948,0.0009999999557292589,0.001000000032017949,0.001000000039492144,2.699570535668565e-8,2.6995708620497958e-8,0.8208385208003411,0.7855974212694488,1.6334184155440998,0.013061284887033129,0.000034028737236822494,0.000028862216227780116,0.00015947145987888194,0.0011469999999999749,0.0011469999999999675,0.0011469999999999788,0.0010014699999999891,0.0010014699999999995,0.0010014699999999854,1.7855501062556227,9.723567095395168,1.9986834347537867,0.0009387505909930352,0.0022450001366642247,-0.01642750004808987,6.153750324249268,-24.168751335144044,-13.706250476837159,1005.0799560546876,0.3050587989702717,28.45796194014916
2025-06-14T21:22:08.500Z,40.0811137638562,-75.25278760176448,61.862641730228006,137.6143359309092,-33.875676424007374,3.2476171409852594,1.5737730978509858,6.036248317348611,0.4871566209874835,0.001000000015305018,0.0010000000367993169,0.0010000000092828148,0.0009999999558043067,0.0010000000337780576,0.0010000000433703043,1.594591976814036e-8,1.5945927594520722e-8,1.2066909286738592,0.6682809541948621,1.7487721106771277,0.010392999099963423,0.00001882143274244184,0.000017947567821983798,0.00014646035840410273,0.0011479999999999756,0.001147999999999966,0.0011479999999999778,0.0010014799999999897,0.0010014800000000003,0.0010014799999999862,1.5330125709595324,9.556494044263172,2.3356063982137383,-0.0004671878078623213,-0.009318750103357237,0.012474999829284458,2.7023439109325413,-23.1867196559906,-14.489063143730164,1007.1300048828124,0.17679135293195153,27.474657284094302
2025-06-14T21:22:44.500Z,40.085706914136274,-75.2577348319562,64.11259020205033,20.0985735800074,-41.08689105969024,2.424179566996607,1.0060514347301437,5.890837834050402,0.3980428547202778,0.0010000000122894353,0.001000000032259203,0.0010000000097800462,0.0009999999549050193,0.0010000000370169082,0.001000000044073148,1.5943227366849134e-8,1.5943235405625018e-8,1.2175240881720897,1.2422752569532567,1.6296971237298088,0.00858268879425028,0.000017520062446367008,0.000015666233509380606,0.00013266818011405362,0.0011489999999999758,0.0011489999999999654,0.0011489999999999766,0.0010014899999999907,0.0010014900000000011,0.0010014899999999873,0.925385048016502,9.590195487939276,2.1908901502993263,-0.015849999782205765,-0.0025950006770611884,-0.0013162499019582846,8.276250457763672,-24.27750129699707,-13.974375438690185,1008.1099853515624,0.1046211462732833,29.209135464759935
2025-06-14T21:22:49.500Z,40.085444644833636,-75.25982370193972,65.42967623135156,6.345577969876198,-29.564293208443353,1.3249362813100625,1.0639323916727503,6.125406534300324,0.3599215902159499,0.0010000000117782743,0.0010000000322182812,0.0010000000099261257,0.0009999999548799508,0.0010000000373316146,0.001000000043635129,1.0159438117791556e-6,1.0159453873556447e-6,1.3790799580105069,1.4301982619406834,1.9979680977968794,0.01522055126244375,0.000025244289507172488,0.00002529453979748468,0.00014452985859158797,0.001149999999999975,0.0011499999999999646,0.001149999999999976,0.0010014999999999918,0.0010015000000000015,0.001001499999999988,1.42890507258736,9.789080547300504,2.24358509682631,0.010183333576530947,0.01799027800004107,-0.04683333230121149,9.316667132907444,-22.606250762939453,-12.545834011501736,1008.0,0.3668621578105415,27.481594227084276
2025-06-14T21:22:54.500Z,40.080736751096,-75.25343607365068,50.75597118597276,-2.5408869154969382,-8.060993098094512,-2.901911229767964,1.0348783164790152,6.031364972329154,0.2918714847170923,0.0010000000111452779,0.0010000000320408106,0.0010000000102479856,0.0009999999544536718,0.0010000000376456997,0.0010000000435209297,7.034487686468405e-8,7.034488075264489e-8,0.8844053904789442,0.8884642928502398,1.1598589785610143,0.014705965756094678,0.00003090200681533878,0.00003072526690394786,0.00014461690423033706,0.0011509999999999752,0.001150999999999965,0.0011509999999999765,0.0010015099999999924,0.001001510000000002,0.0010015099999999887,1.5450125766576763,9.165237831083504,2.167756365766136,-0.0022203126228905502,-0.0170015633237404,0.010910937915693171,7.235156536102295,-24.110157012939453,-14.791406750679016,1007.949951171875,-0.23545099613081333,29.19640236823563
2025-06-14T21:22:59.500Z,40.080799269168025,-75.25352071063088,37.605987693323726,-4.255527962103398,5.249722226901894,-2.498763741320046,1.0088882892393427,0.04861491092986135,0.4776486345643644,0.001000000011480086,0.001000000032166335,0.0010000000104720861,0.000999999954392867,0.0010000000380071484,0.0010000000434043927,1.0703453088872223e-6,1.0703463697133022e-6,1.440654348558359,1.1479102955910445,1.4208650866424308,0.02507778192070102,0.00003684572182289156,0.00004102565658079464,0.00015681090819571683,0.0011519999999999736,0.0011519999999999653,0.0011519999999999766,0.0010015199999999914,0.001001520000000002,0.001001519999999988,1.6038250992981407,9.620850490538027,2.8320001632270055,-0.0015499995440198219,0.06556718809118328,-0.033123437427664396,9.088393211364746,-22.89107186453683,-14.183036395481654,1008.25,0.37551254474311,28.421043236381625
2025-06-14T21:23:04.500Z,40.077862457723526,-75.24893156637623,34.691419088890996,-3.932573553640579,9.380716386409752,-3.0236632145333484,1.0986736233975336,0.086492261411737,0.7636788358307365,0.0010000000111054397,0.0010000000325672848,0.0010000000107643757,0.000999999954558583,0.0010000000378484874,0.0010000000432605046,4.747789103030947e-8,4.7477892436940055e-8,1.0259651864357247,0.8917653348433974,0.9120637187247637,0.022295967648629237,0.000036148830706394847,0.000042786730856537426,0.0001559056781003564,0.0011529999999999737,0.0011529999999999642,0.0011529999999999774,0.0010015299999999922,0.0010015300000000029,0.0010015299999999888,0.3987312541936276,9.438612984625122,2.511350171793956,0.006944444757444646,0.05260972318722877,0.018998610700641443,11.533333778381348,-23.55416742960612,-12.672917048136393,1008.5499877929688,-0.006260212126929669,29.127589348146554
2025-06-14T21:23:09.500Z,40.07809188780845,-75.24826737722783,25.948762362888534,-14.249775716349173,13.968139058294435,-1.538855341105613,1.084379573338682,5.883766620438913,0.7741641232382593,0.0010000000111900363,0.001000000032844845,0.001000000010861127,0.0009999999542427552,0.0010000000374663662,0.001000000043389114,1.0474783163278676e-6,1.0474790337898277e-6,1.7849972218666754,1.2812050977734724,1.196403542018064,0.028678109051074374,0.000048295102439512654,0.000052293053679456275,0.00016810960472992705,0.0011539999999999743,0.0011539999999999639,0.0011539999999999782,0.0010015399999999926,0.0010015400000000032,0.0010015399999999894,0.9125188001562614,9.644244240728236,2.4587000777613763,-0.004086111514608562,-0.04645138800783242,0.09431805370230062,12.594375705718992,-23.460000801086426,-11.160000419616699,1009.0199584960938,0.21251142907375267,28.870964926441722
2025-06-14T21:23:14.600Z,40.077804901376524,-75.24879668131895,28.088511637972378,-15.889004446036726,8.246019254905708,-1.691171335390391,1.1030716352408465,5.86715231045907,0.7560115131654742,0.0010000000111517137,0.001000000032780172,0.0010000000112638343,0.0009999999541672987,0.001000000037167149,0.001000000042991377,4.746573428884726e-8,4.746573537914225e-8,1.1281472430633424,0.9338527318928501,0.8742562554269251,0.0213212891827993,0.00004320136240460218,0.000049873156470729726,0.00016875579922324204,0.0011549999999999744,0.0011549999999999631,0.0011549999999999783,0.0010015499999999917,0.001001550000000002,0.0010015499999999882,1.9138813597746052,9.095750497785149,3.024987656776177,-0.006678750528831535,-0.0043274997400391665,0.007662500189069006,12.991875553131104,-23.259375762939452,-11.07937536239624,1009.5399780273438,-0.006531401749925209,28.85371762637499
2025-06-14T21:23:19.600Z,40.077522112199844,-75.24848674101476,16.690406798009636,-31.958174667441202,2.6861423594611438,-4.07418116381271,1.1590174184160036,5.778942392887443,0.8191195736814447,0.0010000000112899738,0.0010000000329856234,0.0010000000113837449,0.000999999953915054,0.0010000000370796976,0.00100000004326263,1.0474662006998001e-6,1.0474669255533784e-6,1.8908113327150997,1.2383866452364973,1.3234351765022145,0.045971577293509425,0.00005297285116459361,0.000057906182687002696,0.0001799905368538241,0.0011559999999999754,0.001155999999999964,0.001155999999999979,0.0010015599999999925,0.001001560000000003,0.001001559999999989,1.2810167102635976,9.474433773431846,2.573333442570761,0.01540374981724887,0.002492499943908371,0.0219900004843607,13.455000591278075,-22.998750686645508,-11.617500114440919,1010.0699462890624,0.12011216657646386,29.06790209825655
2025-06-14T21:23:24.600Z,40.07778978097781,-75.24880042195038,21.58081768134626,-26.186720184087644,-1.075120114663926,0.4169905519063505,1.2712162272950238,5.986053350394385,0.8902104196492825,0.0010000000110023052,0.0010000000332321686,0.0010000000115893085,0.0009999999541167178,0.001000000037141006,0.0010000000433098455,4.74657278725916e-8,4.746572889342999e-8,1.2348125913741583,0.7761693736595386,1.0688282120897554,0.03546576351351346,0.000041674385641994874,0.00004678154597423741,0.00017434148309902671,0.0011569999999999755,0.0011569999999999643,0.0011569999999999794,0.0010015699999999916,0.0010015700000000024,0.001001569999999988,1.1689000439597188,10.050450676355224,2.797233489184122,0.01753499994565111,0.020986248353669395,-0.02125374951442042,13.048125648498536,-21.94875087738037,-10.308750343322753,1010.6099853515624,0.7174123935255063,27.536680746027557
2025-06-14T21:23:29.600Z,40.07693703026323,-75.24916071956703,18.808163097439646,-23.59313497880479,-10.965647339030847,-0.6185732974268587,1.357521778445097,6.086354082643435,0.8330487645092011,0.0010000000113055312,0.0010000000332189313,0.0010000000117159427,0.000999999954064119,0.0010000000371805076,0.0010000000434710653,1.0474661312336693e-6,1.047467106328561e-6,2.0472337036297827,1.0195763294316096,1.4623041448624703,0.03219687518239499,0.000049921696961189606,0.00005088685493455391,0.00018195389511589303,0.001157999999999976,0.0011579999999999648,0.00115799999999998,0.0010015799999999924,0.0010015800000000028,0.001001579999999989,1.3757667247079395,8.827667057851832,4.133233580683669,0.014980554790484518,-0.005079166681704262,-0.023336110102067834,13.079167366027832,-22.295834223429363,-9.610417048136393,1011.1499633789062,0.06477051681350009,27.577638754201917
2025-06-14T21:23:34.600Z,40.08042169010707,-75.25305737482128,16.655835823744905,-13.190906924265075,-11.823628167618509,-0.05393747759318371,1.4183620763034175,5.991734634109608,0.7716960489071449,0.0010000000109496665,0.0010000000331526584,0.0010000000115620124,0.0009999999540548153,0.0010000000374761097,0.0010000000437645974,7.038268815528112e-8,7.038269086062128e-8,1.2351487801287695,0.8217692857768227,1.0236366197050157,0.019001875040095692,0.000050906156895574336,0.00004124394567204711,0.00018989724972521887,0.0011589999999999762,0.0011589999999999658,0.001158999999999981,0.0010015899999999925,0.0010015900000000032,0.00100158999999999,1.8729875554925397,9.125975536313216,3.59313144922575,0.009419444278701037,-0.01905833275526145,0.02277222204993889,13.04464340209961,-22.86160796029227,-9.30000046321324,1011.6099853515624,0.20603132932228815,27.915999263177497
2025-06-14T21:23:39.600Z,40.07961578623344,-75.25407888895047,13.557855398015553,-14.874047661186276,-22.38679278885132,-0.4398877596684906,1.424265640098557,5.999944159041344,0.778488486336087,0.0010000000111551753,0.0010000000333449366,0.0010000000116733045,0.0009999999540356533,0.0010000000373405345,0.0010000000434448922,1.0703830441675324e-6,1.0703840311778125e-6,1.842507888006883,1.2804109694470305,1.4006567633575424,0.02785332917390381,0.00005880316761058847,0.00004870582186776475,0.00019756084037649344,0.0011599999999999755,0.0011599999999999668,0.0011599999999999811,0.0010015999999999918,0.0010016000000000022,0.0010015999999999907,1.2412167327559436,9.525650534702633,2.662683493920526,0.0011587499411155346,0.00216249975912303,-0.0020449999915360174,13.243125247955323,-22.121250724792482,-12.090000629425049,1011.7599487304688,0.19042788935315808,28.476223846445514
2025-06-14T21:23:44.600Z,40.08051732155756,-75.25323589068593,15.984336279087954,-9.965591313468073,-20.72498621581738,0.6194399577539896,1.4218281061307698,6.0489111282705395,0.7889108969216199,0.001000000011357849,0.0010000000334886498,0.0010000000121527164,0.000999999954144778,0.0010000000370302537,0.0010000000439702272,7.04094788649335e-8,7.040948129861243e-8,1.245926312971737,1.0550271812319658,0.8992831212221288,0.02045233670300949,0.00004785315609123907,0.00004346538558893757,0.0001966219263429749,0.0011609999999999748,0.001160999999999967,0.0011609999999999813,0.001001609999999991,0.0010016100000000015,0.001001609999999991,1.1331750423001954,9.557325449592305,2.7765001128397877,0.0019267857443909322,-0.0009607146558828774,-0.00021428576198809202,13.122657060623169,-22.56562614440918,-11.88984441757202,1011.7699584960938,0.23865811400377068,28.684091412280893
2025-06-14T21:23:49.700Z,40.07960833675355,-75.2547796180565,16.050789895367252,-9.170016932856276,-29.669748169829166,0.6504910734849756,1.4193905512023828,6.042594644635904,0.7800754730001336,0.001000000011132659,0.0010000000336854162,0.0010000000124775537,0.0009999999539205427,0.0010000000372274512,0.0010000000440892076,1.070409845839968e-6,1.0704106468715635e-6,1.8920682164016205,1.6366241693947199,1.1663776394695404,0.024703175149990476,0.00005529842094468414,0.000051425508280688205,0.00020468872992627924,0.0011619999999999738,0.0011619999999999662,0.00116199999999998,0.0010016199999999902,0.0010016200000000008,0.0010016199999999902,1.4039938171988395,9.532250570263752,2.6375001540062493,-0.0017974999498234282,-0.0007524997589745832,0.00009999976380479299,13.061719179153442,-22.185938119888306,-11.854687929153442,1011.7699584960938,0.21239153032841132,28.343519663439007
2025-06-14T21:23:54.700Z,40.08051716799852,-75.25327485043154,19.529357097518247,-4.462059404871907,-25.814776556870687,1.4476261259779508,1.4042243835490877,6.099094251619898,0.7850660038414548,0.001000000011336455,0.0010000000336389812,0.0010000000127139007,0.0009999999541275176,0.0010000000374057597,0.0010000000443831593,7.0409509901299e-8,7.040951190998963e-8,1.2645692286795034,1.1760849729752652,0.7867286770193517,0.015509228859980701,0.00004584301164316781,0.000045542362896742704,0.0002070498344519546,0.0011629999999999742,0.0011629999999999664,0.001162999999999979,0.0010016299999999895,0.0010016300000000003,0.0010016299999999895,1.4752572092558023,9.461729045289276,2.703414469842695,0.00023749998763382407,0.002147222685342626,-0.0031083337799194533,13.356250445048014,-22.170834223429363,-11.412500275505913,1011.7599487304688,0.17277419659382787,28.287410754227636
2025-06-14T21:23:59.700Z,40.079676297727346,-75.2550702505398,21.572438963607517,-1.8528332549994335,-33.42620638343117,1.5420715199803763,1.4142218712390617,6.122972728898135,0.8035580163559203,0.0010000000109854474,0.0010000000333243494,0.0010000000130268919,0.0009999999544494272,0.001000000037163767,0.0010000000446643818,1.0704098898315525e-6,1.070410507051471e-6,1.7629313315859645,1.755460044558138,1.0464238433269306,0.017870409125207626,0.00005359278604474766,0.00005418306800529185,0.00021495115689017146,0.0011639999999999726,0.0011639999999999652,0.0011639999999999795,0.0010016399999999885,0.00100164,0.0010016399999999885,1.2488750537520532,9.54035048386071,2.68761889837901,0.0009525001749910523,0.005902499552663301,-0.005276249974645731,13.300000826517739,-22.30208418104384,-11.487500508626303,1011.7799682617188,0.2132799491643245,28.394238261208
2025-06-14T21:24:04.700Z,40.080523642016466,-75.25329397781195,23.731737752688257,0.44758973439819916,-27.368185437982355,1.9525727866263256,1.4424827766866468,6.169571867964484,0.7705590604149423,0.001000000011108971,0.001000000033079407,0.0010000000136156347,0.0009999999543094484,0.0010000000370088242,0.0010000000451444438,7.040950996733981e-8,7.040951162879998e-8,1.226064921883504,1.1999804500146973,0.7882802872293209,0.01091928847366026,0.0000457869938839543,0.00004786604020807415,0.00022189432468435892,0.0011649999999999727,0.001164999999999965,0.0011649999999999803,0.001001649999999988,0.0010016499999999998,0.001001649999999988,1.1575500472011913,9.621433662381227,2.0023167600501446,0.009037500198121873,-0.003184723023649968,-0.002772222774685071,13.460625457763673,-22.580625534057617,-11.371875381469726,1011.7599487304688,0.11811664135317115,28.642446288790925
2025-06-14T21:24:09.700Z,40.07990562997564,-75.25500901701135,26.03768295122451,1.4392914899596594,-28.96528165646419,1.5267257975036608,1.5052565498184574,6.057881263868867,0.5555121904200389,0.0010000000108068294,0.0010000000326799065,0.001000000013764823,0.0009999999540170627,0.0010000000372555513,0.0010000000457769914,1.0704099277820118e-6,1.0704105598485646e-6,1.5614887178912147,1.7539310658011296,1.1290767600101281,0.009173788930438576,0.00005459846252950832,0.00005906185605479858,0.00023354381861375383,0.0011659999999999715,0.0011659999999999657,0.0011659999999999791,0.0010016599999999889,0.0010016600000000006,0.0010016599999999889,1.8064501231201662,9.578350577427317,0.8985333885016978,0.003496250533554572,-0.04373499961918025,0.017713750272548297,12.71250057220459,-23.242500877380373,-10.00500030517578,1011.739990234375,0.01130269251616069,28.318168626462434
2025-06-14T21:24:14.700Z,40.088712783809456,-75.26555062555376,26.40126096073824,1.6832776254785289,-25.216619513277774,2.074873336547945,1.5037109150599106,6.08447211661614,0.4328977925013375,0.0010000000110594303,0.0010000000325289325,0.0010000000139171402,0.0009999999542124342,0.0010000000373283006,0.0010000000461321034,8.06714838481869e-9,8.067148382177808e-9,1.1485329912299351,1.1999910112568397,0.9002708088181065,0.009130072406897647,0.00004773351740922275,0.00005002656180466196,0.00024134964080361603,0.0011669999999999704,0.0011669999999999658,0.001166999999999978,0.0010016699999999888,0.0010016700000000005,0.001001669999999989,1.3945062851201708,9.75925688644956,1.7406313476722874,0.0036199996949860883,-0.021019999928775103,-0.0003675001423365114,12.405000591278077,-22.95750026702881,-9.352500438690186,1011.72998046875,0.2332515003594672,27.71998031086087
2025-06-14T21:24:19.700Z,40.087954777998526,-75.26740422409566,28.714075725924584,2.462987105502167,-35.63032018853834,1.4995053950346708,1.5235349453860532,6.079768046180615,0.397693145298321,0.0010000000112956318,0.0010000000323522914,0.0010000000138303477,0.0009999999537205749,0.0010000000371825051,0.0010000000462216778,1.0080675586090218e-6,1.0080682617474872e-6,1.4992312529105747,1.7685228147441332,1.3030358462841545,0.015138844816530689,0.000055775470243929666,0.00005989460987831215,0.0002507269985093026,0.0011679999999999703,0.0011679999999999666,0.0011679999999999779,0.001001679999999988,0.0010016800000000013,0.0010016799999999883,1.4127833780601957,9.59990043806426,2.014550096815815,0.00012750013281033565,-0.0057300003376612,-0.00024375009679607326,12.549375820159911,-23.26312599182129,-10.031250381469727,1011.6799926757812,0.13366235101107993,28.271593135374484
2025-06-14T21:24:24.700Z,40.08118951620948,-75.25413509330362,31.441706572945428,2.0164587537794483,-31.37880535686958,3.532328913560779,1.5863362180199023,6.144231692866797,0.4514340791862158,0.0010000000116004413,0.0010000000322498823,0.001000000014293073,0.0009999999538055132,0.0010000000368545405,0.001000000047028607,7.78473921757526e-8,7.78473947179149e-8,1.1945056573299055,1.214015589286112,0.9265497835537005,0.015350851500654215,0.00004558130030185564,0.000049758426283540246,0.0002590686714905195,0.0011689999999999698,0.0011689999999999659,0.0011689999999999767,0.0010016899999999885,0.0010016900000000017,0.0010016899999999882,1.0490000367449022,10.083975242582394,1.593675101093156,0.024555357250231308,0.014655356821275337,-0.00799285688509512,13.305469512939453,-23.805469512939453,-10.003125548362732,1011.7099609375,0.48589600878111955,29.04815776807985
2025-06-14T21:24:29.700Z,40.07998087295667,-75.2569274320585,40.705305491354565,5.60479652832283,-57.331927141639284,5.561206511737545,1.7863512937418657,6.049334534156766,0.39188364954632354,0.0010000000119823145,0.0010000000319657278,0.0010000000143179457,0.000999999953794808,0.0010000000364270229,0.0010000000471462093,1.077847845056116e-6,1.0778485595413827e-6,1.8379345275102499,1.9091014191079143,1.2352219483520304,0.0392702839275867,0.000051624005491150624,0.000059359357097517604,0.0002704880827641739,0.0011699999999999703,0.0011699999999999664,0.0011699999999999773,0.0010016999999999888,0.0010017000000000023,0.001001699999999989,0.9706437840718256,10.830875324217018,2.474506365284932,0.03067083294921537,-0.008318055242315572,0.017241666572533825,12.831250508626303,-24.434376398722332,-9.77500025431315,1011.7699584960938,1.3778172980193806,29.278445954722077
2025-06-14T21:24:34.700Z,40.08954695689926,-75.27412032688903,42.96572049562697,4.731634300044538,-65.20776503226901,1.073357079244586,1.7351595716049142,6.121537018677683,0.009398963379831028,0.001000000012180269,0.0010000000311356613,0.0010000000151422868,0.000999999953346077,0.0010000000357907348,0.0010000000476228614,7.79488754138669e-8,7.794887731899365e-8,1.505761617034684,1.2720602527791762,0.6987290297891309,0.04367852944195348,0.00003619466230139795,0.00005571554546724644,0.0002570888550659774,0.0011709999999999696,0.0011709999999999657,0.0011709999999999772,0.0010017099999999881,0.0010017100000000022,0.0010017099999999881,0.9357072028653348,9.5404575167745,2.703264427920056,-0.01911562543771002,-0.0746140632434871,0.001337500464056752,11.592857497079033,-25.23214421953474,-8.102679116385323,1011.6799926757812,0.18636850082076403,28.92586937377649
2025-06-14T21:24:39.800Z,40.08768555044028,-75.27877061621408,28.00145885954914,0.05223970309480472,-86.28271949874457,-2.5649553630752067,1.720902835401797,6.062677719918847,0.041793665399951836,0.001000000012005496,0.0010000000309266044,0.0010000000151548353,0.0009999999534697158,0.0010000000354604922,0.0010000000472119683,1.0779492701518701e-6,1.0779496803643261e-6,2.51627478646913,1.916636464838881,0.7717181040631369,0.05241677047050895,0.000038686356096492065,0.00006562523491735308,0.0002677323953570009,0.0011719999999999702,0.0011719999999999663,0.0011719999999999777,0.001001719999999989,0.0010017200000000028,0.0010017199999999887,0.7557833893707119,9.82468380564649,1.7704667634680111,-0.007036250525997706,0.008116249309452237,0.00995875017239279,11.741250324249268,-24.52500114440918,-8.874375343322754,1011.3999633789062,0.23962895625906294,28.602172543435877
2025-06-14T21:24:44.800Z,40.089818681639365,-75.27496950603701,32.459862975265516,-3.4622208825357457,-78.08889205128713,0.560101271176301,1.5386319494288152,6.014566078894492,0.04770023932960133,0.001000000012122361,0.0010000000303634754,0.0010000000155458936,0.0009999999531567052,0.0010000000346712483,0.0010000000473967614,7.794901810332679e-8,7.794901944172401e-8,1.705298409008051,1.2590773683110856,0.5301418997772199,0.03422007173487491,0.000036201660416831676,0.00006052596544930413,0.00026429332138579805,0.00117299999999997,0.0011729999999999664,0.0011729999999999777,0.0010017299999999893,0.0010017300000000036,0.0010017299999999893,1.3296125458209862,9.979981707542011,2.1586438437548723,-0.017927778053443706,0.015041665664700273,0.014384722402087362,11.31375036239624,-24.738751029968263,-8.617500400543213,1011.25,0.5243944391134848,28.53533188627316
2025-06-14T21:24:49.800Z,40.087779276666886,-75.27986172183572,28.18291875468875,-7.301315775748863,-86.88895660569464,0.5482445275168883,1.5082496567801456,6.0688292308134155,0.10022364151452841,0.0010000000120076985,0.0010000000306332572,0.001000000015690175,0.0009999999529220476,0.001000000034548122,0.0010000000471710147,1.0779493431734849e-6,1.0779496642947063e-6,2.3618095199634577,1.7997955363876417,0.6673495804121212,0.03124951873150461,0.00004210798164917815,0.00006880493697261885,0.0002738095614676157,0.0011739999999999691,0.0011739999999999654,0.001173999999999977,0.0010017399999999888,0.0010017400000000031,0.0010017399999999888,1.6077950639305485,9.780905460327304,1.7986100902401914,-0.0060600001585691945,0.010247501673895912,-0.011683750222336402,12.084375476837158,-24.9018762588501,-7.299375247955322,1010.72998046875,0.30220144034025714,28.625400340903536
2025-06-14T21:24:54.800Z,40.08981820865253,-75.27501231718429,39.14366635614111,-9.786250427793183,-69.42997493275526,2.4647541622924876,1.3808556058535764,6.094927060205239,6.275717234787408,0.0010000000119841001,0.0010000000305790669,0.0010000000163121275,0.0009999999525648028,0.0010000000336332646,0.0010000000468448956,7.79490182244117e-8,7.794901956021564e-8,1.6157991325695455,1.1913475210518496,0.5879813726087073,0.018483246488654504,0.0000414388609993499,0.00005963185156698053,0.0002791611731780382,0.0011749999999999697,0.0011749999999999658,0.0011749999999999775,0.0010017499999999888,0.0010017500000000029,0.0010017499999999888,1.04513339651417,9.72178383040014,1.7133333910083166,-0.009002500142390308,-0.00817749897120123,-0.0016600000435947437,10.883333735995823,-25.662501017252605,-7.308333661821154,1010.25,0.1534194462966231,28.817004128036434
2025-06-14T21:24:59.800Z,40.08806276895598,-75.27907706854467,42.31674186394049,-26.82189508309702,-67.24732826750707,2.284999757384159,1.2806511430888863,5.766239923100328,0.07299828215919467,0.0010000000118304913,0.001000000030632926,0.0010000000162698342,0.0009999999529844866,0.0010000000335420645,0.0010000000464465808,1.0779493426821113e-6,1.0779498624845502e-6,2.06962385948969,1.7206573039204465,0.9759473872501307,0.03294567352765125,0.0000624693612112342,0.00006510298620236291,0.0003086050213920827,0.001175999999999969,0.001175999999999965,0.0011759999999999768,0.0010017599999999878,0.001001760000000002,0.0010017599999999876,0.6287833720723156,10.142900553354837,1.5327667431933147,-0.017389999910319986,-0.00267749974514677,0.06601749786706702,11.364375400543214,-25.70062599182129,-7.507500219345093,1009.6799926757812,0.5036619492322587,29.086608794167955
2025-06-14T21:25:04.800Z,40.089410648412226,-75.27508512807978,51.00410530044655,-31.074289931598273,-45.96053869690966,2.395655097481786,1.4905514560379685,5.768857799090521,5.926127662928663,0.0010000000112241243,0.0010000000310845907,0.0010000000161935808,0.0009999999525521887,0.0010000000329930283,0.0010000000456948594,2.401531703942523e-8,2.4015317298879032e-8,1.608378900751384,1.045436178961837,0.9430006574488519,0.04174198023591601,0.000055954396580749956,0.00005024124825530911,0.0002823984890356988,0.0011769999999999687,0.0011769999999999647,0.001176999999999976,0.0010017699999999882,0.0010017700000000023,0.0010017699999999882,1.4832714922650425,9.809557637865224,2.1500215486636267,0.03282500009656188,-0.05558749997058465,-0.00031250039941786733,12.002344250679016,-25.368751049041748,-9.494531631469727,1009.219970703125,0.37567231940521917,29.62723274803287
2025-06-14T21:25:09.800Z,40.08757707490024,-75.27784910886311,44.2069744426629,-53.704314237106125,-47.36845753500538,-1.5885375130046602,1.3436039366837242,5.834510612946836,6.073694696257453,0.001000000011263622,0.0010000000311778394,0.0010000000162653936,0.0009999999522236392,0.001000000033162364,0.0010000000455748805,1.024015660062158e-6,1.0240166405625047e-6,2.517071590305908,1.2195532691935531,1.5963266648819532,0.06265663641697161,0.00006276217986822773,0.00004820296716318365,0.0002825020017385471,0.0011779999999999692,0.0011779999999999653,0.0011779999999999749,0.001001779999999989,0.0010017800000000025,0.001001779999999989,1.0394937993622835,9.587994145362288,2.66562514580657,-0.018548437648502437,0.025331250406404958,-0.014664063170146659,11.175000429153442,-25.239844799041748,-9.475781559944153,1009.0799560546876,0.22993336965384734,29.184205888609746
2025-06-14T21:25:14.800Z,40.08909180318333,-75.2751668201374,46.15275676927166,-46.87812612083458,-25.999581623896475,-0.05587129608018515,1.2677678544504418,5.920142569601942,6.0536742044499245,0.0010000000109881997,0.0010000000320012233,0.0010000000162789081,0.000999999952538095,0.0010000000330910512,0.0010000000447880982,3.18844983164739e-8,3.18844988654454e-8,1.826631152411277,0.738172144180942,1.1719585292216947,0.03616972234043196,0.00005810207704391679,0.000036722297851857793,0.00026653677754347665,0.0011789999999999685,0.0011789999999999646,0.0011789999999999754,0.0010017899999999896,0.0010017900000000013,0.0010017899999999898,1.5202333996978021,9.455133842437084,2.70866678938961,0.007143055197026907,0.014476387995763968,-0.003474999721722981,12.279167281256782,-24.779167387220596,-10.077083693610298,1009.3699951171876,0.1743804562065471,29.43347945912489
2025-06-14T21:25:19.800Z,40.08762398984008,-75.2764317855151,34.154864083291386,-59.38433325908483,-17.060394406179228,-2.9649772976874527,1.3582877586039424,5.8121610180751855,5.974005540246395,0.0010000000111303185,0.0010000000324074997,0.0010000000163989508,0.0009999999526224637,0.0010000000334597966,0.0010000000448751913,1.031884850790535e-6,1.0318860621334618e-6,2.507136083567327,0.8599130320022137,1.7379149662433735,0.04125371341825474,0.00007216554627042871,0.000041414403773842405,0.0002836131485931153,0.0011799999999999678,0.0011799999999999638,0.0011799999999999756,0.0010017999999999895,0.0010018000000000002,0.0010017999999999895,1.3757750672886162,9.549762891737409,1.3586188090578846,0.011340622885117141,-0.02059374829710575,0.015104687367946928,12.250781893730164,-25.136719942092896,-8.617969274520874,1009.5,-0.03548796021144942,29.26094274252446
2025-06-14T21:25:24.800Z,40.08892901454055,-75.27512639503043,36.39980895436024,-53.3835113204773,-5.792872129934614,-0.454440192866575,1.286091100947944,5.910664768560289,6.012977578870547,0.0010000000112523827,0.0010000000330806318,0.0010000000162906338,0.000999999952700498,0.0010000000339582323,0.001000000044521832,3.188644369313513e-8,3.188644441355744e-8,1.8152365394746741,0.6384714306876822,1.2173071648018967,0.03438667069887439,0.00006477074244238381,0.000037082978647791544,0.0002775274203691623,0.001180999999999967,0.0011809999999999625,0.001180999999999975,0.0010018099999999884,0.0010018100000000008,0.0010018099999999884,1.1555937995799341,9.997138070074099,2.2512688656881377,0.0010074998502351763,0.0180437497702174,-0.0010275001844246012,11.94375048743354,-25.081250932481552,-9.21875031789144,1009.7699584960938,0.5322992412899386,29.269518442946662
2025-06-14T21:25:29.900Z,40.08775264764176,-75.27521357035845,26.262839125248156,-64.05771361244697,2.7376102073287663,-2.777951887542797,1.251089314339461,5.969809345353048,6.08916498249769,0.0010000000110313315,0.0010000000330322616,0.0010000000163196616,0.0009999999529048717,0.0010000000342083528,0.0010000000447329448,1.031886864689319e-6,1.0318880992107837e-6,2.4759134429024856,0.8217447319246438,1.7490995273367145,0.040564321050142294,0.00007079831133234499,0.0000419133991518643,0.0002760437265604834,0.0011819999999999678,0.0011819999999999628,0.0011819999999999754,0.0010018199999999877,0.001001820000000001,0.0010018199999999877,0.9802000459982353,9.522783789707589,1.7798000710112531,-0.0016874991211329208,0.016584722662120924,-0.007783333237618676,12.836250495910644,-25.53375110626221,-8.193750381469727,1010.0499877929688,-0.0441432621002563,29.730057170208294
2025-06-14T21:25:34.900Z,40.090972401662576,-75.28792974087318,33.406005955629944,-49.539370940009064,6.82563794800189,2.6717036855660847,1.379615137213886,6.092655172844176,6.042228120388441,0.0010000000108563057,0.0010000000331806683,0.001000000016178676,0.0009999999531590876,0.001000000034857339,0.0010000000447127793,3.9702293055920875e-8,3.9702294074849795e-8,1.7944618557478536,0.6785277042008933,1.170598769160191,0.022851661634785306,0.000060173409408021205,0.00003940196602499738,0.0002756590843705472,0.0011829999999999673,0.0011829999999999634,0.001182999999999975,0.001001829999999987,0.0010018300000000004,0.001001829999999987,1.6404500673501645,10.158667226970277,2.2755500810248046,0.030166666234441048,-0.003918056143093698,-0.009769444389919103,12.860417471991646,-25.410417768690323,-7.816666973961724,1010.2799682617188,0.7573806240483313,29.532642158093513
2025-06-14T21:25:39.900Z,40.089961848985894,-75.2875010408593,38.28740798140978,-60.034720828161916,6.766579098519388,3.63116739224374,1.4847427480686264,5.989548259948672,6.021455940957304,0.001000000010647418,0.001000000033085593,0.0010000000163387169,0.0009999999532370857,0.0010000000350210898,0.0010000000448906028,1.0397027451341392e-6,1.039703849366511e-6,2.2037144449485,0.9663518635342192,1.70496393883246,0.022536122739145743,0.00007268304389244892,0.00004575717586017255,0.00029574685020108114,0.001183999999999967,0.001183999999999963,0.0011839999999999748,0.0010018399999999878,0.0010018399999999995,0.0010018399999999878,1.061016712283828,10.024217162205048,2.0254500909219657,0.020711250115460732,-0.008150000182378821,0.01600875014252029,13.454167048136393,-25.145834392971462,-6.368750254313151,1010.3399658203124,0.5000289587514241,29.221321175707065
2025-06-14T21:25:45Z,40.09369822611213,-75.28361016230767,34.74363360335018,-49.856845557363016,7.592298875609299,7.9210461788586475,1.4125254077103353,6.230938739534946,0.24822582832804474,0.0010000000107440136,0.0010000000326438531,0.001000000016093425,0.0009999999534190424,0.0010000000363566373,0.0010000000458440016,2.2454825825103983e-9,2.245482638311688e-9,0.6220660605612595,0.779460644965374,1.184257709628957,0.00978271919673603,0.00005204297774185261,0.00004431357284319891,0.0002795091250503816,0.0011849999999999675,0.0011849999999999636,0.0011849999999999754,0.0010018499999999869,0.0010018499999999984,0.0010018499999999869,1.5403143549540177,10.529707699878848,2.0564429077598128,0.007760717877250557,0.09281428570310649,-0.02747856999952432,13.264286313738141,-26.29553713117327,-6.326786041259766,1010.1399536132812,1.0570681712487304,30.123441495521696
2025-06-14T21:25:49.900Z,40.09233355977062,-75.28368837110159,65.4192604834033,-47.675160434619784,-8.701169882215835,8.172748637742824,1.4417624666911695,0.004364598397085584,0.7908116590812045,0.001000000011011678,0.0010000000326486635,0.0010000000162804204,0.0009999999530367982,0.0010000000363294187,0.001000000045894608,1.0022459238960316e-6,1.0022469301253531e-6,1.0236228555887632,1.2989567572055356,1.7662341030432192,0.02114149149994008,0.000054339863988185855,0.00006038624333429166,0.00028357873398029217,0.0011859999999999664,0.0011859999999999625,0.0011859999999999742,0.0010018599999999864,0.0010018599999999979,0.0010018599999999864,-0.26475625423298804,9.489369200673838,4.275725172980428,0.006806944345242346,0.12970138788561242,0.00043611095400509863,15.060417175292969,-25.002084732055664,-5.729166878594293,1010.239990234375,0.6318039451317623,29.744591770827064
2025-06-14T21:25:54.900Z,40.09078636941894,-75.28530083756087,76.94803551029815,-38.82910195817249,-22.236475390099024,5.015218194562331,1.5151643900702985,6.20988755007254,1.2494116898796814,0.0010000000111238523,0.0010000000323525213,0.0010000000160056385,0.0009999999524507226,0.0010000000369863027,0.0010000000462307588,2.002247785228581e-6,2.0022524016146858e-6,1.6183736539334723,1.920046501313686,2.605554888919693,0.024691801774468187,0.00006051746577449014,0.00006885929362188875,0.00029089517451615034,0.001186999999999967,0.001186999999999963,0.0011869999999999748,0.0010018699999999867,0.0010018699999999974,0.0010018699999999867,1.2846667372805363,9.338233822260102,3.2730001545849228,0.011879166643842747,0.11113888845188376,0.013452777601829115,6.597916920979817,-27.795834435356987,15.843750423855251,1010.3999633789062,0.20008585418447095,32.66744603569457
2025-06-14T21:26:00.100Z,40.09351935088349,-75.28475813565319,32.69329831028479,-5.5023916793233285,-30.052963749982133,-3.2117102194242726,1.3982874907156952,0.08335687161110647,0.062107225726548525,0.0010000000118611625,0.001000000031381073,0.001000000016591287,0.0009999999510897552,0.0010000000378369623,0.0010000000465238703,1.97413695781938e-9,1.9741369879657644e-9,0.46955647879992235,1.192841025965189,1.3474595947475703,0.02914811609691756,0.00004447871014192696,0.000042542796632591437,0.0002510563192578189,0.0011879999999999666,0.0011879999999999627,0.0011879999999999744,0.0010018799999999876,0.0010018799999999982,0.0010018799999999876,3.1380001508813455,9.284433557266096,2.6766667700713422,-0.08900000022067157,-0.5208050082099752,-0.09859749923799173,12.23125065697564,-27.141668319702152,-4.377083486980862,1010.5499877929688,0.38221884095260794,30.09035487504692
2025-06-14T21:26:10.900Z,40.093773651637505,-75.28513777851862,21.080711427746685,18.362811985544855,-17.957658541363564,-1.6042123658767748,1.1757843225261477,6.1745643469044245,5.3815847788024405,0.0010000000116318535,0.0010000000313435248,0.0010000000162594482,0.0009999999507202346,0.0010000000375563567,0.0010000000469759563,2.3864975170385227e-9,2.3864975680839272e-9,0.6174194926606363,0.7212374921890017,1.3164968986918255,0.019166533437929976,0.000032624514592475204,0.00002952948128621482,0.00021135820962915673,0.0011889999999999672,0.0011889999999999633,0.0011889999999999748,0.0010018899999999875,0.0010018899999999981,0.0010018899999999875,2.820993044432632,9.488686284715062,2.139842965654403,-0.02764062509777302,-0.16713437425403585,-0.03558124962631108,11.967187881469727,-24.855469942092896,-4.096875250339508,1010.5099487304688,0.34935539202500787,27.888878195228322
2025-06-14T21:26:15Z,40.09382951307694,-75.28592902172709,15.319496286169556,26.1644520378557,-14.982870249865819,-1.76145876877298,1.1707543605103332,6.08315043210461,4.855280024188471,0.0010000000117093887,0.0010000000312186408,0.0010000000161692452,0.0009999999507754997,0.0010000000375719183,0.0010000000471340545,1.0023868209815e-6,1.0023875732445387e-6,1.2068354925527494,0.7933997215004924,1.7368899878885493,0.022765074756912647,0.00003151764468075009,0.000049908022819005295,0.0002221051245974728,0.001189999999999968,0.0011899999999999643,0.0011899999999999758,0.001001899999999987,0.0010018999999999978,0.001001899999999987,1.6284950842741042,9.647180389372954,1.8387950768308168,-0.02382500039618212,-0.13898888942050147,-0.032594444113262,-5.7020834816826715,-21.97708447774251,-14.864583757188585,1010.5,0.17615726118528421,27.13777981032118
2025-06-14T21:26:20.300Z,40.094050279219616,-75.28678149207865,12.503214128385363,32.89747399614658,-12.4470661814539,-0.8293979141082507,1.123790568304559,5.986028640659288,4.622103775339735,0.0010000000120221103,0.0010000000312034437,0.001000000016605697,0.0009999999502962183,0.0010000000378212219,0.0010000000474171293,2.002388289232129e-6,2.0023932301340767e-6,2.052275426842913,0.9133646146126926,2.4780426935418443,0.022959381576059337,0.0000374054525657246,0.00006186338703649049,0.00023452455181707698,0.0011909999999999675,0.0011909999999999638,0.0011909999999999753,0.001001909999999986,0.001001909999999997,0.0010019099999999863,2.0304286947133274,9.460871828320483,2.5830072972272218,-0.02180374997774654,-0.04784625038909026,-0.0009725000472830543,-10.486875343322755,-18.101250648498535,-12.941250419616699,1010.47998046875,0.23598339146617042,24.598847417885505
2025-06-14T21:26:25Z,40.09351474468906,-75.28489819892324,22.34272195138054,31.757340795587798,-8.832462366442789,-0.690689904727683,1.1640655605573125,6.0030467400773,4.613177800793943,0.001000000012247107,0.0010000000309422286,0.001000000017125201,0.0009999999498148536,0.0010000000372800398,0.0010000000477925798,2.5131901243790935e-9,2.5131900730118678e-9,0.43739951520213216,0.5790584732759857,1.3551273097393632,0.015528791649099424,0.000036319101279394325,0.00005465480795059506,0.0002290444652832775,0.0011919999999999667,0.0011919999999999648,0.0011919999999999745,0.0010019199999999862,0.001001919999999998,0.0010019199999999869,1.4057214727281513,9.761428964856144,1.286557193194541,-0.004643749744287668,-0.0010137498514821825,-0.0023475000401155695,-10.497916963365343,-19.562500847710503,-13.179167217678494,1010.449951171875,0.16617343626313125,25.81831766632481
2025-06-14T21:26:30.200Z,40.09416686822264,-75.2852849177226,15.83936706222941,45.56563323161634,-3.6807594008251177,-2.1498947011901364,1.1722306638551572,6.000946578082642,4.601553690154994,0.0010000000118566886,0.0010000000307074173,0.0010000000172268075,0.0009999999496408348,0.0010000000374115864,0.0010000000474533254,1.002513644734114e-6,1.0025150326083992e-6,1.1906462866830232,0.7834489729188557,1.946985480040545,0.034448159697420086,0.00004390680251273018,0.00006341224163671387,0.00023879441449448498,0.0011929999999999667,0.0011929999999999638,0.0011929999999999742,0.0010019299999999853,0.0010019299999999985,0.0010019299999999868,1.3796150674697474,9.7461204757381,1.311200069410365,0.00014125004400114636,-0.0026362502612444797,-0.0002437502847210597,-10.760625267028809,-19.6387508392334,-13.62187557220459,1010.469970703125,0.1499789303218825,26.211150746090702
2025-06-14T21:26:35Z,40.09350380493305,-75.28491644978779,22.408528901122978,40.87806426048556,-0.15889879723334957,-0.5675915425878459,1.2522665697777797,5.951581181754202,4.580174965758868,0.0010000000115859974,0.001000000030797809,0.0010000000174494857,0.0009999999489579974,0.001000000037305912,0.0010000000477279173,2.1105631106288175e-9,2.1105630765946292e-9,0.4342302970667714,0.5425427698093347,1.2111746801938765,0.016841194827973468,0.00003884352033603022,0.0000540444752645613,0.00023988424817228288,0.0011939999999999661,0.0011939999999999625,0.001193999999999974,0.0010019399999999846,0.0010019399999999985,0.0010019399999999872,1.3938800532028721,9.771290515868952,1.3956950654811253,-0.0006287497188218444,-0.012165000209743518,0.010756249562881294,-10.027500343322753,-21.363750457763672,-13.64437551498413,1010.4599609375,0.1878219805465542,27.26035238430356
2025-06-14T21:26:40.200Z,40.093753238608,-75.28568083533463,-8.53404992001419,109.02048838958567,-26.246140094858635,-14.234645509847564,0.9109900584106655,0.36779926411687536,5.781248995667758,0.001000000011740203,0.0010000000310758461,0.0010000000176442648,0.0009999999488872798,0.001000000037546448,0.0010000000478350935,1.002111110055318e-6,1.0021126575927792e-6,2.1957210962219,0.7025295178288834,3.0337504722596154,0.19889596879477284,0.00006349158788093532,0.000042676449900490095,0.0002810741037720693,0.0011949999999999658,0.001194999999999962,0.0011949999999999736,0.0010019499999999837,0.001001949999999998,0.0010019499999999865,1.455290030467845,8.116475414245325,0.9515300532404927,-0.3740787462975775,1.5008025040253468,-0.000257499213560922,17.418750858306886,-22.8262508392334,-19.837500953674315,1010.469970703125,-1.4787468311118035,34.89947720806572
2025-06-14T21:26:45Z,40.09381685719271,-75.28505671157019,28.01379892781052,122.6069287898375,7.204306385707476,28.240268203326938,6.118572847395994,0.1959370506197961,0.02523560028426711,0.0010000000117385192,0.0010000000311169979,0.0010000000191726873,0.0009999999477912113,0.001000000037740913,0.001000000047992972,3.780127339865063e-9,3.780127383650724e-9,0.5132016497714343,0.416262607097256,1.600456906191386,0.05849550034230505,0.0000749280012454437,0.000021007907315705302,0.0002030007456984142,0.001195999999999965,0.0011959999999999612,0.001195999999999973,0.0010019599999999825,0.001001959999999998,0.0010019599999999862,-0.26273125534561087,3.862493949143805,9.726594017964839,-0.7311861047233624,0.027401386369140152,0.2831972161847826,-10.800000190734863,24.912501017252605,-23.67291726006402,1010.47998046875,0.6852380756773409,36.02327116034876
