timestamp,latitude,longitude,altitude,velocity_north,velocity_east,velocity_down,roll,pitch,yaw,acc_bias_x,acc_bias_y,acc_bias_z,gyro_bias_x,gyro_bias_y,gyro_bias_z,latitude_cov,longitude_cov,altitude_cov,velocity_n_cov,velocity_e_cov,velocity_d_cov,roll_cov,pitch_cov,yaw_cov,acc_bias_x_cov,acc_bias_y_cov,acc_bias_z_cov,gyro_bias_x_cov,gyro_bias_y_cov,gyro_bias_z_cov,acc_x,acc_y,acc_z,gyro_x,gyro_y,gyro_z,mag_x,mag_y,mag_z,pressure,freeair,mag_anomaly
2025-06-11T20:34:27Z,39.9817130388692,-75.15340304933488,23.0,0.8486200686915898,-2.1377192892587162,0.0,-0.4323392516374588,-0.9550057911872863,1.9030615401268005,0.001,0.001,0.001,0.001,0.001,0.001,3.3469133385307203e-7,3.3469133385307203e-7,1225.0,1.0403999610900883,1.0403999610900883,1.0403999610900883,1e-9,1e-9,1e-9,0.001,0.001,0.001,0.001,0.001,0.001,2.6784293504059313,8.484495687484742,4.123358519077301,0.06874065679498012,0.05994705975055694,-0.1467638709815219,-23.15974739074707,-30.784503326416015,-3.3159599447250367,1014.2788391113281,0.026165128546137482,38.66589213607816
2025-06-11T20:34:28Z,39.981695161030956,-75.15344373083201,22.7394258743997,-7.647359748548859,-4.8001244634372515,-5.9838417309506085,0.22970671549073834,5.2229887266996515,1.2053950314436137,0.001000000000388468,0.0010000000004168896,0.001000000000388468,0.0010000000004026788,0.0010000000004026788,0.0010000000004026788,1.3346913468137535e-6,1.3346913773756357e-6,4.979692038064741,1.0415200109003266,1.0412114463588393,1.0406869340165397,0.000010002548831408345,0.000010000724981741697,0.000010002316074991646,0.0010010000000000008,0.0010010000000000004,0.0010010000000000008,0.0010000100000000006,0.0010000100000000006,0.0010000100000000006,1.8912243967652322,7.793756059646606,5.218536271095275,0.06709515250090041,-0.06507290056347848,-0.3952512175440788,-22.69687952041626,-31.872499313354492,-3.7946879529953,1014.3613891601562,-0.21150312800154147,39.31157874866268
2025-06-11T20:34:29Z,39.9816311323084,-75.15350738448046,19.65950059861526,-14.928261743869157,-6.064299414113767,-7.802572162996447,1.5554254745824567,5.68208068839443,5.918840357378711,0.0010000000007153176,0.0010000000004026788,0.001000000000672685,0.000999999999990564,0.0009999999999834586,0.0009999999999834586,2.334691385479881e-6,2.3346915077129193e-6,2.733253868315776,1.0429157985183557,1.0435899177259707,0.9430489613641668,0.000024704095060312492,0.00001238913952916474,0.0000323113992138198,0.001002,0.0010019999999999994,0.0010020000000000003,0.0010000199999999995,0.0010000199999999995,0.0010000199999999995,0.5852591828960767,8.28132478141743,4.763269819259255,0.04414973537723311,-0.946090110917047,-1.486203891396925,-10.519083776473998,-32.57302341461182,-3.4428399324417116,1014.3167724609375,-0.20830071576071355,34.40207314963065
2025-06-11T20:34:30Z,39.98151441555061,-75.15359075011632,16.38541395129329,-21.889713216455434,-8.159829136009083,-9.144717071754183,1.6095454974282548,5.632280693839672,5.85392279141549,0.0010000000008572663,0.0010000000001042508,0.0010000000005874199,0.0009999999999479314,0.0010000000002108322,0.0010000000002108322,3.3346914472339645e-6,3.334691723861298e-6,2.402487792698897,1.0453931073881808,1.0500783403589065,0.736567437246129,0.00003652246318646677,0.00002240711868002978,0.00004387633943123379,0.001002999999999999,0.001002999999999999,0.0010029999999999998,0.0010000299999999998,0.0010000299999999998,0.0010000299999999998,-0.6915496723810972,8.667664885501832,4.521013238831389,0.016166437255703214,-0.05229232881612826,0.05053499857989863,-1.6377877297298031,-31.547207618246272,-3.831546885626657,1014.3285217285156,0.020810461263685413,31.82115935459444
2025-06-11T20:34:31Z,39.98133517261309,-75.15369605733319,13.563605047180856,-30.00862736537177,-9.811163016334792,-10.662941877256065,1.5291274808041204,5.174924589473179,5.99549011917166,0.0010000000012408995,0.0009999999996501627,0.0010000000006584742,0.0009999999999907837,0.0009999999999052989,0.0009999999999052989,4.3346915242573535e-6,4.3346920250646925e-6,2.399650749751915,1.049099876577682,1.0643613148819844,0.514619657225054,0.00012656374585281308,0.00003233977799072276,0.0001087288807588014,0.0010039999999999982,0.0010039999999999982,0.001003999999999999,0.001000039999999999,0.001000039999999999,0.001000039999999999,0.0033559497586260617,8.763484004974261,4.40542798535467,0.03374527042976069,0.09709901014716263,0.49317164067114055,-2.7408519415557384,-31.141231231689453,-3.238123950958252,1014.3675506591796,0.029096258444371515,31.4288213661746
2025-06-11T20:34:32Z,39.981068188508985,-75.15382463308529,11.258078086220937,-37.303272451309155,-12.161615580457811,-11.465491590552142,1.45633554591163,5.38415677690201,6.113583350663546,0.0010000000009708413,0.0009999999993524338,0.0010000000003034745,0.000999999999635836,0.0010000000000331966,0.0010000000000296438,5.334691601773008e-6,5.334692410157484e-6,2.3553694424206166,1.055615225576969,1.087849060357151,0.34626420826346027,0.00007556939040247593,0.00004217960997558142,0.00007737210738537208,0.0010049999999999987,0.0010049999999999985,0.0010049999999999994,0.0010000499999999993,0.0010000499999999997,0.0010000499999999995,1.5259365507351863,8.410400718689315,4.626168883084592,0.028044076745203823,0.08022708943914778,-0.20567315874984327,-8.968951816558837,-31.87249942779541,-1.3317519718036055,1014.3609715511924,-0.05991689270975242,33.13711695891335
2025-06-11T20:34:33Z,39.98069393184092,-75.1539795639893,8.901043911034211,-45.16578334802094,-14.384649446292237,-13.187622910335293,1.5199210306488775,5.266388644560648,6.008055131334593,0.0010000000009006927,0.0009999999990122342,0.0010000000001342576,0.0009999999999488825,0.0010000000002880409,0.0009999999997454267,6.33469165282203e-6,6.334692879073013e-6,2.243659668091831,1.0642184705811872,1.1245312793888858,0.2386221083629351,0.0001161507649920865,0.00005218739857143379,0.00010512120243474095,0.0010059999999999976,0.0010059999999999976,0.0010060000000000002,0.0010000599999999984,0.0010000599999999992,0.0010000599999999984,0.08908932337067793,8.509243730545691,4.645889616250688,-0.02224372107406051,-0.07174312349319051,0.11498478778728113,-0.6473319771885871,-29.315379371643065,-2.9687479448318483,1014.3392578125,-0.08374609826386663,29.472376606893416
2025-06-11T20:34:34Z,39.98017360874447,-75.15416037685976,5.691786010017903,-52.8665610728622,-16.732047603000606,-14.932175157191244,1.3594907578370141,5.3426384456613585,6.19443444130007,0.0010000000011572915,0.0009999999992683258,0.0010000000000218606,0.0010000000001618129,0.001000000000116665,0.0009999999997738485,7.334691628908257e-6,7.334693432034674e-6,2.1047017288197076,1.0764090448166364,1.1769172082129478,0.17487029616693317,0.0001051996128383225,0.00006145085461362497,0.00010367686821704415,0.0010069999999999977,0.0010069999999999977,0.0010069999999999994,0.0010000699999999983,0.0010000699999999983,0.0010000699999999983,0.37345463802575407,8.383700789452588,4.8913177134989345,-0.004192886761338549,0.11182920585916442,-0.05811056956355611,-6.680475912094116,-31.105119400024414,-2.5756639575958253,1014.388540649414,-0.06550629114641819,31.918458926756582
2025-06-11T20:34:35Z,39.979443941103426,-75.15436532742355,2.112580616205559,-60.302845966999186,-18.8450909624956,-16.25748367026099,1.5022549859741554,5.364846631078347,6.014589675291175,0.0010000000008323347,0.0009999999993523243,0.000999999999924505,0.001000000000416057,0.0009999999998747957,0.0009999999994963205,8.334691447608317e-6,8.33469407036036e-6,1.9686867352021988,1.093200680522198,1.248344638580199,0.13938779899838027,0.00010970973838025054,0.00007147648989433947,0.0001120343212112247,0.0010079999999999985,0.0010079999999999965,0.0010079999999999993,0.0010000799999999985,0.0010000799999999985,0.0010000799999999985,0.37184903291497134,8.560861295700805,4.7436972364187024,0.0010424351309903405,-0.10640123135328784,-0.02995647763950488,-3.435275936126709,-30.170111503601074,-2.8482119417190552,1014.3623229980469,0.015496637089377405,30.498294514412606
2025-06-11T20:34:36Z,39.978435250579984,-75.15459220321931,-1.6625114812537714,-66.86620520354235,-21.102316796187793,-17.20770186500727,1.6007455589994393,5.561804099378978,5.882065336608973,0.001000000001316859,0.0009999999992658104,0.0009999999997432024,0.0010000000006689367,0.0009999999996485663,0.0009999999991108966,9.334690980821391e-6,9.334694796872728e-6,1.850950147595286,1.1164006587134945,1.3361181489904812,0.12050759317156548,0.00008427269083377836,0.00007997950779551327,0.00011440887498605927,0.0010089999999999984,0.001008999999999996,0.0010089999999999986,0.0010000899999999982,0.0010000899999999984,0.0010000899999999982,0.5870638175076863,8.26793820762699,4.687903369307593,0.0068168864193430215,-0.09135755608985278,-0.18993528444637559,-5.034207916259765,-30.035179405212403,-2.937027943134308,1014.362060546875,-0.2561469371078001,30.595396429775782
2025-06-11T20:34:37Z,39.97705400889562,-75.15483895514113,-5.332409109083779,-73.56646583544683,-23.337087843213734,-18.21037532417757,1.5499992673723142,5.388782754612272,5.959783723629787,0.0010000000013884955,0.0009999999992926518,0.0010000000000584693,0.0010000000009347898,0.0009999999995297648,0.0009999999991593636,0.000010334690047459438,0.000010334695616260533,1.758888544817177,1.144733032605162,1.4497472249311414,0.11485017629112515,0.00013443852391857128,0.0000893122988840039,0.00013436402912349714,0.0010099999999999977,0.0010099999999999968,0.0010099999999999977,0.0010000999999999977,0.0010000999999999994,0.0010000999999999977,0.2315016394171332,8.409314190622204,4.871319245601659,0.015035712220968426,0.05048354827461515,0.1921822985419581,-4.878535890579224,-29.935627479553222,-2.7320679450035095,1014.3042907714844,-0.05755245730530607,30.453292318508197
2025-06-11T20:34:38Z,39.97526699875188,-75.15510306720516,-9.1886909693842,-78.87511661337575,-25.656399146884556,-18.415708613632436,1.5038481911250485,5.579392586779504,6.081759578364057,0.001000000001614506,0.0009999999994176674,0.0010000000000306994,0.0010000000010293379,0.0009999999992708307,0.0009999999994194867,0.000011334688421124685,0.000011334696534450743,1.6949146180629722,1.1827520042537147,1.5788293937160442,0.11331043594513104,0.00010418097672103609,0.00009711320384192122,0.00013306778150988822,0.0010109999999999978,0.0010109999999999976,0.0010109999999999976,0.0010001099999999968,0.0010001100000000002,0.0010001099999999968,1.0815801928327504,8.236089281082862,4.603539160653891,0.05346153415693536,0.0887185057132441,-0.16400450243410028,-9.55040382385254,-30.35506332397461,-2.2352839410305023,1014.4613647460938,-0.2814102200436707,31.900365875655023
2025-06-11T20:34:39Z,39.97294272690533,-75.15537995967054,-11.992517621902525,-84.09334730860404,-28.1011359553055,-18.500069198264768,1.532027476191821,5.513746989391704,5.982378957334191,0.0010000000018663968,0.000999999999668076,0.0010000000003705107,0.0010000000013079173,0.0009999999992117107,0.0009999999992061706,0.000012334685859235719,0.000012334697560183387,1.6581692275290427,1.2273389669610013,1.7376102562894145,0.11841123519564299,0.0001331441723531963,0.00010442485715688814,0.0001474807349673673,0.0010119999999999966,0.0010119999999999966,0.0010119999999999966,0.0010001199999999976,0.0010001200000000013,0.0010001199999999976,0.217729775062079,8.350479778290378,5.055106586456268,-0.022533831813005015,-0.08451466941574313,0.0954620808424645,-3.6675639390945434,-27.142559471130372,-3.640967923998833,1014.3424072265625,-0.014613055681938578,27.63011774086287
2025-06-11T20:34:40Z,39.97011032554652,-75.15566295511348,-13.996102669903113,-88.72886667255123,-29.911243988282017,-18.21235415829296,1.4502367826272315,5.523140497586142,6.072835962740783,0.0010000000018754176,0.0009999999999723984,0.0010000000005939075,0.0010000000010769524,0.000999999999433159,0.0009999999990491259,0.000013334682161849631,0.000013334698705428685,1.6474938049076178,1.2757058065159381,1.9241446746244932,0.12588823384124048,0.00015118352134340965,0.00010965026096887777,0.00015909861903603398,0.0010129999999999972,0.0010129999999999972,0.0010129999999999972,0.0010001299999999975,0.001000130000000002,0.0010001299999999977,0.5444605013858489,8.319579671860074,4.95734383547269,0.0021682390846271267,0.05452578385998159,0.036835673493894154,-6.079747896194458,-29.025507392883302,-1.7489919638633729,1014.3355712890625,-0.07851394447432317,29.706891042301848
2025-06-11T20:34:41Z,39.96683793132806,-75.15594444802869,-14.921093146700777,-92.63549155240602,-31.47651350700772,-17.260565061752338,1.3160810898623394,5.532813313864063,6.2580620390832475,0.0010000000021128564,0.001000000000217685,0.001000000000392469,0.001000000000909142,0.000999999999438571,0.000999999998749793,0.00001433467724220034,0.00001433469998484364,1.6576790274929545,1.3307923182723869,2.1410938025100226,0.1333501539752209,0.0001801685244936928,0.00011003835438458427,0.00017671744333787423,0.0010139999999999965,0.0010139999999999965,0.0010139999999999965,0.0010001399999999979,0.0010001400000000024,0.0010001399999999979,0.5399593954477332,8.398525423049954,5.161105342149141,0.014160715381003566,0.12019446211085526,0.06582279585024435,-9.605059852600098,-29.518631324768066,-1.3566399729251861,1014.3439331054688,0.09405973209776337,31.071596232799916
2025-06-11T20:34:42Z,39.9632639456384,-75.1562204782594,-14.506137550893786,-95.72181814292294,-32.558519361547546,-15.71017946665414,1.522069078615182,5.855118338321505,5.893883338970296,0.001000000002249653,0.0010000000004351162,0.0010000000006746826,0.0010000000010688204,0.0009999999997452032,0.0009999999987095793,0.00001533467116830216,0.000015334701416325767,1.680199354411629,1.3903709054638302,2.3879993587499104,0.1377593345117218,0.00011926835075092564,0.00012155219135476513,0.00017634328231611783,0.0010149999999999966,0.0010149999999999966,0.0010149999999999966,0.0010001499999999978,0.0010001500000000022,0.0010001499999999978,-0.12928784523852652,8.539890628216096,5.012569853469044,0.030839267780560814,-0.2807842685500133,-0.32607822722071556,-3.038043951690197,-28.633887367248533,-1.0035719807818533,1014.3468322753906,0.12484972284173562,28.81203660036529
2025-06-11T20:34:43Z,39.959562657690306,-75.15649369050878,-12.622363110457623,-96.51686146192449,-34.19450941677058,-13.333511834026744,1.4131942664248667,5.85855800397194,6.156603470951817,0.0010000000022890119,0.0010000000002615996,0.0010000000008380948,0.0010000000008872577,0.0009999999994557368,0.000999999998448779,0.000016334664083867757,0.00001633470301743953,1.7002497757644768,1.4688015998330144,2.627119652720934,0.13141955459191362,0.0001416095065729611,0.00011708888084858343,0.00018448662322441268,0.0010159999999999967,0.0010159999999999967,0.0010159999999999967,0.0010001599999999978,0.0010001600000000012,0.0010001599999999978,0.8685965015446623,8.4133365526195,5.149997760295194,0.03440097743590472,0.23448425511738158,0.07482555709058702,-11.30842378616333,-29.420787467956544,-1.0601799795031548,1014.3327941894531,0.12442950326325058,31.537025363691278
2025-06-11T20:34:44Z,39.955944562525296,-75.1567710338639,-9.889527523320066,-97.20699491396834,-35.62356888686041,-11.247736682140538,1.4031894419095892,5.922248905901567,6.08629800917282,0.0010000000022746469,0.001000000000069266,0.0010000000008333028,0.0010000000006668542,0.0009999999994760578,0.0009999999987668848,0.000017334656095837934,0.00001733470480610698,1.7080095995963491,1.554112405657352,2.888858160663608,0.1246784793338829,0.00014385323573199314,0.00012197164995154441,0.00019445579258409748,0.0010169999999999962,0.0010169999999999962,0.0010169999999999962,0.0010001699999999986,0.001000170000000002,0.0010001699999999986,0.31014206163842034,8.365163777369817,5.307832692164163,-0.008283418681195637,-0.06242726113383246,-0.023835834052725123,-6.5011358642578125,-29.09407157897949,0.2835279928520322,1014.3987091064453,0.1338426550054102,29.81286861410622
2025-06-11T20:34:45Z,39.95246069929743,-75.15705042300144,-6.686200820733163,-97.24630560879199,-36.4148479284407,-9.31701952265022,1.3689817889308447,6.034054560323307,6.048192851591405,0.0010000000021085963,0.0010000000003312856,0.0010000000009296182,0.0010000000005179345,0.000999999999284512,0.000999999999098741,0.00001833464720942409,0.00001833470680399835,1.7019115472006878,1.6449281571445302,3.156213128501535,0.1140649397927287,0.00014180141918477946,0.00012686792445782902,0.0002061002053965032,0.001017999999999997,0.001017999999999997,0.001017999999999997,0.0010001799999999992,0.0010001800000000026,0.0010001799999999992,0.46838773482810486,8.313019508361748,4.985270673274161,-0.01563045560075735,-0.022472212299180616,-0.07521113201293717,-7.612555856704712,-29.48422748565674,-0.23131199277937411,1014.4052124023438,-0.07338640327168527,30.451947326681346
2025-06-11T20:34:46Z,39.94916762682151,-75.15733230190142,-3.5711703680476123,-98.52586243963432,-36.85057321696988,-7.977002207573809,1.312571642105022,5.799945381324579,6.195739127390092,0.0010000000022973082,0.0010000000005182038,0.0010000000011673173,0.0010000000008047077,0.0009999999990886331,0.0009999999991944118,0.00001933463735859132,0.000019334709037875188,1.6863787739695018,1.7393457635698926,3.4699265343405816,0.1083577561889213,0.00019415292508720165,0.00012184775847087937,0.00022124534143447072,0.0010189999999999965,0.0010189999999999965,0.0010189999999999967,0.001000189999999999,0.0010001900000000026,0.001000189999999999,-0.05562221435947725,8.313484949111606,5.115370091586375,0.024056465994048735,0.07408945909865966,0.30359392272026064,-6.822727890014648,-29.499355392456053,-0.33305999252945184,1014.441064453125,-0.016588536520622418,30.279852123010674
2025-06-11T20:34:47Z,39.981208561322525,-75.1535186173648,24.60474437216812,-26.705551762436052,-10.645005630553776,2.277077202870176,1.1941974986438193,6.123309091517084,0.1252815286823165,0.0010000000028400774,0.0010000000009277668,0.0010000000017964493,0.0010000000006825448,0.0009999999984339715,0.0009999999991690516,6.610972719228824e-10,6.61097182202359e-10,1.4594532155073345,0.35760946319968356,0.40573362677627495,0.08303557071904208,0.00014147696267171966,0.0000995460174347984,0.00020675338202083711,0.0010199999999999968,0.0010199999999999968,0.0010199999999999966,0.0010001999999999997,0.0010002000000000032,0.001000199999999998,0.7391734473533308,8.416036104201753,5.159739161967064,0.020714360433757233,0.15313155568854744,0.0040604562096902864,-11.03367977142334,-31.352047386169435,1.1980399703606963,1014.418017578125,0.12016888750237956,33.25845595730191
2025-06-11T20:34:48Z,39.98103139670106,-75.15365402741597,25.32492562953715,-27.99900557008449,-12.395329424598822,1.771838136316625,1.2153331051804241,6.189838327234626,6.1706466787792635,0.0010000000025937542,0.0010000000011468506,0.0010000000016726523,0.0010000000008711938,0.000999999997983288,0.00099999999922806,1.0006611019093274e-6,1.0006611149546699e-6,1.4704682185596178,0.3883856358059158,0.4503221925095637,0.07362940966846711,0.00013710280214103825,0.00011575285439786993,0.00020637895994427637,0.001020999999999997,0.001020999999999997,0.0010209999999999972,0.0010002099999999996,0.0010002100000000031,0.001000209999999997,0.023455274694553097,8.384839586257007,5.000795608995548,-0.011409670256021194,-0.1992252250099416,-0.15279870986095712,-2.1491519629955294,-32.35391139984131,0.5860879850387574,1014.4640350341797,-0.0162037370377999,32.430458652210056
2025-06-11T20:34:49Z,39.98084093093527,-75.15381037572647,25.603050779712216,-30.74599225607989,-14.081124670987359,1.2316763867567775,1.0899170117244223,5.813168864340758,0.440656472782167,0.0010000000023226514,0.0010000000013601596,0.0010000000017579597,0.001000000000700535,0.000999999997690625,0.0009999999988732264,2.000661116690724e-6,2.000661171676371e-6,1.465663590561215,0.4325171563451867,0.5185331493239254,0.06926064272555939,0.00020253834736907008,0.00010215534565669821,0.0002975193475869357,0.0010219999999999964,0.0010219999999999964,0.0010219999999999964,0.0010002199999999994,0.0010002200000000028,0.0010002199999999965,0.19413184146002307,8.449890887016197,5.004388192100348,0.03737792481092228,0.397995916845431,0.6403838416345686,-15.366387634277343,-35.40195945739746,0.3293999917060137,1014.4060315583881,0.043598875166293224,38.59441920867446
2025-06-11T20:34:50Z,39.98062652674952,-75.15399544907339,25.325498608006285,-33.98143519053135,-17.140946700961635,0.3970043761548119,0.8218175147233888,5.718653602591594,1.294709367208162,0.0010000000020511845,0.0010000000015305507,0.0010000000019566434,0.0010000000008853357,0.0009999999979390798,0.000999999998552879,3.000661142024711e-6,3.000661274141234e-6,1.4581943096114012,0.4905667942029267,0.6063086195722764,0.07043076315426311,0.00018975311933288366,0.00013824698412405706,0.00031732196610759667,0.0010229999999999961,0.0010229999999999961,0.0010229999999999961,0.0010002299999999987,0.0010002300000000021,0.0010002299999999958,1.2802345941341537,8.422040914534163,5.391680445870489,0.2098694561110999,0.6924016569011071,0.6182561831409605,-34.660199279785154,-27.90871940612793,4.660155901908874,1014.4002380371094,0.3030215605728014,44.74302794909818
2025-06-11T20:34:51Z,39.98038510681786,-75.15421865813634,24.36118767996764,-37.1307725792869,-20.542425272609734,-0.8372310515854884,1.0483892527384575,5.775947709454071,0.9772574997944493,0.0010000000016378461,0.0010000000018560986,0.0010000000023533831,0.001000000000985292,0.0009999999976635584,0.0009999999983778547,4.000661173975828e-6,4.000661430286807e-6,1.4553976280305867,0.5598357596271457,0.7088632206344507,0.07349046244501639,0.000211566597782022,0.00012264037423589884,0.00032283789430646224,0.0010239999999999967,0.0010239999999999967,0.0010239999999999965,0.0010002399999999995,0.001000240000000003,0.0010002399999999969,0.7876201138378098,8.573737691877742,4.639250173805187,0.06582012812611587,-0.19011308407577415,-0.21586667927209863,-32.340247268676755,-24.12354747772217,1.9998239588737488,1014.4062347412109,0.0018626491459095792,40.395944560082114
2025-06-11T20:34:52Z,39.98010882359948,-75.15448398320167,22.78111724175253,-39.674121100464525,-24.57551822191076,-1.9595375754766617,0.802107798386987,5.7413205759611845,1.5580065371459382,0.0010000000015105196,0.0010000000017679072,0.0010000000024216532,0.0010000000007864029,0.000999999997943401,0.0009999999986440623,5.000661196324399e-6,5.000661649074805e-6,1.459255558135533,0.6465491137398932,0.8271072857484334,0.07837974956813905,0.0001728041223168833,0.00016740170955992936,0.00031183713530011186,0.0010249999999999968,0.001024999999999997,0.0010249999999999968,0.0010002500000000003,0.0010002500000000037,0.0010002499999999966,0.6012823837941899,8.545560840604834,4.976281976339848,0.05485886193806494,0.415987463834238,0.35850884714884845,-39.52116714477539,-21.909491577148437,-4.89903190612793,1014.4158325195312,0.12921747040707743,45.45266086117573
2025-06-11T20:34:53Z,39.97979964995775,-75.1547989528928,19.960514501856796,-42.301360863030276,-29.083844676621474,-3.549359306193726,0.8024653524954147,5.768270249387356,1.543018641862485,0.0010000000016955818,0.0010000000021225391,0.001000000002492058,0.0010000000004168727,0.0009999999975673652,0.0009999999990242569,6.000661171881019e-6,6.000661938787627e-6,1.4724669275015194,0.7481967793608698,0.9524483020926842,0.08652396177868041,0.00017402451524744784,0.00017167602442153055,0.0003153108833024695,0.0010259999999999963,0.0010259999999999959,0.0010259999999999963,0.0010002600000000006,0.0010002600000000043,0.0010002599999999972,0.21996106636632304,8.5146565645449,4.718937666600335,-0.007073124055120682,0.009440957656945049,-0.028567415884892207,-38.552264420882516,-23.26593005138895,-8.566521551298058,1014.7184753417969,-0.040138391739361984,45.83624371420949
2025-06-11T20:34:54Z,39.97938311742246,-75.15513989991904,18.03341835393282,-44.46977837118109,-32.22497925883391,-4.309783067242548,0.9812130225653021,5.839862542437257,1.166235651677102,0.0010000000015205274,0.0010000000022538824,0.0010000000025941805,0.0010000000003478682,0.000999999997701779,0.0009999999991881542,7.000661038278469e-6,7.000662307115911e-6,1.4934651392482494,0.8672294262021438,1.094604404672899,0.09061623247186949,0.00021057926897071134,0.00014168059056792032,0.0003300638797600035,0.0010269999999999954,0.0010269999999999951,0.0010269999999999954,0.001000270000000001,0.0010002700000000045,0.0010002699999999975,0.44732474045285897,8.473670410154128,4.670413700578106,-0.000250241173848143,-0.2283161414241306,-0.26827785214684186,-34.61676765441894,-27.28871543884277,-11.121275749206543,1014.3053588867188,-0.09134097222561319,45.46067266027958
2025-06-11T20:34:55Z,39.97887511752276,-75.15550914318516,15.704734633827925,-46.82973232181363,-36.10735306968305,-5.580421695692264,0.8395206774985462,5.663226548893209,1.439132368795483,0.0010000000014386945,0.0010000000020677128,0.001000000002110455,0.0010000000004629227,0.0009999999973469309,0.0009999999995178091,8.000660710028434e-6,8.000662760376686e-6,1.520992109727812,1.0062507904475049,1.2325276950627646,0.09953088843673756,0.00023179593983105797,0.00016814100742951494,0.000378259480676082,0.0010279999999999948,0.001027999999999994,0.0010279999999999948,0.0010002800000000014,0.0010002800000000031,0.0010002799999999977,-0.32337776210683644,8.39341986083759,4.613403305051117,-0.005868817671239545,0.07448104851695383,0.3014701793120125,-33.19034343719483,-27.631535415649413,-8.07957184791565,1014.4119567871094,-0.19365450653905927,43.93604071855093
2025-06-11T20:34:56Z,39.97823342998473,-75.1559007781892,13.202548787866032,-48.87726538765079,-39.73139779629978,-6.540051821779218,0.7081592773095485,5.745686985038945,1.743544009337384,0.0010000000012587943,0.0010000000017708211,0.0010000000022255685,0.0010000000004780046,0.0009999999976871919,0.0009999999996634906,9.00066009450915e-6,9.000663302778895e-6,1.5561046263431186,1.1725005244215176,1.3722570817754327,0.10770663695753041,0.00017693044187538467,0.00019841612288158986,0.00034280268068794526,0.0010289999999999954,0.0010289999999999941,0.0010289999999999954,0.0010002900000000013,0.0010002900000000022,0.0010002899999999979,0.6088876722946108,8.475615419572746,4.748911339841864,0.028748632295345005,0.23419358031564952,0.14053304017596266,-38.083170365314096,-24.867334365844727,-9.192077432359968,1014.4572143554688,-0.04209342854416603,46.4026051735983
2025-06-11T20:34:57Z,39.97740801991766,-75.15630339733568,11.319129076625192,-49.87010539560418,-43.61529210905884,-6.810746578696916,0.8312322542854585,5.70747032902453,1.6389469233968537,0.001000000001151091,0.0010000000018749375,0.0010000000019594205,0.001000000000492441,0.0009999999975622675,0.0009999999995843856,0.000010000659113477954,0.000010000663935675246,1.595822426977193,1.3870062912627688,1.5087892098988864,0.11777011616641989,0.00020900483642233772,0.00018923683731307992,0.00037377095539424705,0.0010299999999999958,0.001029999999999993,0.001029999999999996,0.0010003000000000021,0.0010003000000000021,0.0010002999999999985,0.05643590224822313,8.688379342395283,5.467100624777635,0.05635642637014847,-0.10042154120687168,-0.020877950702880704,-34.61519504123264,-24.827541859944663,-5.953599855634901,1014.3645935058594,0.48934437545605136,43.012318623321136
2025-06-11T20:34:58Z,39.97644678608233,-75.15671967613893,9.753553434648635,-51.04432747526812,-46.584417409948614,-7.039154433088051,0.7823350114572806,5.7005652892309735,1.7199274785144922,0.0010000000009114567,0.001000000001627825,0.0010000000021217618,0.001000000000660626,0.0009999999977336243,0.000999999999109072,0.00001100065772088163,0.000011000664658104443,1.6358465141402108,1.6278933064535241,1.6341159591164895,0.12294974519666968,0.00020861026125676137,0.00019736837659170334,0.00038343539160381584,0.0010309999999999946,0.0010309999999999918,0.0010309999999999957,0.0010003100000000025,0.0010003100000000025,0.0010003099999999988,0.6499325569111519,8.637535585401567,4.8505295201520395,-0.01613228179670088,0.03125759432742822,0.07124498001177904,-40.88543584395428,-25.118554562938456,-3.460567284603508,1014.4422607421875,0.15171583533175487,48.10957593112229
2025-06-11T20:34:59Z,39.975320810776026,-75.15713474351772,8.82913216374268,-52.077049917838735,-49.16791929818543,-7.106917312791375,0.7823320882948668,5.669055169706269,1.7104405889820125,0.001000000001266432,0.0010000000014407074,0.0010000000023517564,0.001000000000149074,0.0009999999975983196,0.0009999999994239747,0.000012000655903743545,0.000012000665468928456,1.6705018324608818,1.9082983374649447,1.7437490419730184,0.12634098830816937,0.0002327709425115276,0.00019427979819414674,0.00041062721751527765,0.0010319999999999936,0.001031999999999992,0.0010319999999999965,0.001000320000000002,0.001000320000000002,0.0010003199999999983,0.8016231961874489,8.492470926283161,5.032825557825827,-0.017967664897171172,-0.04400804340519613,0.03849073829427977,-44.46021522521973,-21.654267539978026,-9.407907829284667,1014.3851928710938,0.12859910361678534,50.34006026104743
2025-06-11T20:35:00Z,39.97408658090942,-75.15755316451158,8.26495465375259,-53.523679239318696,-50.75552773590526,-6.865371099061228,0.8776772193772044,5.854423085138674,1.4979531767042733,0.00100000000086457,0.0010000000014791538,0.0010000000025218547,0.001000000000448075,0.000999999997346482,0.0009999999991974458,0.000013000653670089635,0.000013000666371813335,1.6945607092145312,2.2197836369413073,1.8502371834127649,0.1228651036322054,0.0002385469185558528,0.0001603327641592902,0.0003956467162420467,0.0010329999999999936,0.0010329999999999912,0.0010329999999999972,0.0010003300000000015,0.0010003300000000015,0.001000329999999998,0.6357492434194913,8.492761870324388,4.796458013251201,-0.020573776849827655,-0.031673093084049,-0.24317326558916716,-39.67937874307438,-23.78925268990653,-12.218673258411641,1014.4182321648849,-0.0012006612295970614,47.85052524688046
2025-06-11T20:35:01Z,39.972736876343355,-75.15796865248716,8.115867617600816,-55.2389888267502,-51.63966831666485,-6.829821266271461,0.8571287516523416,5.806783282706618,1.5103325587061498,0.001000000000736148,0.0010000000013170806,0.0010000000023232271,0.0010000000004592618,0.000999999997351997,0.0009999999987555968,0.000014000651005210539,0.000014000667377828959,1.702527247465309,2.5514939567286787,1.9451919801879338,0.11513190338364601,0.0002661715532434907,0.0001566887544425537,0.0004257461719313158,0.001033999999999994,0.0010339999999999913,0.0010339999999999976,0.0010003400000000006,0.0010003400000000006,0.0010003399999999971,0.152503749746801,8.280484097849087,4.492171453397404,-0.0204421022576104,-0.044409403448133544,0.06565891962206151,-40.17411148071289,-24.90922748565674,-9.693143825531006,1014.3809814453125,-0.3537129914778663,48.253300331439284
2025-06-11T20:35:02Z,39.9713055871381,-75.15838633040684,8.303333144994198,-57.03786089739378,-51.384605939527304,-6.0134358703283874,0.9295723007112986,6.077499436231465,1.3836318824729037,0.00100000000081882,0.0010000000016886813,0.0010000000021278433,0.0010000000006822724,0.0009999999975199268,0.0009999999988829313,0.000015000647818992706,0.000015000668508130761,1.690521149762818,2.9214723746364193,2.061428910762909,0.10155483893271593,0.000251569831689138,0.00013436284010144106,0.0003896665963939257,0.0010349999999999927,0.0010349999999999919,0.0010349999999999982,0.001000350000000001,0.001000350000000001,0.0010003499999999975,0.37443626330719293,8.598979934691066,4.563099621174397,0.027766289557802352,0.05568689374145423,-0.2719547001576646,-43.63192959221042,-26.737419945853098,-10.90679982243752,1014.3725891113281,-0.0336179721467253,52.32196368397429
2025-06-11T20:35:03Z,39.969831356281965,-75.15881509660608,8.744078233773545,-58.47866308723746,-50.78578881815466,-5.2951106906063,0.892253404097789,5.966062317909346,1.610003009710592,0.0010000000007012243,0.0010000000014303938,0.0010000000022582093,0.0010000000006491607,0.0009999999976024864,0.000999999999120208,0.000016000643877806967,0.000016000669791127837,1.658514030736002,3.319231451297864,2.1827661633424214,0.08756712134741722,0.00024411961395678946,0.00016535552013663957,0.0004158222435602413,0.0010359999999999927,0.0010359999999999924,0.0010359999999999972,0.0010003600000000018,0.0010003600000000018,0.0010003599999999983,0.35483823229275413,8.479937305760155,4.597365157232298,0.018745979675690083,0.08769175671503415,0.24545593211476946,-46.47278680606764,-26.285024020136618,-3.0280897349727396,1014.4177551269531,-0.12308391218818761,53.47696988216403
2025-06-11T20:35:04Z,39.96830333009354,-75.1592576205436,9.476316231779347,-59.712406789887595,-50.15181934043548,-4.32236615134292,0.8815042545892188,6.062388778935717,1.626699481151975,0.001000000000937955,0.0010000000017815745,0.0010000000023856995,0.0010000000008022342,0.0009999999973255315,0.0009999999992118041,0.00001700063879345459,0.000017000671254287367,1.6128141014527326,3.769387350525387,2.326501530379033,0.07546151015533689,0.00024088278527692678,0.0001675325113505603,0.00041292883697349974,0.0010369999999999921,0.0010369999999999913,0.0010369999999999978,0.0010003700000000022,0.0010003700000000026,0.001000369999999999,0.9986525305502555,8.63105636024332,4.9664163664854835,-0.012081174527711262,0.05740824220569272,-0.04907549281889137,-44.87477111816406,-12.597475738525391,-2.2728599596023558,1014.4242248535156,0.2322027179836016,46.664790152495115
2025-06-11T20:35:05Z,39.96670491241504,-75.15972045838161,10.240067820711067,-61.222835464672826,-50.4942884136517,-4.190507734532575,0.8662329936278746,5.915940139047489,1.6674428465916857,0.0010000000009745722,0.0010000000018881693,0.0010000000023564842,0.0010000000005731763,0.000999999997095163,0.0009999999991151885,0.000018000632087319142,0.000018000672921574874,1.564043480514464,4.249595384165377,2.4754984048202378,0.06926354829754958,0.00026814579348690705,0.00017610190874545404,0.00045292309522542313,0.001037999999999991,0.001037999999999991,0.0010379999999999981,0.001000380000000002,0.001000380000000002,0.0010003799999999986,0.42877865610177895,8.41229960822881,4.422360992071627,-0.00981790984967852,-0.07844765277684508,0.15222758132088585,-36.25092969621931,4.253567284467269,6.906942737345793,1014.4173583984375,-0.2621117612625672,37.14733948713953
2025-06-11T20:35:06Z,39.964970571030236,-75.16020823563723,10.878882878843497,-62.43743429848921,-51.901838007032374,-4.134406638204013,0.8004560290822004,5.90827164104848,1.803956940868152,0.0010000000005465713,0.001000000002179096,0.0010000000022576218,0.0010000000009400543,0.0009999999967174784,0.0009999999990132015,0.000019000623361188437,0.00001900067481187766,1.5230100652712775,4.797408059821358,2.638550490039184,0.06793912920536688,0.0002506864480697409,0.00020565091053920793,0.0004608121816312165,0.0010389999999999898,0.0010389999999999898,0.0010389999999999972,0.0010003900000000025,0.0010003900000000025,0.001000389999999999,0.41417402548245486,8.474315380094549,4.83907627486947,-0.024499746034975848,0.07770925102374747,0.1041730294284178,-35.36572306206886,-1.1813233854605796,16.50114854853204,1014.3506774902344,-0.008159068048185116,39.04374262815704
2025-06-11T20:35:07Z,39.98111811800684,-75.1528452390312,32.78410110447841,-28.411071259559456,-33.57890216794267,1.9398019887905606,1.0439258197686108,5.968921097835817,1.8948027615035614,0.000999999999920708,0.0010000000022759696,0.0010000000025203438,0.0010000000008600558,0.0009999999959412684,0.0009999999988230793,1.5700335432812035e-9,1.570033528831621e-9,1.2205241507798286,0.7398257500106856,0.574097918691871,0.05376714100496106,0.00014214586380695824,0.00013344378151876178,0.00046683424008102495,0.001039999999999989,0.001039999999999989,0.0010399999999999982,0.0010004000000000024,0.0010004000000000024,0.001000399999999999,-0.12186977670023857,8.424571451582318,4.432487906894562,-0.0023911323185423694,0.03549827237618758,0.08077421604718694,-34.30117081622688,-15.594338475441447,6.019081539037276,1014.3685302734375,-0.25663144077243716,38.15729531953898
2025-06-11T20:35:08Z,39.98081987902053,-75.15326384259598,31.708127983704014,-27.709893948862707,-37.27273931550494,1.3002052834168092,0.9619546089133374,5.90795671964879,2.1432477523344216,0.000999999999965442,0.0010000000023078215,0.0010000000022172275,0.0010000000012017846,0.000999999995852795,0.0009999999990660975,1.0015700396613126e-6,1.0015700582313229e-6,1.2467408892948788,0.8383506669170441,0.6266654958198786,0.05382363390561211,0.00013735633827790877,0.00015749449452609875,0.0004707335769698411,0.001040999999999988,0.001040999999999988,0.0010409999999999987,0.0010004100000000017,0.001000410000000002,0.0010004099999999982,0.2414936089300266,8.764008131660727,5.088670828741956,0.009259485137454044,0.17051108782607383,0.17487849107327513,-37.3810483192911,-18.19019959897411,-2.036155070577349,1014.3415222167969,0.3605907751551373,41.62172320839716
2025-06-11T20:35:09Z,39.980505191030694,-75.1537339534699,30.145256230874995,-26.620466923778785,-41.37625596794244,0.22535717241609693,1.0295127333250615,5.858816907661796,2.039983215827758,0.000999999999855302,0.0010000000022667916,0.0010000000024000197,0.0010000000013317754,0.0009999999954464717,0.0009999999992618906,2.0015700596102016e-6,2.0015701343005894e-6,1.2686627672309738,0.9557727918479099,0.6885344276228537,0.05685274035759846,0.00015759928778138666,0.00015848555889020962,0.0005015139734391099,0.0010419999999999887,0.0010419999999999887,0.0010419999999999995,0.0010004200000000008,0.0010004200000000006,0.001000419999999998,0.11821752826314148,8.570360588071424,4.873773903437225,0.03370129988805846,-0.10412743594797368,-0.015587122185780365,-42.14001914978027,-21.523971672058106,-6.404267854690552,1014.3642578125,0.08386718693378559,47.75010341797848
2025-06-11T20:35:10Z,39.9801794504463,-75.15425688064227,27.973225365424398,-25.02882743709306,-45.82408010957005,-1.1346619788419268,0.9918046218490916,5.6929620128547525,2.1433050619768745,0.0010000000003426665,0.0010000000023098646,0.0010000000024011015,0.0010000000011293035,0.0009999999953832913,0.0009999999994777726,3.0015700959613877e-6,3.001570264009843e-6,1.2922151296092377,1.095358469129741,0.7575666144131519,0.06395877296503188,0.00018491334040516145,0.00017208720251353916,0.0005485267371435343,0.0010429999999999877,0.0010429999999999882,0.0010429999999999988,0.001000430000000001,0.001000430000000001,0.0010004299999999983,0.48847059877231286,8.448462509153007,4.779141907927974,0.01748651399721773,-0.008818498520606788,0.18611409854006694,-34.64999109384965,-20.13746892189493,-13.563909978282695,1014.3778381347656,-0.056826768265589335,42.30974949118852
2025-06-11T20:35:11Z,39.97984364934383,-75.15482965502537,25.314187502459657,-22.97574149779733,-50.462477925087455,-2.5183150617445014,1.0549753231563033,5.767949606665167,2.030276956041935,0.001000000000658778,0.0010000000021381115,0.0010000000025177044,0.0010000000011493502,0.000999999995011032,0.000999999999473674,4.0015701486848e-6,4.001570448587899e-6,1.3249292899952065,1.2634052583183841,0.8314317743271442,0.0757942080843801,0.0001869894367451723,0.00016794199801439312,0.0005478993245550498,0.0010439999999999876,0.0010439999999999879,0.0010439999999999987,0.0010004400000000013,0.001000440000000001,0.0010004399999999976,0.38545108800812816,8.559231771466806,4.844409350392802,0.005936018232989513,-0.04146765594281521,-0.11706406012963433,-34.176591339111326,-22.23767147064209,-11.39309181213379,1014.3567810058594,0.06745222846140878,42.33617456835903
2025-06-11T20:35:12Z,39.979493820752054,-75.15544500372646,22.412666222982878,-20.44781008198779,-54.46773411580928,-3.239890172817338,1.0722043280197073,5.788400215829045,2.1084095201921356,0.0010000000003174549,0.0010000000021790838,0.0010000000023779312,0.0010000000014118494,0.0009999999952297648,0.0009999999993332708,5.001570205121158e-6,5.001570687957474e-6,1.3707242904075123,1.468414048868273,0.9147946774808137,0.08849325539851927,0.0001831935031234099,0.00017592089401059744,0.00054030571912272,0.0010449999999999876,0.0010449999999999876,0.0010449999999999984,0.0010004500000000013,0.0010004500000000015,0.0010004499999999978,0.27080297132895725,8.801497892961505,5.236687239839021,0.055180151790034604,0.0699139591534567,0.015348255780485725,-33.59465129852295,-19.685919494628905,-6.171735825538636,1014.4098815917969,0.4703486411129653,39.42362678186015
2025-06-11T20:35:13Z,39.979108909562626,-75.15608486716346,19.888013607973303,-17.649336312502797,-57.808361076794384,-4.0228891050171764,1.1535691556750547,5.789609251243112,1.9423267646207434,0.0010000000000311101,0.00100000000227594,0.001000000001841032,0.0010000000011611855,0.0009999999954643855,0.0009999999997503865,6.001570227876312e-6,6.001570981054316e-6,1.4282971956240416,1.6974415222974553,0.9911073476591697,0.101541148534257,0.00021320336382286251,0.0001590407039533398,0.0005697417781619032,0.0010459999999999868,0.001045999999999987,0.0010459999999999977,0.0010004600000000016,0.0010004600000000016,0.001000459999999998,0.09052584072519944,8.554171022412982,5.169512025949961,0.0003153256974034399,-0.1361094663095455,-0.06208718947440765,-36.626839065551756,-26.465947494506835,-1.840247972011566,1014.337158203125,0.22084806684342764,45.22558617027002
2025-06-11T20:35:14Z,39.9786715948256,-75.15673693074125,17.56981459626621,-15.02924736485411,-60.09239482403327,-4.693129071576311,1.0599163674416718,5.800527602262906,2.1324109851094444,0.0009999999998035578,0.0010000000021033637,0.0010000000019296002,0.0010000000013696366,0.0009999999954603894,0.0009999999996646728,7.0015701492102616e-6,7.001571325085294e-6,1.4913145276107054,1.9437644873267732,1.0544860330108663,0.10994541339501882,0.0002014160786047402,0.00017102615709172424,0.0005545565267028403,0.0010469999999999876,0.0010469999999999874,0.0010469999999999985,0.0010004700000000011,0.0010004700000000011,0.0010004699999999979,0.46510739783437816,8.128371399779866,5.243733980721949,-0.007373116290775888,0.14663187068502423,0.07359850234935805,-37.79145126342773,-26.838291358947753,-12.389587764739991,1014.3425903320312,-0.09003113714212213,47.97900262247148
2025-06-11T20:35:15Z,39.97815555349445,-75.15738800605422,15.729888780309812,-12.871473384794283,-61.6434344437653,-4.92618321338592,1.1138992151090652,5.900080912218666,1.995109372477742,0.000999999999564362,0.001000000001946468,0.0010000000017336868,0.0010000000012255373,0.000999999995737201,0.0009999999999153386,8.001569873802443e-6,8.001571720166841e-6,1.5497471367250044,2.213157793946048,1.1065219113339522,0.11369701303891014,0.00021169110234164407,0.00015067965215688394,0.0005481921291676683,0.0010479999999999862,0.0010479999999999864,0.0010479999999999973,0.0010004800000000004,0.0010004800000000006,0.0010004799999999987,0.2973384822508887,8.16882275008945,5.2995754929761665,-0.006577059771372599,-0.08015501005027965,-0.13656844830479464,-36.668219663658924,-19.28795063252352,-13.393607976485272,1014.3194580078125,-0.03221904523345035,43.54271113847499
2025-06-11T20:35:16Z,39.977549257776865,-75.15803659084266,14.408186133349357,-11.136293606198812,-62.744203914417284,-5.011202122285352,1.0821868182842456,5.85599276348419,2.0448958473299808,0.00099999999921432,0.0010000000019615607,0.001000000001905227,0.0010000000011002852,0.0009999999960871883,0.0010000000001181484,9.00156928982008e-6,9.001572171258033e-6,1.5963539904746376,2.4960457665373355,1.1495019088514156,0.11380404239043468,0.00022909803403097344,0.00014608066561826839,0.0005663336915330449,0.001048999999999986,0.0010489999999999857,0.0010489999999999968,0.0010004899999999993,0.0010004900000000001,0.0010004899999999993,0.2090041667574013,8.093223382519703,5.294120618779531,-0.012498133637373178,0.0009679363998454156,0.07241041260717829,-41.244713530248525,-12.290877361686862,-7.21891417795298,1014.3218994140625,-0.10071295380140657,43.63829005017844
2025-06-11T20:35:17Z,39.97686030830517,-75.15868660479406,13.536923656625273,-9.526746747622642,-63.28908940020963,-4.69742464283948,1.0712532221262148,5.92861458213159,2.0818131579949304,0.0009999999995168314,0.0010000000017504709,0.0010000000019315571,0.0010000000012187512,0.0009999999958820276,0.0010000000001327406,0.000010001568277701729,0.000010001572688846942,1.627228268741637,2.791493982797527,1.201473035101493,0.11111329838951406,0.0002256572531544775,0.00014020272000426752,0.0005525862455903877,0.0010499999999999865,0.001049999999999985,0.0010499999999999978,0.0010004999999999997,0.0010004999999999997,0.0010004999999999997,0.4404892990895022,8.071459621427481,5.734566048620226,0.00395266738268567,0.04289187581848326,-0.03547154348689939,-33.397125944799306,-9.298640591757637,-15.122771185271594,1014.3635559082031,0.13708870496569478,37.822309716047826
2025-06-11T20:35:18Z,39.97610437194717,-75.15934110867825,13.060130771400527,-8.812086836264308,-63.283393216118895,-4.336365611612482,1.0953667162973133,6.055520601775699,1.9923452200988365,0.000999999999418532,0.0010000000015409943,0.0010000000017307204,0.0010000000010956338,0.0009999999957085942,0.0010000000003649305,0.000011001566695362657,0.00001100157328887829,1.6381152827320613,3.082382921322599,1.2516219383850737,0.10167223251256569,0.0002252086490836024,0.00012776939615886766,0.0005350049553068902,0.0010509999999999873,0.0010509999999999845,0.0010509999999999983,0.00100051,0.00100051,0.00100051,0.3070862266399853,8.048628865483346,5.358681632002601,0.0027664471694187993,-0.03789939079365308,-0.14169218847913898,-38.40086862992267,-11.877820248506508,-6.611154945529237,1014.4203186035156,-0.09969782880365959,40.73588793024134
2025-06-11T20:35:19Z,39.97526743674312,-75.16000147258521,13.010486714526943,-8.082856012160688,-63.49971690898365,-3.9194229307077504,1.0925985727306318,5.967440462961569,1.9969405201441672,0.0009999999991221519,0.0010000000014310545,0.0010000000015316667,0.001000000001411487,0.0009999999955591756,0.0010000000001293896,0.000012001564369002658,0.000012001573990374991,1.6311989858091427,3.381677958900371,1.3258556743143401,0.09452806322762417,0.000245446884618702,0.0001238768931140336,0.0005604534000044103,0.0010519999999999863,0.0010519999999999837,0.0010519999999999974,0.001000519999999999,0.001000519999999999,0.0010005199999999993,-0.02998929405899314,8.105165409086593,5.544038485525308,0.005330815329052107,-0.05725822301524887,0.09108476865627628,-36.15421150207519,-18.79531951904297,-3.8603239035606385,1014.4123992919922,0.046048498759396386,40.93029436105929
2025-06-11T20:35:20Z,39.97436591395954,-75.1606744517684,13.306049930511978,-8.220504695499756,-63.54011732914875,-3.336310332517148,1.0795387500102194,6.024582021661086,2.2068132525536486,0.0009999999993075667,0.001000000001009261,0.0010000000014888219,0.001000000001511596,0.0009999999954113743,0.000999999999971905,0.000013001561073292112,0.000013001574813517885,1.6102052130130025,3.6857453591595677,1.4119373752123408,0.08350038976109062,0.00023683770244911732,0.00012960457408501367,0.0005512456452517909,0.0010529999999999869,0.0010529999999999832,0.0010529999999999977,0.0010005299999999997,0.001000529999999998,0.0010005299999999997,0.7383578839858231,8.484844806747562,4.953110238015337,0.05274452977167054,0.1880558075888433,0.05428382676740407,-46.67371337267817,-7.146212130176778,-5.865710112513328,1014.4040222167969,0.07858975330390497,47.58051701568263
2025-06-11T20:35:21Z,39.9734158799765,-75.16136444912507,13.66781632900494,-8.221518378069478,-63.79708083010859,-3.131056475501259,1.082035596921335,6.059421543389011,2.125297787316065,0.0009999999993483442,0.001000000000673441,0.0010000000019128074,0.001000000001483721,0.0009999999952149902,0.0009999999999783728,0.00001400155650243072,0.000014001575778086574,1.5778766743386963,3.9843609748945013,1.524219843298066,0.07490332913490155,0.0002456968246458896,0.00012382804014150997,0.0005540692056070927,0.0010539999999999862,0.0010539999999999823,0.001053999999999997,0.0010005399999999998,0.001000539999999997,0.0010005399999999996,0.11609292300114733,8.280738224028532,4.861273517845572,-0.011650682084025359,-0.07019391569460182,-0.05882711611848781,-38.93068717956543,-12.246359767913818,-14.818851680755616,1014.4258575439453,-0.170930908652067,43.41849485510446
2025-06-11T20:35:22Z,39.97243669188921,-75.16207565913611,13.818145659538914,-7.657054698709787,-64.35512381653368,-2.9472669018797752,0.9884684042153016,5.926559890092958,2.442351544673681,0.0009999999991194234,0.0010000000008745465,0.0010000000020645647,0.001000000001229653,0.0009999999952526816,0.0010000000002921767,0.000015001550301287846,0.000015001576906507096,1.5429442750601137,4.294490761363697,1.679046621003374,0.07020468414103738,0.0002577790643696886,0.00013893030344094931,0.0005841920114711548,0.0010549999999999859,0.0010549999999999824,0.001054999999999997,0.0010005499999999991,0.0010005499999999963,0.001000549999999999,0.26481175647741156,8.141608203887266,5.370298732755656,0.0014835135734083055,0.18635504220718316,0.28699528411281283,-41.445889064243865,-14.156730359914352,-16.60843238052057,1014.4960744757401,-0.016954136363854844,46.84026059513599
2025-06-11T20:35:23Z,39.97137209713031,-75.16280571688725,14.136660154678221,-7.010645078078496,-64.83766587238848,-2.618198725333646,1.0498464518014454,6.031127783182127,2.435868450003396,0.0009999999993599614,0.0010000000006064793,0.0010000000018058188,0.0010000000014587893,0.0009999999949143045,0.0010000000005288491,0.000016001542080647004,0.000016001578225628153,1.5107373691159447,4.613275723191874,1.8744197394307882,0.06694063590256893,0.0002534475965224046,0.00013622481029557622,0.0005727543291185404,0.0010559999999999847,0.0010559999999999819,0.0010559999999999964,0.0010005599999999984,0.0010005599999999958,0.0010005599999999984,0.3682951363822869,8.309437183379252,5.43283377551826,0.061291599436364724,0.03602929137050857,-0.08425053889333613,-38.89506301879883,-16.079355754852294,-18.88657558441162,1014.4573059082031,0.16093720618631757,46.13100551304412
2025-06-11T20:35:24Z,39.97027493647379,-75.16355464013421,14.451781720505783,-6.793786946913253,-65.0212252846061,-2.374686068973311,1.0373279619609888,6.100485140673001,2.3750609014543964,0.0009999999990739483,0.0010000000003944631,0.0010000000016636636,0.001000000001402165,0.0009999999950442257,0.0010000000005843555,0.00001700153135456986,0.000017001579761643087,1.4796118190407985,4.921912718396928,2.0930395347716213,0.06184136768651921,0.00025990122287046394,0.000131625278787089,0.0005719741792127573,0.0010569999999999853,0.0010569999999999818,0.0010569999999999963,0.0010005699999999992,0.0010005699999999964,0.0010005699999999992,0.15967188540537586,8.247210449218143,5.237930814860445,-0.022659593289390184,-0.028167616898753207,-0.08219594234531905,-37.41864410711794,-20.580403658808493,-19.644738333565847,1014.4839477539062,-0.0024566198219989005,47.00658380128393
2025-06-11T20:35:25Z,39.96911880092015,-75.16432065780234,14.787755778099802,-6.355714693696981,-65.32487595893197,-2.213853918402561,1.0693943466007556,6.0586061504000535,2.2860197168921466,0.0009999999990029705,0.0010000000000981119,0.0010000000015649455,0.001000000001558237,0.00099999999483975,0.0010000000008704563,0.000018001517538144985,0.000018001581541150958,1.4491754295424504,5.231407551473514,2.352964569628127,0.058698464575137485,0.0002769699127184477,0.00012929479483511272,0.0005883576629851963,0.001057999999999985,0.001057999999999981,0.0010579999999999958,0.00100058,0.0010005799999999964,0.00100058,-0.09345990357250868,8.137636813443857,5.40880731739551,0.018357955153123516,-0.10734809716736286,0.0002874491257470425,-35.721848390540295,-24.814052659638072,-14.632530290253309,1014.4771423339844,-0.002060988494869821,45.890020185877226
2025-06-11T20:35:26Z,39.967902375266334,-75.1651043363029,15.151402918942708,-6.035630025139444,-65.60041423527491,-2.005195549875258,1.0618410008029202,6.062676905285826,2.2842004245848053,0.0009999999987904196,0.0009999999998022279,0.0010000000017355156,0.0010000000018973757,0.0009999999946429812,0.0010000000006458645,0.00001900149999675969,0.000019001583595302515,1.4211635323838365,5.541597309121158,2.650972343272748,0.05572189370046608,0.0002849315585987957,0.00013111230717040986,0.0005972367881231742,0.001058999999999985,0.0010589999999999812,0.0010589999999999957,0.0010005900000000009,0.0010005899999999965,0.0010005900000000009,0.31523617636272605,8.190696984427216,5.409819501291383,-0.003102722161610745,-0.009039506230931003,0.0020160225761964527,-37.3992240282954,-23.43370974793726,-14.528705830476722,1014.4631500244141,0.047369728695053584,46.464172149697205
2025-06-11T20:35:27Z,39.9810716339654,-75.1520816715821,28.767595214852197,-0.07255567638333228,-5.2132615181899435,1.3554163175816358,1.3443635743105624,0.03973572055324071,2.7049006745931234,0.0009999999979822902,0.0009999999990803782,0.0010000000008902991,0.001000000002210001,0.0009999999937545633,0.0010000000010533742,7.850477071724997e-10,7.850476720409234e-10,0.9716349585133984,0.11230139573934295,0.10931116656488514,0.028577978377338293,0.0001249141511248313,0.00009534930061945945,0.0005454454218297435,0.0010599999999999843,0.0010599999999999809,0.0010599999999999954,0.0010006000000000012,0.0010005999999999958,0.0010006000000000012,0.5932273939226743,8.158228372574051,5.34653329276865,0.03686894053711681,0.23745230898766362,0.04541511071674865,-38.678232076216716,-21.044501674418548,-17.09120374796342,1014.4871215820312,-0.007650118600607575,47.233263114012885
2025-06-11T20:35:28Z,39.9810607688835,-75.15212653618785,28.16575628030824,2.3334758159526903,-2.393760591435416,0.6527116116322064,1.3647638838215996,6.152653226759583,2.611195189506283,0.0009999999980795308,0.0009999999994375964,0.0010000000006619323,0.0010000000022742793,0.000999999993644196,0.0010000000007751547,1.0007850492639783e-6,1.00078505258493e-6,0.9952407000141792,0.13824705979942292,0.13017634310701764,0.031353872012037515,0.00013745383225051864,0.00010294733471450544,0.0006045588077644386,0.001060999999999985,0.001060999999999981,0.0010609999999999958,0.0010006099999999999,0.0010006099999999955,0.0010006099999999999,-0.2938946650753109,8.291625846863711,5.531217507361475,0.014100130877858223,-0.12477500902153833,0.14494808926185312,-34.13584308624267,-25.700763473510744,-12.985923748016358,1014.5388793945312,0.19148231040415467,44.658870501640294
2025-06-11T20:35:29Z,39.98107559643958,-75.15213869000611,26.88010440355696,5.443813505962284,0.4400365777915012,-0.3533324562910811,1.2562091018957213,5.721939639537451,3.2578850035079214,0.0009999999978551688,0.000999999999243383,0.001000000000363258,0.001000000002030681,0.0009999999934385264,0.0010000000004500393,2.0007850543312845e-6,2.000785069364868e-6,1.0239477728656596,0.19621859259287225,0.16641520693807077,0.03842919063872792,0.00017485620522989727,0.00012666723339580275,0.0007593693605303111,0.0010619999999999848,0.0010619999999999811,0.0010619999999999959,0.0010006199999999994,0.001000619999999995,0.0010006199999999994,1.1849986538048654,8.053532683626075,5.526895647651633,0.14558489501031546,0.6090585560067474,0.6894344605856274,-46.13728413683303,-12.966004006406093,-19.49040812634407,1014.5826721191406,0.05882989087800967,51.73622533021597
2025-06-11T20:35:30Z,39.98112813459229,-75.15210865842062,24.863410591716505,8.484901014387999,4.782682153170258,-1.7281979088200923,1.0257163671664558,5.577385693103913,4.0197993159958685,0.00099999999828878,0.0009999999989434645,0.001000000000266572,0.0010000000022688106,0.0009999999933030617,0.0010000000009273038,3.0007850614564818e-6,3.000785102606165e-6,1.0650642849678118,0.30147734230939205,0.2175422454854186,0.05113467481072947,0.00019571873588081624,0.00014988210275254245,0.0006934887731082531,0.0010629999999999852,0.0010629999999999817,0.001062999999999996,0.0010006299999999993,0.001000629999999996,0.0010006299999999993,1.6721283150714017,7.8234835468056305,6.0346901985530055,0.2735160285052715,0.5931419340735724,0.444312924682644,-40.36555580470873,-2.462278215781502,-33.32270804695461,1014.5751953125,0.24011529436534493,52.40074874191464
2025-06-11T20:35:31Z,39.98120838489136,-75.15203211888905,22.400406523863136,10.748863950326658,8.283651946649055,-2.6330243659840304,1.2010116173079959,5.890863516689811,3.7282890276029943,0.0009999999985672362,0.0009999999987620606,0.0010000000000165148,0.0010000000023791301,0.00099999999349911,0.0010000000008693554,4.0007850577034145e-6,4.000785159123146e-6,1.123158315558335,0.4308064500756982,0.28651056447381607,0.06237338481785133,0.00014716547677645763,0.0001500186918504333,0.0006525978713571757,0.0010639999999999844,0.001063999999999981,0.0010639999999999955,0.0010006399999999986,0.0010006399999999969,0.0010006399999999986,1.246460146746757,8.126081811429126,5.2283994526065705,0.022383442212207515,-0.08985707938849112,-0.41211149654189216,-27.217420862076132,-9.137280707663678,-34.22541208470121,1014.5309600830078,-0.03844255413757912,44.67272322818614
2025-06-11T20:35:32Z,39.98129767643247,-75.15192055490397,20.02602235021453,10.839910136085603,10.788144307037335,-2.67630631689837,1.3026103469617851,0.06681737875033641,3.168228755544949,0.00099999999867027,0.000999999998702926,0.0010000000000782135,0.001000000002533293,0.0009999999935281605,0.0010000000006506562,5.000785001719871e-6,5.0007852480666084e-6,1.1869755661601449,0.5695102454779295,0.3753741039019719,0.06328639706861156,0.00015236049337548777,0.00013570599598462612,0.000577976493329543,0.0010649999999999841,0.0010649999999999802,0.001064999999999995,0.0010006499999999988,0.0010006499999999962,0.0010006499999999988,0.47119044398659693,8.3806931343091,5.180972751617415,0.00700203123802673,-0.4745493596046016,-0.7261793298194781,-13.237746725277026,-13.011922271884217,-28.490983145577566,1014.5710693359375,0.08252715082688426,34.00412817399512
2025-06-11T20:35:33Z,39.98137081802944,-75.15177633226436,18.02644619986195,11.97365737242912,14.172341641669687,-3.0724658503969495,1.355784178946871,5.999589422830323,3.272441704929045,0.0009999999989262042,0.0009999999988112704,0.0009999999999264072,0.0010000000027302258,0.000999999993363153,0.001000000000732541,6.000784805882131e-6,6.000785380050446e-6,1.250026855240948,0.7387967988074563,0.48276089080234585,0.07174740215410322,0.0001691689593249818,0.00014072976552669819,0.0006556897240856371,0.0010659999999999834,0.00106599999999998,0.0010659999999999943,0.0010006599999999998,0.001000659999999997,0.0010006599999999998,-0.6155272302986795,8.184230903626785,5.4467770352362805,0.06919354415804135,0.011883127971504877,0.3856930131002342,-26.39323543548584,-16.112295742034913,-30.17133140563965,1014.5838256835938,0.06830280913546971,43.2031689778358
2025-06-11T20:35:34Z,39.98138706340218,-75.15161115933131,16.025085234002784,11.479265980852992,15.315066384667412,-4.237048840246727,1.310599576335298,6.210160650193409,3.1695989613184494,0.0009999999985970628,0.0009999999986762891,0.0009999999997610085,0.001000000002756123,0.0009999999930129081,0.001000000000620917,7.000784326152893e-6,7.000785565646226e-6,1.305121242151472,0.8480253218009742,0.589773504932877,0.06643682586583036,0.00016348395086798802,0.00014228075343347614,0.000604209473969021,0.0010669999999999838,0.0010669999999999803,0.0010669999999999948,0.0010006700000000004,0.0010006699999999965,0.0010006700000000004,1.2371595849089265,7.6505067499522985,3.272525716698973,-0.060421131323560126,-0.061804426428231155,-0.2282122816893242,-30.493390957514446,-13.842424730459848,-30.017845273017883,1014.5549072265625,-1.369596831132108,44.97250371138627
2025-06-11T20:35:35Z,39.98139348157164,-75.1514320217602,13.41163568112909,10.971232363238842,17.008806706433955,-3.8126543979322887,1.4362914710758776,5.982206056724161,3.5474886239912697,0.0009999999983828255,0.0009999999985413125,0.0010000000000703491,0.0010000000026154933,0.00099999999315081,0.0010000000003884202,8.000783364440447e-6,8.000785815654082e-6,1.3395775732919415,1.0066443114559516,0.7332624435295001,0.06336744212515458,0.000182214870553737,0.00014602136293873332,0.0006415003398031323,0.0010679999999999824,0.0010679999999999798,0.001067999999999994,0.0010006800000000014,0.0010006799999999968,0.0010006800000000012,1.4673419025079977,9.263456639485808,3.7626132641716836,0.21352627673469543,0.3373550530276283,0.3235516280264904,-32.584420124689736,-9.971466501553854,-31.566737095514934,1014.9791687011718,0.32324403242985794,46.450282677532336
2025-06-11T20:35:36Z,39.981205201304945,-75.15124961392675,12.452729480726678,7.476901523551784,19.41899966517938,-3.9402657689779232,1.5176894169610138,0.08870930930285327,3.612013845439792,0.0009999999982526707,0.00099999999862109,0.0010000000000613474,0.0010000000022592197,0.000999999993199068,0.001000000000548495,9.000781660718164e-6,9.000786139629428e-6,1.3565436642396236,1.2081981513559732,0.8729732322536713,0.06333095833754314,0.00017380717384304,0.00014685998734995264,0.0005823276145048324,0.0010689999999999816,0.0010689999999999806,0.0010689999999999933,0.00100069,0.001000689999999996,0.0010006900000000003,1.6420865805992417,8.452858998358492,4.685422313962594,0.09868227993901037,0.08796149665802183,-0.3900591975305388,-24.80796745300293,-10.9333957862854,-38.53491912841797,1014.5743103027344,0.020512988894595317,47.115916718689896
2025-06-11T20:35:37Z,39.980864948331565,-75.15106557976024,11.553478003822576,2.1388283186811248,20.514519365702633,-4.507751464994743,1.5271612728294963,0.2721043683130777,3.634885737764227,0.0009999999982248692,0.0009999999987735904,0.001000000000002985,0.0010000000023337285,0.0009999999931471347,0.0010000000003649143,0.000010000778880668543,0.000010000786538059715,1.3569599630061036,1.403400703506947,1.0164190763468592,0.06389988761668826,0.00018974431751308567,0.00014922389609744075,0.0005782092404377947,0.0010699999999999813,0.0010699999999999803,0.001069999999999994,0.0010007000000000006,0.0010006999999999963,0.0010007000000000006,1.0106602557856605,8.772838183460493,4.362036534365424,0.019002019527598883,0.016478102938971884,-0.17056394059372304,-22.644693452484752,-13.118236463897082,-35.92875017438616,1014.5443115234375,0.0667486747485459,44.44930654538126
2025-06-11T20:35:38Z,39.980334371205515,-75.15089809131426,10.544345854814933,-2.7822358792121733,20.786947036704262,-4.817040440077607,1.5207679026115961,0.09296437414372316,3.6949014380107674,0.0009999999982543946,0.0009999999991512792,0.0010000000000300702,0.001000000002166944,0.0009999999928904197,0.0010000000005431949,0.000011000774617228733,0.000011000787007823406,1.3507439158499133,1.63202377379784,1.164357020394741,0.06923017875444794,0.00018155930093031628,0.00015311991659064226,0.000587181286940963,0.0010709999999999806,0.0010709999999999797,0.0010709999999999945,0.0010007100000000014,0.0010007099999999969,0.0010007100000000014,0.743635629953729,8.96067203903321,3.9722106375694244,-0.00031918828399462424,0.036231802772598534,0.19645502443249166,-23.921271591186525,-12.982507762908936,-35.088663024902345,1014.54248046875,0.04708146177773143,44.40700973194533
2025-06-11T20:35:39Z,39.979606450307315,-75.1507538310778,9.617700962734748,-7.173103800826818,21.456654554989985,-4.863641295305413,1.4666596905098686,0.23465831364292752,3.521712640388793,0.0009999999984679018,0.0009999999991722863,0.0009999999997175504,0.0010000000019305924,0.0009999999932159094,0.0010000000005133784,0.000012000768462140735,0.000012000787540658448,1.358264447766099,1.9446719898897975,1.3037459851213393,0.08265839296211415,0.00018310413070825118,0.00016665001216055277,0.0005860395655575799,0.0010719999999999794,0.0010719999999999786,0.001071999999999994,0.0010007200000000003,0.0010007199999999966,0.0010007200000000003,0.47410239493742057,8.948505009652031,4.726830083370179,-0.004303801943386671,-0.17689521128438981,-0.1486878273865052,-19.744967651367187,-13.556883640289307,-37.40227142333984,1014.5640355160361,0.348498630533771,44.41371687523663
2025-06-11T20:35:40Z,39.97863245246023,-75.15064800102549,9.134778211581654,-11.611087304986974,20.581150471369533,-4.863417490140925,1.4876863530300437,0.24420745020712056,3.6301552596981344,0.0009999999985383361,0.0009999999988274115,0.000999999999860698,0.0010000000017386685,0.0009999999930509782,0.0010000000005264459,0.00001300076012580991,0.000013000788124789342,1.3873691478315981,2.266634832958128,1.4332980359096439,0.09543517055842703,0.00018360660101251396,0.00017232093110626433,0.0005950497713886071,0.001072999999999979,0.0010729999999999778,0.0010729999999999928,0.0010007300000000005,0.0010007299999999966,0.00100073,0.8279343091313444,9.09637713482998,4.123227727782644,0.022556098539580363,0.09516304629172395,0.0035332609081486803,-19.79238327182069,-13.617938528255541,-36.52480759912608,1014.4927368164062,0.23878420302760914,43.71777468659939
2025-06-11T20:35:41Z,39.97751725939601,-75.15057677603939,8.623736839235715,-15.817901479040193,19.532039851080814,-5.147759590537512,1.50731242270399,0.3007178282963063,3.735994322016822,0.000999999998552913,0.0009999999987139417,0.0009999999998031896,0.0010000000018706315,0.000999999993290301,0.001000000000285099,0.00001400074958795652,0.000014000788750398284,1.4367711746320884,2.6091243553013763,1.5540343296817873,0.11194559952453702,0.00018657376843673586,0.00017795785375258666,0.0006081355415651536,0.0010739999999999782,0.0010739999999999784,0.0010739999999999931,0.0010007400000000008,0.001000739999999997,0.0010007400000000006,0.6117869546428039,8.790161479951124,4.465932468712469,0.020061194013462506,0.09923985325355217,-0.04800431299215673,-18.329279594421386,-13.90653579711914,-37.885635147094725,1014.5760498046875,0.09593634397647235,44.32461038086163
2025-06-11T20:35:42Z,39.976225662179544,-75.15054745626901,8.289013690287959,-19.375090329726326,17.94581416113727,-5.398666609466323,1.4973236440709157,0.2575485451351397,3.847935920778811,0.0009999999982996826,0.000999999998391048,0.0009999999995912805,0.0010000000020558585,0.0009999999930197655,0.0010000000007244557,0.000015000737242990849,0.000015000789424170802,1.5044577550736045,2.935165812808581,1.685141639974664,0.12719794051960878,0.00017733537022829524,0.0001830866387991179,0.0006177587668922106,0.0010749999999999785,0.0010749999999999794,0.0010749999999999941,0.0010007500000000008,0.0010007499999999973,0.0010007500000000006,0.47036762278413236,8.651895338682566,4.554397769626503,-0.009152780609989461,0.10107664029140752,0.04961642052989541,-24.338237007459004,-15.679033120473227,-37.924715757369995,1014.5606384277344,0.0062739803426133545,47.7122739840626
2025-06-11T20:35:43Z,39.974847642282526,-75.1505488936675,7.97424493665241,-22.361031087876395,15.607111609606063,-5.726171901705229,1.4942129090815404,0.4230224545263346,3.918166549900414,0.0009999999980917342,0.0009999999987217855,0.0009999999998046313,0.0010000000024487183,0.0009999999928660456,0.0010000000005916533,0.000016000723841997882,0.0000160007901822224,1.5790939829913007,3.1812755417145184,1.8567148442216936,0.13870125755722046,0.00018901037442344004,0.00018943397118742557,0.0006467027992231647,0.001075999999999978,0.00107599999999998,0.0010759999999999947,0.0010007599999999996,0.0010007599999999962,0.0010007599999999998,0.3227638615887053,8.531522571331775,4.397757793465848,0.006243061183913795,0.08115197779858636,-0.16488552630159806,-25.348295370737713,-16.464408059914906,-36.068790912628174,1014.6044311523438,-0.17847962458362013,47.05917252107542
2025-06-11T20:35:44Z,39.97334431817083,-75.15058428684243,7.999165005212549,-25.176062907028975,12.562504790894069,-6.0132808878543,1.5144171010331986,0.4705219775228958,4.01189716782865,0.0009999999977308052,0.0009999999987530392,0.000999999999747799,0.0010000000022013017,0.0009999999929128517,0.001000000000520633,0.000017000710261388976,0.000017000791092143592,1.651245376429633,3.312833311784746,2.12452589107559,0.1518730805450494,0.0001869184286475445,0.00019398179713336723,0.0006680935095680032,0.001076999999999977,0.00107699999999998,0.0010769999999999948,0.0010007700000000004,0.0010007699999999967,0.0010007700000000002,0.19207359235150298,8.780083883025007,4.580250627744481,0.013781006870205233,0.09712713856125252,-0.047333827038770794,-20.673387603759764,-12.603087749481201,-34.6375072479248,1014.5150307103207,0.12295892153193494,42.260849496612664
2025-06-11T20:35:45Z,39.9718657548783,-75.15062175677038,7.8457735878058585,-27.905488140005435,9.775210088693282,-6.556757329851754,1.4066939470765545,0.6259103693639699,3.8779125407783264,0.0009999999977386787,0.000999999998911456,0.0009999999999734282,0.0010000000020272785,0.0009999999930859662,0.0010000000006150287,0.000018000697378166747,0.000018000792241915124,1.7202517740058059,3.3250417186180266,2.512621864573149,0.16710089484921398,0.00020186836582638653,0.00020511098280807913,0.0007015224138943281,0.0010779999999999778,0.0010779999999999798,0.0010779999999999943,0.001000780000000001,0.0010007799999999958,0.0010007799999999993,0.024230399270017196,8.573068784714993,5.097365733623756,-0.0069563201726854755,-0.08155391880374024,-0.17905947108265302,-18.825819854736327,-13.764527778625489,-40.06919128417969,1014.5614013671875,0.1924652925180206,46.36172029477142
2025-06-11T20:35:46Z,39.9703774765741,-75.15064897366184,7.3462571338251985,-30.266051114766334,6.4837229756056125,-7.806408382936145,1.4135479560654736,0.7335462587108199,3.8818563409553217,0.0009999999974472584,0.0009999999986749196,0.0010000000000847677,0.0010000000020666258,0.0009999999927355484,0.0010000000006554549,0.000019000685875921644,0.000019000793716858674,1.7846274788512027,3.1583486502009377,3.0123952248602768,0.18229206290951322,0.00022492331124163219,0.00020828793399255228,0.0007403109061780523,0.0010789999999999771,0.00107899999999998,0.0010789999999999947,0.00100079,0.0010007899999999966,0.00100079,0.43560894112545495,8.496452492161545,4.593720369204905,0.030106163112282022,0.04422900748758006,-0.12234734519353167,-23.78726067834971,-15.455656849608129,-35.824428091243824,1014.5675048828125,-0.11261302031245513,45.6956903354451
2025-06-11T20:35:47Z,39.981660919332164,-75.15180641661357,10.362075950103485,-12.260982425978135,6.553025191714407,-5.61355644120545,1.308149453516648,0.5212778282417001,3.7088079412740576,0.0009999999975876391,0.0009999999990204156,0.001000000000532946,0.001000000002039355,0.0009999999928139258,0.0010000000005269264,3.7187239289761764e-10,3.7187222223143824e-10,1.0161274940207017,0.5113020412705858,0.5473126093129527,0.08900264592965759,0.00011599396779526538,0.00013059107572394117,0.00043608622335918073,0.001079999999999978,0.001079999999999981,0.0010799999999999935,0.0010008000000000005,0.001000799999999997,0.0010008000000000005,0.3145318641408728,8.3297684683813,4.419740775167857,0.029874950222273027,-0.04044373281654345,0.1331871031514644,-23.755351486206056,-15.21974380493164,-35.295819396972654,1014.6689758300781,-0.34615620675233566,45.18570140779915
2025-06-11T20:35:48Z,39.981639130847846,-75.15173076677515,7.84782555426448,-17.028867676832952,6.6391485750443415,-6.506162846373321,1.2471640517377391,0.5473609680588049,3.6208754153784977,0.0009999999978804635,0.0009999999987938026,0.0010000000005912257,0.0010000000022855082,0.0009999999929048702,0.0010000000003544463,1.0003718806090248e-6,1.0003718971037565e-6,1.1751113733494183,0.5391815814143273,0.6508657443928525,0.10399980867349007,0.00013385843244320802,0.00013324304177229004,0.0004659403636957035,0.001080999999999979,0.0010809999999999806,0.0010809999999999945,0.0010008100000000013,0.0010008099999999978,0.0010008100000000013,-0.10191987244391543,8.047162466410235,5.734522393060657,-0.004750867544983139,-0.06312518285545456,-0.06020973027947458,-19.769710419025827,-14.497493358368569,-34.75208866849859,1014.5992431640625,0.1007732408986986,42.5290738079609
2025-06-11T20:35:49Z,39.98159465871902,-75.15166026271056,5.95434331265782,-21.027424396815675,6.258439358310747,-6.830649122535737,1.2480569464160498,0.40990050175462484,3.6688133901234057,0.000999999997785512,0.0009999999990173232,0.0010000000008631358,0.001000000002607588,0.0009999999931130155,0.0010000000000076894,2.0003719073454135e-6,2.000371980354317e-6,1.336209322639299,0.5633350122099845,0.7795824718042954,0.11307585955855462,0.00012369551949351515,0.00013824427481730854,0.0004489150409254903,0.001081999999999978,0.0010819999999999805,0.0010819999999999953,0.0010008200000000017,0.0010008199999999982,0.0010008200000000017,0.27251510107729193,8.238839615823045,5.4169137933248335,-0.0059394775611079,-0.003420839410551408,0.12321438948988661,-21.732012073198955,-11.456816414992014,-36.56644940376282,1014.6105346679688,0.08275030146241358,44.05269284688604
2025-06-11T20:35:50Z,39.9815200275214,-75.15159630038332,4.792885249450038,-24.36269203749239,5.8425655810117725,-6.7649970295861985,1.2293801438726937,0.43285446000253275,3.651662038977518,0.0009999999979129052,0.0009999999992537736,0.0010000000011361652,0.0010000000029687021,0.000999999992898666,0.0009999999998181054,3.000371955331048e-6,3.000372136739081e-6,1.4716134023128113,0.5832242203490723,0.9328240391293203,0.11529146402226695,0.00013890402980136038,0.00013768943212342705,0.0004673611254298777,0.0010829999999999772,0.001082999999999981,0.0010829999999999956,0.0010008300000000012,0.0010008299999999977,0.0010008300000000014,0.4344958178459631,8.25104978670491,5.362074409717553,0.005306732222871325,-0.009861236561957453,-0.05344042785549164,-20.459399515268753,-14.539163063983528,-38.46610151018415,1014.694091796875,0.06881166846812188,45.93049749453993
2025-06-11T20:35:51Z,39.981403832923725,-75.15153512538058,4.501085575446792,-27.11348252086041,5.793705940074234,-6.424454528235751,1.2202797279080237,0.34304865497005066,3.692939649042081,0.0009999999981783136,0.0009999999995032747,0.0010000000014537054,0.0010000000028333284,0.0009999999928760935,0.0009999999999361561,4.000372023643554e-6,4.000372384082567e-6,1.5655047761437617,0.599976324575392,1.1103530973086573,0.11141056647259615,0.00013789360834370382,0.0001390824015980138,0.00046149999913318074,0.0010839999999999771,0.001083999999999981,0.0010839999999999956,0.0010008400000000007,0.0010008399999999972,0.0010008400000000009,0.22302395935035638,8.057432502747329,5.601303259371575,-0.0074903599053505986,0.0015233996543174732,0.0676497277162925,-21.536734289052536,-15.366771153041295,-37.61284793153101,1014.6930847167969,0.03452718888385517,45.985761350749165
2025-06-11T20:35:52Z,39.98123607643677,-75.15146989664825,4.779996881616163,-29.372674715506864,6.228644772124964,-5.839325291062568,1.216964580326795,0.2682607180176926,3.735032096788828,0.0009999999984390232,0.0009999999992169309,0.0010000000016763808,0.0010000000027027337,0.0009999999927388032,0.0009999999997502335,5.000372101560317e-6,5.000372742552093e-6,1.615500147071682,0.6172246374324402,1.311893789248792,0.10313721618944147,0.00013969493395453146,0.00014075702387444315,0.00045931786685588654,0.0010849999999999773,0.0010849999999999807,0.0010849999999999955,0.0010008500000000013,0.0010008499999999976,0.0010008500000000013,0.23257634244549966,7.9327349242357394,5.909795343681668,-0.0002312012857828001,0.006655698039840986,0.05450100749402928,-22.592841980305124,-14.91748481101178,-37.5643184743029,1014.7222290039062,0.11367956043264046,46.30379239348844
2025-06-11T20:35:53Z,39.98100142058095,-75.15139920930268,5.621197405334693,-31.68347879844292,6.27111653724115,-5.327385480814299,1.210503130619448,0.3418143256518441,3.756060974359138,0.0009999999982048709,0.0009999999988504604,0.0010000000015900202,0.0010000000030134712,0.0009999999923838866,0.0009999999996153765,6.000372161392446e-6,6.000373235697922e-6,1.6308599054562574,0.6323103865095555,1.5459311669896236,0.0960742530408341,0.0001565583424985373,0.00014176652609213097,0.00048015363085690706,0.001085999999999978,0.00108599999999998,0.0010859999999999965,0.001000860000000001,0.0010008599999999975,0.001000860000000001,0.44454291859577294,8.021472157771058,5.750790182929406,0.002487660807648627,0.03985602568257286,-0.09043513315146022,-22.85840763092041,-14.735159721374512,-36.318423461914065,1014.6502075195312,0.09874299560873982,45.37240366544135
2025-06-11T20:35:54Z,39.98069539043479,-75.1513249694712,6.548352321284864,-33.53356921328832,6.302070964503347,-4.829579811397155,1.2018181263940537,0.23103905094896973,3.79455731235917,0.0009999999980169322,0.000999999998530995,0.0010000000020188732,0.0010000000034224804,0.0009999999925814431,0.000999999999763073,7.00037215004128e-6,7.000373890481722e-6,1.6227666770316942,0.6495836890614706,1.8007717292144159,0.08775336099671119,0.0001542094969030452,0.00014530178288099535,0.0004723227843852546,0.0010869999999999788,0.0010869999999999795,0.001086999999999997,0.0010008700000000014,0.0010008699999999977,0.0010008700000000014,0.1127505387715244,8.060492394429014,5.5323986671587555,-0.005865715901645056,-0.008997343887496742,0.0917504526920737,-25.097640407328704,-13.092093565026108,-35.55702357389489,1014.64990234375,-0.0041197688695959415,45.44878200597112
2025-06-11T20:35:55Z,39.980321775300126,-75.15124684452462,7.37028361682079,-35.17261090822514,6.417617495016042,-4.303203472872783,1.1725166134097822,0.21879338282874128,3.8091540410177593,0.0009999999981429365,0.0009999999987636713,0.0010000000016551962,0.0010000000034488595,0.0009999999927262882,0.0009999999998376145,8.00037198335502e-6,8.000374735077031e-6,1.5987115211037537,0.6716975968328994,2.083016954645291,0.07970806230624684,0.00016263236844324465,0.00014791339966747338,0.000480346785271037,0.0010879999999999794,0.0010879999999999794,0.0010879999999999978,0.0010008800000000004,0.001000879999999997,0.0010008800000000004,0.28595405208704,8.088636421205083,5.607637471197016,-0.02104411766264327,0.0054084878666142994,-0.005098493243814636,-20.471599578857422,-10.984391784667968,-35.24287162780762,1014.6954056589227,0.0652414900816317,42.211360715517685
2025-06-11T20:35:56Z,39.97987738535902,-75.1511653787432,8.119700499530197,-36.61244751185018,6.409219773194217,-3.886856310831746,1.1548525523647173,0.20937590533881417,3.790251119207476,0.0009999999983247468,0.0009999999983559224,0.0010000000013519522,0.0010000000034349984,0.000999999992884719,0.0010000000000148308,9.000371536604063e-6,9.000375801200345e-6,1.5654259794400436,0.6974197963161259,2.391531491487538,0.0724953297488981,0.00017459897275649933,0.0001480300661408159,0.0004900831997306886,0.0010889999999999795,0.0010889999999999795,0.0010889999999999982,0.0010008900000000008,0.0010008899999999973,0.0010008900000000008,0.22748195651293554,8.08353700121835,5.491304577545306,-0.0037249118440814055,-0.022611771906902917,-0.017631588297733695,-22.66052349090576,-12.126311759948731,-36.58487106323242,1014.7214660644531,-0.006310916702597322,44.71012211886069
2025-06-11T20:35:57Z,39.97935914352646,-75.15108121044298,8.742654955017652,-38.22943469502417,6.449281617165606,-3.6391538957024565,1.1353671926708238,0.2252277086205314,3.764266552792973,0.0009999999979404084,0.000999999998275385,0.001000000001120513,0.001000000003578088,0.0009999999926398782,0.0009999999999546756,0.000010000370637418093,0.000010000377125034677,1.5289406479779317,0.7274786351585222,2.736650813985268,0.06741674625371918,0.00018947666302870152,0.0001478884091072,0.0005043513999046627,0.001089999999999979,0.0010899999999999792,0.0010899999999999977,0.0010009000000000016,0.001000899999999998,0.0010008999999999994,0.2932440285155082,7.942619231790124,5.639910197276106,-0.005287564175730326,-0.017360992132920923,-0.04171161290175648,-23.0860595703125,-12.933463821411133,-37.230007095336916,1014.739013671875,-0.03553242190877365,45.676136337325765
2025-06-11T20:35:58Z,39.9787565366789,-75.15099495109622,9.401249024720183,-38.90337385078756,6.344217514797526,-3.125446983891191,1.150318944441191,0.14027022087062738,3.7609927855365686,0.0009999999978992054,0.0009999999982080979,0.0010000000014822306,0.0010000000034093369,0.000999999992582135,0.000999999999683849,0.000011000369053223755,0.00001100037874422499,1.4904898808759088,0.7652291625958915,3.100398374901187,0.06041260670637395,0.00019423275510879466,0.00015065645969332907,0.0005018839153535065,0.0010909999999999787,0.0010909999999999787,0.0010909999999999971,0.0010009100000000011,0.0010009099999999977,0.0010009100000000003,-0.12461562941017425,8.425237268449601,5.05489557647593,0.023073049713538987,-0.03860213818323187,0.06090902267454202,-23.644844444430603,-13.715787537243902,-37.38104816358916,1014.7228393554688,0.044808283347020375,46.30917364538353
2025-06-11T20:35:59Z,39.97805715358038,-75.15091203200403,10.394723197867016,-37.859877216509275,5.15543343579128,-2.3998712646945695,1.1456848300985876,0.014813695937391853,3.8243898885373864,0.0009999999975188318,0.0009999999979135245,0.0010000000013016522,0.0010000000035251043,0.0009999999929351934,0.0009999999993877185,0.00001200036645853445,0.000012000380690762622,1.445018672971092,0.8061638861484223,3.463315423895819,0.05029727526944492,0.00019251304512541516,0.00016194598771299728,0.0004965430530060116,0.0010919999999999786,0.0010919999999999784,0.0010919999999999973,0.001000920000000001,0.0010009199999999974,0.001000920000000001,0.133777095264062,9.409566940309409,3.340006722448774,-0.003117044448303751,0.00565423453595942,0.12711016293274188,-22.806779121866033,-14.147517963331573,-37.92780724350287,1014.6463928222656,0.20452621860983897,46.46305296163158
2025-06-11T20:36:00Z,39.977337106057504,-75.15083786645111,11.23128185821202,-38.15590094710334,4.0325794491468825,-2.059046608752858,1.1354879490922773,0.19275511260351316,3.80563548400759,0.0009999999971825279,0.000999999998269063,0.0010000000011226493,0.0010000000033587968,0.0009999999926918286,0.0009999999995563703,0.000013000362421704908,0.000013000383004731066,1.3965870467028902,0.8540110487659579,3.8927178713474695,0.04614060078931215,0.00021252522556839852,0.0001638884575098239,0.0005313299751565742,0.0010929999999999777,0.0010929999999999775,0.001092999999999996,0.0010009300000000012,0.0010009299999999975,0.001000930000000001,0.8007750881561085,8.91670657714741,4.0054415566762245,-0.003143149621778517,0.057966967264891076,-0.18298970889533797,-18.425485338483536,-15.753187432581065,-38.17479503398039,1014.7216186523438,0.026760940785873127,45.22136459489977
2025-06-11T20:36:01Z,39.97661525042114,-75.1507666448121,11.760906030189398,-38.381587324016586,3.942683950261492,-1.7920682078723833,1.1198341933140126,0.061594284902265886,3.6824100905365182,0.0009999999970440369,0.0009999999985782666,0.0010000000012401428,0.0010000000031647903,0.0009999999926140455,0.000999999999340228,0.00001400035640342588,0.000014000385737642084,1.3513526444998751,0.9176757869401785,4.359136471305414,0.041435224172042345,0.00023081403654170974,0.00015300114937256344,0.0005227349569143699,0.0010939999999999772,0.0010939999999999763,0.0010939999999999947,0.001000940000000001,0.0010009399999999975,0.001000940000000001,-0.1819881849884752,8.613315204622092,4.590622464655707,0.003159397645393176,-0.16791732962778275,0.0570973167259558,-17.75622813555659,-15.805473133009308,-35.66856625615334,1014.8266906738281,-0.019033214707936143,42.864191255792704
2025-06-11T20:36:02Z,39.975772266445794,-75.15068678650401,12.600364337049934,-38.8720080919813,4.052147370551315,-1.364316941093493,1.1401683169894137,0.11926647891124705,3.6318610024088276,0.000999999996977157,0.00099999999844866,0.0010000000011428413,0.001000000003238533,0.0009999999927205138,0.0009999999996426572,0.000015000347723803912,0.000015000388944219385,1.309595921844361,0.9953683154554724,4.886811040521188,0.0383676729048283,0.0002497488776646102,0.00015146680567707082,0.0005428368209515617,0.001094999999999976,0.0010949999999999751,0.0010949999999999935,0.0010009500000000005,0.001000949999999997,0.0010009500000000005,0.37784424220381957,8.747109165504476,4.8076655723792925,0.026770386074735367,-0.020406462173973575,-0.08346081019685749,-19.493312120437622,-13.968237141768137,-36.13436579704285,1014.703857421875,0.20738458271002047,43.368062689900135
2025-06-11T20:36:03Z,39.97489366510511,-75.15060475248892,13.479472584600712,-39.71515166572412,3.560509771067328,-1.0555058407880133,1.1385791979755873,0.11428135396029064,3.550671805259897,0.0009999999969074443,0.0009999999982912,0.0010000000009465226,0.0010000000033683414,0.0009999999931233688,0.0009999999999704928,0.000016000335624663657,0.00001600039268592541,1.2743107874695658,1.0797988767679239,5.464564341513545,0.037609978507336675,0.00026844928767416593,0.00014749324950685187,0.0005534163808353925,0.0010959999999999755,0.0010959999999999744,0.001095999999999993,0.00100096,0.0010009599999999963,0.0010009599999999997,0.6738567956219542,9.028783057233081,4.23530809184853,0.008730875733329589,-0.07488138524343603,-0.03781978486209762,-18.62915070202886,-11.462522156384527,-34.40773399508729,1014.6896667480469,0.21456083523604816,40.77159177222541
2025-06-11T20:36:04Z,39.9740909316815,-75.15052700364852,14.165019177457689,-40.91251370851475,3.631196044818741,-0.7100380140870366,1.200582763134971,0.10590756203593572,3.5860286008478965,0.000999999997033042,0.0009999999981767536,0.0010000000010329166,0.0010000000037382905,0.0009999999932066613,0.0009999999998828884,0.000017000319319183437,0.00001700039702916966,1.2466788729049059,1.1798725042451799,6.1008689237220715,0.037103592762122425,0.0002751112933626518,0.00015494178247989204,0.0005620697467016511,0.001096999999999975,0.001096999999999974,0.0010969999999999923,0.00100097,0.0010009699999999964,0.0010009700000000003,0.6578094897506019,9.02372777366809,4.502473976253517,0.0584770895167098,0.029551588393173865,0.014834199264675087,-18.6877156829834,-14.365255718231202,-35.71037544250488,1014.7859497070312,0.32506651985153273,42.78805751687231
2025-06-11T20:36:05Z,39.97325369182885,-75.15044280141466,14.707939366952948,-41.78012302558076,4.251540447457302,-1.029712704432427,1.1465835972251583,0.07997374321380255,3.605568399006257,0.0009999999969187033,0.0009999999980636026,0.0010000000010052495,0.0010000000034963922,0.0009999999935095454,0.0009999999996975803,0.000018000297912643926,0.000018000402039941788,1.223750840921289,1.281264129188248,6.733744945330157,0.035479358747371195,0.0002822173208628593,0.00016088664730572682,0.0005678344005137815,0.0010979999999999736,0.0010979999999999738,0.0010979999999999922,0.0010009799999999988,0.001000979999999995,0.0010009799999999996,0.3115166161661721,8.245397159539314,4.53974095584805,-0.055520126027277135,0.008470292948783577,0.025386581874588653,-20.65111393831214,-13.754130382927096,-36.84225642924406,1014.7679443359375,-0.36339576686597,44.418374188837454
2025-06-11T20:36:06Z,39.97234515821248,-75.15034903481808,15.22619787920082,-41.7042013033716,4.828042491232915,-0.6305528636860933,1.1397178420302267,6.2287810099532175,3.653635842570795,0.000999999997102762,0.000999999998120946,0.0010000000011051613,0.0010000000037660383,0.0009999999934287883,0.0009999999994355717,0.000019000270201909246,0.000019000407788786802,1.2003317769521828,1.4060017898744364,7.43953389990361,0.03200537487314819,0.00028589938336852344,0.00017019723606365736,0.0005603601654196401,0.0010989999999999722,0.0010989999999999741,0.0010989999999999928,0.0010009899999999993,0.0010009899999999959,0.0010009899999999993,0.21014782861989137,8.878550510525207,4.657582073084157,-0.006975353097884406,-0.01116567905297608,0.13726479736688776,-20.451774676640827,-14.276033083597818,-34.68968288103739,1014.7187307257401,0.24710571781722218,42.725284965507065
2025-06-11T20:36:07Z,39.982638567767324,-75.15160075567431,20.83030747544597,-5.960328776347838,-5.354756669400824,1.4454633900321388,0.89279592400393,5.969351910565687,3.6926260275992586,0.0009999999968245215,0.000999999997862741,0.0010000000013781875,0.0010000000045666715,0.0009999999933329462,0.0009999999994998916,2.4791650916928895e-10,2.4791637547803475e-10,0.7744328084599521,0.055430992382196294,0.05719379508463309,0.015321644869878389,0.00010413068681413384,0.00010251000612739005,0.0005114800792331412,0.0010999999999999719,0.001099999999999975,0.0010999999999999933,0.0010009999999999986,0.0010009999999999954,0.0010009999999999986,0.26719111844135374,8.528661476613971,4.562675762463497,-0.002450221653486362,0.050743349514022255,0.15186819073428032,-22.92379955369599,-11.931599753243583,-36.75710545753946,1014.806918334961,-0.10361590541845142,44.932659669622964
2025-06-11T20:36:08Z,39.9825865969909,-75.15166455095756,21.58484627883175,-2.9622477463234214,-5.527117871170975,1.060771269719131,0.8949774138452679,6.005963705327212,3.7106703284072733,0.0009999999965867822,0.0009999999981675175,0.0010000000013831974,0.0010000000046173573,0.0009999999934378254,0.0009999999991394672,1.0002479173693767e-6,1.0002479191135643e-6,0.7874097020256337,0.07051940451901843,0.0864001198545455,0.014221857575679665,0.00011076147207908582,0.00011330082565119669,0.0005269462658418568,0.0011009999999999722,0.0011009999999999757,0.0011009999999999943,0.0010010099999999994,0.0010010099999999958,0.0010010099999999994,0.40053877441233576,8.709553159521255,4.76409197816419,0.008135176237781504,0.037201678465420315,-0.01637121397307573,-18.103305855575872,-14.27897935984086,-36.0305828950843,1014.8378540039063,0.15573620714900177,42.77636615643663
2025-06-11T20:36:09Z,39.98254836890294,-75.15172994016358,21.93119947783163,0.23061101854059587,-5.611765610675505,0.4347431213112197,0.8696989587146084,5.9874023564141545,3.7593046745176157,0.0009999999969581333,0.0009999999980969381,0.0010000000011266095,0.0010000000044748014,0.0009999999934520326,0.0009999999995024625,2.0002479209991746e-6,2.0002479306123e-6,0.795501777099068,0.0995178172290414,0.16414398103620748,0.014771020548715586,0.00011929610741225626,0.00012562524399745544,0.0005355453477295992,0.0011019999999999708,0.0011019999999999747,0.0011019999999999951,0.00100102,0.0010010199999999966,0.0010010199999999983,0.09527085084436919,8.57405039215271,4.654722730754423,-0.011044263922387516,0.024877882244564838,0.04496216447153079,-16.15670358657837,-13.864811668395996,-32.957079315185545,1014.7271057128906,-0.02318170975461845,39.23566200103975
2025-06-11T20:36:10Z,39.98252729542531,-75.15179543794424,21.71410829443972,3.41882585694828,-5.526553239579713,-0.08673661959322976,0.8622923385495163,5.997769632050267,3.777964265707182,0.0009999999971153676,0.000999999998153629,0.0010000000010688273,0.0010000000044326186,0.0009999999934171392,0.0009999999995243833,3.000247927707862e-6,3.0002479606502795e-6,0.8015666862077541,0.14474641818772055,0.2933822093329561,0.01720590517564595,0.00012747872771288123,0.00013654911807911828,0.0005472705071529181,0.00110299999999997,0.001102999999999974,0.0011029999999999953,0.0010010299999999995,0.001001029999999996,0.0010010299999999987,0.13411677276647294,8.5415296497364,4.909242837666339,-0.0015669266292171343,0.020954010024152217,0.004362557612789168,-22.11173701286316,-14.620683014392853,-35.91400361061096,1014.7442321777344,0.07301268989519376,44.6374777012353
2025-06-11T20:36:11Z,39.982519386591584,-75.15186556295448,21.154080585541735,5.572326485130952,-6.40086395021549,-0.4825170451842944,0.8827721972112347,6.169121072814805,3.67274875425151,0.0009999999973021763,0.0009999999980693484,0.0010000000010544842,0.0010000000043308363,0.0009999999937000464,0.0009999999993508285,4.0002479281664755e-6,4.000248024690227e-6,0.8108541421299416,0.21039928745760272,0.45214583968152683,0.019648742089153615,0.0001339779320123039,0.00014140426140899181,0.0005819799616661782,0.0011039999999999698,0.0011039999999999737,0.0011039999999999958,0.001001039999999999,0.0010010399999999958,0.0010010399999999993,0.5668609725192754,8.474364071984093,4.62685754748038,-0.00016186642668105365,0.031914233334026945,-0.19991865817516308,-20.487357934315998,-15.636841317017874,-36.6142323811849,1014.733154296875,-0.10781485936485682,44.7754409808149
2025-06-11T20:36:12Z,39.98251906477135,-75.15194733751126,20.436032355162787,7.151665703579484,-7.506585770899746,-0.54657996121736,0.9131779441584427,6.169716529250714,3.6286369379767116,0.0009999999969621794,0.0009999999981553118,0.0010000000011825257,0.0010000000039453217,0.0009999999939692293,0.0009999999994434582,5.000247884457312e-6,5.000248141822312e-6,0.8263012752585784,0.3013698567227368,0.6436877824333305,0.02182462412938825,0.00014596213943313886,0.00014899978927047523,0.0005907166749385654,0.0011049999999999704,0.0011049999999999743,0.0011049999999999947,0.0010010499999999981,0.0010010499999999947,0.0010010499999999981,0.277246634912581,8.731213277818703,4.755093640624422,0.025666979895071017,-0.03349414737789715,-0.027777439502996226,-23.531807646459463,-12.587661042505381,-35.87397493634905,1014.7700042724609,0.1664362554907297,44.711662085970744
2025-06-11T20:36:13Z,39.982519004436725,-75.1520398528913,19.77448454319898,8.550850348732565,-8.260433909973118,-0.6368269426305199,0.9376716687213573,6.169287762561341,3.572051527721138,0.000999999996707386,0.0009999999981566885,0.0010000000014962927,0.0010000000035870929,0.0009999999941088086,0.0009999999995856529,6.000247702322326e-6,6.000248336119678e-6,0.8479384773123353,0.4137203558095786,0.8707147233277426,0.02387926997533946,0.0001585290670834353,0.00015556393883330006,0.0005991291747155427,0.00110599999999997,0.0011059999999999738,0.0011059999999999948,0.0010010599999999985,0.001001059999999995,0.0010010599999999985,0.1931379969779902,8.573895956080198,4.841482106416843,0.01816184727235419,-0.04506521273458907,-0.033583534517434156,-19.88269555568695,-14.430820524692535,-36.17909908294678,1014.7627868652344,0.06886440683717683,43.73205849792556
2025-06-11T20:36:14Z,39.98250470465471,-75.15213823481136,19.214784984987315,10.077218277318133,-8.559923342437619,-0.746316604007678,0.9113926287704548,6.09608750133951,3.6255423737507066,0.0009999999967371452,0.0009999999982722065,0.001000000001412775,0.001000000003342706,0.0009999999937845676,0.0009999999998870715,7.000247198955979e-6,7.000248636212875e-6,0.8751282625839141,0.5444764534079256,1.1445846392512724,0.026154869559954733,0.00016844892556693817,0.00016749011301752225,0.0005955860192147416,0.0011069999999999709,0.0011069999999999745,0.001106999999999994,0.0010010699999999993,0.0010010699999999954,0.0010010699999999993,0.21385117236481552,8.36157540703004,5.103074373243743,-0.0186524595118347,-0.0022143751670976103,0.09063216423588824,-18.03209756345165,-11.031040639293437,-34.48193001260563,1014.7073211669922,0.018710459815849748,40.44551640345749
2025-06-11T20:36:15Z,39.98247068372426,-75.15223810449179,18.58650287371357,12.747564845573224,-8.571973479896025,-1.0498265042874468,0.8910037971277048,5.928686097878937,3.7533230558923174,0.000999999996965164,0.0009999999980742523,0.001000000001612694,0.0010000000031008473,0.0009999999940232451,0.0010000000000528633,8.00024607818478e-6,8.000249081258565e-6,0.9100313313010366,0.6878713069947295,1.5082806370931576,0.0316232360712725,0.00018571165037144718,0.00018306394534236696,0.0005869491012191373,0.0011079999999999712,0.0011079999999999749,0.0011079999999999935,0.0010010799999999997,0.001001079999999996,0.0010010799999999997,0.31086721374141374,8.504423984529316,4.879752272604484,0.01323127178246001,-0.00788486052316833,0.21105383311132123,-21.654999674582967,-13.633624154694227,-35.79305648803711,1014.7066345214844,0.030473143450860572,43.999467616971216
2025-06-11T20:36:16Z,39.982413775168155,-75.15233219585733,17.72717443122136,16.12011014155316,-7.587199213039321,-1.4841780878652107,0.8843359446671699,5.886736155374208,3.8128280718750998,0.0009999999966104308,0.0009999999978338035,0.001000000001840431,0.001000000003314845,0.0009999999940632264,0.0009999999998665722,9.000243921025117e-6,9.000249723008606e-6,0.9579333025126491,0.8322087038881253,1.9643611726264225,0.04058219156021948,0.00019590215883170524,0.000194329539194572,0.0005972317489966098,0.0011089999999999698,0.0011089999999999735,0.001108999999999994,0.0010010899999999992,0.0010010899999999957,0.0010010899999999992,0.27147345574089715,8.52033463753787,5.212587019508127,0.013698518783741715,0.01567780014170424,0.06855611979856902,-24.294266255696616,-14.956657473246256,-34.255430433485245,1014.7431793212891,0.21250512020584977,44.57962505858878
2025-06-11T20:36:17Z,39.982287355220954,-75.15241571174923,16.60868348678413,19.427824850826273,-6.6271076834758285,-2.169507729143511,0.8423201854522624,5.874573451754515,3.874280755839692,0.0009999999962714522,0.0009999999975383032,0.001000000002167251,0.0010000000036141045,0.0009999999938241472,0.0009999999995694755,0.000010000240218574556,0.000010000250621999708,1.0228088599176748,0.9702918191296804,2.4854567761946376,0.05166027163279792,0.0002006771929378828,0.00020465016675732509,0.0006113440477033435,0.0011099999999999706,0.001109999999999974,0.0011099999999999927,0.0010011000000000002,0.0010010999999999965,0.0010011,0.4441656388652981,8.349221147142034,5.0044496571713655,-0.020604768564608727,0.033776822900792036,0.04837362358530663,-23.61818289756775,-14.400066395600637,-37.663432359695435,1014.7409475226151,-0.03536305725627288,46.73018163005782
2025-06-11T20:36:18Z,39.98203662772296,-75.15249225876639,15.139548285074765,22.881085285285153,-5.732526426095137,-3.0658733698510874,0.8465865838750716,5.868011474428727,3.907836073077122,0.0009999999963458727,0.0009999999977979186,0.001000000001953197,0.0010000000034592524,0.0009999999943658426,0.0009999999999290663,0.000011000234495095152,0.00001100025184488962,1.1067853113077706,1.0869661571663283,3.0937629612764304,0.06559941587094503,0.0002053499140150353,0.00021183581598289362,0.0006232913343679566,0.0011109999999999703,0.0011109999999999738,0.0011109999999999926,0.00100111,0.0010011099999999952,0.0010011099999999988,0.21321371836588113,8.42217716598757,4.67823827364824,0.01346114053126279,0.016533092280661618,0.030099432449209436,-21.588771119409678,-15.839832325370944,-37.723146010418326,1014.7447814941406,-0.14315979579682647,46.26020300002893
2025-06-11T20:36:19Z,39.981607927818004,-75.15256853574414,13.518981672259297,25.63334469873018,-4.896145292660906,-3.669721285914677,0.8991062296584601,5.9154580474089205,3.796281611526924,0.0009999999961369387,0.0009999999980699573,0.0010000000019240963,0.0010000000032921903,0.0009999999942818263,0.0010000000001729522,0.00001200022648174714,0.000012000253464800377,1.20597297088508,1.1778925073963349,3.76509819631685,0.07752345483389025,0.00021335967099713897,0.00020579576667311615,0.0006262452434516667,0.0011119999999999713,0.001111999999999973,0.001111999999999992,0.0010011200000000007,0.0010011199999999945,0.0010011199999999981,0.17345607116925352,8.400449184030672,4.784363326265367,0.004302739459222915,-0.05211083407722046,-0.09425065094118491,-20.881419824094188,-15.625460994486906,-36.22628099091199,1014.7423034667969,-0.11098545193712314,44.63773778130998
2025-06-11T20:36:20Z,39.980989947241774,-75.15265137829823,12.022838233289752,27.17297389284478,-3.784317389377025,-4.103172085103741,0.8882686416635823,5.9084068248157156,3.8234902073388555,0.0009999999961270473,0.0009999999979415793,0.0010000000021215237,0.0010000000032118006,0.0009999999940532183,0.0010000000003627528,0.00001300021621579769,0.00001300025554716083,1.3056123703254283,1.2320189592012747,4.447613824310686,0.08395946666266527,0.00021937067529048603,0.00020709978851909486,0.0006350657425146689,0.0011129999999999714,0.0011129999999999725,0.001112999999999991,0.00100113,0.0010011299999999955,0.0010011299999999992,0.18514319619177647,7.836179851533912,5.350096160409911,-0.007100289535562948,0.01064710329689149,0.03455431553799244,-23.009453852971394,-14.406674722830454,-34.04994519551595,1014.7511535644531,-0.28984783335765374,43.54746371711023
2025-06-11T20:36:21Z,39.980191377751474,-75.15275135078532,11.102777755962396,27.38334293898228,-3.431789838685244,-3.732013007742988,0.9251855607017434,6.089034245003345,3.696976610528863,0.000999999996454855,0.000999999997614923,0.0010000000022323979,0.0010000000036687472,0.0009999999941059583,0.00100000000047135,0.000014000203941513286,0.000014000258148649673,1.3867385601643876,1.2704570724216513,5.147148253680377,0.08190447081813235,0.00021901304756760282,0.0001904696555903164,0.0006590609961484595,0.0011139999999999716,0.0011139999999999718,0.0011139999999999906,0.0010011400000000006,0.0010011399999999963,0.0010011399999999982,0.49233723128229245,7.977026237489851,5.682601384160781,-0.004632216570268975,0.00939236962807859,-0.2027120967809013,-20.005559577941895,-12.250507736206055,-37.047007369995114,1014.7240356445312,0.026423953704737064,43.84944313794508
2025-06-11T20:36:22Z,39.97932860928846,-75.15286899381762,10.785244752073453,27.24525262093337,-2.6067531861836066,-3.2862263172054114,0.9246162023172162,5.982459463439226,3.7359799199046972,0.0009999999962955217,0.0009999999976712042,0.0010000000024705375,0.0010000000037793783,0.0009999999936528814,0.001000000000357121,0.000015000189884475235,0.000015000261322867676,1.4400088814004528,1.2893095976278166,5.87206654539286,0.07942801281066976,0.00023673807987780802,0.00018962989662431432,0.0006503549991550276,0.0011149999999999708,0.0011149999999999708,0.0011149999999999912,0.0010011499999999997,0.001001149999999996,0.0010011499999999988,-0.0680885266235037,7.680365251543523,6.287252515790614,0.0050416286280373975,-0.040393622817859264,0.1269584074278913,-24.532928625742596,-14.48699140548706,-35.74599917729696,1014.7542419433594,0.14567537566870284,45.71115104696154
2025-06-11T20:36:23Z,39.97841372451764,-75.15300734665226,10.94763254573199,27.328166463008856,-2.167938567707406,-2.9995818441652187,0.8462376918636646,5.979899124679849,4.050977837726943,0.000999999996179977,0.0009999999974575429,0.0010000000026368487,0.0010000000037475906,0.0009999999937689416,0.001000000000489817,0.000016000174152423344,0.000016000265119517576,1.4706424704175853,1.298747788223132,6.641943230840846,0.07762387120222343,0.00020208243405457307,0.0002254969015649328,0.0006733073217161591,0.00111599999999997,0.00111599999999997,0.0011159999999999918,0.0010011599999999996,0.0010011599999999957,0.0010011599999999992,0.322229441413445,7.776089333050001,5.981190881454177,0.01118216150754177,0.23340371059059833,0.21799748973664748,-25.50638695557912,-12.19694972038269,-36.986332654953,1014.7310485839844,0.035393394535550515,46.55454265406971
2025-06-11T20:36:24Z,39.97748698138328,-75.15316908790695,11.331249046119844,27.716748026782643,-2.151221621164247,-2.7643697327160894,0.8353644160875322,6.014317127820533,4.109126974250902,0.000999999996022438,0.0009999999972027677,0.0010000000028746589,0.0010000000038156323,0.000999999993768558,0.0010000000000539035,0.00001700015678904125,0.00001700026958985395,1.4862391252824358,1.3114876097706993,7.455323454481777,0.0759273066772127,0.0001963486111422999,0.00023144019892262636,0.0006846814378367109,0.0011169999999999694,0.0011169999999999694,0.0011169999999999915,0.0010011699999999991,0.0010011699999999957,0.0010011699999999991,0.25492968620741896,7.979830497744242,5.691524290082202,-0.0009890085294832886,0.06037763301766526,0.029481308325635308,-20.1541556930542,-13.053511714935302,-38.71694351196289,1014.7144927978516,0.024689746101742602,45.558547564360886
2025-06-11T20:36:25Z,39.97659889403734,-75.15334920818569,11.63934697648663,28.79339420428259,-1.771285502257404,-2.7757241009958356,0.7485700422461568,5.929758784969738,4.453815122911667,0.0009999999957241218,0.0009999999974013918,0.0010000000032688045,0.001000000003968436,0.0009999999939783633,0.0009999999996968783,0.000018000137857322228,0.000018000274781506234,1.4953798475866025,1.3388952361082491,8.319787568840283,0.07814736072502713,0.0001664533448958579,0.000271362556904573,0.0007123457248789544,0.0011179999999999701,0.0011179999999999701,0.0011179999999999916,0.0010011799999999984,0.0010011799999999947,0.0010011799999999982,0.10071616241733626,8.090180734637196,5.515816835400568,0.012780596402960712,0.17919491088800615,0.31981674472708566,-20.802991322108678,-14.357905893909688,-38.05304414398816,1014.7438354492188,0.011843723901659843,45.6830761564819
2025-06-11T20:36:26Z,39.97570041835525,-75.15355939961017,12.09047713739953,29.25902393414052,-3.2200408256484776,-2.378638663656447,0.6851369419792599,5.982506212139641,4.94690441724757,0.0009999999960644537,0.0009999999975551952,0.0010000000031381018,0.0010000000039513247,0.000999999993817359,0.0009999999993230352,0.0000190001173245566,0.000019000280751578382,1.4958995304597726,1.370251793532279,9.161496637873034,0.07072217925007865,0.00014808027697189025,0.0002867470320379444,0.0007583948692535906,0.00111899999999997,0.0011189999999999705,0.0011189999999999909,0.0010011899999999986,0.0010011899999999951,0.0010011899999999986,2.8608910443825564,7.582340597155309,5.619503683086941,0.09283842549355595,0.3759574694023148,0.36114249126643455,-17.84859981536865,-12.482551727294922,-38.96509101867676,1014.7089233398438,0.0817066882838743,44.63922496903868
2025-06-11T20:36:27Z,39.9835997289536,-75.15138702731068,26.105967686025895,5.127629729634296,0.5325039456182519,1.497534157449115,1.0546799351512528,6.15085606461694,4.261830773721639,0.000999999995194866,0.000999999996966636,0.0010000000042766793,0.001000000003625774,0.0009999999938943547,0.0009999999991832118,5.784620388115646e-10,5.784621340654593e-10,0.8724310328803246,0.2140800062677007,0.25279326493059767,0.02907285716013314,0.00009109398949274404,0.00010251370716083998,0.00044473387060278566,0.0011199999999999693,0.0011199999999999693,0.001119999999999991,0.0010011999999999987,0.001001199999999995,0.0010011999999999985,-0.183814407557571,8.750500421643268,4.311945166409527,-0.00668383893339874,-0.4955574806320432,-0.6560837773822928,-17.82953715324402,-14.964570502440134,-36.50341590245565,1014.6984558105469,-0.023454704537952585,43.29348390738982
2025-06-11T20:36:28Z,39.98364394938198,-75.15135753753918,25.84730705085168,7.810546308576299,4.437788684420818,0.5149668208746383,0.9814086143066979,5.810448372164256,4.6972687836385045,0.0009999999949770525,0.0009999999969579486,0.0010000000041567694,0.0010000000034847151,0.000999999994137053,0.0009999999994985413,1.0005784649832022e-6,1.0005784733180293e-6,0.9133343431483619,0.2512362059817903,0.28611776201097244,0.036637138154125656,0.00010733447187776054,0.00012370860503834868,0.0004759391701545094,0.0011209999999999695,0.0011209999999999695,0.0011209999999999898,0.0010012099999999985,0.001001209999999995,0.0010012099999999985,-1.1681134686887642,8.994906124118023,3.8002845039324913,0.0672765911938477,0.20092179763444906,0.5567746207967054,-24.2889794921875,-16.617375659942628,-32.51543979644775,1014.7167454769736,0.05353627947889532,43.855912686895884
2025-06-11T20:36:29Z,39.98371983358791,-75.1512824452986,24.6586889424344,10.150344439536557,8.14708275567364,-0.5570299546391372,0.9637088841600301,5.869431922289358,4.7042900516291475,0.0009999999951795914,0.0009999999973452323,0.0010000000039242472,0.0010000000035412853,0.0009999999938560737,0.000999999999188412,2.000578473813612e-6,2.0005785099484285e-6,0.9679625249696078,0.3062019371357885,0.33167145879898624,0.04523526063475161,0.00011006712882938638,0.00013273180723518798,0.0004767539709053065,0.001121999999999969,0.0011219999999999687,0.0011219999999999904,0.001001219999999998,0.0010012199999999945,0.0010012199999999982,0.5275028814543598,9.099229700409435,3.693968678053037,-0.01174283171739109,0.04053802849819761,-0.04722308930153647,-27.937999486923218,-7.437933176755905,-40.18197031815847,1014.7618713378906,0.05334465565153241,49.50192304716962
2025-06-11T20:36:30Z,39.9838294356187,-75.15115971548647,22.80870091954832,10.940191232280606,12.450595851762776,-1.490435118855825,0.8704407131735408,5.793264851515305,4.941646592554726,0.0009999999953162798,0.0009999999974802361,0.0010000000036391311,0.0010000000032145406,0.0009999999937549344,0.0009999999996048907,3.000578484782697e-6,3.000578577389367e-6,1.0360510176055016,0.38549570833333285,0.3881656704767662,0.05423282730588299,0.00012382652735251024,0.0001427704601117647,0.00046924255537564167,0.0011229999999999676,0.0011229999999999676,0.0011229999999999901,0.0010012299999999968,0.0010012299999999934,0.0010012299999999977,0.25731970918319114,8.494269834997924,5.165239897406151,0.013832171216529746,0.12756440659162438,0.191835222550396,-20.44364122549693,-13.092378894488016,-37.933611710866295,1014.7667541503906,0.16300694066233187,45.0367314891774
2025-06-11T20:36:31Z,39.98396168037808,-75.15098674669623,20.43076144419107,11.305268996474462,16.786649121545818,-2.5268479651982876,0.9938558247589683,5.84355047537424,4.688981582829241,0.0009999999950831072,0.000999999997230473,0.0010000000034669275,0.001000000003201124,0.000999999993500576,0.000999999999332511,4.000578479792705e-6,4.000578681797644e-6,1.115110416525129,0.48605150268441843,0.45696678455029377,0.0642038520042687,0.00012914196113135779,0.0001461604323609392,0.0005000857674134936,0.0011239999999999686,0.0011239999999999686,0.0011239999999999911,0.0010012399999999979,0.001001239999999994,0.0010012399999999979,0.201914582300027,8.277304023745195,5.2604348316156235,0.011179555815589203,-0.15298875986802982,-0.178715450753154,-19.33948952811105,-13.079644592440857,-39.186897355682994,1014.809326171875,0.027248099859763158,45.61470440281633
2025-06-11T20:36:32Z,39.98409473877196,-75.15076980498148,17.782136195570313,11.554401438212116,20.623948596295122,-3.4924966958115857,1.0038165308883484,5.811082628064474,4.689142638084729,0.0009999999947930282,0.000999999997363869,0.001000000003593606,0.001000000003032923,0.000999999993293483,0.0009999999995009036,5.0005784112390545e-6,5.000578828977454e-6,1.2009445439547102,0.6023283328622411,0.5350643173218063,0.07285055313895539,0.00014188891695741666,0.00014991445543392258,0.0005132976297986512,0.0011249999999999691,0.0011249999999999693,0.0011249999999999917,0.0010012499999999987,0.0010012499999999932,0.001001249999999997,0.338108742499053,8.20531489277163,4.984637699362149,0.008785557378394203,-0.019019871760334785,0.028234541745670173,-15.712105828888562,-12.31851408432941,-37.51275852748326,1014.80810546875,-0.1760545445867925,42.49492679087867
2025-06-11T20:36:33Z,39.984198724736096,-75.15051436845475,15.278979398035215,11.293836469307626,25.02568235564334,-4.168977320940624,0.9743136033029058,5.728629400648147,4.742047657204151,0.0009999999945300344,0.0009999999975375043,0.0010000000034701797,0.0010000000029798258,0.0009999999931901604,0.0009999999994395083,6.000578191216049e-6,6.0005790241156885e-6,1.2902124807766304,0.757459925223542,0.6182955517778331,0.08484284957904484,0.000162901446836252,0.0001529141279162199,0.0005305293077369072,0.001125999999999968,0.0011259999999999688,0.0011259999999999905,0.0010012599999999984,0.001001259999999992,0.0010012599999999977,0.21451784706271493,8.44216296675031,5.43886293956354,-0.00820228227356844,-0.013091796561075907,0.09806096662880552,-14.370354847032196,-14.703489556604502,-38.04781559535435,1014.7526245117188,0.26152021590544827,43.24733044548388
2025-06-11T20:36:34Z,39.984234613150754,-75.15022605552396,13.047890387308698,11.317246287617822,29.02631006465526,-5.0444682827978395,1.2266301055055633,5.829657552351603,4.283035867870966,0.0009999999949304444,0.00099999999743753,0.001000000003271439,0.0010000000031819241,0.0009999999934278978,0.0009999999998117196,7.000577694936782e-6,7.0005792697808666e-6,1.381049151987998,0.9369261387524862,0.6910230488155725,0.09567860707814686,0.0001840025094618998,0.0001295432549607968,0.0005640997089359745,0.001126999999999969,0.001126999999999969,0.0011269999999999915,0.0010012699999999977,0.0010012699999999925,0.0010012699999999968,0.0013642705435616353,8.479783128740866,4.665085154410707,0.022794433376100317,-0.3460589138201326,-0.27874783097151495,-14.260823593139648,-15.224135665893554,-38.13549125671387,1014.6966247558594,-0.10541576181024374,43.467881048730014
2025-06-11T20:36:35Z,39.98418460151515,-75.14991824989589,11.110295766365692,11.43524938039392,31.432255564934188,-5.190953558631502,1.1637187616234026,5.818824437394778,4.403148969821481,0.0009999999948978194,0.0009999999971092037,0.0010000000033091553,0.0010000000033523139,0.000999999993460902,0.000999999999354109,8.000576779651693e-6,8.000579567084521e-6,1.4607026489318842,1.1244607194583545,0.7619829535713918,0.09640767269103018,0.00019253771573229359,0.00013084849604349255,0.0005630926117835176,0.0011279999999999678,0.0011279999999999678,0.0011279999999999903,0.001001279999999998,0.0010012799999999916,0.0010012799999999976,0.785406700751511,8.783152026081702,3.9675756369480193,-0.012586787666582087,0.07847143469197371,0.06060212835781477,-19.4406995010376,-14.944755687713624,-37.64724746704101,1014.7315673828125,-0.11436321060270566,44.92880152573754
2025-06-11T20:36:36Z,39.984058524512555,-75.14959493947651,9.576812710843559,11.096576161385336,34.33154060399258,-5.184398392817747,1.1413726740058232,5.841867494639974,4.2394447618396045,0.000999999995060936,0.000999999996867561,0.0010000000029244623,0.0010000000035480475,0.0009999999935450617,0.0009999999991863369,9.000575306750583e-6,9.00057991732496e-6,1.520992886211435,1.3661837173258733,0.8225460600119653,0.09912109760374253,0.00020829057904888152,0.00012067006628626242,0.0005729345240554186,0.0011289999999999668,0.0011289999999999668,0.0011289999999999892,0.0010012899999999971,0.0010012899999999908,0.0010012899999999971,0.28753337234633924,8.54976461179205,5.1359780607640495,-0.0965304629389192,-0.1480819572573329,-0.07089077637838803,-18.411044490580657,-13.387134396300024,-36.58481154149892,1014.8280944824219,0.19357314794251804,43.08858310171448
2025-06-11T20:36:37Z,39.98382408032294,-75.14925847693407,8.487808222046475,11.758495522690284,37.03245796808571,-5.5966077259619755,1.0316046460896153,5.684931657312353,4.502247326806165,0.0009999999953775548,0.0009999999969812334,0.0010000000027978885,0.0010000000033036445,0.0009999999938047235,0.0009999999990718063,0.000010000573162230518,0.000010000580321193193,1.5655190113055766,1.6402878147065774,0.8635975485736825,0.10011953848015938,0.0002532799183711703,0.0001247915324927044,0.0006147103613243194,0.001129999999999966,0.0011299999999999663,0.0011299999999999889,0.0010012999999999973,0.0010012999999999901,0.001001299999999997,0.26462770446325024,8.448954833987507,4.556971950468477,0.01979673028196237,0.10754715477389369,0.26191786167386333,-14.452119731903077,-11.188131685256957,-28.07805534362793,1014.8146057128906,-0.18153879997574604,33.502415595157835
2025-06-11T20:36:38Z,39.983458496585115,-75.14890925908537,7.655268461735237,11.83549960282673,40.49861312832229,-6.2787101382393296,1.0860932905689522,5.628961889721642,4.564727790054244,0.0009999999951815811,0.0009999999968388674,0.001000000002729646,0.0010000000030755648,0.000999999993636713,0.0009999999986249305,0.000011000570275767123,0.000011000580780013904,1.6004329303008182,1.9863421261281689,0.8873007561265882,0.10590929045359122,0.00029210375648055137,0.00012206338295750463,0.0006479576071165147,0.0011309999999999656,0.0011309999999999656,0.0011309999999999884,0.0010013099999999974,0.0010013099999999905,0.0010013099999999974,0.2000500931786032,8.45408140504662,4.842535848219875,0.08502819413383307,-0.009850081415823967,0.08765461357067228,-19.16619954790388,-9.250836537808787,-33.19794211095693,1014.7242126464844,-0.04031014915520543,39.43374879889334
2025-06-11T20:36:39Z,39.98298910722744,-75.14853604787415,6.822582815109033,11.715470088554481,44.01817049633742,-6.638102792030506,0.8272337858274551,5.576307317672593,5.107570677749061,0.0009999999950460526,0.0009999999971492966,0.0010000000026579882,0.001000000003343648,0.0009999999934473876,0.0009999999985464963,0.000012000566639113068,0.000012000581295513122,1.6316035802223892,2.401985423944195,0.902633810527892,0.11156945720070065,0.000277761363981177,0.00015318360256342346,0.0006335595223793775,0.0011319999999999661,0.001131999999999966,0.0011319999999999887,0.0010013199999999974,0.0010013199999999904,0.0010013199999999974,0.955694569182744,8.859846223834337,4.61584838950361,0.07861265963660331,0.307299419737265,0.3187426502979141,-20.257477079119003,-13.92891399227843,-39.592485233229034,1014.7181701660156,0.25017294004847324,46.60407905777328
2025-06-11T20:36:40Z,39.982446185761106,-75.1481373320479,6.722732676332528,10.257638692678519,46.50559691955089,-5.3606667077554615,0.8206131166986386,5.823752899399592,5.560895708826966,0.000999999995041988,0.000999999997370848,0.0010000000025532755,0.0010000000033822739,0.000999999993182236,0.0009999999987367672,0.000013000562273361334,0.000013000581871423852,1.6547717743619645,2.8868618357912674,0.9212601268266802,0.11167346831966601,0.00016060757571298025,0.0001906958404224974,0.0005481619428224313,0.0011329999999999663,0.0011329999999999663,0.001132999999999989,0.001001329999999997,0.00100132999999999,0.001001329999999997,1.7431255150655343,9.223153341161426,5.545150405119228,0.24220807471575811,0.46130407059847917,0.10117066543943,-14.990314035999532,-20.905322016501913,-34.5095667936364,1014.6894836425781,1.1161204779599443,43.04239584609149
2025-06-11T20:36:41Z,39.98191417923086,-75.1477071629311,6.543282511335011,9.647796097911945,48.076089865799204,-5.972423619733095,0.9377323663267285,5.896121011937019,5.487589230886513,0.0009999999948874262,0.0009999999972669857,0.001000000002777908,0.0010000000035206274,0.0009999999931239792,0.0009999999987389625,0.000014000557191257942,0.000014000582511632374,1.662210697457609,3.3229738123432018,0.9108071895949501,0.1045866899354552,0.00016393254117787797,0.0001859460028892918,0.0005545812073886918,0.0011339999999999658,0.001133999999999966,0.0011339999999999885,0.0010013399999999964,0.001001339999999989,0.0010013399999999964,0.7651835043740679,8.190560007634408,3.3270510387047425,0.0672799012366387,-0.020848865056836287,-0.08692785712619129,-1.7443347482577614,-23.024051624795664,-28.55383421027142,1014.8381652832031,-0.9125236545140258,36.72148393321997
2025-06-11T20:36:42Z,39.981303734656876,-75.14726901797329,6.5440853826596,9.885876215509999,47.72762653762469,-5.107117414302163,0.9903050667536064,6.190884764539112,5.517740214910036,0.0009999999948740097,0.000999999996981583,0.0010000000032284351,0.0010000000038279365,0.000999999992833864,0.0009999999989723023,0.000015000551242969156,0.000015000583226459017,1.645564014952725,3.763321637669343,0.9212697872152213,0.08835859853996651,0.00014525884506112313,0.0001901986568816665,0.0005471274583922275,0.0011349999999999644,0.0011349999999999655,0.0011349999999999878,0.0010013499999999972,0.0010013499999999894,0.0010013499999999972,1.2361932254223986,8.718244158270707,3.9602126809330818,0.043639126580413176,0.18073906677158832,-0.21912185823791283,-2.0304285442950776,-22.523938354180785,-26.211326093089824,1014.8116149902344,-0.13102805921210361,34.619077760597555
2025-06-11T20:36:43Z,39.98063656976707,-75.14682447344576,6.993063748245148,10.36679163914893,47.28099452825913,-4.497223626715875,1.0082137994916307,6.109173296157655,5.498565211039537,0.0009999999945517215,0.00099999999689843,0.0010000000034167341,0.0010000000040069669,0.000999999992714639,0.000999999998766948,0.000016000544103915947,0.000016000584031359355,1.6062022535959959,4.231037645445208,0.9336233741969424,0.07451837093747969,0.0001581997892634469,0.00019029743040729463,0.0005597736964949952,0.001135999999999965,0.0011359999999999658,0.0011359999999999888,0.0010013599999999974,0.0010013599999999885,0.0010013599999999974,0.46449052620172987,8.80941638705497,3.736576347316371,0.0011112297894958878,-0.07518690073499183,0.07000669867195083,4.495575442606089,-21.78770567446339,-24.87828928110551,1014.7940673828125,-0.2056098944847007,33.37424472970424
2025-06-11T20:36:44Z,39.9798381202068,-75.14637716402717,7.960556959854698,10.185925604446894,46.88454384528202,-3.966372561083295,1.0087236377942181,6.118209118790075,5.570054068809492,0.0009999999941887995,0.0009999999970695267,0.0010000000037195904,0.0010000000042416392,0.0009999999925682835,0.0009999999987097882,0.000017000535315974145,0.000017000584935461897,1.5558390596798257,4.743543316255953,0.9452261629665213,0.06449054916177402,0.00015625273405341978,0.00020264864175966368,0.0005691309230148164,0.0011369999999999653,0.0011369999999999664,0.001136999999999989,0.0010013699999999975,0.001001369999999988,0.0010013699999999975,0.25795246375203235,8.64591445292569,4.108105193946058,-0.0012967726619005624,0.052048349849714494,0.041543066727299224,4.358387674604144,-23.85348927244848,-25.15490570846869,1014.6312480725741,-0.21018785740177862,34.93923629364637
2025-06-11T20:36:45Z,39.979015238708286,-75.14591558274805,8.921133835512826,9.970220545687926,46.14290174003019,-3.1370730462591476,1.0148170500457243,6.159158433714103,5.6610655524521185,0.0009999999942961225,0.0009999999975077757,0.0010000000036364015,0.0010000000039286471,0.0009999999923354054,0.0009999999990158077,0.000018000524260395208,0.00001800058594628161,1.5006747326465772,5.291045967278433,0.9686841507820022,0.055013355416106816,0.00015000038242433923,0.0002189506898740049,0.0005770168365083558,0.0011379999999999654,0.0011379999999999654,0.0011379999999999882,0.0010013799999999975,0.0010013799999999866,0.0010013799999999972,0.44889004579706737,8.767592707967768,4.686915652682516,0.006908905595480807,0.08881756726072693,0.022588387413309277,5.515644769279325,-22.104905692898498,-23.937146595546178,1014.6529235839844,0.1660130410716069,33.045920020628515
2025-06-11T20:36:46Z,39.97815398343964,-75.14544323561249,9.917772877858273,10.18728936679722,45.52149209604601,-2.6875771601571468,1.0288719573283212,6.177047043493727,5.562945899529525,0.0009999999941168397,0.0009999999976601055,0.0010000000037842433,0.001000000003761988,0.0009999999925910624,0.0009999999987620157,0.000019000510100559304,0.000019000587073686656,1.4432510307349098,5.866862026489626,1.0014394433536213,0.047275319247281455,0.00017015591646141033,0.00021144172566068826,0.0005870874838694764,0.0011389999999999662,0.0011389999999999662,0.0011389999999999888,0.0010013899999999976,0.001001389999999987,0.0010013899999999978,0.47567823139464255,8.658073255502508,4.337557620586194,-0.007243796606929833,-0.08188978735875099,-0.05790674690748331,9.3205457230409,-18.455803751945496,-20.013083000977833,1014.6549072265625,-0.09025184334052067,28.77516010123654
2025-06-11T20:36:47Z,39.984090111152064,-75.15190507619631,28.793521140176026,5.479459805068205,1.9022501505031169,3.005358481505837,1.3314977557332275,0.05041276726746558,5.522577168065821,0.0009999999934835475,0.000999999997453544,0.0010000000044339925,0.0010000000035884212,0.0009999999913949467,0.0009999999973619093,3.305538268983532e-10,3.3055411589893283e-10,0.8484513368467492,0.14798432808280884,0.12816202330838436,0.021905603929399175,0.00009631908715240607,0.00011464891191958939,0.0004990457803038048,0.0011399999999999672,0.0011399999999999672,0.0011399999999999898,0.0010013999999999984,0.0010013999999999878,0.0010013999999999984,0.7834631835877123,8.783879684450582,4.361257931228669,-0.002835398713837721,-0.015742868692811014,-0.00026861622980641007,1.0211659408313163,-17.9197231860871,-25.823765612663106,1014.7024230957031,0.0576871918822751,31.448735126339326
2025-06-11T20:36:48Z,39.98411445884885,-75.15189379262783,29.842875516682977,4.623562742546316,-0.12181111323552588,2.649724195404481,1.3741456166889223,0.0037540962439563163,5.659665668864051,0.0009999999938964524,0.0009999999975861752,0.0010000000044159704,0.0010000000038091997,0.000999999991341198,0.0009999999970151214,1.0003305556563785e-6,1.0003305598901414e-6,0.8738261410873363,0.18178947923844713,0.15353890177850146,0.0192981113970248,0.00009926067321782145,0.00013108926492459228,0.0005173593948985839,0.001140999999999966,0.001140999999999966,0.0011409999999999888,0.001001409999999999,0.0010014099999999886,0.001001409999999999,0.4638103218590813,8.958219489100141,4.2626452401012545,0.03991664597702628,0.12764009082246533,0.07360716270872636,2.3573387350354875,-25.297321981313278,-25.827399429009887,1014.5760803222656,0.1511907867548231,36.22930352115298
2025-06-11T20:36:49Z,39.984128322646804,-75.1519055699597,30.232347343026476,3.354824536259553,-2.4000140765591573,2.184135291584816,1.3867298418773466,0.031241152727966823,5.73222742211524,0.0009999999941827458,0.0009999999976631636,0.001000000004607895,0.0010000000040379636,0.0009999999911095257,0.0009999999970573344,2.000330561575209e-6,2.0003305796513796e-6,0.8884465406710845,0.26072926947813,0.1950342306205966,0.018024386906137304,0.0001061236133057386,0.00014394457305211654,0.0005228014597216536,0.0011419999999999668,0.0011419999999999649,0.0011419999999999896,0.001001419999999999,0.0010014199999999881,0.001001419999999999,0.16439210149277358,8.868406765584929,4.509763994030182,0.012296273219562321,0.08009398079685501,-0.015668011337584362,5.369493786169558,-23.509648692851165,-25.040375028337753,1014.651611328125,0.17049204533054307,34.76423308944552
2025-06-11T20:36:50Z,39.984137418666066,-75.15194127914579,30.210519063718266,1.654366872121167,-4.49514194691819,1.578274762153944,1.382343556929407,6.2055923604343874,5.779051414614327,0.0009999999945296191,0.0009999999977366027,0.0010000000048685173,0.0010000000038950857,0.0009999999909834141,0.0009999999971914736,3.0003305704535608e-6,3.000330618447869e-6,0.8949560602729336,0.3821437137228417,0.255468378023627,0.01874097908471996,0.0001146954890523342,0.00015546118262521545,0.0005469268961730492,0.0011429999999999654,0.0011429999999999646,0.0011429999999999902,0.001001429999999998,0.001001429999999989,0.001001429999999998,-0.04738616542681473,8.712965001108598,4.488143113489311,-0.0028043998498175214,0.029726454308004815,0.11388577307790788,4.350519890785217,-23.64384349822998,-25.209347381591797,1014.56982421875,0.021259197109505266,34.83483920576538
2025-06-11T20:36:51Z,39.98414856910889,-75.15200132318712,29.67234673016371,-0.4516206291379333,-6.714843321198464,0.9786619830949559,1.387444752763142,6.21153056628147,5.681569511098614,0.0009999999943784024,0.0009999999980517828,0.0010000000047293489,0.0010000000041503706,0.0009999999911634362,0.0009999999971406128,4.0003305709425454e-6,4.0003306841213286e-6,0.8991453163769949,0.5505634614176808,0.339530563989313,0.021819047454980367,0.00012823656309671327,0.00016128850601879622,0.0005564961574746332,0.0011439999999999662,0.0011439999999999656,0.001143999999999989,0.001001439999999997,0.0010014399999999893,0.001001439999999997,0.2668314686940606,8.6749930338201,4.751508727866773,-0.0026650506197604773,-0.09031387180026478,-0.02611476764972862,5.568926402500698,-23.383913818670777,-24.824758724290497,1014.5790405273438,0.11503195971767488,34.5555423801311
2025-06-11T20:36:52Z,39.98416242114337,-75.15208497066615,28.778067570305563,-2.967948178918497,-8.375294753586443,0.17031771487272948,1.3918731103000173,6.090872763212113,5.593279984701008,0.0009999999945664744,0.0009999999979074963,0.0010000000043846747,0.0010000000040632047,0.000999999991299493,0.0009999999966840679,5.000330527823364e-6,5.000330786913914e-6,0.9084509770876816,0.744833352058278,0.449373377627657,0.026907934482051404,0.00014581742047797017,0.0001669637004135959,0.0005911096449584285,0.001144999999999967,0.0011449999999999661,0.0011449999999999896,0.0010014499999999957,0.0010014499999999888,0.0010014499999999957,0.40980867056584275,8.50646595616438,4.416021140603523,-0.00882039671251372,-0.10400856512514418,0.10174210183507473,3.880638211331469,-22.832429277135972,-25.450237842316323,1014.4778747558594,-0.18622703652892847,34.41061314847215
2025-06-11T20:36:53Z,39.98417606338229,-75.1521888640788,27.45449413932314,-6.24197127964757,-9.910779334549508,-0.4524876747256057,1.378991237335774,6.001297374439298,5.691923096552047,0.0009999999944116304,0.0009999999977613322,0.0010000000046931972,0.0010000000041464614,0.0009999999914632335,0.0009999999966562663,6.000330362709691e-6,6.0003309409344315e-6,0.9309418119906459,0.9729999703477039,0.5980531058099018,0.03546473760144615,0.00015602125969330316,0.00018060283995764177,0.0006116178171132853,0.0011459999999999667,0.0011459999999999667,0.0011459999999999893,0.0010014599999999953,0.001001459999999988,0.0010014599999999953,0.7475411809532291,8.685778755190082,4.762080258961108,0.008526033816075362,0.08318088266505282,0.10465237226692563,3.117722394515057,-24.693297561334106,-25.47185668166803,1014.4575805664062,0.15448235023533516,35.61307357817104
2025-06-11T20:36:54Z,39.98418542209063,-75.15230946466014,25.610320896467954,-9.801949540160471,-10.942837969990137,-1.2771051099366546,1.3705110839011592,5.964580873921403,5.757920256177674,0.0009999999943546966,0.0009999999976433532,0.0010000000048894957,0.0010000000042160115,0.0009999999912909253,0.0009999999969882683,7.000329943287754e-6,7.0003311641699086e-6,0.9737472854330137,1.2058108097199716,0.7823535650726484,0.04592775001912338,0.00016424017678239408,0.0001914039359364508,0.0006180187317655778,0.0011469999999999673,0.0011469999999999675,0.0011469999999999903,0.0010014699999999943,0.001001469999999989,0.0010014699999999943,0.5800547936391091,8.679404233934735,4.385196988518313,0.0092387531880373,0.05999951504728067,0.04655743445060548,6.668669291904995,-22.211219982225067,-23.166554704004405,1014.5410308837891,-0.037559218703926846,32.77949628708413
2025-06-11T20:36:55Z,39.984130094380156,-75.15244466042863,23.473984165846204,-13.90805139034864,-12.139908851586657,-2.2435707525297275,1.3814548111700242,5.943372297097866,5.789745297658425,0.0009999999941947705,0.0009999999977916335,0.001000000004996437,0.0010000000042127844,0.0009999999912694106,0.0009999999973076665,8.00032909143291e-6,8.000331479062269e-6,1.0424058719398694,1.4459701546157084,1.0148206331295162,0.06119324873759582,0.00017147268597130064,0.00019916748327528298,0.0006205318402472597,0.0011479999999999683,0.0011479999999999683,0.0011479999999999908,0.0010014799999999934,0.0010014799999999897,0.0010014799999999934,0.16354151543421822,8.598183931353065,4.7211363651703575,0.020449549452044014,0.027795960586560118,0.025690432101610837,5.850662410259247,-23.318520387013752,-23.772462089856464,1014.4612121582031,0.031405501367476094,33.809912300700724
2025-06-11T20:36:56Z,39.98398503160118,-75.15259394753505,20.742144348380773,-16.862194225955655,-13.365121442581655,-3.5318937522377896,1.3723090965834432,6.114711793334635,5.751093779238381,0.000999999994007019,0.0009999999979855758,0.0010000000053467036,0.0010000000040970185,0.000999999991450568,0.0009999999973365602,9.000327629735677e-6,9.000331910094353e-6,1.134327603194731,1.6640174330166018,1.2597870846958052,0.07171956602347732,0.00016170158066002962,0.00020378993578253424,0.0005943156129681315,0.0011489999999999693,0.0011489999999999693,0.001148999999999991,0.0010014899999999942,0.0010014899999999907,0.0010014899999999942,0.15298158580645296,8.043151101263586,4.193581443066369,-0.01852602421548691,-0.004898032837160677,-0.17675137544040065,5.8778582115968065,-22.727837045987446,-22.257882992426556,1014.5332397460937,-0.7068776519523715,32.349866608051904
2025-06-11T20:36:57Z,39.983660666233014,-75.15275545080804,18.19741539114222,-18.903853039545506,-14.713987088859529,-3.881812077722462,1.3885728910309163,6.025050995664327,5.6556691263914995,0.0009999999940602626,0.0009999999974972702,0.0010000000056513282,0.0010000000039678085,0.000999999991728859,0.000999999997589117,0.000010000325437841625,0.000010000332484920718,1.2345837708221796,1.8830800306174016,1.551016895479171,0.07883830696051995,0.00017048285736490413,0.00020726430124631286,0.0006104241285672889,0.0011499999999999685,0.0011499999999999683,0.0011499999999999902,0.0010014999999999944,0.0010014999999999918,0.0010014999999999944,0.46895980749315963,8.64729626862085,4.394771104761052,0.0005998165819491484,-0.11717104790754314,0.0740265347250465,4.027991766832312,-30.201970820524256,-28.01169749668666,1014.4385681152344,-0.06746215936254997,41.38882409171915
2025-06-11T20:36:58Z,39.983142190509646,-75.15292653362225,16.254429838499423,-20.4195251792189,-15.893328614429022,-4.312098159237225,1.3679244546458746,6.084122317870395,5.612614721666736,0.0009999999937186173,0.0009999999973849187,0.0010000000057868333,0.0010000000037710482,0.0009999999916255912,0.000999999997299536,0.000011000322501205138,0.000011000333237877442,1.3300541399585868,2.0522884955269554,1.879873854106343,0.08414336499392702,0.000164526739414998,0.0002118214957766404,0.0006006079858918846,0.0011509999999999687,0.0011509999999999689,0.0011509999999999906,0.001001509999999995,0.0010015099999999921,0.001001509999999995,0.5320465671479494,8.343930229189516,4.497571837836814,-0.021408850623347166,-0.04420022940036644,-0.06092346882046855,5.57003189086914,-24.802355537414552,-23.487927665710448,1014.3512878417969,-0.28485352536428415,34.61013338142601
2025-06-11T20:36:59Z,39.982512931798105,-75.15310657828205,14.664461391807901,-21.626129041294995,-16.934367294656894,-4.124059614571454,1.3504723081486887,6.042543761338904,5.664700126578822,0.0009999999939480433,0.0009999999976026753,0.001000000005630435,0.0010000000040722194,0.000999999991692134,0.0009999999969824208,0.000012000318909275534,0.000012000334209478447,1.41149193148279,2.1959378490288204,2.2679833890451557,0.08689340131219317,0.00016525986898390416,0.00021579494405767993,0.0006003217101973352,0.001151999999999969,0.0011519999999999692,0.001151999999999991,0.001001519999999995,0.0010015199999999914,0.001001519999999995,0.44505444079627043,8.78535681405621,4.737716083515958,0.0049964260837479894,0.02459297307452614,0.057311778662708784,5.861726429997658,-24.48390583116181,-24.515276928337254,1014.4432220458984,0.21276343871782302,35.13995904731939
2025-06-11T20:37:00Z,39.981727922162435,-75.15329091048856,13.833405453023309,-22.345412044750702,-17.365735320629234,-4.272696282498181,1.3090171051992385,6.029755028703276,5.7386205969058155,0.0009999999935386915,0.000999999997960435,0.0010000000059007378,0.001000000004116481,0.000999999991799933,0.0009999999968836376,0.00001300031480406786,0.000013000335446463938,1.4724877355577264,2.2691970077461994,2.6870604734467465,0.086571339723918,0.00016660714556843506,0.00021716110686385119,0.0005957861682881242,0.0011529999999999676,0.0011529999999999698,0.0011529999999999898,0.0010015299999999957,0.0010015299999999922,0.0010015299999999957,0.08166542708951197,8.425492631437791,4.380085174773467,-0.010754227441250253,0.04647921853423878,0.037292995521452654,6.348232483377262,-23.0928565823302,-23.450640386464645,1014.3594874331826,-0.2821638076615961,33.51878901742204
2025-06-11T20:37:01Z,39.98082900603049,-75.15348015380206,13.539535072412352,-22.087055458823325,-17.945658581780673,-3.9763321739541744,1.3039137994943346,6.1330522551821876,5.754647233253945,0.0009999999935577178,0.0009999999979895715,0.0010000000054222078,0.0010000000042024533,0.0009999999920990666,0.0009999999971790974,0.000014000310278126253,0.000014000336996571907,1.5085633383205,2.3403046436116126,3.134002007429569,0.08158891025036367,0.0001592636497143645,0.0002199801763145106,0.0005889478184731997,0.0011539999999999676,0.0011539999999999686,0.0011539999999999903,0.0010015399999999946,0.0010015399999999926,0.0010015399999999963,0.2760510978956365,8.626376743393488,4.351602928286617,0.012168907906905469,0.021491098156948347,-0.08687219666377996,6.132207899093628,-24.816751594543458,-26.134595565795898,1014.2923278808594,-0.11268872602648276,36.55801570915157
2025-06-11T20:37:02Z,39.97991233415234,-75.15368201725195,13.489854825244677,-21.257868751939345,-19.195314471587412,-3.531315854442721,1.296450319360279,6.183991699345706,5.730036714260398,0.00099999999387124,0.0009999999982869586,0.0010000000056712031,0.0010000000042017598,0.0009999999917422676,0.00099999999672331,0.000015000305308097435,0.0000150003389100048,1.519048722364552,2.438709359187581,3.5975268514896026,0.07412556692473916,0.00015473419550024085,0.00022622196795810438,0.0005906271341256151,0.0011549999999999668,0.0011549999999999677,0.0011549999999999896,0.0010015499999999952,0.0010015499999999917,0.0010015499999999952,0.5010730768022289,8.623653739931209,4.648023453885855,0.0037013972902089727,-0.02720858304110954,-0.047261882872293756,5.4421758848428725,-21.128935508728027,-22.400175704956055,1014.3534240722656,0.030995447883436535,31.27001591950905
2025-06-11T20:37:03Z,39.97892676367945,-75.15389740818993,13.88387595332085,-20.495966159607107,-20.33696501997422,-3.1974670663928957,1.2786803252047878,6.162779370582002,5.694057606220728,0.0009999999936016301,0.0009999999986667622,0.001000000005676002,0.0010000000043430004,0.0009999999918062269,0.0009999999967626643,0.0000160002997461414,0.00001600034124052644,1.5099932326901868,2.540894337471045,4.099177226885867,0.06778623705402168,0.00015219355559493804,0.00023501331095671278,0.0005951002111450829,0.0011559999999999676,0.0011559999999999676,0.0011559999999999906,0.001001559999999996,0.0010015599999999925,0.001001559999999996,0.32826557893080704,8.487107919694706,4.730023371213964,-0.007215984961038274,-0.055894669089590475,0.01779070229486045,8.834293754733338,-29.98884422925054,-23.714060763923488,1014.2843322753906,-0.05646884830870319,39.23937084468197
2025-06-11T20:37:04Z,39.97790519818929,-75.1541251147625,14.432144054655407,-20.270050519789507,-21.346294834304977,-2.881938696499498,1.255441713064135,6.092133540855392,5.710031476102619,0.0009999999940124582,0.0009999999984508267,0.0010000000055670867,0.0010000000043699146,0.0009999999918996908,0.0009999999969632005,0.000017000293376134933,0.000017000344051746023,1.4909126282826066,2.6583039124542736,4.662309933258786,0.06374823814547827,0.00015728998075882343,0.00024059347587626596,0.0006002592435205355,0.0011569999999999677,0.0011569999999999682,0.0011569999999999907,0.001001569999999995,0.0010015699999999916,0.0010015699999999955,0.4336628339280097,8.404096406937978,5.044772581690834,-0.007638450305310214,-0.020096930858881496,0.07832764716409005,6.782467842102051,-23.337623634338378,-24.90215145111084,1014.2531890869141,0.03347270840118175,34.795979169100995
2025-06-11T20:37:05Z,39.97690660381105,-75.15436478257786,14.880059294230119,-20.97826803245357,-22.02894566880715,-2.563651166652262,1.2230427500052596,6.004660023487713,5.843051821788701,0.0009999999943629313,0.0009999999980977038,0.0010000000059811128,0.0010000000042414872,0.0009999999919725513,0.0009999999971506046,0.0000180002860072822,0.00001800034742342507,1.4701933246800292,2.784803635792245,5.310378066277378,0.0622276829528875,0.0001816180666750633,0.00023271990755524343,0.0006044313561710471,0.0011579999999999683,0.0011579999999999683,0.0011579999999999913,0.0010015799999999958,0.0010015799999999924,0.0010015799999999958,0.3671665377143053,8.499263457397142,5.278063567817726,0.008799490510772756,0.08229617080157402,0.13124965742045147,5.593211908340454,-25.88888748168945,-27.202095565795897,1014.3097598427221,0.23348951893468278,37.966678400679506
2025-06-11T20:37:06Z,39.97584347781831,-75.15461428149283,15.42779888741393,-21.8001795299257,-22.38612761881667,-2.566328661911963,1.1880577550436309,5.990029287923553,5.949601653345046,0.0009999999947399893,0.0009999999985252533,0.001000000005713017,0.001000000004482654,0.000999999992192335,0.00099999999694745,0.00001900027747540388,0.00001900035143808287,1.4513207798137429,2.9049402807738858,5.996437850489054,0.06110831115052903,0.00020287264346286824,0.00022404837876851242,0.0006089793806833226,0.0011589999999999686,0.0011589999999999684,0.0011589999999999914,0.0010015899999999962,0.0010015899999999925,0.0010015899999999962,0.36524391446928567,8.321823122437829,4.994843629912865,0.003408621669696402,0.078616989391385,0.05670278170989781,6.546031827926636,-24.758435592651367,-25.302311401367188,1014.2452697753906,-0.0653838081175597,36.00047191944218
2025-06-11T20:37:07Z,39.984346898907184,-75.15384122904068,26.060698142380367,-0.11243130426913557,-7.838749764762194,1.3360834855624633,0.9912539035129332,6.045493693485492,6.123438452663295,0.0009999999944806661,0.0009999999989778094,0.0010000000068914354,0.001000000005034035,0.0009999999925886034,0.0009999999975805816,5.371444580522758e-10,5.371446442171464e-10,0.7922900613317311,0.236196937607932,0.260661825551166,0.026337107054604382,0.000107488770661924,0.00010435579757070634,0.0005052531170958259,0.0011599999999999677,0.001159999999999968,0.0011599999999999907,0.0010015999999999953,0.0010015999999999918,0.001001599999999997,0.41974821587246647,8.280378438076859,5.118774337852249,0.0017499334053070398,0.05890647492946042,0.09645491364781884,6.100259466374174,-23.888378265056204,-26.707876043116794,1014.2721557617188,-0.03561187228322509,36.347967472546706
2025-06-11T20:37:08Z,39.984313001372136,-75.15393023140395,26.70871779386532,-2.1655456005956357,-7.307920260361455,1.0367160535663988,0.9812660484161982,6.022440976715954,6.186488445328508,0.0009999999944669273,0.0009999999988327649,0.0010000000069492118,0.00100000000481323,0.0009999999923475265,0.000999999997727422,1.0005371475532234e-6,1.000537156251765e-6,0.8365243129420395,0.2681480778723713,0.29938126647961755,0.028202205888726472,0.00012126626060739404,0.00011124091203424629,0.0005234316038177834,0.001160999999999967,0.001160999999999967,0.00116099999999999,0.0010016099999999944,0.001001609999999991,0.0010016099999999978,0.4002936410363077,8.326133750916549,5.131113498442434,0.004992007154061749,0.038847016476179067,0.05216912086580352,4.451008086301843,-24.69578727410764,-27.4283383427834,1014.228515625,0.008889320047276342,37.175305747242575
2025-06-11T20:37:09Z,39.984273459608815,-75.15401211517307,26.857277938119893,-4.472682855062883,-6.533944396253443,0.42102820953783315,0.9381370085381464,5.978067048856457,0.07985711838535275,0.0009999999948233059,0.000999999999117295,0.0010000000070342818,0.0010000000049846028,0.000999999992475931,0.0009999999977858,2.000537157879559e-6,2.000537194437317e-6,0.8830446442751846,0.31599780100543584,0.3534316558145437,0.030862978757798882,0.00014202744397591427,0.00011293616632297135,0.0005536921761487807,0.0011619999999999658,0.001161999999999966,0.001161999999999989,0.0010016199999999937,0.0010016199999999902,0.0010016199999999973,0.4796359884663868,8.245924991608833,4.79945219718715,0.005792794605560438,0.11520362005554304,0.13340200761187834,3.384035930633545,-24.321919517517088,-26.696283493041992,1014.2149353027344,-0.2265989590717566,36.27251498240828
2025-06-11T20:37:10Z,39.984227275545294,-75.15408791071243,26.47381460276771,-7.441784162271091,-6.193538255038928,-0.03403156759398171,0.9501677360046501,5.955973662435043,0.022926414118270046,0.0009999999950372485,0.0009999999992308087,0.0010000000071185443,0.0010000000050844197,0.0009999999924967065,0.0009999999976015963,3.0005371765826685e-6,3.0005372657766677e-6,0.9329695143447685,0.3796253373483137,0.4284410432918879,0.03561494983312705,0.00015131857248498005,0.00012317362543098995,0.0005662771039742924,0.0011629999999999646,0.0011629999999999664,0.0011629999999999893,0.0010016299999999932,0.0010016299999999895,0.0010016299999999966,0.258419695346338,8.279818433178598,5.336716944356618,-0.006118078207925131,-0.056368571367041265,-0.015869272490146115,6.594343857765198,-20.82954776763916,-25.64683952331543,1014.2379028320313,0.07441574899923269,33.691429072400325
2025-06-11T20:37:11Z,39.98416965249574,-75.15416317069541,25.755828385081685,-10.67000147878839,-6.455969294495932,-0.5285934426061701,0.9394951795897302,5.934676207227476,0.04146531278465073,0.0009999999949507397,0.0009999999989300874,0.0010000000074143472,0.0010000000047699895,0.0009999999926928506,0.0009999999973726466,4.000537199009362e-6,4.000537379193569e-6,0.9890427457885307,0.4522337369898255,0.5254973027967915,0.041497519762933734,0.00016421166568261937,0.0001292267793273104,0.0005823711495125309,0.0011639999999999652,0.0011639999999999652,0.0011639999999999882,0.001001639999999992,0.0010016399999999885,0.0010016399999999957,0.16836533894810116,7.929510627980903,5.8892644624444275,-0.0048623466178757384,0.0019752712310913915,0.02560920129074329,4.766963149211844,-24.83123207092285,-19.22122406472965,1014.2295227050781,0.09907458069850758,31.761080875216287
2025-06-11T20:37:12Z,39.98409742644678,-75.15423796367044,24.85183560611971,-13.419271566779718,-6.220435418504531,-0.9459278648920474,0.975785574069124,6.006485530649363,6.18224342545079,0.000999999995146563,0.0009999999988411837,0.0010000000071262959,0.0010000000046532045,0.0009999999928590533,0.0009999999970607925,5.000537202703558e-6,5.0005375458359435e-6,1.0500029202511065,0.5360293178208528,0.6446451122970532,0.04622735824091522,0.00016010380702061663,0.00014065254108597654,0.0005631085633010221,0.001164999999999965,0.001164999999999965,0.0011649999999999879,0.0010016499999999915,0.001001649999999988,0.001001649999999995,0.32751256856401467,8.095724393417495,5.491452923125035,-0.007778139327766111,-0.0700957191175818,-0.1385825707588148,2.8203959330916404,6.174175882637501,-35.09793546676636,1014.1903839111328,0.00828333603713368,35.748238150187504
2025-06-11T20:37:13Z,39.98400245781288,-75.1543100040525,23.872203578853952,-16.19055388652093,-6.141248131678887,-1.3256900379241725,0.8669728111851808,5.919044195661476,0.3029340024915112,0.0009999999952566116,0.0009999999986677246,0.0010000000074639978,0.0010000000048921503,0.000999999992932883,0.0009999999972683442,6.000537133041804e-6,6.000537779939706e-6,1.1124636757697202,0.6226726092088235,0.7898959862266448,0.0510084406262096,0.00019605161821131887,0.00013016894502045255,0.000615586142136226,0.0011659999999999637,0.0011659999999999657,0.0011659999999999884,0.0010016599999999908,0.0010016599999999889,0.0010016599999999943,0.36914807232209607,8.005057834626403,5.644770015709427,0.02103678010352062,0.2668797254875931,0.31782535171988974,91.44796083411391,-39.53273007334495,-11.677640625408717,1014.1554260253906,0.02238000945224226,100.30913920869278
2025-06-11T20:37:14Z,39.98387716293441,-75.15437945571716,22.704773181293728,-19.297346593359375,-5.881791198740797,-1.841263869554117,0.8803505073618962,5.935204814594694,0.25970326038892794,0.0009999999949132144,0.0009999999984678118,0.0010000000076041424,0.0010000000046066554,0.0009999999929657746,0.0009999999975977246,7.000536894986121e-6,7.000538098453491e-6,1.1757690493115145,0.7067250793448631,0.963761734570637,0.05720933854612637,0.0002019033014065779,0.00013406091715995714,0.0006146289031138964,0.0011669999999999628,0.0011669999999999656,0.0011669999999999886,0.0010016699999999899,0.0010016699999999892,0.0010016699999999931,0.3250260511256535,8.177842435281814,5.364396658572045,-0.001903821262723465,-0.020889966512191358,-0.03596244474293223,-7.953383227189382,-10.08711231748263,-5.8120291245480376,1014.189697265625,0.005938798555135995,14.099091914400118
2025-06-11T20:37:15Z,39.98370118568537,-75.15444822002058,21.396667214347936,-22.55967480276685,-6.09882716516081,-2.2649027963580153,0.8535877496650492,5.863313103414726,0.37426045190930757,0.0009999999947980578,0.0009999999981413759,0.001000000007801132,0.0010000000045068081,0.0009999999930061752,0.000999999997479505,8.000536357458865e-6,8.000538522611278e-6,1.23986087395563,0.7803079607524703,1.1723918056230778,0.06372255330611151,0.0002241543874085045,0.00013484186655065463,0.0006502188370024237,0.0011679999999999627,0.0011679999999999664,0.0011679999999999896,0.001001679999999991,0.00100167999999999,0.0010016799999999935,0.2315517992726172,8.09799926185761,5.718527931205775,0.015729180557936054,0.034539766077467164,0.1288578236276092,0.3508719911798835,-16.20086772918701,-25.1632315826416,1014.2270812988281,0.13655102219250212,29.929524147510815
2025-06-11T20:37:16Z,39.98344172852413,-75.15451223115288,20.297683812981802,-24.850707472467757,-5.09963125625834,-2.543605422002275,0.887276536280823,5.888692069792114,0.287776111532673,0.0009999999948111051,0.0009999999979448657,0.0010000000080252662,0.001000000004691577,0.0009999999933368372,0.0009999999975567008,9.000535366169724e-6,9.000539075831307e-6,1.2996701402067345,0.8534531538310138,1.407466539451335,0.06708556746588802,0.0002277097439398555,0.00013609291649632093,0.000643633630485929,0.0011689999999999622,0.001168999999999965,0.0011689999999999888,0.001001689999999991,0.0010016899999999891,0.0010016899999999926,1.436826538577708,8.453912555462885,4.701002924307982,-0.0017913935655917979,-0.04456461625661741,-0.06254317276533099,-2.2726856640407016,-19.752297615518376,-22.50551398919553,1014.1667448344983,-0.000675077137840284,30.03020940019187
2025-06-11T20:37:17Z,39.98310338936101,-75.15456610362988,19.339494026163543,-26.8262607485922,-4.107704710619364,-2.719861787494435,0.8911805349911639,5.895740726977585,0.2790624266637437,0.0009999999950392917,0.000999999998005352,0.001000000008236566,0.0010000000049051013,0.0009999999936123874,0.000999999997620678,0.000010000533759020236,0.000010000539785642198,1.3494892972043682,0.9147663199407466,1.676158517820501,0.06907995297854455,0.00023501632901022374,0.00013640266545446593,0.0006464453781833689,0.001169999999999963,0.0011699999999999656,0.0011699999999999896,0.0010016999999999917,0.0010016999999999886,0.0010016999999999925,1.305425447164814,8.496548691771919,4.673054795115136,-0.001084629037065771,-0.0018510485300875718,-0.00014419322686022346,-2.031830378200697,-19.62449550628662,-22.58246479863706,1014.1747436523438,0.004330479306792023,29.98689438448384
2025-06-11T20:37:18Z,39.98267797985777,-75.15461189880857,18.573131401511784,-28.512821141998998,-3.1687123003759474,-2.810529781247531,0.8956397582866109,5.902806888530872,0.270875899865879,0.000999999995139705,0.0009999999981784799,0.00100000000802293,0.0010000000051318834,0.0009999999934769694,0.0009999999974830678,0.000011000531377666803,0.000011000540683405286,1.3878621995517086,0.9638350912671223,1.9799447881287977,0.06982470682653683,0.00024191932929510778,0.00013666246745917972,0.0006494197123964605,0.0011709999999999618,0.0011709999999999657,0.0011709999999999887,0.0010017099999999916,0.0010017099999999881,0.0010017099999999916,1.3131262624827609,8.490180064633439,4.679150854813062,-0.0010632168696672584,-0.001346673111284971,0.001893361025398326,-1.9390374546249707,-19.668687025705974,-22.529587268829346,1014.1778869628906,0.0026274074334057115,29.969924585859562
2025-06-11T20:37:19Z,39.982161641430494,-75.15465217806612,18.01603102684954,-29.976765957214354,-2.312380251737986,-2.8381685205503455,0.9028033708305864,5.9165264565547515,0.2594482385122794,0.00099999999492843,0.0009999999978681452,0.0010000000083643726,0.0010000000052445201,0.000999999993797157,0.000999999997148294,0.000012000528071407118,0.000012000541803692098,1.4149417526563566,1.0021622836153579,2.320067540851917,0.06966048796325625,0.00024718282573312476,0.00013716331240563886,0.0006504205052029958,0.0011719999999999604,0.0011719999999999663,0.001171999999999989,0.0010017199999999924,0.0010017199999999885,0.0010017199999999924,1.2523436369944538,8.499274925233754,4.67609247588309,-0.00034316999606616547,0.0005514777821700766,-0.004014689856893294,-1.8356119537353515,-19.68909164428711,-22.44531562805176,1014.173828125,0.000983998559400354,29.913524734006785
2025-06-11T20:37:20Z,39.98155871633965,-75.15468939545187,17.651584322597945,-31.12585591963674,-1.5498275795682337,-2.7842447594150697,0.915236097178732,5.942663489285396,0.24069438676875374,0.0009999999952711837,0.000999999997573108,0.0010000000084780668,0.0010000000049745503,0.0009999999939109877,0.000999999997491889,0.000013000523689306823,0.000013000543184602816,1.4312925210947594,1.0335521859332564,2.695471116403442,0.0681866828723008,0.0002501624799759704,0.0001378717876044987,0.0006481405750664933,0.0011729999999999594,0.0011729999999999662,0.0011729999999999894,0.0010017299999999928,0.0010017299999999893,0.0010017299999999928,1.24103852415592,8.50031048202728,4.6715240516578955,0.0017309005180604943,0.0026913890097836814,-0.017611760407323148,-1.5908291265368462,-19.645812273025513,-22.46223282814026,1014.1716918945312,-0.001836133576181537,29.883733889644855
2025-06-11T20:37:21Z,39.98087676814429,-75.15472579919314,17.453339525512632,-32.136623367069355,-0.9041432534692034,-2.697603222259888,0.924695648582388,5.9608881964408225,0.23025962009369488,0.0009999999952150598,0.0009999999974059667,0.0010000000084221744,0.0010000000045229506,0.0009999999938412898,0.0009999999976344094,0.000014000518066952473,0.000014000544867187577,1.4380683159145935,1.0610661546540376,3.1070801481904557,0.06620626480443985,0.0002539919394419836,0.00013949813068728196,0.0006492560908184449,0.0011739999999999587,0.0011739999999999652,0.0011739999999999884,0.0010017399999999925,0.0010017399999999888,0.0010017399999999925,1.0837544276761613,8.532653125765366,4.651830257407293,0.0010784073163398757,0.003800987624598684,-0.006771577263769631,-1.0135959046227592,-19.54937915412747,-22.295126155931122,1014.1707763671875,-0.001834930466404053,29.669432829251157
2025-06-11T20:37:22Z,39.98012729036886,-75.15476293148332,17.386506878052703,-32.83226621312558,-0.371649698283774,-2.538189382875167,0.9338855301035155,5.973272729692258,0.21715746032152533,0.0009999999949188254,0.0009999999974787009,0.0010000000084242392,0.0010000000047678255,0.000999999993978247,0.0009999999974465606,0.000015000511001283146,0.000015000546895644972,1.4363118537608757,1.0897586881511856,3.5517742818031137,0.06304877763471499,0.0002587109141031148,0.00014164801573788468,0.0006527936783333483,0.0011749999999999582,0.001174999999999966,0.0011749999999999888,0.0010017499999999922,0.0010017499999999885,0.0010017499999999922,1.2308631601381468,8.511642459871979,4.664546407691163,-0.0004157810156803326,-0.0019192955542934238,-0.0042928100328344775,-1.2600159823894501,-19.587831535339355,-22.420915718078614,1014.1762534693668,0.0032542667571114924,29.798745363105613
2025-06-11T20:37:23Z,39.97931527509377,-75.15480226247996,17.44342350748336,-33.49393172756841,0.021644840473975968,-2.37857374296658,0.9405938390811623,5.978087287910329,0.2101790415212076,0.0009999999946387118,0.0009999999976766868,0.0010000000083980754,0.0010000000049534062,0.0009999999940862262,0.0009999999973203599,0.00001600050223154308,0.00001600054931711755,1.4273858334114684,1.1220714161174874,4.031661561028832,0.05990565504331124,0.00026398895925358406,0.00014487784050282323,0.0006588869016528534,0.0011759999999999575,0.001175999999999965,0.0011759999999999883,0.0010017599999999913,0.0010017599999999878,0.0010017599999999913,1.1859298874213973,8.513467819066792,4.6711907129390475,-0.0012954402786438135,-0.001871332298755979,0.0044521554140296675,-1.3193079781532289,-19.635167808532714,-22.37528747558594,1014.1755981445312,0.002411904137878641,29.798168687925468
2025-06-11T20:37:24Z,39.978458184409334,-75.15484388572109,17.53352990114721,-34.19178787433952,0.3194535257059842,-2.2432532493183976,0.9487218928899276,5.989317833513119,0.20156543925415277,0.0009999999944585263,0.0009999999973767451,0.0010000000082025654,0.0010000000050239114,0.0009999999941514943,0.0009999999974596484,0.000017000491444625954,0.000017000552182985022,1.4137556674200973,1.1611698106017632,4.546461411677279,0.05701514058259591,0.0002681468282150482,0.0001485927468268129,0.0006637896064700536,0.001176999999999957,0.0011769999999999645,0.0011769999999999877,0.0010017699999999917,0.0010017699999999882,0.0010017699999999917,1.1275144591385096,8.525882019045293,4.652359966269678,-0.0004220115458273847,0.00047174803992243853,-0.0027809881699922597,-1.1309399795532227,-19.613207588195802,-22.399687614440918,1014.1929931640625,-0.002699169679185179,29.794293445334493
2025-06-11T20:37:25Z,39.977551649328305,-75.15488871063863,17.657808324290325,-34.829757693930944,0.5130458762682012,-2.102559646715827,0.9541519365163861,6.000861303656144,0.20520918616866823,0.0009999999940231209,0.0009999999969936902,0.0010000000080361115,0.0010000000048675918,0.0009999999943369408,0.0009999999976119023,0.000018000478265178655,0.000018000555547875627,1.3970339185357137,1.2098943559687694,5.0951758775705684,0.05408328191479006,0.0002708778842174145,0.00015400526242997903,0.0006689365744360365,0.0011779999999999556,0.001177999999999965,0.0011779999999999883,0.0010017799999999925,0.001001779999999989,0.0010017799999999927,1.1328804282449525,8.522711643969597,4.661517098811306,0.00033331157172154444,0.009984915531981168,0.0027527908130806633,-0.9802326389721462,-19.550126056281886,-22.371562996689153,1014.2012329101562,-0.000510363568718533,29.72628638474158
2025-06-11T20:37:26Z,39.97654055770014,-75.15493528829762,17.974610002826466,-35.063204190597794,2.22797741806527,-1.9972406786790993,0.9812733417795148,6.016874940210384,0.1322748666428264,0.0009999999938737328,0.0009999999969109033,0.0010000000083942755,0.001000000004925163,0.0009999999942098992,0.0009999999975616356,0.000019000462280606364,0.00001900055945841384,1.3814331604164347,1.2885785785358304,5.661556811648176,0.05523006149478887,0.0002811975420445607,0.00015212718061757483,0.0006752466304416298,0.001178999999999956,0.0011789999999999646,0.0011789999999999876,0.0010017899999999933,0.0010017899999999898,0.0010017899999999933,1.5817902782023117,9.293657688143876,3.1682601585307824,0.0006633514147422858,-0.048462948772867075,-0.043008285152913155,-1.5145079731941222,-20.064607582092286,-22.066383514404297,1014.1273803710938,0.16467599073203074,29.863095383114267
2025-06-11T20:37:27Z,39.98438703335106,-75.1542682585668,15.647183028344383,-5.885400178596907,0.9831930730716746,0.31110330691251953,1.0116921821611191,0.09246546578870393,6.003080822892715,0.0009999999938095775,0.0009999999960818929,0.0010000000095085363,0.0010000000056632724,0.0009999999955950037,0.0009999999981056332,2.0659754331747898e-10,2.0659757493771156e-10,0.4915535219462498,0.16975450197289366,0.19530250451241304,0.01929013008948954,0.00011446372800574634,0.00008080781879452925,0.0006257630876401609,0.0011799999999999565,0.0011799999999999638,0.001179999999999987,0.0010017999999999928,0.0010017999999999895,0.001001799999999993,0.8829856880797249,9.11190420805014,3.7294609429995615,-0.0032212145802301166,-0.19493749746962724,-0.3021837872108896,0.6530734543137404,-21.44261998546367,-23.90851371142329,1014.183837890625,0.10465858081887512,32.12205205208222
2025-06-11T20:37:28Z,39.984371571226184,-75.15424889500012,16.783538827417004,-3.861059273312821,2.3598652733507097,0.14571667143956296,0.980621754733812,0.12644914083411907,5.753465742762688,0.0009999999941236167,0.000999999996247765,0.0010000000095118301,0.0010000000058374002,0.0009999999954998211,0.0009999999982548292,1.0002066000736196e-6,1.0002066063133224e-6,0.5515859515254914,0.2012603917100237,0.231406576932771,0.02023515010757516,0.00012663614780165875,0.00008911545047508157,0.0006257845374384844,0.0011809999999999557,0.0011809999999999625,0.0011809999999999865,0.0010018099999999938,0.0010018099999999884,0.001001809999999992,0.13777091991868515,9.164195598606213,3.4927702333832067,-0.00540138875483942,-0.19351234281595717,-0.1645134729100644,4.248089722224644,-23.732236278300384,-25.42704033365055,1014.142333984375,0.02760612461067656,35.039921985318834
2025-06-11T20:37:29Z,39.984363818478194,-75.15422181035663,17.65569906645489,-0.4860535231900299,2.434550004168065,-0.07956034470114329,0.9622923372902605,0.3046901809485512,5.553108430785836,0.000999999994296351,0.0009999999963458159,0.0010000000096853639,0.0010000000054248513,0.0009999999951991346,0.0009999999980730603,2.0002066086036446e-6,2.00020663632077e-6,0.6161428956378115,0.24577778970195097,0.3143175603161055,0.02027152277997322,0.00014449181796510625,0.0001005030772792389,0.0005916491824419886,0.0011819999999999563,0.001181999999999963,0.001181999999999987,0.0010018199999999938,0.0010018199999999877,0.0010018199999999931,0.43809781491401356,9.195006599741426,3.8023176739509985,0.023173809116456775,-0.06249420998540517,-0.2605647630823088,4.792004166765416,-24.56742497707935,-25.137191001405107,1014.2100830078125,0.17919798630110056,35.47388404072843
2025-06-11T20:37:30Z,39.98436214537214,-75.15419862148498,17.924380679514524,3.287789456471391,1.9769598014715908,-1.193372927940064,0.9624398246181692,0.32621224000109456,5.644536708245571,0.000999999994313745,0.000999999996517158,0.0010000000095302744,0.0010000000054529766,0.0009999999950881496,0.0009999999980441466,3.0002066231444984e-6,3.0002066975808674e-6,0.677883351888367,0.3020374321311656,0.4441151067578612,0.021978671169033268,0.00015691823970861041,0.00010893831871430678,0.0005952446134454606,0.0011829999999999556,0.0011829999999999634,0.0011829999999999864,0.0010018299999999935,0.001001829999999987,0.0010018299999999935,0.23678164689068149,8.651665865424949,3.492952800919861,-0.03154395525514157,0.08486163365417808,0.035190322835062654,3.8528637683137936,-22.812701732554334,-25.059578104222073,1014.2035217285156,-0.44738382170153534,34.10634715883483
2025-06-11T20:37:31Z,39.98435297458324,-75.15418793138419,17.619713543131148,7.328768753449704,0.9000332669004141,-1.7337123011520936,0.9261678847479091,0.37939427363086303,5.505057115683576,0.0009999999943633513,0.0009999999966917004,0.0010000000096580415,0.0010000000054229093,0.000999999995230603,0.000999999997840766,4.000206631830802e-6,4.000206806103201e-6,0.7357831127502747,0.3835477151444446,0.6374704406969122,0.026236596858727715,0.00016966806321301326,0.00012025402702901469,0.000594019314343503,0.0011839999999999553,0.001183999999999963,0.001183999999999986,0.0010018399999999926,0.001001839999999986,0.0010018399999999923,0.18108353255512713,9.065008272174502,4.144883427103764,0.006624089727854862,-0.07338228866643386,-0.11681601259312108,5.550999889373779,-24.908983421325683,-27.584199485778807,1014.1185913085938,0.1888720412293758,37.57865492928869
2025-06-11T20:37:32Z,39.984320033999666,-75.15419774902779,16.87142885391645,11.137924129963581,-0.6911678103454931,-2.4561618293946155,0.8831335530859596,0.29989333733611373,5.398643302864883,0.0009999999944243188,0.0009999999967779316,0.0010000000095317188,0.001000000005323482,0.000999999995444865,0.0009999999981318898,5.0002065883182885e-6,5.000206984388676e-6,0.794055542997468,0.48901502808524744,0.8780722846363684,0.0329296503563683,0.00016617513983977627,0.00013181949715948392,0.0006221422243323198,0.001184999999999954,0.0011849999999999636,0.0011849999999999866,0.001001849999999993,0.0010018499999999869,0.001001849999999993,0.32402485067215964,8.74970695877406,4.320897697141048,-0.014890355452497303,-0.12556188383035258,0.004706959669309156,5.037867884635926,-24.979499435424806,-25.25521942138672,1014.152099609375,-0.01643787955170166,35.87726265409158
2025-06-11T20:37:33Z,39.984227470755,-75.15423469769424,15.929301478897932,14.357825964509923,-2.2621428585974916,-2.946743079566827,0.8696501402675454,0.22721521356489985,5.36220037845278,0.000999999994729516,0.0009999999965267072,0.0010000000095050806,0.0010000000052947178,0.0009999999954583118,0.000999999998292839,6.000206381112941e-6,6.000207259493534e-6,0.8597306139443469,0.6176296971518436,1.1576473839059553,0.041180264012388,0.00016583005127999878,0.00014234126316449146,0.0006461799368743311,0.0011859999999999547,0.0011859999999999625,0.0011859999999999855,0.0010018599999999933,0.0010018599999999864,0.0010018599999999935,0.47472543465006556,8.621905234904496,4.49388008751208,-0.014323804044631997,-0.06805813759444353,0.038689314116368174,7.2256366038809015,-19.359656664789938,-19.86757496425084,1014.0863904451069,-0.04576320656494075,28.665724467671115
2025-06-11T20:37:34Z,39.98404836216941,-75.15429681383876,15.038813165657887,16.952728857890023,-3.2992920842067313,-3.112122567495002,0.9108695451295853,0.15429957584177367,5.48258403310195,0.0009999999947456612,0.000999999996359903,0.0010000000097205321,0.0010000000051260793,0.0009999999957210107,0.0009999999985489708,7.000205808933286e-6,7.000207662662996e-6,0.9384194263029833,0.7581651624996307,1.4751669450536888,0.04965402376272082,0.00016909560694250517,0.00014973277977380737,0.0006665674477905386,0.0011869999999999552,0.001186999999999963,0.0011869999999999862,0.001001869999999994,0.0010018699999999867,0.001001869999999994,0.4690590562964371,8.755050645092137,4.35616008044285,0.005476370625258263,0.05589939856983402,0.13666783768481858,3.6453101245724424,-23.2860648486079,-25.43127293489417,1014.08251953125,0.010140038746384769,34.673840713131646
2025-06-11T20:37:35Z,39.98377160129943,-75.1543793293085,14.383559407506848,18.584182298527743,-4.261175147610657,-3.037790801972265,0.9328392547620137,0.22127256487472083,5.445428878828268,0.0009999999944176473,0.0009999999964874992,0.001000000009934917,0.001000000005398539,0.0009999999959900104,0.000999999998281251,8.000204582514959e-6,8.000208228501566e-6,1.0272440922808763,0.9048667226269798,1.8115195300029918,0.05502346021675088,0.00017716170082178546,0.00015917723614406005,0.0006551673917982227,0.001187999999999955,0.0011879999999999627,0.001187999999999986,0.0010018799999999945,0.0010018799999999876,0.0010018799999999945,0.01227434918437321,8.670614503864114,4.4931126122973515,0.014236962842855737,0.02359101993733392,-0.07308115900056349,5.190477449066785,-23.827595418813278,-24.595946487115356,1014.1415710449219,-0.014271621153494118,34.63599907184598
2025-06-11T20:37:36Z,39.98337566258775,-75.15448323724964,14.16584878531057,20.03833272277445,-5.613618337221183,-2.857240254588693,0.9356578236727732,0.14602309934530097,5.414065786053667,0.0009999999947983113,0.0009999999964006546,0.0010000000098506678,0.0010000000050603558,0.0009999999957766262,0.0009999999981476796,9.000202364883121e-6,9.000208998192257e-6,1.1171969006659235,1.050836317717286,2.2039652174610183,0.060046801296062,0.00017491159906323766,0.00016766206129949237,0.0006751780040514214,0.0011889999999999555,0.0011889999999999633,0.0011889999999999865,0.0010018899999999944,0.0010018899999999875,0.0010018899999999947,0.36403025323558724,8.773448423973015,4.478082629378758,-0.007818924807255071,-0.05582839352088276,0.04308356575799818,3.9303917705404516,-23.110285155627192,-23.40681990798639,1014.1463012695312,0.0771599857717515,33.12716587859359
2025-06-11T20:37:37Z,39.98286553343209,-75.15460695800789,14.364393561965263,20.750384539025067,-6.8922370695069235,-2.6831144342938575,0.9357912392988965,0.127989823404622,5.291162647543373,0.0009999999945651697,0.0009999999960723892,0.0010000000097110783,0.0010000000053335557,0.000999999995559691,0.0009999999984653765,0.000010000198830097588,0.000010000210020598435,1.1991812060518683,1.179570591685315,2.6207849899279543,0.061670174556621535,0.00017197217192167446,0.00017897293935828788,0.0006837463259892516,0.0011899999999999565,0.0011899999999999639,0.0011899999999999873,0.001001899999999994,0.001001899999999987,0.001001899999999994,0.4132821843974155,8.568198007587217,4.523708994617149,-0.00002319743290852107,-0.0944851660476566,-0.057880561946654474,4.569771357945034,-13.04553442585225,-18.8153874533517,1014.1316528320312,-0.08176363652716284,23.347060131339543
2025-06-11T20:37:38Z,39.98220842428024,-75.15474905862305,15.106121697206387,21.096224459352804,-8.152598986555915,-2.4707054454684734,0.9449584975750386,0.09747245246648287,5.243104149300294,0.000999999995013641,0.000999999996143482,0.0010000000097990208,0.001000000005631805,0.0009999999954153716,0.000999999998228145,0.000011000193706334032,0.000011000211350923086,1.2656218115141518,1.286976891357994,3.0880749961216902,0.06199243594007997,0.00017020725189311798,0.0001876822120845983,0.0006938732437170687,0.001190999999999956,0.0011909999999999636,0.001190999999999987,0.0010019099999999934,0.0010019099999999863,0.0010019099999999934,0.5452322272414674,8.609874643135106,4.374124181706099,-0.0036411734460684996,-0.0415712912826852,-0.004256007881039352,5.186219902038574,-22.737139587402343,-23.47401943206787,1013.9926452636719,-0.10685090392828474,33.08928266319341
2025-06-11T20:37:39Z,39.981492033390275,-75.15490301434883,16.084786408376708,21.4216752543554,-10.193785896918591,-2.022948174610229,0.9543682014778248,0.22499996037916414,5.167180941146608,0.0009999999952997776,0.0009999999962231657,0.0010000000099701313,0.0010000000055031932,0.0009999999952582015,0.0009999999977193508,0.000012000186791990121,0.00001200021305707722,1.3150744052605785,1.39237739711871,3.6266006897275957,0.06282359138707823,0.0001744315840132752,0.00019804311163800303,0.0006810799141400601,0.0011919999999999552,0.0011919999999999628,0.001191999999999988,0.0010019199999999943,0.001001919999999987,0.0010019199999999943,0.8160632269283329,8.765065769199413,4.771547767152525,0.0042435505002065485,0.025801683837863958,-0.15108152009800305,7.065070688724518,-22.602532903353374,-23.333770354588825,1013.97509765625,0.23370975814283712,33.2453182573079
2025-06-11T20:37:40Z,39.980787507866225,-75.15506401950563,17.104648095748004,21.542176895034295,-11.793080670878076,-1.708937443258566,0.9495738151967255,0.0988674816674394,5.174186799792986,0.000999999995600708,0.000999999996215995,0.0010000000099412774,0.0010000000056451862,0.0009999999954538302,0.0009999999974536187,0.00001300017794083071,0.000013000215212514836,1.3483737314962048,1.4761805626825686,4.1987190366871205,0.06176916590801809,0.00016964281672464458,0.0002032677689995175,0.0007055742511970208,0.0011929999999999552,0.0011929999999999628,0.0011929999999999873,0.001001929999999995,0.0010019299999999881,0.001001929999999995,0.4719236779781495,8.610932996515237,4.787744606961771,-0.020413354379705435,-0.057820404359472444,0.10348659902989696,6.633563129269347,-22.902387346540177,-25.071248541072922,1014.0148315429688,0.08463088977295334,34.59895232155236
2025-06-11T20:37:41Z,39.98010994180777,-75.15522430990372,18.052899503389174,21.76059580969305,-12.515923188152996,-1.4895854806135773,0.9728278876475006,0.09003707298429688,5.218348076079408,0.0009999999956634396,0.0009999999964793015,0.0010000000097854685,0.0010000000058712519,0.0009999999956531135,0.0009999999977844745,0.000014000167018041354,0.000014000217888831314,1.366688442597133,1.5365498359283962,4.8194467480236485,0.05900161921545134,0.00017606833971522943,0.00020434822764670268,0.0007132816676380737,0.0011939999999999549,0.0011939999999999625,0.0011939999999999865,0.001001939999999995,0.001001939999999988,0.001001939999999995,0.5411624918046628,8.668293642047852,4.484749382962775,0.008149524633258874,0.0399219098761121,0.027869380558392467,4.548110081225025,-22.520950550935705,-25.101126028566945,1014.0393371582031,-0.004313224905370619,34.028540920261335
2025-06-11T20:37:42Z,39.97943302124582,-75.15537865429592,19.100534786006094,21.487912759478466,-12.784400152931132,-1.0800516035254515,0.9967464087087277,0.023804899812525288,5.339561409698069,0.0009999999958850406,0.0009999999966153984,0.001000000009488988,0.001000000006209655,0.000999999995737509,0.0009999999980152708,0.000015000153814683431,0.000015000221155552644,1.3695453427093218,1.5928680326740159,5.45562550865231,0.053411612003650646,0.0001913793965647587,0.00019593313749268203,0.0007308811769502234,0.0011949999999999543,0.0011949999999999624,0.0011949999999999854,0.0010019499999999943,0.0010019499999999874,0.0010019499999999945,0.41432797984043823,8.654797575037868,4.784007222016217,0.008858111935850036,0.07275248362279256,0.11708384614752501,1.0133319783210755,-20.981803703308106,-24.401463394165038,1013.9935607910156,0.11866984960407384,32.197687494327134
2025-06-11T20:37:43Z,39.97876734258396,-75.1555245009478,20.189057322236586,21.145225327062377,-12.69265613855283,-0.8987401689507679,1.0055775965203309,0.026012152130459945,5.382381451916581,0.0009999999960517837,0.0009999999965115765,0.00100000000920749,0.001000000006561529,0.0009999999956939918,0.000999999998276026,0.000016000137934783345,0.00001600022507796795,1.3570683183677499,1.6440828344423233,6.108343506403123,0.04728769188027017,0.00020301746616402939,0.00019341708351441956,0.0007379392587225377,0.0011959999999999536,0.0011959999999999612,0.0011959999999999846,0.0010019599999999932,0.0010019599999999862,0.0010019599999999942,0.460349198747816,8.510849431994961,4.637759806295682,0.0019922645163340186,0.04416233108195081,0.015185216340070957,7.499339818656445,-26.004055366516113,-18.409799766540527,1013.9447021484375,-0.07564471278436281,32.73176442553464
2025-06-11T20:37:44Z,39.97808723496356,-75.15566288868212,21.36052999091182,20.611786025826966,-12.791975729296803,-0.5369407511419564,1.017877565444191,0.04005957194106967,5.420080265540015,0.0009999999958652142,0.0009999999963816826,0.0010000000090116484,0.001000000006303752,0.0009999999959627158,0.0009999999980188027,0.00001700011875117297,0.00001700022972555428,1.3327243486644713,1.7150671204225736,6.7908945709820525,0.04175493169067748,0.00021563051031064972,0.00019115560322085953,0.000743308409496607,0.0011969999999999544,0.001196999999999962,0.0011969999999999852,0.0010019699999999935,0.0010019699999999866,0.0010019699999999935,0.41146110290683746,8.51964514160505,5.045839517941804,0.006670122443073992,0.045145306390475974,0.00200169944004259,6.424519910812378,-24.43098747253418,-25.294991416931154,1013.8559722900391,0.13130957892787487,35.748854130678176
2025-06-11T20:37:45Z,39.9775109402435,-75.15580006251483,22.361854215586156,20.60937562392347,-13.134467357526578,-0.2991230750846105,1.0348158044291174,0.10424623760538988,5.44537480911265,0.0009999999959819541,0.0009999999964799687,0.0010000000093231673,0.0010000000060930055,0.0009999999957485597,0.0009999999976742409,0.000018000095442440284,0.000018000235178303142,1.3024650504204829,1.8047002937675523,7.532751975684058,0.03830640342781333,0.0002296205064779575,0.00019043581203932153,0.0007411233659561706,0.0011979999999999545,0.0011979999999999621,0.0011979999999999853,0.0010019799999999935,0.0010019799999999865,0.0010019799999999935,0.367238299385959,8.574245662614977,4.920538093251345,0.012388039804013151,0.058764406460155134,-0.04691583554929013,9.805627880096436,-24.686943435668944,-24.848227500915527,1013.8883209228516,0.11367728528636382,36.37342762055341
2025-06-11T20:37:46Z,39.977039259162204,-75.15594079078787,23.08044084884861,21.134654732738266,-13.657149473688943,-0.3296221621843269,1.0471173643533929,0.09059720988285039,5.54016854869699,0.000999999995758272,0.0009999999966353794,0.0010000000091505126,0.0010000000064360785,0.0009999999954933027,0.0009999999978304239,0.000019000067139025596,0.000019000241524008917,1.2726425779833057,1.9109328750890116,8.326526392270434,0.0366006653906741,0.00025007085617652315,0.0001812938970444909,0.0007515419390849668,0.0011989999999999553,0.001198999999999963,0.0011989999999999863,0.0010019899999999925,0.0010019899999999856,0.0010019899999999928,0.45489042261644674,8.516658386233988,4.689483520915721,0.0016455917239688437,0.07728728751495482,0.05567425732227853,7.120318227884721,-23.467321979756257,-25.76490561816157,1013.9320678710938,-0.0458873621015786,35.570224741124754
2025-06-11T20:37:47Z,39.98460896319138,-75.15583961883279,29.94212635792686,-4.012810293206444,4.843556140458419,2.218220445152112,1.1007574401955933,6.216149314754276,5.569583205423597,0.0009999999962535145,0.0009999999961668971,0.0010000000087316884,0.0010000000068432536,0.0009999999956155563,0.000999999997466287,3.3055387918940604e-10,3.3055363905330874e-10,0.7216823216862824,0.04706152180459386,0.04810889201494882,0.014069050949030501,0.00009858290912787354,0.00008110839968895297,0.0005285425657910023,0.0011999999999999557,0.0011999999999999632,0.0011999999999999867,0.0010019999999999925,0.0010019999999999864,0.0010019999999999936,0.29016984362243364,8.446032582529478,5.071820497484968,0.0009219968455858099,-0.007581690839774742,-0.05013683700139294,9.242719802856445,-22.227179679870606,-25.830327606201173,1013.9184112548828,0.07523582718968796,35.308322396493615
2025-06-11T20:37:48Z,39.98461175911649,-75.1557842665106,31.309732621941734,-4.632508077834774,4.603715253476275,2.0813428166181227,1.116766297141798,6.242184194885469,5.446431811551362,0.0009999999964155288,0.0009999999959663286,0.0010000000088857337,0.001000000006928209,0.0009999999955343272,0.0009999999973892444,1.0003305545708128e-6,1.000330555858234e-6,0.7389094744060946,0.06106886966817168,0.06469987341273228,0.01392309840572557,0.0001045205473893642,0.00009478516591839664,0.000544508422358983,0.0012009999999999551,0.0012009999999999627,0.0012009999999999861,0.001002009999999992,0.001002009999999986,0.0010020099999999946,0.22993663471768,8.448366783613029,4.889140164862873,0.008845723198302338,-0.10018151369710804,-0.07854319339883335,10.805465114359952,-19.544648540263275,-27.560048473124603,1013.900927734375,-0.01707086520407559,35.47258150218388
2025-06-11T20:37:49Z,39.98461009004246,-75.1557352214149,32.20497284655904,-4.272822185546918,3.813963774467861,1.8480994655792,1.136715456463216,0.05913343459540351,5.528041014321517,0.0009999999968089406,0.0009999999960077959,0.0010000000087640446,0.0010000000068787769,0.0009999999959172897,0.0009999999971490206,2.000330556841289e-6,2.0003305641721832e-6,0.7552320153912501,0.08944894237278442,0.10015316612259474,0.014329811140291922,0.00011707135882304252,0.00010224709008912159,0.0005759591251717962,0.001201999999999956,0.0012019999999999629,0.0012019999999999863,0.0010020199999999915,0.001002019999999986,0.001002019999999994,0.6827768363802217,8.601714290225566,4.421626728803968,0.018592971779622842,0.11538095661047375,-0.05547596468953887,2.635962452739477,-19.836945454279583,-19.841266353925068,1013.9828338623047,-0.08507169197530841,28.180235920632814
2025-06-11T20:37:50Z,39.98461022242729,-75.15570001852387,32.93144305381876,-3.5933166303880855,2.342523152768234,1.727792115699435,1.1260463003535193,0.16299235098522644,5.453491815315368,0.0009999999967108635,0.0009999999959935894,0.0010000000088337,0.0010000000066795653,0.0009999999957754121,0.0009999999974848876,3.0003305594766236e-6,3.000330583073437e-6,0.771418683120344,0.13514489546224714,0.15509111713515164,0.01549756488684056,0.00012729472089850375,0.00011436222978446954,0.0006093077067785287,0.0012029999999999556,0.0012029999999999634,0.0012029999999999868,0.0010020299999999925,0.0010020299999999854,0.0010020299999999951,0.36690085422688395,8.707653693300463,4.69390278211059,-0.0029709385325545866,-0.025528822719731392,-0.1258747172347289,11.283754913174377,-16.40402009535809,-22.87300783274125,1013.8722598427221,0.11842111014475226,30.32468323239916
2025-06-11T20:37:51Z,39.98462968312984,-75.15567644666307,33.551683617510236,-3.75116068707294,2.036395027383234,1.9721643370585338,1.1349576425214214,6.110816807246142,5.575888712500497,0.0009999999968303016,0.0009999999962211714,0.0010000000090001654,0.0010000000067392294,0.000999999995668145,0.0009999999975105792,4.000330551166771e-6,4.000330619604698e-6,0.787153973293002,0.20163352085785044,0.24246443986376692,0.015297565018624545,0.00014127427659241246,0.00012051445191483135,0.0005465766850221103,0.0012039999999999553,0.0012039999999999623,0.0012039999999999865,0.0010020399999999931,0.0010020399999999862,0.0010020399999999957,0.10046028284312382,8.931102117542459,4.5510882141501785,0.008630467539551087,-0.036373934074737026,0.3720322029612265,3.1954040397718853,-19.655195547609914,-28.646595312624562,1013.8940734863281,0.2437610654212214,34.88783749346619
2025-06-11T20:37:52Z,39.98468407128268,-75.15565608660152,34.01622718570011,-4.371092731602935,2.167093296938955,1.8162198815461397,1.1393396385704766,6.176649853349176,5.660190659769566,0.00099999999663678,0.000999999996079394,0.0010000000088256846,0.0010000000069701448,0.0009999999954676386,0.0009999999978571588,5.000330492374284e-6,5.000330684548249e-6,0.7997982514406567,0.28666712066378475,0.35930256931192983,0.01450731764614247,0.00015063039877633017,0.00012805637794825284,0.0005669641141568933,0.0012049999999999542,0.001204999999999961,0.0012049999999999873,0.0010020499999999928,0.0010020499999999857,0.0010020499999999954,0.651314604586309,8.790891895998627,4.308941710249017,0.01393685337402052,0.09987304146519259,-0.023934465476540264,3.3828856409812462,-21.491917863184092,-26.604215855501135,1013.9543151855469,0.031198199092584755,34.36753214456098
2025-06-11T20:37:53Z,39.984768563832034,-75.1556437434384,34.68182707780816,-5.2718161412623425,1.0275566942503276,2.2065513153913097,1.1859238697398196,0.006243724589718152,5.654926608859467,0.0009999999964327923,0.0009999999962368065,0.0010000000091703934,0.0010000000070389675,0.0009999999952812193,0.0009999999978463966,6.000330289210109e-6,6.000330792581531e-6,0.8097750237140249,0.40054763004314375,0.5194054379902752,0.015065501983703586,0.00015838087304274474,0.0001378666036807201,0.0006000302629616624,0.0012059999999999552,0.0012059999999999617,0.001205999999999986,0.0010020599999999923,0.0010020599999999843,0.0010020599999999952,0.2881349776928703,8.92383423437783,5.330058030216968,0.04429129311502059,0.03604094913310052,-0.10544995946967894,6.8429290652275085,-18.00491225719452,-25.366849541664124,1013.8060302734375,0.6179782013155131,31.850845673544242
2025-06-11T20:37:54Z,39.98491932567158,-75.1556460820287,35.13720577065031,-5.725566138468663,0.39079296097620514,1.710697308748609,1.23237594014123,6.247314500946475,5.663816265776464,0.0009999999962763107,0.000999999996280906,0.001000000008942537,0.0010000000071126748,0.0009999999954566385,0.000999999997565484,7.0003297604350786e-6,7.000330961094403e-6,0.8185806702586189,0.528734377543525,0.690926492026389,0.015173112747967878,0.0001682159761666344,0.00014734885305324615,0.0005988716107663395,0.0012069999999999557,0.0012069999999999627,0.001206999999999987,0.0010020699999999912,0.0010020699999999843,0.0010020699999999947,-0.06876970595120759,8.622769280961004,3.923758194114827,0.043861622129047276,-0.011511611807097914,0.04341762918821761,4.93278355501136,-21.008897508893693,-31.447117630316285,1013.8415679931641,-0.3065886229031558,38.139526330245154
2025-06-11T20:37:55Z,39.98513304817461,-75.1556609938074,35.06978061462786,-6.836705987049729,-0.4517549857615577,1.0612156369317036,1.241250568364354,6.2034237093947695,5.649603714717835,0.0009999999960275412,0.0009999999965391295,0.001000000008461004,0.0010000000071390554,0.0009999999954136162,0.0009999999974383835,8.000328603124344e-6,8.000331209508893e-6,0.8262336604908996,0.6788724692757595,0.9009943594299971,0.015869260457266995,0.00017800037619079162,0.00015737289480020076,0.0005980852125073813,0.0012079999999999546,0.0012079999999999624,0.0012079999999999858,0.0010020799999999905,0.0010020799999999833,0.0010020799999999942,-0.09289694108301934,8.435310849193478,4.108720579563079,0.004666745546269678,-0.03268116469976855,0.03761632619631567,3.6060759305953978,-27.76695545196533,-32.07087120056153,1013.8072814941406,-0.39707700413351416,42.57398339317913
2025-06-11T20:37:56Z,39.98542783618248,-75.15569538650534,34.43355119472832,-7.666413487386187,-1.9560304857665467,0.6100439653870723,1.2279983168927564,6.246592581747486,5.7064231753813,0.000999999995678928,0.0009999999966988384,0.001000000008160975,0.001000000007465785,0.0009999999955842558,0.0009999999976489104,9.000326366019229e-6,9.000331560184468e-6,0.8351587875060049,0.8590319769253209,1.1396112320158263,0.017541481070995436,0.00018708761747128494,0.00016599926022313658,0.0006147750908495578,0.0012089999999999543,0.001208999999999962,0.0012089999999999855,0.001002089999999991,0.0010020899999999837,0.0010020899999999945,0.49001784617106,8.492318338397626,4.453506519018593,-0.014166299276402056,0.06274004442451173,-0.021661250986313583,2.1404775040490285,-29.687080967183014,-24.430374924017457,1013.8849426269531,-0.1783895687803327,38.50641161298997
2025-06-11T20:37:57Z,39.98575245066767,-75.15575239696425,33.486258363332446,-9.029956652151277,-3.7274955754472097,0.039911941082282354,1.2097346315939546,6.137902436779819,5.735635216862395,0.0009999999957824985,0.0009999999968435568,0.0010000000080357266,0.0010000000076185623,0.0009999999959641364,0.0009999999975315978,0.000010000322442510952,0.000010000332037280413,0.8485968384718221,1.0654159367227534,1.4165079164068146,0.02064314508154173,0.00019955461338012087,0.00017535386143081822,0.0006015699969871478,0.0012099999999999535,0.0012099999999999613,0.0012099999999999847,0.001002099999999991,0.0010020999999999836,0.0010020999999999945,0.44886900667160723,8.139083751681769,4.970046646825259,-0.020318529584460274,-0.014712491980063375,0.11241575618602748,3.105387930870056,-22.78325553894043,-21.800423469543457,1013.860238647461,-0.23280980258535117,31.685571135714387
2025-06-11T20:37:58Z,39.98602750722388,-75.15582461771803,32.38662099706982,-9.897184270026957,-4.765441303415635,-0.4046413576593173,1.2016066447709715,6.220080319363174,5.791971816465281,0.0009999999956608113,0.0009999999972280862,0.0010000000083989979,0.0010000000078677696,0.0009999999959606207,0.000999999997888209,0.000011000316083472962,0.000011000332664757413,0.8669222829387238,1.3019604053480995,1.7078644375138063,0.02211236742855836,0.00020426209360994375,0.00018446886112160474,0.000624557070120798,0.0012109999999999528,0.0012109999999999606,0.001210999999999984,0.001002109999999991,0.001002109999999984,0.0010021099999999944,0.6255404480551635,8.466038214209853,4.288955858443589,-0.006317911057564117,0.07867617834747138,-0.05747409991906975,3.697378635406494,-22.38440387806994,-23.963654822491584,1013.7588684082032,-0.2687602480078806,32.99978109837007
2025-06-11T20:37:59Z,39.9863050589406,-75.15591273847666,31.04550973061302,-10.964197266418655,-6.090076917865742,-0.6939208654440401,1.2007539346574614,6.219223502536465,5.863702080664941,0.00099999999558547,0.0009999999973291799,0.001000000008617028,0.0010000000079224568,0.0009999999958271,0.000999999997873446,0.000012000306438545924,0.000012000333465137763,0.8892154384595982,1.572761081410656,2.03192971833941,0.024499439859021983,0.00021133112206966865,0.00019362896502928136,0.0006316414064963744,0.0012119999999999538,0.0012119999999999614,0.0012119999999999828,0.001002119999999991,0.001002119999999984,0.0010021199999999944,0.16736215510485997,8.504777099305608,4.6678123906365405,-0.00016418216221309714,0.06362408955768113,0.02568094227767317,6.702212638043343,-21.70172293642734,-25.318373903315116,1013.8308410644531,-0.07670252872093883,34.01324802688743
2025-06-11T20:38:00Z,39.986432970782154,-75.15600690370121,29.896513341465408,-11.221651303430962,-7.320397327016681,-0.7840755300640557,1.2139908944259203,0.026229742544261345,5.810194255824504,0.00099999999578293,0.000999999997638289,0.0010000000085397622,0.0010000000083127143,0.0009999999955996864,0.0009999999976020807,0.000013000292627107712,0.000013000334458814496,0.9151580013014022,1.8789871612509517,2.3539020388333065,0.025645644002455982,0.00021501715431672763,0.0002042773279649523,0.0006575828112752233,0.001212999999999953,0.0012129999999999606,0.001212999999999983,0.00100212999999999,0.0010021299999999828,0.0010021299999999934,0.4578233184625768,8.761142281534958,4.388544402948345,0.010132469853845723,-0.019667030507251045,-0.10440809225823416,6.45355592250824,-19.83768772125244,-23.983491630554198,1013.7362060546875,0.029969507344953968,31.786583432053
2025-06-11T20:38:01Z,39.986371444957726,-75.15610275947618,28.988060893103235,-11.557578045003147,-8.651057897616763,-0.9354591076757411,1.2079946671829709,6.271391051712963,5.780722139531152,0.000999999995997104,0.000999999997760418,0.001000000008488114,0.0010000000081060144,0.0009999999955781044,0.0009999999972832535,0.0000140002738357877,0.00001400033565940283,0.9436166886898228,2.2140089446116815,2.688265615566049,0.02776790942340984,0.0002182988816036285,0.0002146589958780279,0.0006557674821502049,0.0012139999999999536,0.0012139999999999614,0.0012139999999999838,0.0010021399999999901,0.001002139999999983,0.0010021399999999936,0.25285720238511267,8.582786249163128,4.619961897066636,-0.006008162112371723,-0.041243161418731494,0.025115987254376273,8.501935806274414,-20.79050765991211,-24.01569953918457,1013.6386108398438,-0.0289013176146796,32.88280115419424
2025-06-11T20:38:02Z,39.986251760184146,-75.15620885853892,28.000061785727507,-11.988653192856873,-9.777323756292514,-1.1127612827796594,1.2063457466013001,6.239783570578387,5.827291225565592,0.000999999995826966,0.000999999997531323,0.0010000000084463344,0.001000000007805834,0.0009999999953649564,0.0009999999969567191,0.000015000249436567315,0.000015000337077722238,0.9742747543516741,2.577532524434498,3.0298858746897506,0.029559372722586866,0.00022172459797811277,0.00022403475110875307,0.0006560758473128011,0.0012149999999999533,0.0012149999999999611,0.0012149999999999845,0.0010021499999999899,0.0010021499999999827,0.0010021499999999933,0.40296467574341044,8.550332798006389,4.565752721584296,-0.00009036527965568849,0.03240773310954493,0.04616252600580182,5.6920318603515625,-22.077119522094726,-25.888887405395508,1013.7114105224609,-0.07790334773559345,34.49680313778008
2025-06-11T20:38:03Z,39.98592926950408,-75.15631028106479,27.09569554720081,-12.532535212209075,-10.869226314321338,-1.3268722074781487,1.198123116916288,6.269881337554086,5.805356331136093,0.000999999995715083,0.0009999999978236801,0.0010000000081782719,0.001000000007545891,0.0009999999955714258,0.0009999999967492592,0.00001600021910784379,0.000016000338720899784,1.0066756982138307,2.9698445665442756,3.373501421859678,0.03213352619140578,0.00022213224916717362,0.0002343013651047935,0.0006674821431422912,0.0012159999999999543,0.001215999999999962,0.0012159999999999855,0.001002159999999989,0.001002159999999982,0.0010021599999999926,0.28728881763339115,8.369166540148342,4.819762548438209,-0.006757152668417876,-0.008443616097928597,-0.03549057666720048,6.638995838165283,-20.852971496582033,-24.64936756134033,1013.6782836914062,-0.11709168296877415,32.96226122830915
2025-06-11T20:38:04Z,39.985563652347444,-75.15642150895087,25.985057196878167,-12.695894985710732,-12.26700347529523,-1.5842360357361744,1.175666532346719,0.025893923605700732,5.8359455373695655,0.0009999999959285537,0.0009999999979933667,0.0010000000080645876,0.0010000000074334209,0.000999999995926386,0.0009999999964662239,0.00001700018297660855,0.000017000340582952106,1.0414103957585805,3.395447671107794,3.6891647625746304,0.03511309734776079,0.00022234064533294693,0.00024381807532844701,0.0006799734893324125,0.001216999999999954,0.0012169999999999616,0.0012169999999999852,0.001002169999999988,0.0010021699999999808,0.0010021699999999917,0.4300736563464781,8.196378425039336,5.073376972274455,-0.02034817229220862,0.044415199049520425,-0.024326457803146483,4.059671914577484,-23.620175552368163,-23.87979148864746,1013.8036499023438,-0.12993151376551815,33.83244952170494
2025-06-11T20:38:05Z,39.98502544090332,-75.15653158988314,24.83258106618046,-12.82786340171327,-13.975613928704384,-1.8202133244113006,1.1935253517097797,0.012764191137669106,5.865819511380379,0.0009999999960289554,0.0009999999982159618,0.001000000008306795,0.001000000007490534,0.0009999999957835861,0.0009999999967817415,0.000018000141825011388,0.000018000342639903345,1.080283748001011,3.8639279463437783,3.9819884824764924,0.0401708930436627,0.00022085692924907232,0.00025325658577518795,0.0006829339811661258,0.001217999999999953,0.0012179999999999609,0.0012179999999999843,0.0010021799999999888,0.0010021799999999817,0.0010021799999999923,0.42826689371873783,7.994074481966118,5.5575702146509105,0.02104377414846646,0.024849524856893346,0.024412193414563646,4.8379223492680765,-23.394371149491292,-26.447358656902704,1013.8529663085938,-0.03330431530215967,35.63932183433289
2025-06-11T20:38:06Z,39.983969940084414,-75.15659013958562,24.217032709548825,-13.211055317163906,-14.28484148143104,-1.8451020375440337,1.1814388618794394,6.270050684646975,5.739653582180045,0.0009999999957623358,0.00099999999815887,0.0010000000086619993,0.001000000007221748,0.0009999999957042785,0.00099999999662245,0.00001900009703052102,0.000019000344870926414,1.121843254052852,4.365655261613225,4.266399712998166,0.04270816757881471,0.00021580263042990242,0.00026483955294150265,0.0006847968403642492,0.0012189999999999525,0.0012189999999999603,0.0012189999999999838,0.0010021899999999894,0.0010021899999999825,0.001002189999999993,-0.0730963183826761,8.267115997316237,5.148298830899866,-0.003596946143446446,-0.12270283826874952,-0.021784074348211058,6.479216555754344,-19.091220498085022,-23.035378615061443,1013.6392308285361,-0.039415641494274976,30.611770803307884
2025-06-11T20:38:07Z,39.98491741093725,-75.15773590376368,28.31810345132264,5.952767340415215,0.7317922034788134,0.25612217402839915,0.9725058659065502,0.13979596168786587,5.611489420474914,0.000999999995439372,0.0009999999989963515,0.0010000000083679433,0.0010000000077576478,0.0009999999960400804,0.0009999999966227556,4.958266134284156e-10,4.958268728794536e-10,0.7437568456135387,0.18581541701556525,0.1849312622921556,0.01607952811569515,0.00007533277110987759,0.00008554988957560224,0.0005994633162768529,0.0012199999999999512,0.001219999999999959,0.0012199999999999824,0.0010021999999999904,0.0010021999999999833,0.001002199999999994,0.193916452173656,8.146799063922815,5.940813076725881,-0.044724318517333245,-0.02114068872903506,-0.1266584699174863,8.770579872131348,-21.287291526794434,-22.74104362487793,1013.70556640625,0.30428080431550375,32.360834910740884
2025-06-11T20:38:08Z,39.98494282447557,-75.15773354554572,28.481050460626637,7.199487387542968,-0.32837277832007866,0.227185752197869,0.9995995278229755,0.11850036053487144,5.742353669099632,0.0009999999951861916,0.000999999999113549,0.0010000000085732756,0.001000000007665158,0.0009999999959622115,0.0009999999964926624,1.000495829078616e-6,1.000495835097869e-6,0.7612337677662593,0.2167561889794246,0.21426573947072888,0.01663303246411537,0.00008505951928542213,0.00009522556523871735,0.0006069355951158786,0.001220999999999952,0.0012209999999999597,0.0012209999999999814,0.0010022099999999908,0.0010022099999999836,0.0010022099999999943,0.35166529755856824,8.177802237219744,5.597136751010857,0.010218613984706528,0.09699837332367788,0.08984976968046976,11.464016145589401,-18.039567071564342,-27.363354546683176,1013.7279968261719,0.1357460654276574,34.72174100094561
2025-06-11T20:38:09Z,39.9849698713636,-75.15774259131503,28.689069695267285,7.987895945316122,-1.2184301273649323,0.1942360689705178,0.9951665527915591,0.10368807299844868,5.720990570793014,0.0009999999951446174,0.000999999998939106,0.0010000000085170623,0.0010000000079344515,0.0009999999961749699,0.000999999996334752,2.000495837354353e-6,2.0004958625229643e-6,0.7798905847955045,0.2628389860867772,0.26154604445204493,0.017257271658764586,0.00009441150236528114,0.00010525131441353029,0.0006175052717301462,0.0012219999999999525,0.00122199999999996,0.0012219999999999807,0.0010022199999999899,0.0010022199999999845,0.001002219999999995,0.04789097299985785,8.075019515594734,5.624883013001452,-0.002016242665156028,-0.02589510752808043,0.0008801192733598098,4.509679103891055,-18.978370507558186,-23.390703678131104,1013.6495666503906,0.06090783041545815,30.457145030902847
2025-06-11T20:38:10Z,39.98500013307077,-75.15775708011934,28.87150365858611,8.504362961386935,-1.2658206419897597,0.12681459429054778,0.993505302502945,6.247828971693629,5.774240745201897,0.0009999999947329686,0.0009999999986109328,0.00100000000878714,0.0010000000075079884,0.0009999999960894792,0.0009999999965698515,3.0004958519371185e-6,3.0004959151292996e-6,0.7982228704852586,0.325724025469682,0.3258945086387021,0.016928616910366852,0.00010328630472728853,0.00011496200159074894,0.0006314384529443874,0.0012229999999999518,0.0012229999999999598,0.0012229999999999804,0.0010022299999999892,0.001002229999999985,0.0010022299999999955,0.13956620990620772,8.26779238595874,5.112820937206548,-0.0034141493844981738,-0.03137006089081327,0.1465972303039725,6.697052916701959,-17.750750619537975,-24.627566979855906,1013.6112670898438,-0.05822763710347791,31.087836349030614
2025-06-11T20:38:11Z,39.98503368054977,-75.15777158987432,28.880621383081337,9.43775646711072,-1.191312320710238,-0.05571703141019438,0.9387524176208699,0.08870143834436935,5.623200601263193,0.0009999999948598851,0.0009999999987413896,0.001000000008616548,0.0010000000074229167,0.0009999999962391809,0.0009999999964443228,4.000495865064006e-6,4.000496000591893e-6,0.8141033025246138,0.4076931308621306,0.4106952830084295,0.016611640736180957,0.00011323318527364483,0.00012500891078441766,0.0006390658528040253,0.0012239999999999523,0.00122399999999996,0.0012239999999999805,0.0010022399999999898,0.0010022399999999852,0.0010022399999999958,0.4694576987168446,8.237817767771073,4.9921604657599525,-0.05124766550218837,-0.05466951171314009,-0.1903789934584295,5.211941550175349,-21.631107886632282,-24.134395281473797,1013.6419372558594,-0.13637155627320213,32.82582627616575
2025-06-11T20:38:12Z,39.985062452919294,-75.1577936755327,28.816967226345295,9.795601945856841,-2.6398082231826696,-0.175189097079973,1.0138726015727464,0.04817641627452522,5.680552162464036,0.0009999999947621274,0.000999999998566905,0.0010000000081333562,0.0010000000074796508,0.0009999999961104033,0.000999999996289828,5.000495843845002e-6,5.000496128588973e-6,0.8292373663576813,0.509430686714999,0.5117999263808702,0.017877925808699003,0.00012211256068347029,0.00013460404666069213,0.0006485377603066906,0.0012249999999999512,0.0012249999999999592,0.0012249999999999798,0.0010022499999999893,0.0010022499999999847,0.0010022499999999953,0.48435415812016214,7.51676125966412,6.247301495086072,0.07155040504693025,0.024781909352203958,0.06568656306696859,3.1055223844489275,-20.9914689355967,-27.076529911586217,1013.599365234375,0.005909004351690212,34.40088693195033
2025-06-11T20:38:13Z,39.9850994195269,-75.15781370679908,28.87162702505026,9.637561258009733,-0.8594248212319829,0.18150730884490673,1.0102576744918932,6.020954255697038,0.15835295379872777,0.000999999994733735,0.0009999999987518123,0.001000000008204414,0.001000000007252386,0.0009999999962951181,0.0009999999965668537,6.000495704923852e-6,6.000496310882029e-6,0.8404616690461014,0.6475085503952293,0.6346901143144649,0.01533326321836,0.0001460875596387595,0.00013844211128234514,0.0007013404591769913,0.0012259999999999513,0.00122599999999996,0.0012259999999999795,0.0010022599999999896,0.0010022599999999844,0.0010022599999999948,0.9700478027217315,9.078062786103727,4.015665401450607,0.10228821125080381,0.6363563905595893,0.8522871091387394,-1.824662462497751,-23.207703630129497,-28.517499446868896,1013.5935668945312,0.19360345000571885,36.81264651407228
2025-06-11T20:38:14Z,39.985143343144145,-75.15781556923406,28.861720780815165,6.849606337656122,0.5088375979076607,-0.23841805817759715,0.9980552932346051,6.0074096873279546,0.22524155856337905,0.0009999999943350968,0.0009999999986965505,0.0010000000078349601,0.0010000000073376396,0.0009999999964162897,0.0009999999969782097,7.00049527617093e-6,7.000496559691785e-6,0.8417442476770699,0.8051366679261329,0.7471393510931931,0.014086530654456352,0.00015709880261920655,0.00014757451446200393,0.0007150574088115698,0.001226999999999952,0.001226999999999961,0.0012269999999999805,0.0010022699999999894,0.0010022699999999848,0.0010022699999999956,0.10581431908687075,9.188938211442288,3.6294746913827867,0.005666557977174231,0.04711646194567726,0.046059938352262894,5.498051900863647,-22.258411445617675,-25.33817943572998,1013.6155395507812,0.09993010298601297,34.171410966827644
2025-06-11T20:38:15Z,39.985166828788266,-75.15780557221773,28.33203286287413,2.229322236111877,1.0279611355380895,-0.9758245039623614,1.0612080922566274,5.7046215347511735,0.219816110093437,0.0009999999947771484,0.000999999998424117,0.0010000000074372418,0.0010000000071958518,0.0009999999967564227,0.0009999999968440811,8.000494264455896e-6,8.000496885727233e-6,0.8377587077123845,0.979092656570736,0.8782452005125063,0.018634293439194444,0.00021649555453455465,0.00015757036372670682,0.0008174622849282559,0.0012279999999999524,0.0012279999999999602,0.00122799999999998,0.0010022799999999886,0.0010022799999999852,0.001002279999999996,-0.21131259820819262,9.302562378398095,3.819921485437494,0.06255809739874374,-0.1657907303876462,0.2654733529976396,5.015419888198376,-22.672235565185545,-24.32582344055176,1013.6422424316406,0.27808587244531274,33.62925777895519
2025-06-11T20:38:16Z,39.98509518242099,-75.15778747927341,26.985024557176455,-3.023333808485802,1.1198367412026278,-2.514962377622971,0.9605753609835607,5.784102415065087,0.4066966267902842,0.0009999999946431848,0.000999999998653166,0.0010000000074106387,0.0010000000072405524,0.000999999996942411,0.000999999996489711,9.000492233295048e-6,9.000497301336067e-6,0.8425943898505527,1.1535440045983476,1.0411536478398962,0.03176842015655327,0.0002102390715660956,0.0001642205437143941,0.0008045027582667303,0.0012289999999999513,0.001228999999999959,0.0012289999999999795,0.0010022899999999895,0.001002289999999986,0.0010022899999999964,-0.08805241093802818,9.037664462521203,3.736604121651879,-0.004205367029066712,0.17892266957801392,0.01862985621358597,6.124399871826172,-21.094531745910643,-24.284099464416503,1013.6034851074219,-0.0004115761806171621,32.744491298423505
2025-06-11T20:38:17Z,39.98488564004618,-75.15776190462088,24.682852133853853,-7.344230528973329,1.5212398570530907,-3.5417116362371277,0.8639018167145305,5.842136613468146,0.630362082723467,0.0009999999947787302,0.0009999999989259187,0.0010000000075270842,0.0010000000071150959,0.0009999999969567933,0.0009999999964829117,0.00001000048863668405,0.000010000497826119973,0.8754440170060244,1.3535976309876956,1.2573747509811646,0.0487027330420184,0.00021270787599834913,0.00016876332305675658,0.0008011265484224841,0.0012299999999999514,0.0012299999999999592,0.00122999999999998,0.0010022999999999892,0.0010022999999999855,0.0010022999999999963,0.5743102156573459,8.980721935273564,3.853594435088376,0.0047769062437354615,0.19420308196850403,0.079565263800108,7.393443841934204,-20.956915550231933,-24.250671424865722,1013.6897165398849,0.008941126906382177,32.892963547774364
2025-06-11T20:38:18Z,39.984367574550454,-75.1577249843718,22.22379333768128,-11.213321988441985,1.4657245451596133,-4.407911638871412,0.7885000067698511,5.829995012231726,0.8810959834823937,0.000999999994652382,0.0009999999990292097,0.0010000000076458128,0.0010000000071628144,0.000999999996963329,0.0009999999960868772,0.00001100048297991747,0.000011000498487258692,0.9513948546911395,1.5433384472987424,1.5211791241702952,0.069348077402098,0.00022755945281229225,0.00017270010022885107,0.000819853929338768,0.0012309999999999524,0.0012309999999999593,0.0012309999999999802,0.001002309999999989,0.0010023099999999844,0.0010023099999999958,0.6114386644275918,8.812549002012691,4.229428182822886,0.03048054262843003,0.15830825460075176,0.17194447210037747,0.016836001053452492,-21.75772357940674,-22.73201572418213,1013.5802307128906,0.01350888730651106,31.466492774133297
2025-06-11T20:38:19Z,39.98359852338128,-75.15769244477431,19.48660148199273,-14.995189950586923,-0.06994254708954384,-5.316972079985238,0.7550063734914665,5.724744265366972,0.9462696253787958,0.0009999999943044269,0.0009999999989065778,0.0010000000078454472,0.0010000000072494938,0.0009999999967587145,0.0009999999963146383,0.000012000475186248592,0.000012000499314326258,1.078119581906495,1.6774874161142193,1.8393149496305348,0.0942805407988576,0.00026096424638309885,0.00017799552854943774,0.0008737991208033444,0.001231999999999952,0.00123199999999996,0.0012319999999999794,0.0010023199999999893,0.001002319999999985,0.0010023199999999964,0.12328318757186275,8.728219738318966,4.873869479847155,-0.009366377622741744,-0.03761819800848998,0.12690368779060415,6.287730469995616,-21.35149356297084,-25.95263621271873,1013.7209167480469,0.21722038382940537,34.190023280706605
2025-06-11T20:38:20Z,39.98250003323331,-75.1576689080571,16.894815429226288,-18.029859982569697,-1.8453162433344312,-6.301500228476056,0.7409934123960825,5.7047618493489285,0.9920171165823777,0.000999999994384637,0.000999999998969361,0.0010000000077735216,0.001000000007517884,0.0009999999971009145,0.0009999999960028077,0.000013000465983383342,0.00001300050033987314,1.2468439249841985,1.7371319026696672,2.205812591651535,0.11884741531453036,0.0002666476808615867,0.00018256707608161382,0.0008902511689165918,0.0012329999999999518,0.0012329999999999596,0.0012329999999999783,0.0010023299999999892,0.0010023299999999857,0.0010023299999999962,0.290220219886038,8.604847320557734,4.801105713739596,-0.001574729564645695,0.010661471935303346,0.06205440338976174,6.0173386554328765,-21.932362770547673,-25.903338179296377,1013.7518920898438,0.07772419340162896,34.47051399872586
2025-06-11T20:38:21Z,39.98116867250688,-75.15765047745649,14.993440691833214,-19.393143120624128,-3.3365730111073777,-6.394455555096307,0.7523751629233189,5.836293906846295,1.0037948607162335,0.000999999994582426,0.0009999999987328125,0.0010000000074458573,0.0010000000075117083,0.0009999999972553808,0.0009999999964277388,0.000014000456782133204,0.00001400050160307269,1.4240241859357654,1.7425537910472384,2.6191896554789103,0.13136153235929054,0.00022526681598196503,0.00018579415953079464,0.0008432366389545272,0.0012339999999999506,0.0012339999999999587,0.0012339999999999784,0.0010023399999999896,0.0010023399999999861,0.0010023399999999965,0.514770294005915,8.412279728014672,5.233262379448766,-0.0008481165425128139,0.1031108866158061,-0.055205795088860234,5.258199892044067,-22.81473159790039,-25.412599449157714,1013.7715759277344,0.14058770102911236,34.55368796057035
2025-06-11T20:38:22Z,39.97980230596996,-75.15763322737453,14.126004448204453,-19.688635312465834,-4.568547367776405,-6.034279983467777,0.8159792398018222,5.836593479701748,0.9466343959817303,0.0009999999944007333,0.0009999999985686138,0.0010000000072339786,0.0010000000079419162,0.0009999999972333112,0.0009999999967213093,0.000015000448928948366,0.000015000503150187976,1.5688493289877867,1.698569851398975,3.0686182763809517,0.13228466229293911,0.00022448697515042897,0.00018417358150467223,0.0008516525160885915,0.0012349999999999508,0.0012349999999999594,0.0012349999999999794,0.0010023499999999884,0.001002349999999985,0.0010023499999999956,0.2640695523673827,8.333913439751939,5.328159311942761,0.01811901022633817,-0.03776888278146258,-0.0068298459076483325,7.303895835876465,-21.545443611145018,-25.88571548461914,1013.8063659667969,0.11521975505441225,34.46186018215887
2025-06-11T20:38:23Z,39.97848596136909,-75.15760896763268,14.190114252475743,-19.14919192770348,-4.843552323262857,-5.875296278934116,0.8143769089498973,5.9494778785801286,1.065932535318454,0.0009999999942190184,0.000999999998789395,0.0010000000074182605,0.0010000000078881942,0.0009999999973421781,0.0009999999966332496,0.000016000443032332197,0.000016000505027613207,1.6591514689592954,1.6193061717067114,3.524453714136949,0.12282536736045058,0.00018842223790294086,0.0001963845921133348,0.0008252734094070209,0.0012359999999999502,0.001235999999999958,0.0012359999999999787,0.001002359999999989,0.0010023599999999856,0.001002359999999996,0.5736892092060412,8.014808229447842,4.571413505308547,0.02127216958205441,0.157716916497459,0.023591224363519625,4.23289159933726,-22.622357845306396,-26.502974549929302,1013.7503662109375,-0.5351737648439131,35.10117586755355
2025-06-11T20:38:24Z,39.97734832545397,-75.15758492481554,14.459283115980007,-18.222428209881564,-5.992103531025083,-5.162184646975999,0.8347930744839687,5.921879092062752,1.025549728053544,0.0009999999944046074,0.0009999999993862431,0.0010000000077253408,0.0010000000080956472,0.0009999999969865113,0.0009999999967796158,0.000017000438925321073,0.000017000507285446038,1.6936510553593114,1.5605235579653094,4.010652219766893,0.10958207814509735,0.00019312322039793134,0.00019616427070052192,0.0008399487933475028,0.0012369999999999497,0.0012369999999999573,0.001236999999999978,0.0010023699999999894,0.0010023699999999857,0.0010023699999999966,0.14114809296508524,7.937548321627834,5.764578178263321,-0.01397475215318488,-0.048229794306073034,0.01973105275836954,6.080330459439025,-18.755383180112254,-23.040571095992107,1013.8408508300781,0.03124008291740106,30.32490163086034
2025-06-11T20:38:25Z,39.97628220608997,-75.1575541698681,15.397345963371604,-17.47514097433635,-6.471716906737916,-4.4909614754754426,0.9524949043922175,6.013156210100997,0.7657846148166675,0.000999999994083112,0.0009999999993224294,0.001000000007578263,0.0010000000082463207,0.0009999999967871382,0.0009999999966552753,0.000018000436094511225,0.00001800050997601388,1.6875367644938994,1.5194828466153185,4.532555993086245,0.09724448873106077,0.00022002827322446032,0.0001653988518407092,0.0008408909904540932,0.001237999999999949,0.0012379999999999572,0.0012379999999999767,0.001002379999999989,0.0010023799999999855,0.0010023799999999963,0.1803913153549921,8.13835284711938,5.311901517862749,0.02145779079506859,-0.14285796063092004,-0.20458898982782114,6.825167856216431,-18.6296435546875,-27.60884338378906,1013.7361145019531,-0.059498223281903316,33.99840175107717
2025-06-11T20:38:26Z,39.97528909047497,-75.1575166788908,16.825626079236834,-16.787559616702556,-6.937116600171275,-3.3368943059350746,1.0029642327701318,5.964650648343414,0.8477061540335386,0.000999999994374553,0.0009999999994702092,0.0010000000078017159,0.0010000000084983975,0.0009999999971580297,0.000999999996543341,0.00001900043395822128,0.000019000513155057856,1.6574863978046643,1.5174722966156897,5.1034905611879235,0.08634478823210132,0.00022157117653059385,0.0001771237102644285,0.0008605831811392932,0.0012389999999999491,0.001238999999999957,0.0012389999999999767,0.0010023899999999889,0.001002389999999985,0.0010023899999999958,0.275275917250992,8.70268787050315,5.4141964104099785,0.06414730093379792,0.03314085157983138,0.107192787159785,5.530747885704041,-21.43125160217285,-22.017095489501955,1013.6456298828125,0.4734913690956482,31.219177541711957
2025-06-11T20:38:27Z,39.985083207055126,-75.1590824804507,25.82721984046696,-1.4720527008481945,-5.1628626111068,-0.010761387735594818,1.0574462760789038,5.949596843983043,1.1673280134032484,0.0009999999936375781,0.001000000000082335,0.0010000000075456397,0.0010000000085545744,0.0009999999976582435,0.000999999996610936,5.371444243992033e-10,5.371447403486105e-10,1.038903027560539,0.3012727101026274,0.3669622259996524,0.04179039048755127,0.00011160396315300299,0.0001227847980513549,0.0007933653887382503,0.001239999999999948,0.0012399999999999558,0.0012399999999999755,0.0010023999999999888,0.001002399999999985,0.0010023999999999957,0.636013393782991,8.838562172792926,5.429648020327804,0.08234912968880953,0.2260363550847876,0.2415964318436678,1.478689772742135,-23.53056273168447,-28.09659953993194,1013.5896911621094,0.6128219597835655,36.67818279327299
2025-06-11T20:38:28Z,39.985041695742616,-75.1591582629447,26.204302580571202,-3.0354280403627723,-7.799524067311686,-0.3459067678136131,1.0629512235322993,5.970293980900804,1.1545611986181834,0.0009999999938572837,0.0010000000003369796,0.0010000000077510006,0.0010000000083528414,0.000999999997342305,0.0009999999967784552,1.0005371485461398e-6,1.0005371609702052e-6,1.085787827088337,0.3391027055256481,0.41442269485398475,0.04479212066520871,0.00011987711202638706,0.00013096460099980972,0.0007988658309821809,0.0012409999999999468,0.0012409999999999546,0.0012409999999999743,0.0010024099999999883,0.0010024099999999846,0.0010024099999999952,0.022996297130332202,8.850925606821015,4.430904989122811,0.0004686027399191193,-0.0007862183788599866,-0.02276937262891983,5.673746819398841,-24.101971022936763,-23.296770718632914,1013.6868286132812,0.11862497904335963,33.99753651737541
2025-06-11T20:38:29Z,39.98498260297344,-75.15926265980599,26.16910624468344,-4.5352216070870295,-10.120668516671534,-0.6480538528466686,1.0995904942373205,6.015108274496948,0.9769340893674182,0.000999999993940672,0.0010000000002538393,0.0010000000076650268,0.0010000000086098912,0.0009999999970744012,0.0009999999971115937,2.0005371619504296e-6,2.000537213640341e-6,1.1286182939508633,0.39228771314668825,0.47850039074512646,0.047637253209041164,0.00013761023034247971,0.0001280297916327843,0.0008111937426546842,0.001241999999999947,0.0012419999999999547,0.0012419999999999747,0.0010024199999999876,0.001002419999999984,0.0010024199999999945,-0.011608997265842696,8.805061657107268,4.410838822515191,-0.015244986871305955,-0.13143338182834408,-0.11962715092786357,8.352020224746393,-22.554064847985092,-22.964881118463012,1013.7450256347656,0.06886196573398308,33.25393926063725
2025-06-11T20:38:30Z,39.98492134990716,-75.15937250955022,26.13185222016652,-2.346283083071678,-8.829683067531597,-0.33797253571289587,1.219341079364905,0.3314957454668357,1.0951118323335034,0.0009999999938829795,0.0010000000000558319,0.0010000000074942975,0.0010000000082123486,0.0009999999972460146,0.0009999999972138168,3.0005371868723274e-6,3.0005373097303262e-6,1.1536536318533217,0.43922977755116555,0.575577499052665,0.03587720524555511,0.00014437610150554219,0.000142234856313435,0.00068848408378588,0.001242999999999947,0.0012429999999999549,0.0012429999999999744,0.0010024299999999865,0.0010024299999999832,0.0010024299999999938,1.4010445160348957,8.356653856277212,4.8078049924296975,0.12870604890172507,0.40085192905716,-0.5759125126387779,9.270008009307238,-25.6167627840626,-16.329575227231395,1013.7592163085938,-0.03710204873181319,31.76166543156737
2025-06-11T20:38:31Z,39.984865632885246,-75.1594783003287,26.250387542550367,-0.6018981612153351,-9.43251293833169,-0.0058445879146796775,1.2604774821637967,6.234835329889448,0.7804317274813702,0.000999999993554791,0.0010000000002289011,0.0010000000075793306,0.0010000000086126675,0.0009999999975667199,0.0009999999970330329,4.0005372213721036e-6,4.000537460054885e-6,1.1521597345645138,0.5142593958731699,0.71669475545041,0.031216822317517545,0.00015921844661236792,0.00012886822478125275,0.0007699620306549723,0.001243999999999946,0.0012439999999999543,0.0012439999999999739,0.0010024399999999866,0.001002439999999984,0.0010024399999999946,-0.7981329928500875,8.736871060371342,4.767580862276213,0.09280668787324496,-0.45851777199790916,0.2787662269028814,9.833443784713745,-13.898971767425538,-25.620975456237794,1013.8163696289063,0.20568373627334136,30.762140650220587
2025-06-11T20:38:32Z,39.984805898851185,-75.15959798078114,26.315177088181464,1.7654151866134598,-11.302393979149235,-0.43989227216985377,1.2377622804163884,6.2672905533124,0.8415238260974971,0.000999999993341663,0.0010000000000445555,0.0010000000076644962,0.0010000000084138029,0.000999999997417651,0.0009999999973738043,5.0005372485656844e-6,5.0005376798582636e-6,1.138468237681337,0.6082830751514265,0.8961374318381372,0.03147381462748555,0.00016520164646737707,0.000138919002665455,0.0007680053084813107,0.0012449999999999454,0.0012449999999999534,0.0012449999999999731,0.001002449999999986,0.0010024499999999842,0.0010024499999999946,0.48895322107544786,7.892266132899464,5.792255052996861,-0.020593148936852834,0.06717021036801937,-0.010785018573228082,10.083922189413284,-7.6444202588529,-36.58132572563327,1013.8081604003906,0.022805151651463205,38.70803683045107
2025-06-11T20:38:33Z,39.98473421567366,-75.15973469803181,26.188190864640312,4.636938544587045,-12.918921863185718,-0.9042288011704613,1.223648565774128,0.11839022251550797,0.7407555343605009,0.0009999999935990786,0.0009999999995741599,0.001000000007721161,0.001000000008694669,0.0009999999974598989,0.0009999999974672658,6.000537219113938e-6,6.000537987258248e-6,1.1229103156965698,0.7237179871115482,1.1251376192457632,0.03453985351633033,0.0001826021628052139,0.00013990381352657852,0.0007380753517522796,0.0012459999999999449,0.0012459999999999527,0.0012459999999999726,0.0010024599999999854,0.0010024599999999845,0.0010024599999999952,0.20794796983073405,7.6848842635154275,6.1142535080833085,-0.008065861733954483,-0.05310971358429717,-0.16044554828132057,8.393854051828384,-23.536595344543457,-22.37073278427124,1013.7076416015625,0.04374798217227279,33.539147144989556
2025-06-11T20:38:34Z,39.98465455063299,-75.1598837555705,25.52331177108213,8.303349167016016,-13.90409969366295,-1.600323439852083,1.2249820701844427,0.17013659006173026,0.8051206807873441,0.000999999993726887,0.0009999999995752272,0.0010000000076783434,0.0010000000091624868,0.0009999999972044457,0.0009999999972391904,7.000537029482675e-6,7.000538404639694e-6,1.1120973859359218,0.8568684719226208,1.4121784631376912,0.04008299418230271,0.00019020606487566723,0.0001502430397508196,0.000733368429656101,0.0012469999999999456,0.0012469999999999534,0.0012469999999999732,0.0010024699999999843,0.0010024699999999845,0.0010024699999999951,0.4090160167756238,7.499192995071837,6.2647994127196345,-0.006081073437851102,0.07483731139907975,-0.02607392246497659,7.265831890106202,-23.02945156097412,-22.850843353271486,1013.7652770996094,0.0014097488207601575,33.24613697212414
2025-06-11T20:38:35Z,39.98453954424479,-75.16003222445757,24.60912631139211,11.821591239275035,-14.408465303523302,-2.04687789398763,1.179599235934093,0.15698936986951373,0.8607483095715022,0.0009999999934584413,0.0009999999995325393,0.001000000007933476,0.0010000000088587382,0.0009999999970487805,0.000999999997577138,8.000536498667072e-6,8.00053895620536e-6,1.1130729628868465,1.0182345734770646,1.7391356696392088,0.04764636878587391,0.00019325082681057244,0.00016032491453087924,0.0007430552805121858,0.0012479999999999445,0.0012479999999999525,0.0012479999999999722,0.0010024799999999849,0.0010024799999999849,0.0010024799999999953,0.11535521054895195,7.610714859009214,6.314335440628002,-0.05067926354132419,0.04185482724476763,0.03324276039280404,3.758575897216797,-18.99686351776123,-23.764379501342773,1013.7297058105469,0.11097084807435695,30.655347680231984
2025-06-11T20:38:36Z,39.98436635156876,-75.16017235937726,23.64855851836817,14.975536718281635,-14.702693249645614,-2.3016588158291515,1.1888957348548257,0.14647581709804985,0.910654955788572,0.0009999999932192448,0.0010000000000862292,0.0010000000075777087,0.0010000000085851632,0.0009999999970145997,0.0009999999976269933,9.000535360746274e-6,9.000539666224935e-6,1.1325464994246004,1.2102827463786276,2.0862630610807114,0.05653988661442636,0.00019475364961516403,0.00017027750694350655,0.0007505833921069569,0.001248999999999944,0.0012489999999999518,0.0012489999999999715,0.001002489999999985,0.001002489999999985,0.0010024899999999956,-0.15746170294422288,7.610667613188894,6.375940647753094,0.00805868352213145,0.035142096154354985,0.029247654169213357,3.9649998992681503,-18.35108721256256,-27.983241081237793,1013.7169799804688,0.15097782936347323,33.69780395018518
2025-06-11T20:38:37Z,39.98411337316016,-75.16028987420832,22.870837278440433,16.7921589770247,-13.375246900458366,-2.338831254157939,1.1731017565696509,0.22957117526391918,0.8932676155186687,0.0009999999929814548,0.0009999999999283455,0.0010000000073515597,0.0010000000084838638,0.0009999999969665288,0.0009999999977159727,0.000010000533272608273,0.000010000540557232139,1.1648037147705734,1.4146782290747184,2.4013699863958027,0.05675503286376486,0.00020307200685151054,0.0001779252689341219,0.000738884460127653,0.001249999999999944,0.0012499999999999519,0.0012499999999999718,0.0010024999999999843,0.0010024999999999843,0.001002499999999995,-0.24509784103996982,8.421114772796544,4.868107441894583,-0.002976036805185661,0.007938048573639831,-0.08316220947999634,5.64884388923645,-19.29869167327881,-26.551835403442382,1013.6875915527344,-0.048868620223621456,33.306838998787455
2025-06-11T20:38:38Z,39.983795970984005,-75.16038025274212,22.180986501706904,18.48665322141269,-11.730498280540246,-2.336672375082322,1.163039666852476,0.23449238160027677,0.9010912816879109,0.0009999999927573482,0.000999999999715307,0.0010000000077075354,0.0010000000085990503,0.0009999999970526563,0.000999999997839233,0.000011000529817043827,0.000011000541658403378,1.1975171140822796,1.6311294504095626,2.737263403785373,0.05697907206852061,0.00020211209319825123,0.00018736948292328505,0.0007428864717689911,0.0012509999999999438,0.0012509999999999516,0.0012509999999999713,0.0010025099999999836,0.0010025099999999838,0.0010025099999999942,-0.45262032512866945,8.43837713901209,4.929139849575956,-0.0005272330041908577,0.001837621475091896,-0.002098478040797244,6.819545686244965,-18.964391311009724,-26.36165777842204,1013.7493254009046,0.00392338163061784,33.182645732461545
2025-06-11T20:38:39Z,39.983384294734755,-75.16043985229928,21.70705005472175,19.82682734905554,-9.901440315159421,-2.2880342455999996,1.150099264068372,0.22644638744000328,0.9077988688408581,0.0009999999931012212,0.0009999999998574216,0.0010000000076361786,0.0010000000086560889,0.0009999999968688088,0.0009999999977950936,0.000012000524524772922,0.000012000543014402908,1.2272603086106555,1.8480124316141398,3.0971444143979387,0.05697720413356991,0.00019854433950069873,0.00019725136772966436,0.0007492521255666802,0.001251999999999944,0.0012519999999999517,0.0012519999999999717,0.0010025199999999833,0.0010025199999999833,0.0010025199999999929,-0.44773559009304575,8.438237823486613,4.923750204078596,-0.0015920633184412117,-0.003928368221308946,0.008249714715102108,6.792604009310405,-18.96159557501475,-26.292524456977844,1013.7511901855469,0.0006576567381676808,33.12061382906264
2025-06-11T20:38:40Z,39.98287788782344,-75.16047286018488,21.438713561737828,20.780500787276967,-8.019896649805476,-2.18846232867236,1.136407255432899,0.22694107042298514,0.9118278450522225,0.0009999999929316782,0.0009999999996019712,0.001000000007791861,0.0010000000090529954,0.0009999999971742393,0.000999999997441116,0.000013000516890892202,0.000013000544685363828,1.2523461350450091,2.0532151921942154,3.4946238422473486,0.05663816897510055,0.00019533201340134242,0.00020715928374951084,0.0007551970114668607,0.0012529999999999434,0.0012529999999999514,0.0012529999999999712,0.001002529999999982,0.0010025299999999824,0.0010025299999999928,-0.4675744567549663,8.439555591209405,4.929955194951818,-0.0010353470796738316,-0.0018197799630004802,-0.0018398326402409835,6.712489624412692,-18.910497704330755,-26.258134141260264,1013.7514526367188,0.005636564250128982,33.047703376945165
2025-06-11T20:38:41Z,39.982283205253815,-75.16048558256777,21.348109339875354,21.427791897861066,-6.1082432967715565,-2.0737197547863833,1.1226689262731695,0.22191766484936773,0.916729828454756,0.0009999999930737672,0.0009999999992917682,0.0010000000076348667,0.0010000000091082426,0.0009999999972928708,0.000999999997518724,0.000014000506382319941,0.000014000546745616229,1.2720475063423087,2.234790210424822,3.94619060179786,0.056180566762415854,0.00019195258758263734,0.00021674877394791873,0.0007627689229131056,0.0012539999999999424,0.001253999999999952,0.0012539999999999702,0.0010025399999999828,0.0010025399999999828,0.0010025399999999932,-0.4075683680702098,8.438967975616853,4.933606819145041,-0.0013857044430641233,-0.0018719984565077653,0.002407388928766058,6.566771869659424,-18.980027542114257,-26.234635467529298,1013.7511596679688,0.004073105488170437,33.03962298163204
2025-06-11T20:38:42Z,39.98161942194581,-75.16048640899109,21.3639368099959,21.788643460783163,-4.37201306315653,-1.9594629678191786,1.1178588935412928,0.2173355552597352,0.9341183353864468,0.0009999999932846578,0.0009999999993794036,0.0010000000074226537,0.0010000000092919054,0.0009999999973188296,0.0009999999975993815,0.000015000492441578785,0.000015000549279290187,1.2865551577753744,2.386596429177237,4.459720915945942,0.05548527583852854,0.00018905581907883848,0.000226100127419352,0.0007716623427138203,0.0012549999999999421,0.001254999999999953,0.0012549999999999688,0.0010025499999999827,0.0010025499999999827,0.0010025499999999936,-0.44290080194972736,8.414955581665746,4.9324381556434576,0.003947569139687314,0.010948326871377428,0.006528924526174845,6.706339874267578,-19.008819694519044,-26.17729545593262,1013.7642822265625,-0.01587633927468851,33.03872982660169
2025-06-11T20:38:43Z,39.98085969745408,-75.16047937349396,21.660566669885895,20.49032601156078,-2.5834948066993784,-1.592168916274296,1.1461573558876756,0.1290284836850665,1.0975628347380648,0.0009999999936502763,0.0009999999995504074,0.001000000007721269,0.0010000000089081115,0.0009999999968851123,0.0009999999975868242,0.000016000474331978083,0.000016000552362757207,1.2892990544751715,2.5163525898648476,4.9570296168919885,0.04880269625868369,0.0001764218762963955,0.00024043726996105533,0.0007933657083104645,0.0012559999999999431,0.0012559999999999523,0.0012559999999999679,0.0010025599999999818,0.001002559999999982,0.0010025599999999926,-0.6765851380301343,9.134195975608634,3.7518570205533086,0.012078753315468163,0.10790838070755603,0.1446108681206858,7.310341536998749,-19.695374608039856,-25.114970405896504,1013.7192077636719,0.11775399885853448,32.74304954199784
2025-06-11T20:38:44Z,39.98011210512215,-75.16047441881115,22.015959400832283,18.77189037748911,-0.9270134340097141,-1.2995263805928854,1.1344344032916587,0.09209923939654584,0.9383330301602921,0.0009999999936164277,0.0009999999995074778,0.001000000007791082,0.001000000009181323,0.0009999999970988205,0.0009999999976847587,0.00001700045086086543,0.0000170005560563069,1.2743588447214853,2.626236747638967,5.483501925444649,0.04225510866695982,0.0001836052696144088,0.0002405341237676056,0.0008021180939296313,0.0012569999999999433,0.0012569999999999513,0.0012569999999999671,0.001002569999999982,0.001002569999999983,0.0010025699999999936,-0.19995067544950362,9.388120864868615,3.203420504562286,0.015160949225709746,-0.161186916214093,-0.0381791763393291,6.719212123325893,-19.550126173058334,-26.27332185239208,1013.7704772949219,0.14134293499821785,33.43111270736949
2025-06-11T20:38:45Z,39.97918504811348,-75.16047421735983,22.66429114336318,17.09235606263247,-0.1374251649857342,-1.1887696890767774,1.1184512878864492,6.263772091907066,0.8150597285891948,0.0009999999939253401,0.0009999999998046808,0.0010000000077188972,0.001000000009179784,0.0009999999973107638,0.000999999997914715,0.00001800042042836864,0.000018000560414958106,1.2478585488520797,2.728721814167046,6.069333234025099,0.03699542012034454,0.00019585364160070966,0.0002364126250654931,0.0008259448370263732,0.0012579999999999425,0.0012579999999999503,0.0012579999999999664,0.0010025799999999814,0.0010025799999999823,0.0010025799999999947,-0.0011012174458339841,8.957634778565543,3.6249436654031673,-0.004099665107187646,-0.15975011686021576,0.040614707880022645,4.810947895050049,-20.509907608032226,-27.40876335144043,1013.6406860351562,-0.11705973455626868,34.569326484464895
2025-06-11T20:38:46Z,39.97832959686293,-75.16048522315228,23.06729528111306,16.663402517663386,0.611841222208855,-1.0437715473562361,1.122610966617089,0.14342837572890663,0.7757898729530099,0.0009999999940772037,0.0009999999995905146,0.0010000000075346684,0.0010000000094523265,0.0009999999969625077,0.0009999999980603931,0.00001900038135597932,0.00001900056550137921,1.2207714471638549,2.834801154194977,6.784303512423321,0.03601359520239676,0.0002109360806252258,0.00023619265462232133,0.0008106910499612391,0.001258999999999943,0.001258999999999951,0.001258999999999967,0.0010025899999999803,0.001002589999999981,0.0010025899999999944,0.514722958938406,8.795226773943416,4.229001680697293,0.011225964567757464,0.03789885825606765,-0.17183842060320165,3.9440159249305724,-23.13510353088379,-25.427483596801757,1013.719287109375,-0.0077580819257377035,34.60262549459523
2025-06-11T20:38:47Z,39.9851857758133,-75.15973940736735,24.19743400455117,10.026177714248924,1.8704299420378803,-0.6410762826653312,1.0899936914871218,0.15050984853817795,0.7308387016406613,0.0009999999938746413,0.0009999999992859868,0.0010000000078267018,0.0010000000092769742,0.0009999999965454036,0.0009999999983874449,8.263641591178038e-10,8.263644507379622e-10,0.9894318662345383,1.4893200570023137,2.1967566950883115,0.02456318159651921,0.00014004849555681966,0.00013563032145741172,0.0006933122075190886,0.0012599999999999435,0.0012599999999999515,0.0012599999999999673,0.0010025999999999794,0.0010025999999999811,0.0010025999999999937,-0.040242457518019206,8.558104948044232,4.808411004327153,0.010698368943622928,-0.020584991938191008,-0.05337753003176057,6.804427871704101,-23.00871154785156,-26.4303235244751,1013.7549133300781,0.035937804899705245,35.69677055761973
2025-06-11T20:38:48Z,39.985242195887785,-75.1597122526425,24.276571371724437,10.749407734432632,2.824618234267509,-0.7433679614909702,1.124703502145687,0.02916886739446418,0.9723965603284637,0.0009999999936057427,0.0009999999995538875,0.0010000000079888524,0.0010000000091034613,0.0009999999961877628,0.0009999999981895249,1.0008263891367644e-6,1.0008264614990328e-6,0.9975854615442559,1.6129224513142757,2.444452262197646,0.025474421972332566,0.00014180399145676095,0.00014825381075570174,0.0006971636917343283,0.001260999999999943,0.0012609999999999507,0.0012609999999999666,0.0010026099999999793,0.0010026099999999802,0.0010026099999999934,0.6261876999409351,8.59486972606497,4.468244699689278,0.01428562000956285,0.16563197663026796,0.21832792864901146,0.8056879794597626,-25.870587577819823,-28.261787605285644,1013.783154296875,-0.07350017036804712,38.32311558311624
2025-06-11T20:38:49Z,39.98530069168254,-75.15967773754944,24.435483923682202,11.371967259002268,3.4224214425602977,-0.7176139050605226,1.1561432280099095,0.13439309960636134,0.8859149885657404,0.0009999999940587003,0.000999999999540152,0.0010000000082287601,0.0010000000094295674,0.0009999999964320273,0.0009999999983686502,2.000826466006321e-6,2.000826773455901e-6,1.006299561047148,1.7509887689574204,2.719138273275318,0.026080264812423825,0.00015585591664997846,0.00015375043509185002,0.000711189434581071,0.0012619999999999426,0.0012619999999999504,0.0012619999999999665,0.0010026199999999788,0.0010026199999999806,0.0010026199999999923,0.4277042618420588,8.702466329575032,4.465294953535704,0.04012959335967142,-0.03439975360826585,-0.13563537098324135,7.134559860229492,-21.16407154083252,-24.14160343170166,1013.7083772358142,0.009804323294580999,32.88819773816076
2025-06-11T20:38:50Z,39.98535683115544,-75.15964438049282,24.06373700209336,13.921784109724042,2.7367426123698526,-1.1076646255179892,1.1444878061116883,0.11441536261154198,0.8854341440488692,0.0009999999939465016,0.0009999999998648338,0.0010000000085986914,0.0010000000095763313,0.0009999999964292864,0.00099999999878159,3.000826591527599e-6,3.0008273356415697e-6,1.0177662475685554,1.8894253588890395,3.0564058183413896,0.028575897550347874,0.00016476595732558327,0.00016045328417468063,0.0007200271213965825,0.001262999999999942,0.0012629999999999497,0.0012629999999999675,0.001002629999999978,0.0010026299999999814,0.0010026299999999918,0.18141997994163586,7.568610455457362,6.197963777683482,-0.010763606793021374,-0.008308685264726463,0.015984263756779617,7.6080692738902815,-21.407513949335836,-24.417179224442464,1013.9327697753906,0.003578822367521573,33.352055880290635
2025-06-11T20:38:51Z,39.985405210879975,-75.15962405478275,23.74155619322751,15.485275029521828,1.9171195312477778,-1.2567398116793154,1.1400873460048075,0.053274560413372085,0.8082231696230576,0.0009999999937020316,0.0010000000000067997,0.0010000000087224102,0.001000000009913557,0.0009999999961917293,0.000999999998868303,4.000826741860899e-6,4.000828187892791e-6,1.0325010496390472,2.0378313015320044,3.408958764477873,0.030322634002068687,0.00017471540105912732,0.0001644863631981456,0.0007276588651671848,0.0012639999999999407,0.0012639999999999485,0.0012639999999999676,0.0010026399999999774,0.001002639999999981,0.0010026399999999917,0.09633926357996331,7.898380137523151,5.760132009318813,0.0034412635496980414,-0.09507690919578626,0.02015978507737931,6.863231868743896,-19.629067649841307,-27.320435523986816,1013.8189392089844,-0.004450641679275563,34.33375838398594
2025-06-11T20:38:52Z,39.98543764047142,-75.15961384208319,23.50775539473591,16.585743156141106,1.6558294418839328,-1.1922645390256457,1.1673382496449631,0.058400768452281634,0.960770078328041,0.0009999999936445552,0.0009999999998635916,0.0010000000085493258,0.0010000000095574742,0.00099999999653427,0.0009999999990998902,5.000826854218286e-6,5.00082937163537e-6,1.0488495127464812,2.1925311843273887,3.789569310372185,0.03207921374793958,0.0001793316617703221,0.00017485379667394268,0.0007373570304154821,0.0012649999999999413,0.001264999999999949,0.001264999999999968,0.0010026499999999765,0.0010026499999999802,0.0010026499999999908,0.524210043496231,8.400882257461541,5.183302593460898,0.02089410688333544,0.1431963046675199,0.05330124711467754,3.5272937988748354,-22.896411740050024,-25.876448495047434,1013.7914733886719,0.10459114825673575,34.731463222434996
2025-06-11T20:38:53Z,39.98544269623358,-75.15961382451303,23.338347072161795,17.49815363960149,0.6702997981722644,-1.2430957894263228,1.1530568237301124,0.03639424176217522,0.8336252953380726,0.0009999999940135443,0.0009999999996075175,0.0010000000087468596,0.0010000000097997563,0.0009999999967324142,0.0009999999994459551,6.000826805307611e-6,6.000830932922198e-6,1.0657077233195862,2.3431554870343825,4.1973160258925715,0.033279926553632336,0.00019199428931917316,0.00017593953457868618,0.0007468737015814457,0.0012659999999999417,0.00126599999999995,0.0012659999999999666,0.0010026599999999753,0.0010026599999999808,0.0010026599999999894,-0.02338762045204295,8.134952385104567,5.411479266819871,-0.005629452316101877,-0.12505227190468335,-0.035106530667313826,6.336779467913569,-20.23457110657984,-27.021256583077566,1013.7937622070312,-0.009984896701434673,34.3473065451871
2025-06-11T20:38:54Z,39.98540849536365,-75.15962715661456,23.203028418261248,18.85100765301956,-0.2511682115856386,-1.2952101179167022,1.1527645440465548,0.0962764981114956,0.7817749290799758,0.0009999999937287149,0.0009999999996786186,0.001000000008957839,0.0010000000100977703,0.0009999999964901915,0.0009999999994576487,7.000826399207763e-6,7.000832927389669e-6,1.0844886533768225,2.4866168945158287,4.664553513332602,0.03677699108637013,0.00020400705144759664,0.00017888530894461527,0.0007599243302645337,0.001266999999999941,0.001266999999999949,0.0012669999999999672,0.0010026699999999746,0.0010026699999999807,0.0010026699999999887,0.36921540990697954,7.983902038574611,5.764405310383633,0.006162878460581539,-0.021810923436049914,-0.08077016523367989,3.7007479286193847,-20.039231452941895,-27.439507484436035,1013.780029296875,0.07394704825962509,34.1787863771955
2025-06-11T20:38:55Z,39.98532790153224,-75.15965400139653,23.100654889420667,19.734921109023276,-1.6777224409087084,-1.304298195982405,1.1417159178441572,0.0917821031728288,0.5139809895229589,0.0009999999933324596,0.0009999999998911483,0.0010000000089561908,0.0010000000098990569,0.0009999999965392748,0.000999999999811187,8.000825358397936e-6,8.000835418806388e-6,1.1064189957711137,2.6213607159778327,5.164492996712441,0.039612910190532334,0.000221843814076254,0.0001734843005822406,0.0007708536613830699,0.0012679999999999395,0.0012679999999999478,0.0012679999999999675,0.0010026799999999737,0.0010026799999999806,0.0010026799999999878,-0.2141707378216239,7.95430375480684,5.823877262106521,0.017604791171406346,-0.24915711463279525,-0.11364871244207526,2.996718331259124,-14.572775140100596,-33.00871755638901,1013.7757568359375,0.0805416119953873,36.20659967388125
2025-06-11T20:38:56Z,39.985188639421125,-75.15968789757038,22.694772035190653,22.95507222058027,-1.7904445173655086,-2.145191941106022,1.2191955529317795,0.19580339524387905,0.5603904679519331,0.0009999999931504745,0.0009999999999465506,0.0010000000092665788,0.0010000000101695555,0.000999999996389686,0.0009999999997309683,9.000823347429044e-6,9.000838484165985e-6,1.1422368794102078,2.6984445323214175,5.779560427283007,0.0524713827938686,0.00023571641786765562,0.0001776795349261607,0.0007915333253483229,0.0012689999999999399,0.0012689999999999488,0.0012689999999999676,0.0010026899999999732,0.0010026899999999806,0.0010026899999999875,2.403368070370666,7.665738138198962,5.488867081633195,0.07471061033057812,0.0848384698536158,-0.08556134684730213,-0.7244359961152077,-24.182595520019532,-26.856347427368163,1013.7881164550781,-0.0504996498398356,36.146679875238156
2025-06-11T20:38:57Z,39.9849745287452,-75.15972040743826,22.22310225576026,22.315440161772475,-2.029432452953253,-1.8983375570734344,1.2313076484474972,0.0204517743660003,0.6772974313696091,0.0009999999935643938,0.000999999999916646,0.0010000000092068194,0.0010000000102262656,0.0009999999961347072,0.0009999999997613055,0.00001000081999114973,0.000010000842193327944,1.1846203577439234,2.778299073920516,6.33308180320598,0.04868914982885082,0.00022750318955604867,0.000186336724032383,0.0007874284699213181,0.0012699999999999407,0.0012699999999999485,0.0012699999999999686,0.0010026999999999727,0.0010026999999999796,0.0010026999999999866,-0.6035996182045391,9.004485897064264,3.7931617393400985,0.004928443152532464,0.05320152106062496,0.20004386052143655,9.574923231246624,-16.061689052175968,-30.176829317782786,1013.7756042480469,0.009257063155968193,35.500625889385056
2025-06-11T20:38:58Z,39.98469435260229,-75.15975528327422,21.894547976086013,22.31685059350705,-3.5848569082705635,-1.8980279867375685,1.2247443793652557,6.2370278212348,0.6957565706591303,0.0009999999935507954,0.0010000000000291438,0.0010000000094060827,0.0010000000099868252,0.0009999999964393758,0.00100000000005439,0.000011000814927735041,0.00001100084660712936,1.2152273663231805,2.8375800708012413,6.950416045353123,0.049563758480375614,0.00023088516120891214,0.00019144293086253454,0.0007957539120515151,0.0012709999999999417,0.0012709999999999477,0.0012709999999999699,0.0010027099999999735,0.0010027099999999807,0.001002709999999987,0.1603204871824443,8.288385278174301,5.180004728399362,0.00020078077068365883,-0.0033730116268474207,0.06253702578641472,11.707518129932637,-21.349501590339504,-26.492673017540756,1013.8285522460938,-0.0047640602056236905,35.98229112328072
2025-06-11T20:38:59Z,39.98431513768468,-75.15979304619992,21.81037365966589,22.376187277492562,-4.80138278608946,-1.7272316154423297,1.2557078280333627,6.250731795519498,0.6878271056625325,0.0009999999937778095,0.001000000000070199,0.0010000000090790784,0.0010000000102866613,0.00099999999667167,0.0010000000002062831,0.000012000807849995348,0.000012000851800157046,1.240599845771017,2.8826762268928525,7.628770029676741,0.05148685098130162,0.0002339201136017272,0.0001955761996671595,0.0008060982063807473,0.0012719999999999418,0.001271999999999947,0.0012719999999999709,0.001002719999999973,0.0010027199999999795,0.0010027199999999865,0.6830179273744972,8.470991140015242,5.119768374316871,0.03859812885600757,-0.0015228629028519033,-0.0220408208647336,7.1704278087615965,-22.190823593139648,-23.04482353210449,1013.7925415039062,0.14162496992771642,32.785793483870954
2025-06-11T20:39:00Z,39.983866172683875,-75.15982422027881,21.874636281797823,23.168344712339334,-5.479443577384881,-1.7013221674876822,1.2342974021017674,0.12572709262184825,0.6390242987314719,0.000999999993606984,0.0009999999997718377,0.0010000000092946996,0.0010000000103445475,0.0009999999966399577,0.001000000000469806,0.000013000798549114416,0.000013000857841438302,1.2668766479883342,2.903362277479219,8.372717735718602,0.05577239200177379,0.00024334504687987513,0.0001966798944536372,0.0008267239892786951,0.0012729999999999424,0.0012729999999999463,0.0012729999999999703,0.0010027299999999725,0.0010027299999999786,0.0010027299999999855,0.7387439827087159,8.318193992614676,5.225178693762283,-0.010466555481134456,0.006761399980104437,-0.17305590975392868,7.839719896316528,-24.48369152069092,-21.294855461120605,1013.7825028268915,0.07110849696705955,33.382328307272246
2025-06-11T20:39:01Z,39.983383165672386,-75.15984393665755,21.868827590472403,24.0045994206013,-5.9999165915756425,-1.8137755271867844,1.177862569308671,0.22010415674684955,0.34272051776519746,0.0009999999932392778,0.0010000000000282723,0.0010000000090852718,0.001000000010247007,0.0009999999968000656,0.0010000000003201636,0.000014000786986615285,0.000014000864785478948,1.2965699275833162,2.9069789951102463,9.135714076712834,0.05952823587654031,0.0002796732822205946,0.0001761042116194809,0.0008524798916569379,0.0012739999999999416,0.0012739999999999455,0.0012739999999999698,0.0010027399999999714,0.0010027399999999777,0.0010027399999999846,-0.09856677274722686,8.168703347342582,5.306077889530463,0.0031098506418221024,-0.24312213024161025,-0.2041273443256546,5.380199880016093,-18.789493521865534,-26.183440266823283,1013.8124694824219,-0.03851154363069248,32.6735496879711
2025-06-11T20:39:02Z,39.98286091117692,-75.1598479205904,21.863702822704845,24.69017525677255,-6.274974473105935,-1.7496437781270646,1.2285069019474477,6.216605927963051,0.8486062121185294,0.000999999993114206,0.0009999999999853963,0.001000000008905372,0.0010000000103343705,0.0009999999968324435,0.0010000000005755496,0.000015000773291822176,0.000015000872672920144,1.3260609399258998,2.906475737639126,9.922071408155748,0.061566381567059146,0.0002132343154581104,0.0002349312173550072,0.000837109265775998,0.0012749999999999415,0.0012749999999999457,0.0012749999999999695,0.001002749999999972,0.0010027499999999765,0.0010027499999999854,0.5530063032575503,8.226904615402194,5.325266784658883,0.022313767349017126,0.42240140014598637,0.4950746187333389,0.9949224334286184,-22.319028192636917,-26.073142343637894,1013.8228454589844,0.03587862296649522,34.335610679674446
2025-06-11T20:39:03Z,39.982320145301365,-75.15983522200725,21.908781341729306,25.527072721591857,-6.258055215316613,-1.688926415637741,1.1769344844090412,0.2446367113888515,0.4296202045675105,0.0009999999929607842,0.0010000000002408156,0.001000000008627279,0.0010000000102936713,0.0009999999964617578,0.0010000000009437442,0.00001600075770853079,0.000016000881548514765,1.3521671018506132,2.9015345995429156,10.728795195161055,0.0626365998082838,0.000276997351546064,0.00019105373371816527,0.0008770595587904918,0.0012759999999999408,0.001275999999999945,0.0012759999999999688,0.001002759999999972,0.0010027599999999754,0.001002759999999986,0.3521447526858603,8.206816571605463,5.326471324366793,-0.0034451261172387306,-0.3058673813013349,-0.4852475914960895,5.958683202664058,-21.643816312154133,-22.881099502245586,1013.8382568359375,0.010413340122567519,32.05467445980691
2025-06-11T20:39:04Z,39.98175023355235,-75.15980606078158,22.081743136435247,25.252407148925105,-6.911012121664791,-1.5372385262899133,1.217663924868344,6.257323393383746,0.6908861427270834,0.0009999999929347506,0.0010000000006364091,0.0010000000089162501,0.0010000000104090246,0.0009999999962709348,0.0010000000005346151,0.000017000740461578337,0.000017000891432574777,1.3703330484949916,2.9243912190101784,11.47770336841742,0.061327411311885335,0.0002235753730200007,0.00023244253276846492,0.0008586789672243796,0.0012769999999999418,0.0012769999999999457,0.0012769999999999698,0.0010027699999999727,0.0010027699999999762,0.0010027699999999868,-0.9169816568161904,8.163446105559427,5.324635145099278,0.022392712853046788,0.15490818751798668,0.35854929989212475,6.796670724948247,-15.903207977612814,-29.265766263008118,1013.8219299316406,0.009838836631771968,33.993946307005615
2025-06-11T20:39:05Z,39.98118046240761,-75.15977305850372,22.21645516835815,23.616954796500913,-8.729071810404124,-1.5756686570097806,1.1851939197202477,0.23538177549427872,0.19905674413137237,0.0009999999931057713,0.001000000000889374,0.0010000000090036082,0.0010000000105795186,0.0009999999960460058,0.0010000000000861956,0.000018000721587695673,0.00001800090224043628,1.376869287807207,3.0031004322692683,12.09554394784715,0.061606505286289096,0.00030194834458165934,0.00017480043292045008,0.0008979819747391045,0.0012779999999999428,0.001277999999999947,0.0012779999999999686,0.001002779999999973,0.0010027799999999766,0.0010027799999999872,-2.569185960752857,7.706349066830992,5.628064404225678,0.032470610055965014,-0.4041152427159212,-0.46844927866627917,10.017942642679019,-9.968893644761065,-30.567223918681243,1013.84375,0.1030347577682801,33.67624948324461
2025-06-11T20:39:06Z,39.9805711549636,-75.15971977712432,22.379687588787743,24.483564937113755,-8.373754358035772,-1.515385430223707,1.2356523630860325,6.269976939694108,0.6006165540228926,0.0009999999930063665,0.0010000000008441505,0.0010000000090190579,0.0010000000105226177,0.000999999995878332,0.0010000000003789488,0.00001900070123946114,0.000019000913914535983,1.379814374551631,3.0738063045112036,12.837449964390318,0.0606357226052651,0.00022612098085320184,0.0002381410349984163,0.0008798369455782396,0.0012789999999999419,0.001278999999999948,0.0012789999999999687,0.001002789999999974,0.0010027899999999756,0.0010027899999999865,0.464280178903977,8.439891313551968,4.949190095892486,0.015508682888131857,0.31449623608984567,0.39704097946724615,5.369463882446289,-19.479007606506347,-26.804131469726563,1013.8194885253906,0.015486539708787614,33.56666412629615
2025-06-11T20:39:07Z,39.985240151386165,-75.16031715396247,27.143240529070493,1.555256410685929,-0.5128869841626654,-0.6657072554666174,1.2353866345960751,0.16059805125960627,0.04023167917411981,0.0009999999931914918,0.001000000000537636,0.0010000000093421824,0.0010000000113329932,0.0009999999956952158,0.0010000000018072599,4.5450881717911707e-10,4.545090268300011e-10,0.8948119769697273,0.19741710504591256,0.2079656568882023,0.030585756022582514,0.0001413648221268389,0.00011346303881287675,0.0008339228689084981,0.0012799999999999424,0.0012799999999999463,0.0012799999999999695,0.0010027999999999743,0.0010027999999999743,0.0010027999999999858,-3.819116470872206,7.422473236606726,5.24849258448129,0.1162358301095212,-0.42115836819594205,-0.42844145290964,7.198487873077393,-1.6631039637327194,-37.531103439331055,1013.8746643066406,0.08001973326373839,38.25132663991973
2025-06-11T20:39:08Z,39.985231438700545,-75.16034052582265,26.96754827474941,1.2364896170254585,-3.4781376156826784,0.08486243588874573,1.3017336298085385,6.161246366325937,0.14205574848979036,0.0009999999930851064,0.0010000000005859668,0.0010000000093826076,0.001000000010887806,0.0009999999959920262,0.0010000000018154556,1.000454511550425e-6,1.0004545182154216e-6,0.9372656862269781,0.23383029625425886,0.2400429114096854,0.03637321469173463,0.0001435005764802749,0.00012745519636369,0.0007684896983446218,0.0012809999999999417,0.0012809999999999456,0.0012809999999999686,0.0010028099999999747,0.0010028099999999747,0.0010028099999999864,-0.7437053043178183,9.093756744205415,5.887827892532544,0.06639867832770781,0.014056761122942947,0.3096678164016425,-4.263899898529052,-9.62506784439087,-38.24041130065918,1013.7905883789062,1.0789681496032035,39.662927382724504
2025-06-11T20:39:09Z,39.985207734351285,-75.16039871574144,26.52321800982075,2.782977795796519,-6.459268752758933,-1.0717685505830852,1.4165304940618542,6.109153089251957,0.6373959164265544,0.0009999999927434574,0.0010000000005299845,0.001000000009284007,0.001000000010846713,0.0009999999957493412,0.0010000000018396933,2.000454520622662e-6,2.000454548403877e-6,0.9903631569545164,0.28864939758518804,0.2818216640484644,0.04345935812715699,0.0001302517148986747,0.00015858520172779664,0.0007886059213471861,0.0012819999999999416,0.0012819999999999457,0.0012819999999999687,0.0010028199999999742,0.0010028199999999742,0.0010028199999999857,1.5288551810708393,7.666139280814928,4.915751231456638,0.20513406905600168,0.517803169549928,0.16899581609873526,-9.122152017510455,-15.975634595622187,-32.75063411049221,1013.8822937011719,-0.5453512628296876,37.563742949809445
2025-06-11T20:39:10Z,39.985180132751616,-75.16048387060914,25.82951989899414,4.539037508600353,-8.280083669944023,-1.275073649813305,1.4189476037183866,5.944812704694039,1.0657506004928385,0.0009999999928182364,0.0010000000008520385,0.0010000000092526928,0.0010000000110244424,0.0009999999955987496,0.001000000001545632,3.0004545364180935e-6,3.0004546045129174e-6,1.0514605574860485,0.36153979955875754,0.3447308611053377,0.046654007584358434,0.00014143458720850872,0.00017282195634728365,0.0008345638908291446,0.001282999999999941,0.001282999999999945,0.001282999999999969,0.0010028299999999737,0.0010028299999999737,0.0010028299999999862,2.2118928315955344,8.78407274510856,3.924786867424381,0.12203598932977607,0.415893800914889,0.24199984426547844,-7.227628435407366,-20.27341192595813,-27.366591239462092,1013.7571716308594,0.09257686402340892,34.816327062587945
2025-06-11T20:39:11Z,39.9851491699427,-75.16058815271899,24.910194442062476,7.008744009299292,-9.89479655691028,-1.551849981818328,1.5208728136310556,0.006233773333049917,1.086942620597646,0.000999999992860628,0.0010000000009374487,0.0010000000093671445,0.0010000000109828924,0.0009999999954847132,0.0010000000018357148,4.0004545523905275e-6,4.000454692764317e-6,1.1121557690183201,0.45409172621617766,0.4222682685200911,0.04948458169025688,0.0001330224846204638,0.00017872356593997733,0.0008213498741154166,0.0012839999999999401,0.0012839999999999443,0.0012839999999999681,0.0010028399999999745,0.0010028399999999745,0.0010028399999999853,1.1856307135370665,8.864027184485536,3.911484703948782,0.11124665347315608,0.05945034410872107,-0.3542916056566496,1.2214639681577681,-22.485087547302246,-21.817503623962402,1013.8767121967517,-0.018286729530582545,31.353969793120346
2025-06-11T20:39:12Z,39.98510602921856,-75.16070539980346,23.82442731084806,11.559732426328175,-11.19665236152313,-2.515772250465788,1.5232999988746478,0.150557194146431,0.9759938582436113,0.0009999999931470974,0.001000000001104067,0.0010000000090820546,0.0010000000111637173,0.0009999999957162203,0.001000000001871135,5.000454543504807e-6,5.0004548198450606e-6,1.1702092999256726,0.5569613800895129,0.5156041177646771,0.05598885017607021,0.00013956120403225817,0.00018667116347288718,0.0008299872874768898,0.0012849999999999405,0.0012849999999999448,0.001284999999999969,0.0010028499999999749,0.0010028499999999749,0.0010028499999999855,0.4181603726406264,8.49417083167936,5.201679628124407,0.014699970073259627,-0.10106665273583651,-0.14740148006563172,9.53966788291931,-18.028183670043944,-23.66019161224365,1013.8267517089844,0.18999324374692375,31.238152470929737
2025-06-11T20:39:13Z,39.985039187774966,-75.16083295176414,22.131735631725142,15.317318906753822,-12.796019519119215,-3.8559265291562617,1.5053461391374603,0.07861949797480271,0.8516074319863555,0.0009999999928786518,0.0010000000010155089,0.0010000000089121193,0.0010000000108347804,0.0009999999955914711,0.001000000001749489,6.00045445038598e-6,6.000454994132003e-6,1.2290668741641173,0.6743779911874015,0.6272398050355318,0.06491400221807975,0.0001384610461139269,0.00019584594866264314,0.0008360131863737175,0.0012859999999999415,0.0012859999999999454,0.0012859999999999695,0.0010028599999999737,0.001002859999999974,0.0010028599999999863,-0.03527617420346316,7.976046470251731,4.819644210786885,0.0026506036039924442,-0.12272067183952959,0.06950685403320318,7.052097811990855,-19.967914036342076,-22.46891379842953,1013.834228515625,-0.4597632226959804,30.875534513068473
2025-06-11T20:39:14Z,39.98490514801949,-75.16097575543208,20.474633467977156,18.527738321005113,-15.621482372691492,-3.9798440727717703,1.515102859077643,6.1382735696492485,0.9357159540885698,0.000999999992923036,0.0010000000009851076,0.001000000009225408,0.0010000000109910237,0.000999999995551889,0.0010000000014005865,7.000454175143496e-6,7.00045522850129e-6,1.296458190541797,0.8409313156968067,0.7716069776637968,0.07828461087589643,0.00014292961888228705,0.00020259195109472155,0.0008465671876886396,0.001286999999999941,0.001286999999999944,0.001286999999999969,0.0010028699999999728,0.0010028699999999728,0.001002869999999986,0.0010919359174058631,8.903254565237937,5.555849346151977,0.02458406149350687,0.0780720743357517,0.23791492002934356,2.2709079689532516,-18.647211799621584,-25.313291511535645,1013.7806701660156,0.7158622378386205,31.521977447282822
2025-06-11T20:39:15Z,39.98469019945029,-75.16113779003132,19.05497994822977,21.01642105110594,-17.840405866564456,-4.568565676224332,1.3755271412789505,5.96961223959111,1.3308041215756978,0.0009999999932764176,0.0010000000007608434,0.001000000009423485,0.0010000000113060694,0.000999999995905265,0.0010000000013732284,8.000453590728708e-6,8.000455537711835e-6,1.3708336027519294,1.0070905621547943,0.9209435914362567,0.0869241260938671,0.0001798106748755174,0.00018751784088760708,0.00091182992194733,0.00128799999999994,0.001287999999999943,0.0012879999999999682,0.0010028799999999732,0.0010028799999999734,0.0010028799999999849,0.7254950638463245,8.152889387248962,5.18686850034268,-0.03502326153759054,0.3876301949664728,0.23601037898519647,1.769731985628605,-23.52477149963379,-19.2071915435791,1013.8012084960938,-0.08828036203832842,30.421373212367484
2025-06-11T20:39:16Z,39.98437383483898,-75.161323237058,17.538126168139065,22.375477469065792,-21.37641226042979,-5.243053171366851,1.4286872980623395,5.819404535413232,1.3400985154546412,0.0009999999932016207,0.0010000000005829831,0.0010000000098182638,0.0010000000110685233,0.0009999999959847234,0.001000000001737766,9.000452569300051e-6,9.000455936076034e-6,1.4445157375533255,1.2136649094008678,1.063498808624195,0.0951647819331512,0.00020592122266972667,0.00019156479926085506,0.0009747244182930033,0.0012889999999999393,0.0012889999999999432,0.001288999999999967,0.0010028899999999724,0.0010028899999999733,0.0010028899999999855,-0.3033076652177866,8.506772835540984,4.822817120513445,0.07308710317125791,-0.018355070084192043,0.1624876458150648,5.9801959037780765,-25.161523475646973,-18.280479621887206,1013.8742065429688,0.00539908584851739,31.670770924129958
2025-06-11T20:39:17Z,39.98390813213707,-75.16153315363573,16.441001118005786,22.49726206905981,-24.73398350065251,-5.444973625758867,1.5066390626293868,5.89750352365235,1.123119866335158,0.0009999999934949444,0.0010000000005208618,0.001000000009784903,0.001000000010862767,0.0009999999959072812,0.001000000001824124,0.000010000451023489304,0.000010000456436290347,1.509507456568319,1.454077268610736,1.1975520891683484,0.09840478850868065,0.00016804962574170008,0.00021707434230121332,0.0009333546900037891,0.0012899999999999394,0.0012899999999999435,0.0012899999999999676,0.0010028999999999724,0.0010028999999999724,0.0010028999999999854,0.11607047686660635,9.162627443313015,3.819601237108426,0.008538870681805463,-0.19456590698188042,-0.0876450617243063,1.9804666461811091,-25.906699419021606,-11.291354060173035,1013.8069152832031,0.14982174402929807,28.32968632444747
2025-06-11T20:39:18Z,39.98334856746067,-75.16177671584852,15.166711052209427,23.142283937336924,-28.55771761016834,-6.015201966302391,1.6275717210644038,6.1156379068505,0.7745114338877754,0.0009999999932485321,0.0010000000007974387,0.0010000000101793862,0.0010000000110975417,0.000999999996042625,0.0010000000016099034,0.000011000448922351895,0.000011000457050648808,1.5624102364189043,1.7386606627686105,1.3438211909679534,0.10509970659138007,0.0001248569497874201,0.00024495079768732685,0.0008858654848906636,0.0012909999999999404,0.0012909999999999445,0.0012909999999999664,0.0010029099999999728,0.0010029099999999728,0.001002909999999985,-0.5867938163662472,8.800109352111294,4.612450093259564,0.0493574111995624,-0.3541187382299504,-0.22252691317089707,13.568107770681381,-5.829647927284241,-39.020235290527346,1013.9596252441406,0.17558307520765673,41.72113224373106
2025-06-11T20:39:19Z,39.98260533398144,-75.16203911987571,14.320114368645015,23.779120829171454,-31.67811173900899,-6.581053441332135,1.5641388616498235,5.848109187081517,0.8389948083948876,0.0009999999930334848,0.0010000000008034214,0.0010000000098478443,0.001000000010991497,0.0009999999959780302,0.0010000000012268387,0.000012000446299870799,0.000012000457793864125,1.6054550579650413,2.049817385519277,1.4968458429893758,0.10911288282193314,0.00014351203069430752,0.00025249620874804923,0.0009262932966825081,0.0012919999999999397,0.0012919999999999436,0.0012919999999999668,0.0010029199999999718,0.0010029199999999718,0.001002919999999985,0.5992559817026468,8.312741674227793,4.752901246240713,-0.016985667218230343,0.0693669116328618,0.27849589234615807,20.54352879524231,-23.9112370411555,-18.78952467441559,1013.8291564941406,-0.18272543574678,36.699132809974635
2025-06-11T20:39:20Z,39.98172424224055,-75.16232712997459,13.182801039739864,22.709280799022878,-36.04748208643539,-7.768847991122757,1.600783936561891,5.722306008276557,0.7234231905964936,0.0009999999929913275,0.0010000000006657839,0.0010000000095801756,0.001000000011082824,0.000999999996120078,0.0010000000016300757,0.000013000443249101664,0.00001300045867082981,1.6395878478244346,2.469823653161746,1.584184281739335,0.11756320712461699,0.0001518919473565356,0.0002650293750426457,0.000935797257734092,0.0012929999999999385,0.0012929999999999446,0.0012929999999999658,0.0010029299999999724,0.0010029299999999707,0.001002929999999984,-0.08719574829239377,8.361739992140919,4.790750801791834,0.009671560751129899,-0.10736359250099475,0.13567859816253217,7.006459859460592,-16.90651563644409,-29.779467430114746,1013.8497314453125,-0.1392871232330756,34.953310107748074
2025-06-11T20:39:21Z,39.98069184932665,-75.1626370018666,11.892757701103502,22.21125175294503,-39.685826818117526,-8.341474017945796,1.511276304704191,5.777922945123944,0.918938723307778,0.0009999999931473778,0.0010000000010654622,0.0010000000096416284,0.0010000000111439035,0.000999999996309992,0.001000000001846628,0.000014000439938743143,0.0000140004596807925,1.6699826134451519,2.958947817366077,1.6866811265992845,0.1254618875141162,0.00015078929530290452,0.0002634871791059646,0.0009722232715590269,0.0012939999999999386,0.0012939999999999436,0.0012939999999999668,0.001002939999999973,0.0010029399999999704,0.0010029399999999845,0.7767998183737747,8.416492408751775,4.960902208318667,0.04034892693881161,0.16417988482536053,-0.04034094083791493,1.5117616769164166,-19.157114597077065,-25.986778259277344,1013.8514099121094,0.0243549084567735,32.32011495460147
2025-06-11T20:39:22Z,39.97951665368881,-75.16295824337308,10.749351832427454,21.636842939283426,-43.164359719549466,-9.090243978834458,1.521885506379074,5.714287162902389,0.834790523964955,0.0009999999932167086,0.001000000001246775,0.0010000000096882752,0.0010000000115132392,0.0009999999963152238,0.001000000002034632,0.000015000436567049401,0.00001500046082602636,1.6996539695977422,3.537920240350136,1.7606970975866827,0.13479918111961714,0.00015228333358234582,0.0002753515350593018,0.000982002707520499,0.0012949999999999377,0.001294999999999943,0.0012949999999999659,0.001002949999999973,0.0010029499999999693,0.0010029499999999836,0.029153477440921532,8.223831008910068,5.054297038545504,-0.001430962023165009,-0.08158790514370799,0.08021293582721334,4.299877438010002,-20.28386906215123,-20.016215810970383,1013.8203703227796,-0.12299093118458564,28.81961595425063
2025-06-11T20:39:23Z,39.978234961964176,-75.16328566556075,9.755606592502359,21.007581787600248,-46.09037230723065,-9.50369254300776,1.5250739008988423,5.808861485003514,0.7629017522704364,0.0009999999935395398,0.001000000001228134,0.0010000000096504077,0.0010000000113820808,0.000999999996436103,0.0010000000019007467,0.00001600043335682696,0.000016000462101525745,1.7294243327761372,4.1986026538162,1.808287249772112,0.14281444339595953,0.0001312799799672147,0.00028366810076537006,0.0009660852666414586,0.0012959999999999372,0.0012959999999999435,0.0012959999999999645,0.001002959999999973,0.0010029599999999694,0.0010029599999999835,0.11100222093339956,8.296238826750463,4.955414355753678,0.001168746829417775,-0.061866963421111094,-0.07292447634465246,1.3370203689805098,-15.00450579974116,-28.362011812171158,1013.8003692626953,-0.11142211196590496,32.11422233329796
2025-06-11T20:39:24Z,39.97692697056432,-75.16362372636132,8.94325808899783,21.444289702773773,-48.59881828811074,-9.395138042463165,1.4186536374564767,5.696244548611058,0.9486868389877163,0.0009999999937179303,0.0010000000011109252,0.0010000000095709968,0.0010000000113510148,0.0009999999965180895,0.0010000000023716055,0.000017000430521233372,0.000017000463510321755,1.7574171703775523,4.943808086970621,1.8665002661676022,0.1464919110107165,0.00018420626399175756,0.0002649704941934074,0.0010457406285379223,0.0012969999999999369,0.0012969999999999438,0.0012969999999999638,0.0010029699999999733,0.0010029699999999698,0.0010029699999999837,0.6621161155535927,8.236047111285608,5.512818660193498,0.02001789369579388,0.1476923902517433,0.16163670638013541,7.178479881286621,-21.84409969329834,-22.994803581237793,1013.8628845214844,0.15753264082232785,32.518501808787285
2025-06-11T20:39:25Z,39.97562902831461,-75.16397514961818,8.626027007379168,22.174314321747882,-50.75883651439837,-8.94151338372935,1.4406791369395378,5.846108248089728,0.8818143527827489,0.0009999999935305357,0.0010000000008140223,0.0010000000099702798,0.001000000011292462,0.000999999996405359,0.001000000002391278,0.000018000428223162337,0.000018000465062493294,1.779567982952861,5.764540524170837,1.9079979235010696,0.1465569599238129,0.0001543476211365161,0.0002700523042148232,0.0010133835542978386,0.0012979999999999377,0.0012979999999999426,0.0012979999999999628,0.0010029799999999732,0.0010029799999999693,0.0010029799999999836,0.3870462230991063,8.429452585219225,5.433912667264904,0.017118794637739666,-0.03804057022690565,-0.12001892634236253,4.167519906759262,-21.37879154205322,-18.86827548980713,1013.889404296875,0.2614360495417321,28.817179746309304
2025-06-11T20:39:26Z,39.97436701966748,-75.16434610703934,8.806048997641803,23.051257415440425,-52.646008931796096,-8.450797914773627,1.4133484378845418,5.775748666488536,0.9348874797860257,0.0009999999936040165,0.0010000000007895677,0.0010000000100938123,0.0010000000112345459,0.0009999999966504637,0.0010000000025536463,0.00001900042653713913,0.000019000466765257638,1.7924128189113928,6.642512122817229,1.9258067164361645,0.14356431857871424,0.0001916457254710349,0.0002555747448200853,0.0010618703995555364,0.0012989999999999382,0.0012989999999999432,0.0012989999999999636,0.0010029899999999727,0.0010029899999999684,0.0010029899999999825,0.0850775395174944,8.487758792876383,5.1463720395465335,0.022037448590162642,0.038149931274451876,0.11627985698129496,10.890865097240527,-13.085371134232501,-36.29748901055784,1013.8878234863281,0.15148418588196574,40.09166402677752
2025-06-11T20:39:27Z,39.98535382190579,-75.16109677115101,49.13274593390269,0.765288419579183,-10.220627556310712,5.710479740143249,1.1506971855458867,6.054263895787843,0.5925282909587283,0.0009999999934621093,0.0010000000011380144,0.0010000000116060516,0.0010000000116105298,0.0009999999970972636,0.00100000000488151,6.197794722145297e-10,6.19779533928138e-10,1.1469209289923388,0.11144267743104953,0.09962572031963955,0.07839399460882739,0.00017285503015810388,0.00018608574292200867,0.0007346747438843348,0.0012999999999999375,0.0012999999999999425,0.0012999999999999629,0.0010029999999999722,0.0010029999999999688,0.0010029999999999826,0.2113282805149142,8.17764990234296,5.352189599503914,-0.012984483007865954,0.003940546868458879,0.03026770579932074,19.255747585296632,-24.31606346130371,-20.55748764038086,1013.8666076660156,-0.0034950502265267804,37.211037109877786
2025-06-11T20:39:28Z,39.98529667473643,-75.16123881836761,47.61617114304827,-0.5758108682298189,-13.585777925589657,3.8576073690147483,1.1078559094749638,5.891027691242543,0.7397322260460222,0.0009999999936836528,0.0010000000012226787,0.001000000011765859,0.0010000000116105003,0.0009999999969347389,0.0010000000047430393,1.000619780934561e-6,1.0006197839405018e-6,1.2425751619006475,0.1323760102087125,0.11692089631403872,0.07923037316581617,0.00022701004161649826,0.00016654921260356688,0.0008514828771909905,0.0013009999999999368,0.0013009999999999428,0.001300999999999963,0.0010030099999999726,0.0010030099999999691,0.0010030099999999815,0.06761342497381859,8.125575635402864,5.316607504969299,-0.006604372452913518,0.05836151096305512,0.18457879082370407,18.797709737505233,-16.92936708489243,-31.156558367670797,1013.8946838378906,-0.06823796570303735,40.133333049935814
2025-06-11T20:39:29Z,39.985220196532026,-75.1614277274315,44.63108752337808,-1.5047717089485844,-17.16655349044139,2.184267515603432,1.1311781018130551,5.994401260049248,0.7354325502898221,0.0009999999935198023,0.0010000000014066793,0.0010000000116338564,0.0010000000114759719,0.0009999999971654573,0.0010000000046104913,2.000619786010708e-6,2.0006197984020353e-6,1.321722610111833,0.17693628229066666,0.1444024592755546,0.07685961071616422,0.00021419221448310918,0.0001737305614319644,0.0007719642617643783,0.001301999999999937,0.001301999999999942,0.0013019999999999623,0.0010030199999999721,0.0010030199999999686,0.001003019999999982,0.6225826603979391,7.987002056976964,5.606589901698277,0.01388199871701071,0.03955607444331172,-0.12327054033902733,10.665341516335806,-21.792503754297893,-22.885928710301716,1013.9427490234375,-0.00023743085141045219,33.35303705801663
2025-06-11T20:39:30Z,39.98513219673321,-75.16166777547826,40.93201044175997,-2.200034302047268,-21.475517779998597,0.5799882707088113,1.1838430222224945,6.035382396026261,0.5071445931901178,0.00099999999361261,0.001000000001108235,0.0010000000114438795,0.0010000000114429263,0.0009999999974973756,0.0010000000047415691,3.0006197952372434e-6,3.0006198253510485e-6,1.378739736375215,0.24224801239936877,0.18010869692067977,0.07492642168243542,0.00017027725089403337,0.00022081245153462485,0.0007154600115793545,0.0013029999999999383,0.001302999999999942,0.0013029999999999624,0.001003029999999972,0.0010030299999999686,0.001003029999999983,-0.026707126707390855,7.680495355098642,6.22009949344328,-0.017260109416742074,-0.19294943626360633,-0.1530688863090399,24.39999954067931,-15.134722125773527,-18.776546556122447,1013.9393920898438,0.10533122222168069,34.3070694430938
2025-06-11T20:39:31Z,39.985044037633166,-75.16195008322008,37.2304530553737,-3.479176890244066,-24.164935890804934,-0.563054806862781,1.178431921049451,6.014879654448732,0.6480925404084835,0.000999999993380408,0.0010000000013365403,0.0010000000117926725,0.0010000000113700525,0.0009999999973306327,0.0010000000045361005,4.000619804317126e-6,4.0006198673548564e-6,1.412453642953861,0.3411769713783405,0.22613089880040577,0.06949119113628169,0.0002056028628859136,0.00019922639391333874,0.000741121983534141,0.0013039999999999389,0.001303999999999943,0.001303999999999963,0.0010030399999999716,0.001003039999999968,0.0010030399999999824,0.3763831035823101,8.425227130140804,4.691240696315916,0.023465945782576044,0.11503998982274696,0.0532023425294681,24.759136994679768,-19.434345444043476,-12.617595613002777,1013.8619384765625,-0.12713775395963756,33.910307114801924
2025-06-11T20:39:32Z,39.98494842528454,-75.16226685064943,33.542958000227024,-4.949195681389979,-27.449157909204004,-1.5373578418106955,1.1760930112232808,5.952962119950684,0.6612073647297931,0.0009999999934065967,0.001000000001410164,0.0010000000120363693,0.0010000000111275325,0.0009999999974293677,0.0010000000043446408,5.0006197961866414e-6,5.000619928034576e-6,1.427140932965945,0.4645581894511348,0.2803931066238435,0.06720632781339776,0.00022270604624250966,0.00020002270506807,0.000774491909814177,0.0013049999999999392,0.0013049999999999436,0.0013049999999999635,0.0010030499999999728,0.0010030499999999691,0.0010030499999999832,0.1299142017386072,8.410970019339178,5.034412996995577,-0.0031858250418834817,-0.0151683096463248,0.04898253165135412,25.28163633541185,-18.548979155871333,-13.237248712656449,1013.9320220947266,0.026010175785471303,34.035967244429735
2025-06-11T20:39:33Z,39.98482805834294,-75.16261544222783,30.25740397363046,-6.28282902904823,-30.401965043757908,-2.2722766067187226,1.1860910174474812,5.964096302086659,0.6319624411906508,0.000999999993322216,0.0010000000012549725,0.0010000000117965403,0.0010000000112711216,0.0009999999974657405,0.0010000000046843417,6.000619731701672e-6,6.000620011257058e-6,1.4307433801351583,0.6176554064114862,0.34179501367028,0.06486219275013468,0.00022262440039191807,0.00020804312421879084,0.0007652533461673205,0.001305999999999938,0.001305999999999943,0.0013059999999999624,0.0010030599999999734,0.00100305999999997,0.001003059999999984,0.5285995486662038,8.399901074310762,4.952817090197613,-0.0019392109170538329,-0.023100425437359767,-0.027748946561786978,23.330881157699896,-19.999285483846858,-13.4222405492043,1013.9110107421875,-0.011424877891284903,33.53288799196726
2025-06-11T20:39:34Z,39.984664279763024,-75.16299166156811,27.333394118485938,-7.760293566104574,-33.28737614871686,-2.8854904007559825,1.1836058625461325,5.946534329435849,0.6402473680374913,0.0009999999933672178,0.0010000000010846359,0.0010000000117877641,0.0010000000111169032,0.0009999999975401602,0.0010000000043902542,7.000619539879369e-6,7.000620121530636e-6,1.4283357170157474,0.7972957779521775,0.4103595156036001,0.06429153425604103,0.00023623979491500964,0.0002078946385241548,0.0007799501731557268,0.001306999999999939,0.0013069999999999443,0.0013069999999999612,0.0010030699999999722,0.0010030699999999688,0.001003069999999983,0.3019682662777325,8.434281391142543,4.935824445712691,-0.00045144078501181955,0.00015353781978164733,0.017473598899444057,24.408464821017517,-19.120885342967753,-13.398338551423988,1013.9237365722656,0.0002507008418566009,33.77711448087979
2025-06-11T20:39:35Z,39.98443274668409,-75.16339220562652,24.762541809295634,-9.12172349112822,-35.94149591148303,-3.3416782695171663,1.1812132753388054,5.9344666102436765,0.6417936705741393,0.0009999999931572085,0.0010000000009149034,0.0010000000118965374,0.0010000000110337126,0.0009999999976729036,0.001000000004657257,8.000619113372832e-6,8.000620264022866e-6,1.4243800289909183,1.006175762360199,0.4853579814246669,0.0642691571272595,0.00024914260910963095,0.0002080332660812354,0.0007931183959949439,0.00130799999999994,0.0013079999999999453,0.0013079999999999613,0.0010030799999999722,0.0010030799999999687,0.001003079999999984,0.45056964964459467,8.424408051937341,4.939726825157368,-0.0008049114077978175,-0.0025994546201254763,0.014589754403412229,24.318920373916626,-19.245753804842632,-13.397633075714111,1013.9410247802734,-0.0003077465535184106,33.783162590088665
2025-06-11T20:39:36Z,39.984103588691966,-75.16381284214988,22.61292125607899,-10.430014981517235,-38.38752472312551,-3.6788108494482747,1.1800369550207948,5.94812155614131,0.634113016040295,0.0009999999933030875,0.0010000000008457501,0.0010000000117238372,0.0010000000107379787,0.0009999999980824777,0.001000000004786802,9.000618308935106e-6,9.000620444697284e-6,1.4212829960094593,1.2429553039888666,0.5665995544049497,0.06513366203406579,0.00025688361375406327,0.0002089076517776173,0.0007926936195443382,0.0013089999999999393,0.0013089999999999445,0.0013089999999999608,0.0010030899999999726,0.001003089999999969,0.0010030899999999834,0.34993246021207053,8.430171043245485,4.944163474351543,-0.001206304503237782,0.00022015343912353924,-0.007980705098629741,24.44367546081543,-18.879743576049805,-13.489783687591553,1013.9288940429688,0.0030229521979082286,33.70324664568281
2025-06-11T20:39:37Z,39.983656899869274,-75.16425042446468,20.860412607269303,-11.464607916584052,-40.47024048870785,-3.8442078432381037,1.1786686421099368,5.969343081505297,0.6228732271922256,0.0009999999932773672,0.0010000000006072933,0.0010000000116114714,0.001000000010514437,0.0009999999977959942,0.0010000000050083514,0.000010000616952435018,0.000010000620670734391,1.4197415948273497,1.5118908481352442,0.6539046323921484,0.06546329605733947,0.00026367532178049195,0.00020946152614651926,0.0007895631895435621,0.0013099999999999395,0.0013099999999999434,0.0013099999999999599,0.0010030999999999734,0.0010030999999999697,0.0010030999999999838,0.37420731628610826,8.43045660400306,4.942189992892939,-0.0014226761165468907,0.0008822243351208523,-0.01243024100352985,24.367303581237792,-19.107639694213866,-13.488319778442383,1013.9244232177734,0.0033737975510811846,33.77571205174595
2025-06-11T20:39:38Z,39.983081542950345,-75.16470218293975,19.486746070186584,-12.283914538965542,-42.25960585686553,-3.8904230940251123,1.1766887634928438,5.98370768446624,0.6121382581872118,0.0009999999933923609,0.0010000000005684097,0.0010000000115867296,0.0010000000106032204,0.000999999997711202,0.001000000005267374,0.000011000614847834809,0.000011000620949934476,1.418936216428592,1.811824688177115,0.7476801752069089,0.06544751321528229,0.0002726759355938408,0.0002090465109102247,0.0007919123591954456,0.00131099999999994,0.001310999999999944,0.0013109999999999602,0.0010031099999999733,0.0010031099999999698,0.0010031099999999842,0.3184104483790866,8.433154529570926,4.941845859515976,-0.001125570451928743,-0.0006962327730367842,-0.0029095367361175813,24.69548343658447,-18.883403816223144,-13.340455722808837,1013.9286723889803,0.00372389399567543,33.829191107544744
2025-06-11T20:39:39Z,39.98236698082165,-75.16516541634932,18.517044829969066,-12.873406063115038,-43.70203966091888,-3.8090604651216577,1.168785460201847,6.008081101446902,0.6223527905362811,0.0009999999931661402,0.0010000000004160505,0.0010000000117606509,0.0010000000108167715,0.0009999999977626912,0.0010000000053336847,0.000012000611786663818,0.00001200062129247988,1.4179131972843289,2.1447844617126965,0.8492504752256647,0.06475067200668363,0.00028556654175315233,0.0002035255286793701,0.0007927153858385562,0.0013119999999999413,0.0013119999999999443,0.0013119999999999606,0.0010031199999999728,0.0010031199999999693,0.0010031199999999834,0.2906608395819505,8.467074619769482,4.898010509240962,-0.0007763619291053735,0.02208978907676851,-0.0019135856187749132,24.85823154449463,-18.755791549682616,-12.899303684234619,1013.9167236328125,0.010253249147934684,33.70608269226818
2025-06-11T20:39:40Z,39.98150613105819,-75.165634676483,18.026632645578193,-13.791325171840295,-44.27929814812235,-3.574969404709465,1.161009985938384,5.9988140251566024,0.6447904021014644,0.000999999993224358,0.0010000000006029886,0.001000000011649998,0.0010000000112381615,0.0009999999980541347,0.0010000000056436748,0.00001300060756220744,0.00001300062171113935,1.4159885857313421,2.519027081454653,0.9643286961837759,0.06410898173295541,0.0003076088659922974,0.00019482753365093424,0.0008144042593589365,0.0013129999999999403,0.0013129999999999444,0.0013129999999999607,0.0010031299999999719,0.0010031299999999684,0.0010031299999999823,0.22876405591456012,8.883623699187815,4.161743129718464,0.0023076693307378915,0.019990037785618954,0.036001917685740834,23.975240434919083,-19.840187384157765,-11.917407931113729,1013.8675354003906,0.037086467206035485,33.323661603845814
2025-06-11T20:39:41Z,39.98052155397989,-75.16609712687207,18.11715823798507,-12.338834736390732,-42.688481222522825,-2.8719550633512183,1.2080283201466773,0.08751738617761615,0.1753346088645851,0.0009999999929417326,0.0010000000009130145,0.0010000000114834433,0.001000000011018763,0.0009999999982293335,0.00100000000599116,0.000014000601827718293,0.000014000622223039716,1.3994892080529135,2.9845742799424815,1.0960034289328295,0.050561446020240514,0.0001923566062665027,0.0002955156992422266,0.0006729155447228502,0.00131399999999994,0.001313999999999944,0.0013139999999999604,0.001003139999999973,0.0010031399999999675,0.0010031399999999816,1.2842696734091785,9.055361366720158,3.4597760064625644,0.004744931141783582,-0.3302876695449563,-0.5595223372709563,3.57386794090271,-71.84921268463135,-16.302371711730956,1013.8099365234375,0.002623178228326508,73.76206166263039
2025-06-11T20:39:42Z,39.97946186287738,-75.16654691793083,18.362117934251383,-8.966130820034655,-41.22604245895649,-2.7766288380442634,1.3196958617388872,0.14162045075216606,0.33882499924669757,0.0009999999931411658,0.001000000000766995,0.0010000000117970482,0.0010000000108040794,0.0009999999984600127,0.0010000000056330633,0.000015000593796057979,0.00001500062284760712,1.3534326122478968,3.471724318767327,1.2472644455256863,0.03615487610731173,0.00024208070827959552,0.0002584265703039909,0.000662582397503603,0.0013149999999999401,0.001314999999999944,0.00131499999999996,0.001003149999999973,0.001003149999999967,0.0010031499999999809,1.244319280210262,9.127610119526787,3.164530154279981,0.0983118059326612,0.1796230266760553,0.013719112779359294,-3.036306079553098,-14.786399705069405,-24.431619916643417,1013.8252563476562,-0.03558145666049512,28.71859869612645
2025-06-11T20:39:43Z,39.978355992658976,-75.16699303198328,18.304615592340426,-6.154038294810282,-40.87941859690452,-2.6086924427590374,1.3307837892413419,0.04496434678998063,0.38477289877433796,0.0009999999929276005,0.0010000000009911549,0.0010000000120633148,0.001000000010564749,0.0009999999987252526,0.0010000000056606755,0.0000160005821471861,0.00001600062360666694,1.2894162463066308,4.003938738989363,1.4395160756435772,0.03084529967075213,0.00025924860263156646,0.0002494727745676029,0.0006962570128775929,0.0013159999999999405,0.0013159999999999446,0.001315999999999959,0.0010031599999999728,0.0010031599999999667,0.00100315999999998,0.7201662195263862,9.124429523233697,3.6369910092302753,0.010282511334515822,0.02579885216971563,0.11747248095075591,5.784324864546458,-20.566403826077778,-25.88738278547923,1013.9268188476562,0.07290445902250832,33.56469223993312
2025-06-11T20:39:44Z,39.977118603450904,-75.16743880782323,18.050700322769544,-3.7831904163980346,-40.80147624902012,-2.745568313565039,1.2646328006192449,0.1069715999723152,0.3217047800323344,0.0009999999926751327,0.001000000000931977,0.0010000000123000967,0.0010000000106668635,0.0009999999989176432,0.0010000000055661238,0.000017000565080569105,0.000017000624525969856,1.2264413785572459,4.577276642629514,1.654666419940967,0.030807244046257683,0.0002555743603982554,0.0002698034363532273,0.0006907056357104507,0.0013169999999999393,0.0013169999999999434,0.0013169999999999595,0.0010031699999999723,0.0010031699999999678,0.0010031699999999795,0.6292003128030642,8.700184000286747,3.9767096217871725,-0.05670085396697186,-0.0410312285458428,-0.06801871240840021,7.473620190912364,-19.072583373712035,-22.888444433406907,1013.9766235351562,-0.18941470780297961,30.716383411577606
2025-06-11T20:39:45Z,39.97564524516352,-75.16788137566309,17.86648527534772,-2.4128141206061837,-40.77432697985449,-2.4309851568324268,1.2509882984611809,0.034998375145437174,0.3849827569739096,0.000999999992779331,0.001000000000846207,0.0010000000124082045,0.0010000000107110716,0.0009999999985924066,0.0010000000052202888,0.00001800054042609045,0.000018000625631847798,1.176280344357995,5.243398662056639,1.8938324620815026,0.03287873534125244,0.0002764411446598099,0.0002619204137432227,0.0007212267978643381,0.001317999999999938,0.001317999999999944,0.0013179999999999605,0.0010031799999999731,0.0010031799999999668,0.0010031799999999803,-0.08747556889069731,8.937506660460494,4.372437360512832,-0.011305103470062321,0.039370397857541366,0.09426433278249896,2.615435953736305,-22.69370746612549,-25.165671615600587,1013.9526672363281,0.17408230158179175,33.98753368622574
2025-06-11T20:39:46Z,39.97401541523329,-75.16832065218063,17.74630899845466,-0.9263256959043646,-40.69852811749008,-2.260902310372389,1.2361286843157013,0.1896980456289558,0.30300291079744934,0.00099999999278084,0.0010000000005072666,0.001000000012516707,0.0010000000106130333,0.0009999999986417642,0.0010000000056535887,0.00001900050576539364,0.00001900062695116145,1.1440873485612886,5.959617107218173,2.1510205775254194,0.03843736030025456,0.00027064902868025726,0.0002915816812908706,0.0006925139826749273,0.001318999999999937,0.0013189999999999441,0.0013189999999999604,0.001003189999999974,0.0010031899999999668,0.001003189999999981,-0.022154647649294874,8.706869992535811,4.651582334816903,0.0030239163357755894,-0.02755931442835238,-0.17182942645354682,20.629711537361146,-21.21555564880371,-26.13215564727783,1014.0044860839844,0.09549540147173535,39.478732960600425
2025-06-11T20:39:47Z,39.985359235454865,-75.16154293692408,20.77187551451055,0.667377658601029,-16.156784223513053,-0.9584176401081853,1.0228015128782542,0.20671286509709663,0.2887652322050413,0.000999999993003034,0.0010000000004541396,0.0010000000129062004,0.0010000000105336616,0.000999999999225808,0.0010000000058270643,9.50313054916183e-10,9.503127029396961e-10,0.7804825959578079,0.6610303873519899,0.5244791428795534,0.019397380945095535,0.00009738097456796668,0.00011293170248920027,0.0006695387877032386,0.001319999999999938,0.0013199999999999432,0.0013199999999999594,0.0010031999999999747,0.0010031999999999676,0.0010031999999999817,0.27720748588171307,8.79717064603119,4.16568563385329,-0.001228491715524038,-0.10802232193531615,-0.00691146982258231,6.110929071903229,-21.338816165924072,-24.666874329249065,1013.9688110351562,-0.04101278602221628,33.183427404791345
2025-06-11T20:39:48Z,39.98529722144439,-75.16172056592346,20.577535249114813,3.1005375920975657,-14.357803075488142,-1.4561384684006173,0.988726935924691,0.2664122716700688,0.2049920759200814,0.0009999999932939934,0.0010000000006520342,0.0010000000130770017,0.001000000010457218,0.0009999999989576687,0.0010000000060670082,1.0009503202410372e-6,1.000950336387264e-6,0.8015493245195159,0.7604456935339144,0.6187224866710295,0.021846781740612324,0.00010909478822083842,0.00012367567562637512,0.0006815911434545023,0.0013209999999999383,0.0013209999999999422,0.0013209999999999585,0.0010032099999999749,0.0010032099999999677,0.0010032099999999818,0.5244967378864508,8.596863849328034,4.336690326923485,-0.013266791306102707,-0.03578558896013034,-0.09469316951441256,8.997375352042061,-21.429424130186742,-23.595297443623444,1013.9503784179688,-0.13573135061973365,33.11959669696334
2025-06-11T20:39:49Z,39.985252873737046,-75.1618745567204,19.929448339005823,5.621924958311469,-12.59346985939213,-2.092195452698081,0.9993648317443435,0.25248299382432715,0.24473599112642,0.0009999999935909152,0.0010000000007233572,0.0010000000130289672,0.0010000000101038613,0.0009999999992157524,0.001000000005925079,2.000950344082054e-6,2.0009504151358707e-6,0.8276076917030175,0.8857792968054998,0.73784861292862,0.026207759554919753,0.00011850931407781236,0.00013278546527636004,0.0006897332010874077,0.0013219999999999385,0.0013219999999999426,0.0013219999999999588,0.0010032199999999753,0.0010032199999999683,0.0010032199999999822,0.4702368774799325,8.437803454239512,4.408026884771224,0.0021305797147379763,0.02555907997846844,0.03074730322331312,5.969285575710997,-21.142101560320175,-23.935901680771185,1013.9783935546875,-0.24751542492692427,32.48915086610582
2025-06-11T20:39:50Z,39.98521913888245,-75.16200565385988,18.936790660419618,7.557457125699272,-10.991962510691064,-2.520977820427508,0.9913463255380542,0.23223887091679749,0.2850812941583092,0.000999999993503869,0.0010000000005111235,0.0010000000126826026,0.0010000000097383378,0.0009999999993724272,0.0010000000057448397,3.0009503862550877e-6,3.0009505632043853e-6,0.8620423372074385,1.0368353173926537,0.8794565940784757,0.03069830641012231,0.00012760454578164394,0.00014115268770741713,0.0006981342250809504,0.0013229999999999386,0.0013229999999999427,0.001322999999999959,0.0010032299999999752,0.001003229999999968,0.0010032299999999824,0.14619551265880626,8.385140356063118,4.575314529167498,-0.015351587751482994,0.022452437153319127,0.03434706286037345,7.874855794906616,-20.086079635620116,-26.661879463195802,1014.0135803222656,-0.2258370863906507,34.297467663777006
2025-06-11T20:39:51Z,39.985179079289516,-75.16211365182056,18.044984546972344,9.185984569082228,-9.294137129381163,-2.600407334522479,0.9659247780469247,0.2255147632144764,0.23262589306342937,0.0009999999937859293,0.0010000000005559,0.0010000000124634433,0.0010000000101557302,0.00099999999896547,0.0010000000061815783,4.000950436822661e-6,4.000950798261984e-6,0.9060850105602224,1.2149359866652962,1.0518262411583679,0.035662173578030525,0.000136820319327477,0.00014915784729335318,0.0007098849535553687,0.0013239999999999392,0.0013239999999999435,0.0013239999999999595,0.0010032399999999758,0.0010032399999999686,0.001003239999999983,0.1392805794464038,8.576115376789854,4.784544699976577,-0.010518896068244233,-0.0458217754369522,-0.03020279235260246,4.678954059878985,-21.0015371243159,-25.775041262308758,1013.9578857421875,0.04213603666397044,33.575385637040746
2025-06-11T20:39:52Z,39.98512118881988,-75.16220090697259,17.003464745127776,10.688473922360274,-7.533191357835512,-2.9556305162543386,0.938742213123479,0.21293289703420967,0.15164585470569777,0.0009999999938952585,0.0010000000004139027,0.0010000000125927402,0.0010000000099432335,0.0009999999985281323,0.00100000000625113,5.000950452656908e-6,5.000951142910355e-6,0.9599087069909327,1.403903803117198,1.2513799824097545,0.04132033465794287,0.00014608372928268953,0.00015534976965384548,0.0007219307041651023,0.0013249999999999389,0.0013249999999999428,0.001324999999999959,0.0010032499999999746,0.001003249999999969,0.0010032499999999833,0.3243854787132445,8.35320622825567,4.635799588787013,-0.007208640761105267,-0.07164521072475032,-0.04529644775880041,8.065419816970826,-18.70235565185547,-21.246543579101562,1014.107421875,-0.2206520620981358,29.431984877301787
2025-06-11T20:39:53Z,39.9850029830389,-75.16226469344868,16.31021835952935,11.671724041085918,-5.4556615892660245,-3.079190234181186,0.9463225376179456,0.18332143260009473,0.24601170704948447,0.000999999993890632,0.0010000000002051547,0.0010000000126147038,0.001000000010189863,0.0009999999983748376,0.0010000000059179172,6.000950330288288e-6,6.0009516239660014e-6,1.0222475721331052,1.6088143859587143,1.4844471915659827,0.04726659593525505,0.0001552772626881379,0.0001590322553523923,0.0007256974242572097,0.0013259999999999375,0.0013259999999999416,0.001325999999999958,0.001003259999999975,0.001003259999999969,0.001003259999999982,0.49125275083200187,8.590595776226642,4.507990266480796,-0.008723673114194754,0.05771589053379333,0.06366711240632623,4.5981290737787885,-21.81766641139984,-24.821407834688824,1013.9601745605469,-0.0657573356553623,33.36543514966102
2025-06-11T20:39:54Z,39.98483304514702,-75.16231170050499,15.52062000321536,11.460809893186871,-3.6790064452502698,-3.194540552549249,0.9510833319395,0.15031840364541368,0.21475494882933033,0.0009999999937740141,0.0010000000004462095,0.0010000000125199614,0.0010000000101587504,0.0009999999982355141,0.0010000000054286072,7.000949884973012e-6,7.000952269866748e-6,1.0858483190610602,1.8077510414720606,1.7239628697265972,0.04881217740589659,0.00016403495702691214,0.00016129793016550652,0.0007333653158543747,0.0013269999999999374,0.0013269999999999413,0.0013269999999999578,0.0010032699999999754,0.0010032699999999685,0.0010032699999999826,-0.16478905047640824,8.458708651717624,4.3511227398571055,0.011339126427395527,-0.04441850126435591,-0.007201985073893153,6.432514789256643,-19.490927351281996,-24.24944642249574,1014.1287841796875,-0.266313503086463,31.769575482501217
2025-06-11T20:39:55Z,39.984570663355434,-75.16235131896264,15.207976108770378,11.639496093796977,-2.7790012272454208,-2.5876686029028018,0.9353748233195369,0.08721463183672735,0.15605998783233993,0.0009999999934750465,0.0010000000005163043,0.001000000012211636,0.0010000000104264152,0.0009999999983130343,0.0010000000052178125,8.00094884975882e-6,8.000953113084614e-6,1.1442293439711446,1.994386044938909,2.030801576678049,0.05072889960775693,0.00017146673594900684,0.0001624331009946877,0.000741390554511893,0.0013279999999999384,0.0013279999999999416,0.001327999999999958,0.0010032799999999747,0.0010032799999999675,0.0010032799999999818,0.6558794782956613,8.564102244416425,5.447627841956811,-0.00958543732753757,-0.08459670397542372,-0.001278259031470483,5.0871457159519196,-16.942749679088593,-23.350545287132263,1014.1345825195312,0.39102555369820263,29.294723302441763
2025-06-11T20:39:56Z,39.98421432409405,-75.16238899548138,15.648989571256939,11.247506497688688,-1.384197637492435,-1.9922017481247924,0.9239175654941308,0.11503430766476827,0.18750065786871833,0.0009999999933632707,0.0010000000007972366,0.001000000012105169,0.0010000000104930147,0.0009999999980723478,0.0010000000058914306,9.000946887153169e-6,9.000954190165524e-6,1.1953617447741272,2.1907034625547994,2.3599405387268857,0.05201944524276114,0.00018269927699646012,0.00016222258786183588,0.000744246859192414,0.0013289999999999387,0.0013289999999999418,0.001328999999999958,0.001003289999999975,0.001003289999999968,0.0010032899999999818,0.5827892966487813,8.873258190392932,4.914844753372378,-0.017085590758057725,0.04184251704592694,-0.02264174889464483,6.140920718510945,-21.524866342544556,-23.675878643989563,1014.0802612304688,0.3800207020342673,32.58181555079811
2025-06-11T20:39:57Z,39.98382241068239,-75.16242249526056,16.182845129265296,10.558303538238961,-0.20077684158799436,-1.8729896951465186,0.9331005956207356,0.12960576054486128,0.19372337471426132,0.0009999999933941533,0.0010000000009053238,0.0010000000125812009,0.0010000000104164806,0.000999999997954987,0.0010000000057531716,0.000010000943604136712,0.000010000955531325434,1.2350628113199822,2.367264829336434,2.6908326921479104,0.051211799618883405,0.00019305323216388547,0.00016189561139298147,0.0007481064834111518,0.0013299999999999382,0.0013299999999999421,0.0013299999999999586,0.0010032999999999752,0.0010032999999999687,0.0010032999999999824,0.03610862817440753,8.482062191008724,4.668347196805293,0.005660908851871051,0.013873242957217287,-0.024729854632198584,5.413314177065479,-18.523334269620936,-22.483852658952987,1014.1701354980469,-0.09837842654913696,29.630027154893064
2025-06-11T20:39:58Z,39.98334692314537,-75.16245803510319,16.97689980904593,10.576791848120449,0.6108889093006004,-1.4971323209908471,0.9289836627778374,0.1841479852528449,0.14916770619977113,0.0009999999936786286,0.0010000000005758725,0.0010000000127533845,0.001000000010201253,0.00099999999787002,0.0010000000056238107,0.000011000938583747378,0.000011000957168174877,1.2646536213670387,2.5433461291016335,3.080746894054199,0.05188876413018903,0.00020445774122912456,0.00016308562224416962,0.0007532769903938202,0.001330999999999938,0.001330999999999942,0.0013309999999999583,0.0010033099999999743,0.0010033099999999689,0.001003309999999983,0.32262424539131385,8.583467048644113,5.109252946900661,-0.0008024844691945541,-0.0026933693861860564,-0.08643286642634998,5.161844808228162,-19.533444579766723,-25.407121852952606,1014.1000366210938,0.21380240310348436,32.46103277451618
2025-06-11T20:39:59Z,39.9828024484606,-75.1624977814577,18.066252090248096,8.989502928272351,1.4161183754231992,-1.180325526919668,0.9561557073935105,6.13931492210455,0.3333823673857022,0.0009999999938334547,0.001000000000546916,0.0010000000130803122,0.0010000000102284292,0.000999999997953659,0.0010000000055227169,0.00001200093136853484,0.000012000959127467597,1.2813509481714203,2.733248123484935,3.429659034105917,0.04789611740850937,0.0002140460434237917,0.00015855632961731333,0.0007804111639512609,0.001331999999999938,0.0013319999999999424,0.0013319999999999584,0.0010033199999999731,0.0010033199999999695,0.0010033199999999838,0.22331288394112572,8.585796784886934,4.484576547907114,0.019246047877521818,-0.043834523169816716,0.3749972477389559,-2.068273433084999,-31.02061598641532,-38.28758317597058,1014.0083312988281,-0.09147941451052248,49.3202838227755
2025-06-11T20:40:00Z,39.98234938902039,-75.16252770689606,19.06262175145214,7.909433589235952,1.8664071460319311,-0.3383563837344354,0.9837137248329773,0.08195145674818163,0.31250584654942826,0.0009999999936491325,0.0010000000002627497,0.0010000000133521618,0.0010000000103535058,0.0009999999977501727,0.0010000000054562488,0.000013000921403567547,0.000013000961426909384,1.2813720744012185,2.9502631411999216,3.8186714095908556,0.04351439080399603,0.0002191919584334194,0.00015970456916860053,0.0007644871072770209,0.001332999999999939,0.001332999999999943,0.0013329999999999594,0.001003329999999974,0.0010033299999999685,0.0010033299999999828,0.6808940033627644,9.037071705369987,5.0046558029633355,0.023654370441040004,0.11327146227614074,-0.21226171993643972,1.3793786965469097,-24.940174102783203,-18.286501742423848,1014.144621196546,0.5721704913251946,30.956549829886622
2025-06-11T20:40:01Z,39.98197822369471,-75.1625471430659,20.012755851921703,8.23635574622521,2.4162735104184527,-0.28854825641229837,0.9771534291811016,0.11400591935251143,0.1721974303072969,0.0009999999937778561,0.0010000000003906825,0.0010000000135099148,0.0010000000104509186,0.0009999999976304011,0.001000000005549402,0.000014000908070096014,0.00001400096409728315,1.2731289048983447,3.174857605665985,4.231121289083581,0.041841131296312555,0.00022172067332589635,0.0001683043013682471,0.0007712101594137299,0.0013339999999999396,0.0013339999999999435,0.00133399999999996,0.0010033399999999741,0.001003339999999968,0.0010033399999999824,0.3808961229983896,8.519923500060774,4.792941452005564,0.004258970334085637,-0.09880238763204238,-0.11197129658410192,23.00446891784668,-18.633881276967575,-20.679497582571848,1014.2119445800781,0.0023535947328982365,36.11184128215429
2025-06-11T20:40:02Z,39.98152847956618,-75.16257361923876,21.11710390699939,7.58454635081495,2.6059124049033375,-0.12946334059300094,0.9831555304572026,6.269358828072506,0.22562506042451144,0.0009999999939476053,0.0010000000003200292,0.0010000000137634145,0.0010000000101519943,0.0009999999977036008,0.0010000000059079116,0.000015000890642852459,0.000015000967161517205,1.2591611776844,3.427938311117798,4.618436154978755,0.037940308166478684,0.00022834478034266327,0.00016902134479574016,0.0007857196571269834,0.0013349999999999395,0.0013349999999999437,0.0013349999999999601,0.0010033499999999738,0.0010033499999999678,0.0010033499999999819,-0.20334363305482467,8.524805736074253,4.801327317837421,-0.000494720579797015,-0.026722288973588155,0.13029172482904172,5.307248864855085,-22.133787310853297,-25.296325917146643,1014.0544738769531,0.005396846402232946,34.02898890960977
2025-06-11T20:40:03Z,39.981085328430666,-75.1625977743427,22.01511872514,7.170237202926216,2.9562352796089018,-0.3232098012444641,0.9826198642861071,0.010545167629113322,0.18342990391516298,0.0009999999943443912,0.0010000000002774066,0.001000000013536587,0.0010000000104216464,0.0009999999974410118,0.0010000000061464026,0.000016000868204260007,0.00001600097063313672,1.239038678562901,3.715752724330314,5.000116278342725,0.035283740888414954,0.00023154404321414033,0.00017666531477093453,0.0007918487822544063,0.0013359999999999399,0.0013359999999999442,0.0013359999999999605,0.0010033599999999733,0.001003359999999967,0.0010033599999999814,0.4171769604252584,8.349865541719604,4.512790508097554,-0.004227193589229716,-0.02116521383545757,-0.04865514821637753,5.651771898269653,-22.65442363739014,-24.573971519470216,1014.0105895996094,-0.280169155690938,33.89752314823219
2025-06-11T20:40:04Z,39.98074421586569,-75.16260755196983,22.477792508897736,6.755951182629454,3.133708480333864,-0.2976971837390394,0.9478168879037089,6.25895641911918,0.21585772899383798,0.0009999999946282208,0.0010000000002058423,0.0010000000136818402,0.0010000000104635628,0.000999999997141477,0.0010000000061856794,0.000017000839621011267,0.000017000974530912632,1.2150399034048287,4.045260899854852,5.390518051781836,0.0320508436366218,0.00023984146395427116,0.0001798951917399603,0.0008036273183425138,0.0013369999999999387,0.001336999999999944,0.0013369999999999593,0.001003369999999974,0.0010033699999999679,0.0010033699999999822,0.17940609073459418,8.344168166160307,5.025065325723463,-0.037267541077630736,0.0072896472527624046,0.044042151215859075,5.620051851272583,-22.37357955932617,-23.495979537963866,1014.085205078125,-0.03858685975684421,32.92749248463787
2025-06-11T20:40:05Z,39.98028461580427,-75.16262720064945,23.172107644094982,6.603791786236135,3.747006512086909,-0.07735966479905208,0.9683794759912807,0.07204873205326073,0.16204497532363876,0.0009999999944552544,0.0009999999999795966,0.0010000000137370675,0.0010000000105479653,0.0009999999972648312,0.0010000000061279118,0.00001800080360412482,0.000018000978874716192,1.190764967336481,4.457205281263327,5.80771755139824,0.03129939951058113,0.00024157622478320447,0.00019122567547605213,0.000805455804822376,0.0013379999999999375,0.001337999999999945,0.0013379999999999581,0.0010033799999999747,0.0010033799999999678,0.0010033799999999821,0.24727422701359533,8.740664371490274,4.785806774572757,0.01867958568480316,0.011832832967927033,-0.11338288133790884,5.647379903793335,-23.155355644226074,-25.128339500427245,1013.9491641395971,0.18740378379150263,34.63370222260922
2025-06-11T20:40:06Z,39.979808905867074,-75.16264254169775,23.942457446477228,6.497655941491085,4.349727928589908,0.009714307248096493,0.9662856773964217,6.21173683678938,0.18879754662031697,0.0009999999944409138,0.000999999999767423,0.0010000000135390987,0.001000000010930398,0.0009999999974703126,0.0010000000059566963,0.0000190007588549268,0.00001900098367362323,1.1702445496287703,4.917048390109508,6.2167109435829495,0.030904690134511588,0.00024875216870100817,0.00019603648119597902,0.000827478942396495,0.0013389999999999383,0.0013389999999999435,0.0013389999999999568,0.0010033899999999747,0.0010033899999999688,0.001003389999999983,0.4392278576846734,8.670527709960957,4.619079080150696,-0.0053386761807029046,-0.05932797038095361,0.1317406136676857,5.203299894332885,-23.128271484375,-25.112235527038575,1013.8809692382813,0.05313610445421643,34.53421699884454
2025-06-11T20:40:07Z,39.98567782111704,-75.1638381909284,27.136516456249897,-5.151975694446499,-3.121571387688344,0.6139494431011732,0.9896969215759003,6.105014493959269,0.24357283893381954,0.0009999999944286736,0.0009999999994609857,0.0010000000134484808,0.0010000000106735966,0.0009999999971221692,0.001000000005535118,7.437309278500912e-10,7.4373098069461e-10,0.8599400455272934,0.5049157444541759,0.5160049659097372,0.016946951725376556,0.00010881721388091824,0.0001067438767237074,0.0006823874951890341,0.0013399999999999391,0.001339999999999944,0.0013399999999999562,0.0010033999999999742,0.0010033999999999688,0.001003399999999983,0.08291615669133716,8.783774970035397,4.426178204046062,-0.006969914560426417,0.007898962980613244,0.05356159111200922,9.557330422559563,-19.090758790775222,-20.123526242314554,1013.8750610351562,0.056301677623228935,29.338591818614407
2025-06-11T20:40:08Z,39.98564294224378,-75.16387146766677,27.528651187770684,-6.445734886713444,-2.581984287339663,0.5058973042384615,0.9973955378106439,6.106484089585191,0.2046125974081211,0.000999999993897112,0.0009999999994052332,0.0010000000136647876,0.0010000000102660651,0.000999999997187045,0.0010000000054072834,1.0007437371851264e-6,1.0007437535360565e-6,0.863945818951309,0.5655803036864977,0.5707487406281776,0.017162358304955733,0.00011758469816878626,0.00011740009662136539,0.0006928840459323376,0.0013409999999999395,0.0013409999999999438,0.0013409999999999562,0.0010034099999999737,0.0010034099999999676,0.0010034099999999837,0.5673011844996196,8.615755895615163,4.664812791572474,0.0012079743990109412,-0.03119619452304668,-0.021999908431845985,8.967243795394898,-20.535283546447754,-21.90021957397461,1013.8886260986328,0.03389511923707409,31.332503447904415
2025-06-11T20:40:09Z,39.98560549581532,-75.1638976374674,27.663522870913003,-8.239062189759766,-1.9881055861351575,0.21593445849291323,0.9809996555872458,6.005240101790823,0.2416733387583799,0.0009999999939545605,0.0009999999992757233,0.0010000000138360658,0.0010000000105221966,0.0009999999973916683,0.0010000000055911808,2.0007437569515658e-6,2.000743825637103e-6,0.8682097313127672,0.645985079779294,0.6492052386516506,0.018208088853780693,0.00013317785198417337,0.00012676060630436675,0.0006899467166866319,0.0013419999999999385,0.0013419999999999424,0.001341999999999957,0.0010034199999999732,0.0010034199999999671,0.0010034199999999836,0.5458655942255193,8.579563011170029,4.514039424882576,-0.007434938788188994,-0.025245800018492442,0.10505794349692416,9.210999803543091,-22.18765167236328,-23.490611610412596,1013.906982421875,-0.07015697716692657,33.59969987053483
2025-06-11T20:40:10Z,39.98556271974369,-75.16391857122092,27.253305687919124,-11.338459749250447,-1.8323601832918182,-0.45748013383603325,0.9814256969395546,5.941205703708261,0.22613940588293263,0.0009999999939123805,0.0009999999991458892,0.0010000000138651831,0.0010000000105084038,0.0009999999973619295,0.0010000000054836606,3.0007437884664445e-6,3.0007439558688515e-6,0.874574230193811,0.7439517070933742,0.7620918820046808,0.02133420186659095,0.000147363419116054,0.00013699325150353137,0.0006937490781603205,0.0013429999999999376,0.0013429999999999417,0.0013429999999999573,0.001003429999999974,0.0010034299999999666,0.0010034299999999844,-0.07107621030421908,8.463103095386217,4.681215641942104,-0.0033679136078182534,-0.047499741821179504,0.0452512925486903,5.457134616618254,-22.35886492047991,-24.9903300538355,1013.9931182861328,-0.10838870395407911,33.973700276573965
2025-06-11T20:40:11Z,39.98550525160204,-75.16393821253044,26.44781238887965,-14.486544779282836,-1.5734920093860838,-1.069099615589422,0.9765217402561246,5.890663246299959,0.17735155051306417,0.000999999994264114,0.0009999999991369287,0.0010000000136335932,0.001000000010407366,0.0009999999971687615,0.0010000000056566852,4.000743817783582e-6,4.0007441560914425e-6,0.8876647730666121,0.8654172476917636,0.9132423665763779,0.026892472509111663,0.0001607949932788635,0.00014749450545199544,0.0007012527683679199,0.001343999999999938,0.001343999999999942,0.0013439999999999566,0.0010034399999999746,0.0010034399999999674,0.0010034399999999835,0.47020882258001084,8.51334237758404,4.669743021479292,-0.022267036773528256,-0.06605614719089807,0.01654622065845127,8.015145699183146,-20.419495344161987,-24.687970280647278,1013.9418640136719,-0.058843089811945234,33.025609440522715
2025-06-11T20:40:12Z,39.98542329487286,-75.16396030622094,25.6397587376372,-16.721602081269975,-1.8303116532070758,-0.9558862339164492,1.029800871487929,6.126782404886425,0.09082178835306776,0.0009999999942896954,0.0009999999994410992,0.001000000013403341,0.0010000000104913372,0.000999999997465272,0.0010000000053716539,5.000743802876313e-6,5.000744442123678e-6,0.9110883667798748,1.0214295502059378,1.0955783887316612,0.03115261046465097,0.00014808319224595822,0.00015756542097199278,0.0007334587139142146,0.0013449999999999387,0.0013449999999999428,0.0013449999999999563,0.0010034499999999735,0.0010034499999999665,0.001003449999999984,0.4839769938421984,8.540265215874582,5.320491868184284,0.02937502351174081,0.05686314324226763,-0.24907588549478352,6.97640804855191,-21.79816284958197,-24.56905664716448,1013.8969848632812,0.29345597660468126,33.57775026828399
2025-06-11T20:40:13Z,39.98531766306569,-75.1639857140879,25.011218263283332,-19.201453886693223,-1.7303435808969077,-0.9971240790037181,0.9623006583110848,5.868392363786325,0.25319144372560165,0.0009999999945726036,0.000999999999230871,0.0010000000135165599,0.0010000000101784165,0.000999999997843558,0.0010000000051781186,6.00074365634065e-6,6.000744833576805e-6,0.9464228425092395,1.195916695979066,1.3155963736279206,0.037373046139052055,0.00018256328134232705,0.00016381024445943652,0.0007145477935985472,0.0013459999999999377,0.0013459999999999419,0.0013459999999999573,0.0010034599999999743,0.0010034599999999673,0.0010034599999999851,0.3962731760084465,8.671567348854772,4.865857534516713,-0.023205432573827248,-0.010981806418338414,0.31123080793276614,0.7402959668636322,-30.148395347595216,-27.74328754425049,1013.8981781005859,0.17116793250396867,40.97755030931603
2025-06-11T20:40:14Z,39.98519333741182,-75.16401108396671,24.238594512447374,-21.657637604522538,-1.7505602555843116,-1.197026472657686,1.02278045592567,6.074368646484308,0.12558467703981258,0.0009999999942748889,0.0009999999994996208,0.0010000000136596349,0.0010000000103637162,0.0009999999976783864,0.0010000000049933011,7.000743233146096e-6,7.000745353685515e-6,0.9953690332092194,1.3807059925511402,1.5690028362624038,0.04384379822597302,0.00016688640953134537,0.00017100209257643321,0.0007416847986509664,0.001346999999999938,0.0013469999999999422,0.0013469999999999576,0.0010034699999999738,0.0010034699999999668,0.0010034699999999844,0.544731338044468,8.517491859436804,4.887991297171904,0.019981201435695477,0.009047402047351794,-0.24287961538669017,7.069277403305988,-23.04007300552057,-23.52956690107073,1014.0136962890625,0.05527835156981255,33.681697564011046
2025-06-11T20:40:15Z,39.984976090301146,-75.16404799772732,23.894241475993304,-24.108416877057216,-1.904025200361541,-1.3475021986357028,0.97662323075229,5.906404507334477,0.19811194588639616,0.0009999999940730612,0.0009999999996360117,0.0010000000134595365,0.0010000000101503038,0.0009999999973850553,0.0010000000049902942,8.000742336820083e-6,8.000746031542174e-6,1.057078911950443,1.565244067654756,1.8689581165997442,0.05150198281311657,0.0001929955023356804,0.0001751723518376116,0.0007344726941632273,0.001347999999999939,0.0013479999999999423,0.0013479999999999588,0.0010034799999999746,0.0010034799999999674,0.001003479999999985,0.09878733434099451,8.614014097691083,4.83617326974993,-0.029120628777535393,-0.03793122326221264,0.1831065391601136,7.385232553342167,-21.76255891761001,-21.411497738896585,1013.7731018066406,0.09903752205712753,31.410184357559867
2025-06-11T20:40:16Z,39.98471154116044,-75.16408749561899,23.4759087349089,-26.36552151539652,-1.8493428553449196,-1.512807884363332,0.9967505596159645,6.009981399381086,0.19510816609635226,0.0009999999943591273,0.000999999999562405,0.0010000000130928185,0.0010000000098253962,0.0009999999977666203,0.0010000000047564724,9.000740750981567e-6,9.000746902660036e-6,1.128772006408109,1.7353412529481989,2.2085950169250554,0.05835526691342036,0.00018810906598270985,0.0001770873584911244,0.0007469872264185669,0.0013489999999999392,0.0013489999999999433,0.0013489999999999598,0.001003489999999975,0.0010034899999999678,0.0010034899999999836,0.5150787234484205,8.669986243657068,4.6606526975789055,0.01507951511830318,0.04916122167545276,-0.0855151677592288,3.8483374317487082,-23.03868289788564,-23.543712099393208,1013.8195953369141,0.07652075386355714,33.16464424129996
2025-06-11T20:40:17Z,39.98441003051866,-75.16412916401931,22.87103306528962,-28.57655812385001,-2.315794514920665,-1.7429086931089395,1.001003787823922,5.932432251211139,0.20587864202377026,0.000999999994119589,0.0009999999993461754,0.0010000000132090985,0.0010000000093876233,0.0009999999979122586,0.001000000004429593,0.000010000738289242198,0.00001000074800852129,1.2034358634354823,1.8788309801548984,2.593739696583337,0.06384675717769037,0.0002059493569286905,0.00017684181359045457,0.0007492577593108121,0.0013499999999999398,0.001349999999999944,0.0013499999999999602,0.0010034999999999742,0.0010034999999999673,0.001003499999999984,0.2303519482918385,8.433204627056949,4.976337653830631,0.0037656817307841844,-0.039283330376820566,0.07414308617440309,6.052942704181282,-22.181093410569794,-23.996652564223933,1013.9224548339844,0.014486217927969853,33.23364236952234
2025-06-11T20:40:18Z,39.984090621245656,-75.16417642376695,21.863954617858457,-31.218563300377852,-3.3008986299947796,-2.1531319574943586,1.0485862380007251,5.8995198166411615,0.12301632284822842,0.0009999999942777562,0.000999999999187,0.0010000000130683966,0.001000000009446176,0.0009999999976608239,0.0010000000044777706,0.000011000734852237268,0.00001100074940225764,1.2756849628975448,1.982076002964643,3.046123695071456,0.07026109766155428,0.00022296788253503468,0.00017175764343865493,0.0007581324566780887,0.0013509999999999406,0.0013509999999999447,0.0013509999999999612,0.0010035099999999738,0.0010035099999999666,0.0010035099999999844,0.20672778696292926,8.261523609634194,5.272001882362246,0.014818542363047707,-0.08854558142065844,-0.008602173727710024,9.953979845046996,-19.614915618896486,-24.558355445861817,1014.106494140625,0.02240717724957523,32.96871409615954
2025-06-11T20:40:19Z,39.9835905255755,-75.16424056010143,21.60869015083628,-33.26962806074616,-4.05283106782874,-1.765962162559662,1.0602487191474115,5.996362092255157,0.13857454272342223,0.0009999999941521513,0.0009999999991322315,0.001000000013045046,0.001000000009735545,0.0009999999977012982,0.0010000000046080772,0.00001200073046591473,0.000012000751148877087,1.3426127671866124,2.0588506583143418,3.5850918358830666,0.07515751358859821,0.00021839719700136366,0.00016717944389672606,0.0007666261422177583,0.0013519999999999398,0.0013519999999999442,0.0013519999999999604,0.0010035199999999733,0.0010035199999999663,0.0010035199999999839,0.1727720110910026,9.024442571056944,5.123530714372295,0.012726148648287394,0.05177255956084621,-0.07034819233818719,3.698093823024205,-23.21635067219637,-25.61601595975915,1013.88427734375,0.5988156240811892,34.768543039733245
2025-06-11T20:40:20Z,39.98300214319512,-75.16430876914607,22.17127991401505,-33.81539922344583,-4.668548398122958,-1.0604938184900061,1.0547832647115447,6.070053770085258,0.1211779439128267,0.0009999999940274252,0.0009999999989036715,0.0010000000132741676,0.001000000009750138,0.0009999999976491192,0.0010000000044827191,0.000013000725214540536,0.00001300075331355888,1.3932588648201873,2.102542979266512,4.129253981903762,0.07144991321780406,0.00022185172204207496,0.00016057370287971166,0.0007772736753209468,0.0013529999999999393,0.0013529999999999434,0.00135299999999996,0.0010035299999999723,0.001003529999999966,0.001003529999999983,0.5821270614811442,8.936251083705757,5.13599488979125,-0.013028537652858578,0.011545148628135537,-0.06470696423760494,3.4857142117558695,-23.55969351165149,-25.808726057714345,1013.7558898925781,0.5434695126945813,35.118316335066844
2025-06-11T20:40:21Z,39.98241905583444,-75.16437356695592,23.09928296810785,-34.261984228194336,-4.956064295848303,-0.7170488991223157,1.0193443915018399,6.0462776885382015,0.19837428533144838,0.000999999993830644,0.0009999999992983438,0.0010000000131874095,0.0010000000094786137,0.0009999999973717341,0.0010000000048435082,0.000014000719110526222,0.000014000755955779028,1.4196228721845348,2.108674007502527,4.704984552691224,0.06607615060490586,0.00023147679695679967,0.0001586297033983135,0.0007826668914392425,0.0013539999999999399,0.001353999999999944,0.0013539999999999605,0.0010035399999999725,0.0010035399999999656,0.001003539999999983,0.4698057208692662,8.649026259374741,4.941795788133738,-0.02059722810354515,0.044213652717646885,0.0658977165397817,-0.5029387863314881,-22.113121966926418,-23.40756688799177,1013.7169157329358,0.19238061653311067,32.204875921497795
2025-06-11T20:40:22Z,39.98183061819865,-75.16443227873681,24.222143504109788,-34.29731715678612,-4.884336490513997,-0.4267697033590127,1.0528221773138091,6.190038604870424,0.2083307366551006,0.0009999999938322133,0.0009999999993800103,0.001000000013143739,0.0010000000098181058,0.0009999999972236215,0.0010000000045375275,0.000015000712023787236,0.000015000759136521569,1.4231152210547586,2.0995746365320613,5.302122413987019,0.0584932466408095,0.0002303560261718016,0.00015486351838916212,0.0008015028094972729,0.0013549999999999394,0.0013549999999999435,0.00135499999999996,0.0010035499999999724,0.0010035499999999655,0.0010035499999999833,0.40650596231960734,8.66678731832769,4.682307374567291,0.03347256339312508,0.07483984380318577,-0.11305528846152796,4.87925293494244,-23.99366483882982,-20.35457930272939,1013.6269836425781,0.07915503709138144,31.840363253642103
2025-06-11T20:40:23Z,39.981316252163246,-75.16448813455074,25.382833630636195,-33.72806958040892,-5.396231570148005,0.2673374478970527,1.0590244992922302,6.160654934526456,0.12255927494285909,0.000999999993518751,0.000999999999718245,0.0010000000133540386,0.0010000000097720963,0.0009999999973385723,0.0010000000049173144,0.000016000703552624717,0.000016000762916216397,1.4040344684023676,2.100528513468986,5.915214780255614,0.04905826554351626,0.000246753505737292,0.00014762552314755332,0.0008069651782602843,0.0013559999999999386,0.001355999999999943,0.0013559999999999595,0.0010035599999999713,0.001003559999999965,0.0010035599999999828,0.6999285119784978,8.721673901490423,5.4623835873302085,-0.0036275778515561545,-0.09390363762858275,-0.011815522105846162,12.1957670474539,-15.819167000906807,-31.353003443503866,1013.6321105957031,0.5348886142159991,37.17512386676745
2025-06-11T20:40:24Z,39.98095879103706,-75.1645464380773,26.336599392649948,-34.23815581187477,-5.355774897683198,0.46934060765546787,1.0635892199395303,6.10771229950668,0.17141442701369233,0.000999999993330634,0.0009999999995619765,0.0010000000130951825,0.0010000000100957927,0.000999999997602138,0.0010000000047940129,0.00001700069305395346,0.00001700076736355981,1.3703210229690965,2.100658800570659,6.5962069419879406,0.04302633330381703,0.0002585164363587054,0.000148942116489477,0.0008119340055239026,0.0013569999999999377,0.001356999999999942,0.0013569999999999605,0.0010035699999999717,0.0010035699999999647,0.0010035699999999823,0.5614069568952166,8.750746914387031,4.721296526753959,0.01175156194065445,0.014236324330659286,0.07206600972983991,4.64073049778841,-23.258677034961934,-25.645395473558075,1013.7296752929688,0.1790626282566752,34.931149488371325
2025-06-11T20:40:25Z,39.98059937733464,-75.1646052641411,27.425938904541344,-35.21650202673956,-5.797972873903559,0.7087691481113807,1.0803501646561584,6.118065496311194,0.19509726794510307,0.0009999999934442703,0.0009999999996752468,0.0010000000133646523,0.0010000000098533883,0.0009999999974954206,0.001000000004800425,0.000018000679811722154,0.000018000772564582776,1.3337481954836998,2.1132894247570815,7.361538480677845,0.03992910075957011,0.00026645214013572304,0.0001505614431253306,0.0008219236826488379,0.0013579999999999367,0.0013579999999999409,0.0013579999999999606,0.0010035799999999707,0.0010035799999999653,0.001003579999999983,0.30463333514356916,8.726374235205059,5.023948210040635,0.02072518867407881,0.023774212430595423,0.003909842916512873,4.837299947738647,-23.267351608276368,-25.77225555419922,1013.6219329833984,0.2939657435346358,35.05673578494759
2025-06-11T20:40:26Z,39.98047157331917,-75.16467871049835,28.050961206252918,-36.15792093140365,-6.264024576351872,0.8308962888984135,1.1117266770711585,6.217077756581718,0.04707450627092699,0.000999999993153548,0.0009999999995793877,0.0010000000130214845,0.001000000010094495,0.000999999997212624,0.001000000004616453,0.000019000662961870207,0.000019000778598117316,1.2972196158023246,2.1393806288549184,8.13909016161626,0.03616182859302988,0.0002763756966719907,0.00014591101608235965,0.0008407035504117493,0.0013589999999999364,0.0013589999999999406,0.0013589999999999612,0.0010035899999999718,0.0010035899999999646,0.0010035899999999822,0.26713862026393337,8.714829424858419,4.861361826883303,0.014353899960797285,-0.08619604750658452,-0.1573758357289754,7.344399890899658,-22.552675514221193,-25.2386275100708,1013.7776794433594,0.20276344983746233,34.63449422048623
2025-06-11T20:40:27Z,39.98598399167264,-75.16612690127172,37.04015427764104,-5.5074093743414805,-9.891234808848962,2.508082220221298,1.1102710835440643,0.033581714468455454,0.07873741739845778,0.0009999999930982869,0.000999999999274653,0.0010000000124184127,0.001000000010103674,0.0009999999967899684,0.0010000000038520099,4.958268423775548e-10,4.958265940700884e-10,0.853144967993591,0.20747942544859668,0.2245563248408182,0.017322066589798457,0.00011012030745230236,0.00009011510629405856,0.0007131031533510066,0.0013599999999999353,0.0013599999999999396,0.0013599999999999602,0.0010035999999999721,0.001003599999999965,0.0010035999999999828,0.38166376004307656,8.123220659435216,4.764998154269548,-0.029513185024776657,-0.026555247119786535,0.061569060453291906,2.449027945995331,-23.63042339324951,-27.813071365356446,1013.6543273925781,-0.3538783893935211,36.57810653726671
2025-06-11T20:40:28Z,39.985914551747186,-75.16624173573832,37.257522645924425,-3.6174163902098315,-9.686127746816661,1.817734103689678,1.1050026673694646,0.21030067127052093,0.09403265543950218,0.0009999999930995031,0.0009999999994415051,0.0010000000125796014,0.001000000009962879,0.0009999999965629733,0.0010000000038043264,1.0004958297513288e-6,1.0004958365060873e-6,0.8600509931047857,0.23559231611406292,0.25820925384847593,0.015433367545629965,0.00012502675238519143,0.0000999204550864372,0.0006854207520651276,0.0013609999999999354,0.0013609999999999397,0.0013609999999999601,0.001003609999999973,0.0010036099999999651,0.0010036099999999838,0.9300545465046639,8.482118051042885,4.186887448727463,-0.00868118825021881,0.09722778941491142,-0.15375165386769132,5.364265208341638,-24.09425268367845,-24.86982384506537,1013.8004272460937,-0.27446046364394905,35.04016180153985
2025-06-11T20:40:29Z,39.98585570587034,-75.16635548823402,36.98882985581416,-1.0840621698658632,-9.648712630767978,1.2049262861975685,1.1141183034653814,0.31284609987163925,0.08065805792489844,0.0009999999932436723,0.0009999999994157105,0.001000000012836995,0.001000000010466117,0.0009999999968807053,0.001000000003914049,2.0004958396414436e-6,2.000495869790859e-6,0.859560290337738,0.2800888555753454,0.3332458720121046,0.014748846210250436,0.0001421912992758743,0.00010973018945381222,0.0006758448674696534,0.001361999999999935,0.001361999999999939,0.0013619999999999598,0.0010036199999999718,0.001003619999999964,0.0010036199999999826,0.19170330848716838,8.644591011047922,4.474098152297077,0.010804620827829875,0.037262013568254634,-0.09847030808039461,4.577240724952853,-23.916730063302175,-25.50422411548848,1013.730224609375,-0.04360020817686431,35.2622033086405
2025-06-11T20:40:30Z,39.98581603652706,-75.16647000760955,36.3253406953597,1.7449964221877168,-9.744877672711747,0.606506839434902,1.1202123521386342,0.20869451538765874,0.07925343171817731,0.0009999999930203273,0.000999999999302931,0.0010000000129263976,0.001000000010770366,0.0009999999971089164,0.0010000000037186513,3.0004958573103957e-6,3.0004959359093603e-6,0.8542775612497385,0.3429142601439429,0.45683394969969804,0.01603960143072071,0.00014445850886126633,0.00011967788987225166,0.0007045238853275243,0.0013629999999999348,0.0013629999999999387,0.0013629999999999595,0.0010036299999999728,0.0010036299999999629,0.0010036299999999815,0.4480609929288789,8.675858434490713,4.537806415058837,0.0047724471110012845,-0.044610799028174816,0.09353470057093342,5.157861115981121,-23.17576708112444,-25.579913703762756,1013.6881103515625,0.021912206009556602,34.90054666792502
2025-06-11T20:40:31Z,39.98580113454657,-75.16658874013325,35.31153065146505,4.5357231784503895,-10.295237120239957,0.016762513107624027,1.143727054844275,0.2839645801147058,0.12516975164298266,0.0009999999929540967,0.0009999999993023031,0.0010000000124755159,0.0010000000104463036,0.000999999997324679,0.0010000000040179483,4.000495874770786e-6,4.00049605010131e-6,0.8500178921240998,0.42628553587996787,0.627569633951261,0.01933560310365937,0.00015978405584238733,0.00012978459729032774,0.0007004804670400663,0.0013639999999999354,0.0013639999999999395,0.00136399999999996,0.0010036399999999723,0.001003639999999962,0.0010036399999999823,0.44579401585777223,8.485795537015921,4.836533872165334,0.010770690689430868,0.07417391606016968,-0.04836189467637418,4.898808275659879,-23.346478819847107,-25.339399456977844,1013.6670532226562,-0.0017017940658951884,34.80140848059658
2025-06-11T20:40:32Z,39.985812729292256,-75.16671106728543,33.65149036044481,9.298093945033397,-10.322192636981514,-1.3703127682735703,1.1357459575472333,0.6136306120673365,0.09462484477334066,0.0009999999931187057,0.0009999999996991638,0.0010000000126230261,0.001000000010089127,0.0009999999971215916,0.001000000004361918,5.000495857459037e-6,5.000496236040178e-6,0.854809474196497,0.5220215562211987,0.8923479935123436,0.028989702652182304,0.00022980978506518008,0.00013947565917931857,0.000667946047781973,0.001364999999999936,0.00136499999999994,0.001364999999999961,0.0010036499999999718,0.001003649999999963,0.0010036499999999814,0.5252082757460734,8.519623362794912,4.449556804584598,0.00395810484495367,0.11744358971724014,-0.32124065558809883,6.496873310634068,-23.85448525876415,-24.789154519840164,1013.6552316766036,-0.15328742158420033,35.010633555425756
2025-06-11T20:40:33Z,39.9858492790105,-75.16684213787603,31.17749505397066,12.981225536840602,-11.764592840557935,-2.1544260007779124,1.2423038922827048,0.1509327920876675,0.3369529939324791,0.000999999993012229,0.0009999999998546096,0.0010000000123148777,0.0010000000100721732,0.00099999999710215,0.0010000000041069117,6.000495712918353e-6,6.0004965257661095e-6,0.880882159207443,0.6459383883477917,1.198802654530653,0.039852440306467285,0.00016506996989994085,0.00015008751357180233,0.0007496661288938892,0.001365999999999936,0.0013659999999999402,0.0013659999999999608,0.0010036599999999711,0.001003659999999963,0.0010036599999999818,-0.28213313104269216,7.960820492744746,5.474775793182148,0.012660619012207048,0.04294183670724537,0.5643354952077724,1.0821399727836252,-22.875975646972655,-27.894323577880858,1013.7747802734375,-0.11327981359445322,36.09114735499228
2025-06-11T20:40:34Z,39.9858511041702,-75.16698557201597,28.755983888990155,15.676534636042977,-12.699433721009632,-2.6773026324698748,1.2582415586839548,0.2969295878267675,0.34389808516081377,0.0009999999928423959,0.0010000000000616744,0.0010000000121976062,0.0010000000098387273,0.0009999999969849428,0.0010000000043390604,7.000495268158179e-6,7.000496955230424e-6,0.9333517437096881,0.7901846500195879,1.527773360473283,0.04836666939585545,0.00018512986291094576,0.00015808102784050352,0.0007328419685401271,0.0013669999999999366,0.0013669999999999407,0.0013669999999999613,0.0010036699999999704,0.0010036699999999622,0.001003669999999981,0.10627370441658708,8.471984046936182,4.6892860152598255,0.01451577680668336,0.05277645763858363,-0.1374024747949184,5.053971905708313,-23.94567150115967,-24.363399543762206,1013.6427917480469,-0.0952175451890508,34.532731600681586
2025-06-11T20:40:35Z,39.985788120504466,-75.16713562438571,26.381212565364546,18.07816347554097,-13.33423434439425,-3.172282812255385,1.2533181006326726,0.18077077543200992,0.31096674653343775,0.0009999999931214409,0.0010000000002972193,0.0010000000125315336,0.001000000009764804,0.0009999999972780769,0.0010000000046063726,8.000494262825563e-6,8.000497563673492e-6,1.0074578109089092,0.9418228525354417,1.899425612298679,0.05579707217991649,0.00018377022653491004,0.0001636188549758165,0.0007621972360621533,0.0013679999999999359,0.0013679999999999398,0.0013679999999999606,0.0010036799999999708,0.0010036799999999613,0.0010036799999999816,-0.03853918558783782,8.528804696842053,4.361583639202036,0.004757492778924493,-0.0666561500877069,0.09855806267603066,5.737485618007426,-22.83765255675024,-25.04510568112743,1013.6406555175781,-0.199495867087417,34.37631377510413
2025-06-11T20:40:36Z,39.98562374723217,-75.16729162084458,24.16441943298689,20.482579768999432,-14.432042315666763,-3.4723816414310646,1.2432391147186186,0.191439273111025,0.3172241224537733,0.0009999999933248355,0.0010000000000499024,0.0010000000123227479,0.001000000009310313,0.0009999999971574416,0.0010000000043386284,9.00049238814512e-6,9.000498398703822e-6,1.0965143641733182,1.0967631703528011,2.3402380930046855,0.06416411661919989,0.00019211372286304811,0.00016765937034993178,0.0007687821118690859,0.0013689999999999365,0.0013689999999999408,0.0013689999999999614,0.0010036899999999705,0.0010036899999999608,0.0010036899999999811,0.5501497250268104,8.411017192840278,5.030021360146389,-0.007359832932067382,0.009569351611586877,-0.01369876631437432,4.567779516687199,-23.57438324908821,-25.009750638689315,1013.6739196777344,0.036933403364969905,34.67131764227849
2025-06-11T20:40:37Z,39.985298928888334,-75.16744984497892,22.56946425207506,22.85004322218247,-15.017210344435107,-3.4507020520644107,1.2059711910015707,0.3079933404529635,0.2646505008706093,0.000999999993595435,0.000999999999803954,0.0010000000126807048,0.0010000000093562523,0.0009999999974258723,0.0010000000042342191,0.000010000489369449653,0.000010000499518634038,1.193670335408106,1.2399553879223104,2.869250527716285,0.07257100343805263,0.00021340947762772943,0.00016773192629086965,0.0007561742978474326,0.0013699999999999357,0.00136999999999994,0.0013699999999999604,0.001003699999999971,0.0010036999999999616,0.0010036999999999802,0.4165388006133345,8.650825120051653,5.081009546446398,-0.01756825505938014,-0.0068200298019826045,-0.13747535103521996,7.44276229540507,-22.292957941691082,-24.501157840092976,1013.5956420898438,0.2624896518634862,33.951052673960845
2025-06-11T20:40:38Z,39.98480653480981,-75.1676057899827,21.931552615912683,22.852111842166096,-15.663790814544164,-2.9382034674550286,1.1997476216617784,6.2169205399529615,0.3374289124156814,0.0009999999935480716,0.000999999999436398,0.0010000000127913682,0.0010000000095023037,0.000999999997224034,0.0010000000044206323,0.000011000485014852035,0.00001100050097679175,1.279919712119291,1.3749793238748031,3.3360547451377394,0.069396739735112,0.00019737719100507159,0.0001710670116125939,0.0008410291958645136,0.0013709999999999363,0.0013709999999999404,0.0013709999999999612,0.001003709999999972,0.0010037099999999615,0.00100370999999998,-0.1889882266029,8.500943427324492,4.9247543063036945,-0.006146722637625585,-0.06817785497869927,0.37914169733547937,1.9402879716455936,-23.55063545227051,-27.82502742767334,1013.4784545898438,0.0475354056092278,36.50514481304128
2025-06-11T20:40:39Z,39.984249566925406,-75.16776175996587,21.88511413830174,23.2241086516166,-15.939486741942845,-2.4350276757796854,1.1577450186576943,0.29967031579993375,0.15738791219974077,0.0009999999932440023,0.0009999999995710207,0.0010000000129691481,0.0010000000098012059,0.000999999997463225,0.0010000000047161888,0.000012000479211995474,0.000012000502825281334,1.3405183780557928,1.488673368654729,3.8805917208915512,0.06690792438580934,0.00023309782616595732,0.00016135489557511198,0.0007728020852224595,0.001371999999999936,0.0013719999999999403,0.0013719999999999611,0.001003719999999972,0.0010037199999999623,0.00100371999999998,0.3180618017752913,8.513119424820509,4.949887336718166,-0.01236782014271982,-0.026131083641998516,-0.4461592167674542,8.210350912444445,-23.15460356887506,-23.18074638989507,1013.515380859375,0.07402648567173778,33.777050007260726
2025-06-11T20:40:40Z,39.98368503767859,-75.16792247822558,21.768757279808664,25.63996575631342,-17.03363606898998,-2.764912976466431,1.1637673783979177,0.3399278090539559,0.14060531696121661,0.0009999999928869024,0.0009999999998170541,0.0010000000129913992,0.0010000000100121962,0.000999999997171076,0.0010000000049195659,0.000013000471977376545,0.000013000505148353129,1.389193709857948,1.5826223558748398,4.596060529906228,0.07421979374599347,0.0002492892179644508,0.00015872177239909394,0.0007759652669741562,0.0013729999999999355,0.0013729999999999396,0.0013729999999999604,0.001003729999999971,0.0010037299999999612,0.0010037299999999807,0.5365554951377134,7.951644652011776,5.9363194931639205,0.01871108541433007,0.005270364908263306,-0.055589800579361894,5.817691907882691,-22.322827568054198,-26.737763481140135,1013.62548828125,0.1590490748426414,35.3137166753264
2025-06-11T20:40:41Z,39.98294330787005,-75.16807955008773,22.103242242450985,27.265928231797623,-18.096602707734526,-2.8133475194673,1.13795538474244,0.2990590617604476,0.09512657725492044,0.0009999999926462709,0.0009999999998338367,0.0010000000127451144,0.0010000000101942296,0.0009999999970218914,0.0010000000051549234,0.000014000463523012004,0.000014000508036981602,1.4347583209987875,1.6774036244350516,5.347148862200112,0.07895159240190786,0.0002548716398761016,0.00015397419551890722,0.0007880164055077076,0.001373999999999935,0.0013739999999999389,0.0013739999999999597,0.0010037399999999713,0.0010037399999999615,0.0010037399999999802,0.1475257962789737,7.894258712768737,6.071110004412057,-0.0024725386707582547,-0.05123050847180416,0.004859509713219142,3.506279935836792,-22.424087677001953,-28.325471420288086,1013.4107971191406,0.1814140058400724,36.296864304662016
2025-06-11T20:40:42Z,39.98222374324148,-75.16823808800753,22.01931699551885,29.259123827124927,-18.24239996639288,-3.3393843603498237,1.1277113085983046,0.41766500597895173,0.05472314928414881,0.0009999999922931432,0.0009999999997379674,0.0010000000130411266,0.0010000000100074252,0.0009999999970028296,0.001000000004919819,0.000015000454137053999,0.000015000511575844917,1.4726248223957912,1.7372244136142638,6.1567217679740045,0.0814608772187738,0.0002920458493680214,0.0001492657288685041,0.0007863539413370603,0.0013749999999999344,0.0013749999999999388,0.0013749999999999594,0.0010037499999999717,0.0010037499999999617,0.0010037499999999795,0.3351982970455624,7.940258442898757,5.180099245777647,0.012347063384685185,0.021308946479771416,-0.13799120469906836,3.9863499123603106,-22.887961983680725,-22.056074500083923,1013.4988403320312,-0.2919909248480158,32.03462133268585
2025-06-11T20:40:43Z,39.981399350674536,-75.16838519090598,21.85815615703982,31.583176763122665,-18.603928347749825,-3.7933628058562197,1.1876522437374786,0.3413766142004712,0.21783760984589778,0.0009999999920698133,0.0009999999997845836,0.0010000000128104684,0.0010000000103601784,0.0009999999970184844,0.0010000000049440036,0.00001600044417341341,0.00001600051587287849,1.5046205325677389,1.805110407250673,7.084654961062104,0.08625599988360312,0.00026612381732868813,0.00016343047881338765,0.000802887250783077,0.0013759999999999341,0.0013759999999999383,0.001375999999999959,0.0010037599999999708,0.0010037599999999612,0.001003759999999979,0.49735158542569274,7.939296621322893,5.652896841989827,0.009806385705833889,0.11510136434735559,0.11740659817188731,1.7123919677734376,-23.654335441589357,-26.167779426574707,1013.4178161621094,-0.01962084624009072,35.3158458924768
2025-06-11T20:40:44Z,39.980606634466575,-75.16853304215589,21.03159774529845,34.043480373267506,-19.142906969754705,-4.5470334945023705,1.2017211990788375,0.4257160506883171,0.2621859996919454,0.0009999999920432144,0.0010000000000136924,0.0010000000130798742,0.0010000000102723952,0.0009999999969773055,0.0010000000052117974,0.000017000434062498394,0.000017000521045153224,1.5334230351613716,1.8760946146348911,8.069480906585621,0.09041539364975903,0.00028461490792120424,0.00017007359016557775,0.0008089495203624785,0.0013769999999999343,0.0013769999999999384,0.0013769999999999592,0.0010037699999999703,0.0010037699999999605,0.0010037699999999783,0.36824170709309634,7.571570083042201,5.783003220485751,0.008885280983787033,0.0750420687450451,-0.07589770916975047,7.419840618055694,-22.895166864200515,-23.013681139264786,1013.5625305175781,-0.24389557674586992,33.299682342281955
2025-06-11T20:40:45Z,39.97972715726836,-75.16867586794741,20.009920255150288,36.764620304571636,-21.40410737159033,-5.1247573290243205,1.1282096104146753,0.40624669376037525,0.14830985876112607,0.0009999999919029611,0.0010000000000581041,0.0010000000127944402,0.0010000000106804836,0.0009999999967241124,0.0010000000053840435,0.000018000424403310276,0.000018000527208228392,1.5640500650799916,2.035608457325976,9.176685324684984,0.10106690774360284,0.00030462883679249823,0.0001562658853720588,0.0008168017991025312,0.0013779999999999346,0.001377999999999939,0.0013779999999999598,0.0010037799999999702,0.0010037799999999594,0.0010037799999999774,0.1330079578510891,6.7622367563247545,7.766384357439313,-0.014763119967565767,-0.09666036125342768,-0.036669333115775235,7.010851812362671,-19.614427604675292,-27.303355445861815,1013.5716247558594,0.5204287116855979,34.341629989981904
2025-06-11T20:40:46Z,39.978700713084976,-75.16878909932151,19.738446966324204,37.834333643727355,-20.220497052051936,-4.833872755502478,1.0744935569519798,0.49803417433479824,0.07608382045330325,0.0009999999921730229,0.0010000000003010572,0.0010000000127386973,0.0010000000109980786,0.0009999999964743155,0.0010000000052227066,0.00001900041554695435,0.00001900053447638431,1.5872119891357865,2.1122577234431525,10.240088564669826,0.09451664642973216,0.0003556496861521597,0.00014774958575927742,0.0008284269223243645,0.0013789999999999352,0.0013789999999999395,0.0013789999999999603,0.0010037899999999693,0.0010037899999999589,0.0010037899999999766,-1.0285330102362726,8.167700494766176,5.169705027567467,-0.007809487745263919,-0.006488931277159369,-0.12782895554658452,8.954799833297729,-17.95717975616455,-27.58590747833252,1013.3756103515625,-0.05750473350611941,34.11198583992268
2025-06-11T20:40:47Z,39.98623965607545,-75.16786925660298,34.36558182831961,16.605243232271487,-6.409397093956042,0.15792886880455378,1.0070041692645486,0.3158354324104196,0.11135051531190143,0.0009999999913964986,0.001000000001396421,0.0010000000126035719,0.0010000000111516142,0.0009999999960327436,0.0010000000054007142,4.545088869899546e-10,4.545087648461398e-10,1.0603278403494107,0.43290890048684777,0.6172741098004291,0.05365273558276874,0.00016707638038810873,0.00010062652442050398,0.0006389279455347599,0.0013799999999999349,0.0013799999999999388,0.0013799999999999598,0.0010037999999999683,0.001003799999999958,0.0010037999999999753,-0.49893526940360716,8.55314669186431,4.720667953553271,0.003408288621405039,0.008758855382712248,0.03548171141803464,8.90624382019043,-18.696255607604982,-27.379971427917482,1013.4683837890625,0.0024580894838301943,34.32973212102534
2025-06-11T20:40:48Z,39.98629062605794,-75.16793976801522,33.400360960612495,19.73757981689591,-5.544851222267217,-0.4525524090415988,1.0268730569816664,0.21713584786070475,0.17826705159583242,0.0009999999913262647,0.001000000001747852,0.001000000012482482,0.0010000000111996363,0.0009999999961741027,0.0010000000056910759,1.0004545167048792e-6,1.000454535980949e-6,1.1300013218505702,0.46682840774532486,0.690274310308731,0.05470057460539748,0.00016345608597061819,0.00011151130102686692,0.0006064820852652672,0.001380999999999935,0.0013809999999999372,0.0013809999999999602,0.0010038099999999672,0.0010038099999999574,0.0010038099999999744,0.4518125538291649,8.589377321047262,4.7097063604734855,0.0009250554562579656,0.0009508859901613805,0.1200990383862964,5.730441520611445,-20.951212128003437,-27.115261952082317,1013.4476318359375,0.02648764716409968,34.742267599166496
2025-06-11T20:40:49Z,39.98635966007002,-75.16800129663694,32.234269207734926,21.958051738751944,-4.815535272948876,-0.8128548828488895,1.0340561935885049,0.1933449000924101,0.21521052896774842,0.0009999999916862768,0.0010000000015032064,0.0010000000124104351,0.0010000000114514288,0.0009999999962690435,0.0010000000060063315,2.0004545414208702e-6,2.0004546240448266e-6,1.1868203223881528,0.5106760151692521,0.7794225457687413,0.053188125341279244,0.0001683341361313752,0.00012035190756254224,0.000606273699604497,0.0013819999999999334,0.0013819999999999377,0.0013819999999999596,0.0010038199999999678,0.0010038199999999572,0.0010038199999999752,0.18812696801993375,8.567835945127648,4.718727220522796,-0.0012165007842467076,0.01757216242484697,0.04035164589413144,5.484771319798061,-21.16027711362255,-27.06159120676469,1013.4453430175781,0.0032537553618743106,34.787443647960046
2025-06-11T20:40:50Z,39.986442468711395,-75.16805346248672,31.04097641016468,24.16365143258408,-4.000625767283237,-1.1350192119333955,1.0332458324390317,0.19334351342352038,0.21422103513860463,0.000999999991647257,0.001000000001271901,0.0010000000126378801,0.0010000000112482135,0.0009999999963504862,0.0010000000063586352,3.000454582427432e-6,3.0004547845858184e-6,1.227662735228642,0.562299131413408,0.8923860097669557,0.052045918454640135,0.00017746344848734827,0.000126063779731713,0.0006160466949712756,0.0013829999999999335,0.0013829999999999387,0.0013829999999999596,0.0010038299999999686,0.0010038299999999578,0.0010038299999999755,0.39318436081048735,8.581557678221152,4.692027362811076,-0.0009054058295869127,-0.0012947741146433775,0.00013946019042121254,5.280403881072998,-21.360491523742677,-27.06374755859375,1013.4529724121094,0.008423684693106004,34.879738513894566
2025-06-11T20:40:51Z,39.9865358043293,-75.16809495129341,29.870858170761117,26.38719154850504,-3.1242853830532047,-1.4398718042827037,1.0305368632637286,0.1926497590228798,0.20806385732064572,0.0009999999913935962,0.0010000000011974254,0.0010000000124963525,0.0010000000115142804,0.0009999999964672673,0.0010000000061608908,4.000454627836956e-6,4.000455032905611e-6,1.2553631443348476,0.6205728287000049,1.0315037091354278,0.05169090772068447,0.00018735052022151897,0.00013055057620031034,0.0006261375732491103,0.001383999999999934,0.0013839999999999389,0.00138399999999996,0.0010038399999999685,0.001003839999999958,0.0010038399999999755,0.5290178951108537,8.569674915312449,4.687310794817684,-0.0013128321368554663,-0.005379650434583404,-0.0029129132612736273,4.907636603530572,-21.41224444642359,-27.161183065297653,1013.4601440429688,0.0020355836277390115,34.93272724813749
2025-06-11T20:40:52Z,39.98663251159558,-75.16812554604536,28.77841963046993,28.295592517916337,-2.2606047288538247,-1.6474084057799487,1.0283535210981665,0.20136583987153678,0.20730261372707826,0.0009999999910538617,0.001000000001450808,0.0010000000124972045,0.0010000000112838406,0.0009999999964269042,0.0010000000062588017,5.000454640417502e-6,5.000455387788359e-6,1.2731792093247498,0.6849677780410732,1.1984625470862398,0.05106631141214879,0.00019798964021028087,0.00013459123958570497,0.0006395234044494129,0.0013849999999999327,0.0013849999999999381,0.001384999999999961,0.001003849999999968,0.0010038499999999576,0.0010038499999999743,0.28823752100136224,8.574859889982934,4.692453817355058,-0.0015360475800308179,0.004434377349245178,-0.009589945348322177,5.527108252048492,-21.084395448366802,-27.123649438222248,1013.4651794433594,-0.001125694751043677,34.79640050261156
2025-06-11T20:40:53Z,39.98671951587564,-75.16814631779499,27.857193950256764,29.868674042875092,-1.4393310674684547,-1.75720917711322,1.0262318143121796,0.19274998758774958,0.20527879989207792,0.0009999999907853144,0.00100000000132138,0.0010000000128814292,0.00100000001139558,0.0009999999965135489,0.0010000000065631088,6.0004545407746085e-6,6.0004558714847215e-6,1.2831633322615892,0.754518022068253,1.3958177289488976,0.05010519091721896,0.00020774524999940015,0.0001378109610229338,0.000647145990069267,0.0013859999999999318,0.0013859999999999391,0.0013859999999999608,0.0010038599999999673,0.0010038599999999567,0.0010038599999999745,0.07923171460352314,8.573624158896727,4.706724308468525,-0.001177075202520261,-0.005360604096356207,0.0030428203620074153,6.023314154877955,-20.494505746023997,-27.417383155044245,1013.4536389802631,0.0006161451548475224,34.756502331641755
2025-06-11T20:40:54Z,39.98678545740399,-75.16815884573823,27.074885942984356,31.365614372897834,-0.6173039924804142,-1.8395600782039891,1.0264544739835602,0.18248198380589684,0.21179702079491178,0.0009999999904317482,0.0010000000009950055,0.0010000000132356875,0.0010000000113383131,0.0009999999964284021,0.0010000000061613516,7.000454191535615e-6,7.0004565100832304e-6,1.2878677576372466,0.8282788879063092,1.6252775803588362,0.049691440994017934,0.00021691477568434268,0.00014102889344993921,0.0006538395503205986,0.001386999999999931,0.001386999999999938,0.00138699999999996,0.0010038699999999681,0.0010038699999999575,0.001003869999999975,0.21664939487901902,8.57738129043447,4.69886732481622,-0.0006555830859407757,0.0009027972046691173,0.007433962624367208,5.922710520155887,-20.59723367082312,-27.461161187354556,1013.4612274169922,0.002104905068216581,34.83441368428333
2025-06-11T20:40:55Z,39.98681667918623,-75.16816519838308,26.444249360039755,32.58890868792075,0.12154128075180658,-1.866769514529496,1.0258217423599238,0.1708443606584284,0.21229164661680047,0.0009999999906181321,0.001000000000769917,0.00100000001302102,0.0010000000111260955,0.0009999999962650395,0.0010000000059673126,8.000453384541827e-6,8.000457332274347e-6,1.2893524949178037,0.9054212638443786,1.8874681640898836,0.04898505583973126,0.00022650808693116815,0.0001432577072909147,0.0006600489354272671,0.0013879999999999314,0.0013879999999999388,0.0013879999999999607,0.0010038799999999687,0.0010038799999999583,0.001003879999999976,0.15959388612228492,8.567208773929874,4.700476414985136,-0.0007602531656638673,-0.005041347500323945,0.004200528477773504,5.976008055161457,-20.511436462402344,-27.392734099407587,1013.4607849121094,-0.007232440615979458,34.73888393895391
2025-06-11T20:40:56Z,39.986805511418616,-75.16816774813817,25.92122015967841,33.73027079663295,0.8004318479548443,-1.863315564813609,1.027688197869914,0.14951650816242223,0.2258225465582896,0.0009999999906609913,0.001000000001014115,0.0010000000129917102,0.0010000000108588503,0.000999999996434994,0.0010000000058382691,9.000451832884279e-6,9.000458369385115e-6,1.2888261324315216,0.9857088296526414,2.1829879648620194,0.0485462861941258,0.00023436538136889265,0.00014597031583280393,0.0006624708261918506,0.0013889999999999313,0.0013889999999999395,0.0013889999999999604,0.0010038899999999687,0.0010038899999999583,0.0010038899999999758,0.32301629316627395,8.574018978118126,4.707070459352824,-0.0008128101605045936,0.0007100230185920985,0.018204284162405056,5.357263870239258,-20.901527557373047,-27.334343452453613,1013.4786682128906,0.00585160612867407,34.824372665883104
2025-06-11T20:40:57Z,39.98673965065399,-75.1681690490344,25.529347539685396,34.65952748127119,1.3875227764122335,-1.8273318567915493,1.0282641284312624,0.14439838451205822,0.23065668573621784,0.0009999999902779463,0.0010000000007891745,0.0010000000129202398,0.0010000000105502968,0.000999999996738547,0.0010000000056848805,0.000010000449170937197,0.00001000045965391406,1.2871115713373855,1.0688664055961579,2.5110246307165895,0.047845802398544815,0.00024390929763904617,0.00014768044892601642,0.0006700741679778661,0.0013899999999999314,0.0013899999999999397,0.001389999999999961,0.0010038999999999678,0.001003899999999959,0.0010038999999999751,0.32553126063065296,8.573253886352722,4.693554244757731,-0.0011708690757545144,0.0015197357953581681,-0.0010169869873381992,5.334815902709961,-20.954475555419922,-27.24723564147949,1013.4834899902344,-0.001305338516557724,34.784459602769125
2025-06-11T20:40:58Z,39.98660892736522,-75.16817169163728,25.271817634238495,35.48380006201868,1.8821861587062014,-1.7746469424381495,1.0294753082946413,0.14122641089487867,0.23637270792680834,0.0009999999900947487,0.0010000000006785725,0.0010000000127642782,0.0010000000104272897,0.000999999997012184,0.0010000000054397763,0.000011000444958303653,0.000011000461220401518,1.2844836502066668,1.1550348492408369,2.8705443336116168,0.047194643026338315,0.00025329826593987174,0.00014917880899506492,0.0006779701201655838,0.0013909999999999305,0.0013909999999999407,0.0013909999999999595,0.0010039099999999668,0.0010039099999999595,0.0010039099999999738,0.3364761957027381,8.572714122771426,4.690471137987568,-0.0011695367593130526,0.003034574987586857,-0.0029988016874873086,5.481783574941207,-20.9713016042904,-27.263513876467336,1013.4792938232422,-0.0029520184938576525,34.830175130766065
2025-06-11T20:40:59Z,39.986410879963046,-75.16817781022111,25.13061049303458,36.13259413334419,2.25591321571619,-1.6869525413316657,1.0333933901242403,0.13623115762407637,0.2557754474244547,0.00099999998967083,0.0010000000007096652,0.0010000000130342267,0.0010000000102899024,0.0009999999972989337,0.001000000005506999,0.000012000438689071821,0.000012000463103890285,1.2809486064087692,1.2449886473097742,3.2611991176378776,0.04618866775438439,0.000261468981628859,0.00015129716408939788,0.0006847956619223467,0.00139199999999993,0.0013919999999999395,0.0013919999999999592,0.0010039199999999668,0.0010039199999999598,0.0010039199999999741,0.2494811383578764,8.581496896081363,4.694418893061738,-0.0007586883023968406,0.013542597122995468,0.005043328144445906,5.794501946896923,-20.924742562430247,-27.242848454689494,1013.4771575927734,0.003988336056676588,34.8366238892331
2025-06-11T20:41:00Z,39.98615702581728,-75.16818784963063,25.04478817532233,36.74285319070326,2.551671353540938,-1.604621521431375,1.0351344457408989,0.13281495363583715,0.25485909878841956,0.0009999999897578426,0.0010000000009945293,0.0010000000128918625,0.0010000000103074578,0.0009999999975287635,0.001000000005614927,0.00001300042980296423,0.00001300046534145149,1.276368081054073,1.3396387068249336,3.6808773034286735,0.045186740581649135,0.00027066350374772646,0.00015214223881101173,0.0006921418469757838,0.0013929999999999305,0.0013929999999999388,0.0013929999999999596,0.0010039299999999667,0.0010039299999999598,0.0010039299999999739,0.263586939122329,8.58309303167521,4.682237438603511,-0.00044014533726915983,-0.0030523279798350188,-0.006613428965563424,5.588362415631612,-20.838107864061993,-26.964795390764873,1013.49609375,-0.00011963674866625757,34.533363911199764
2025-06-11T20:41:01Z,39.98584659237556,-75.16820284333501,24.996474202594268,37.3182591973536,2.762835809258342,-1.5474737832658731,1.037289720730465,0.12072285375549353,0.2607241951283205,0.000999999989758162,0.0010000000012915875,0.001000000013076361,0.0010000000100827198,0.0009999999973124751,0.0010000000059411489,0.000014000417698880177,0.000014000467970742527,1.270938885653341,1.439750154781613,4.127408189768885,0.04414140518568874,0.0002785301740580495,0.00015339322168112052,0.0006965524220827619,0.0013939999999999315,0.0013939999999999398,0.0013939999999999608,0.0010039399999999658,0.0010039399999999586,0.0010039399999999727,0.3066640811604138,8.562062375904569,4.667134465496639,-0.001201512259712362,-0.0017624157771013774,0.004410520586943971,5.386787900924682,-20.894695510864256,-27.11303554534912,1013.5111541748047,-0.02457618028440031,34.651392001247565
2025-06-11T20:41:02Z,39.98547107158539,-75.1682250682872,25.009555434206543,37.727639780657064,2.7629858704277512,-1.4548019894067006,1.0472604093701599,0.10552933271653035,0.29351547852149723,0.0009999999900128199,0.0010000000012896444,0.0010000000127923694,0.0010000000100000863,0.0009999999970488874,0.0010000000063114527,0.000015000401734556358,0.000015000471032613815,1.2638878306013606,1.5466288382294422,4.6031745005802485,0.042349908816229985,0.00028495179022290483,0.00015576283957494935,0.0006999311703512198,0.0013949999999999312,0.0013949999999999395,0.0013949999999999605,0.0010039499999999664,0.0010039499999999594,0.0010039499999999735,0.2504495369975894,8.536992572783133,4.7340186824667825,0.0034771814000301043,0.019862924415877593,0.02064769697606365,5.785787660248426,-20.9409261041758,-27.046901469327967,1013.5110473632812,-0.01593396609870046,34.69191673438062
2025-06-11T20:41:03Z,39.98503018134685,-75.1682506144845,25.15636498780498,37.46151193743459,3.9088097850779366,-1.2631679448903732,1.0767526778136443,0.03263371807437923,0.5540570230398629,0.0009999999895857028,0.001000000001004717,0.0010000000127934237,0.0010000000099593819,0.0009999999967378835,0.001000000006162977,0.00001600038121251771,0.000016000474561318332,1.2564080132523725,1.683208790381896,5.107807125726064,0.04277039211052934,0.000273529650566047,0.00017361537895352057,0.0006878599615255146,0.0013959999999999318,0.00139599999999994,0.001395999999999961,0.0010039599999999657,0.0010039599999999602,0.0010039599999999726,0.5815571610831877,9.25918409728875,3.564461614119135,0.009272461505851221,0.19585248568949168,0.1851140474613971,5.006730498099814,-20.968313878896286,-25.87644861182388,1013.4921295166016,0.15762364509541232,33.67973745839595
2025-06-11T20:41:04Z,39.984557955715054,-75.168282974514,25.32741130097208,34.1465894630924,2.254503324760399,-1.121793665319212,1.1208405917272841,5.927337642293708,0.7244545774850281,0.0009999999894294486,0.0010000000011461568,0.0010000000125674883,0.0010000000099585047,0.000999999996783777,0.001000000006380441,0.000017000354802174968,0.000017000478591003003,1.2314649062948517,1.8042135230675722,5.64227906021033,0.029401549543235247,0.0002987852278407527,0.00019148034102477952,0.0006567948911371421,0.0013969999999999306,0.0013969999999999413,0.0013969999999999601,0.001003969999999966,0.00100396999999996,0.001003969999999973,-0.9267180860534475,9.112860883711763,3.79869686566504,0.07352755692350323,-0.027406099061944838,0.44031481721380966,6.883483853340149,-16.78036771774292,-28.939619407653808,1013.51806640625,0.13553811091783105,34.15349468867004
2025-06-11T20:41:05Z,39.98406961585421,-75.16833099740097,25.395898451853164,33.49752406906101,0.6178913676533089,-1.0178418497662902,1.161373761120798,6.154477396027936,0.9493501735136133,0.0009999999892163812,0.001000000000833173,0.0010000000122144977,0.0010000000100270276,0.0009999999967439386,0.0010000000065445629,0.000018000320361892945,0.000018000483191797877,1.1848667127341213,1.9585020083742948,6.207714111900626,0.02343749482661774,0.0002470750714984552,0.00022171515975499898,0.0006820343819041633,0.0013979999999999301,0.0013979999999999416,0.0013979999999999594,0.0010039799999999651,0.0010039799999999608,0.001003979999999972,1.5322871680067387,8.461784776686475,4.574273028897593,0.09694694340112116,0.3038314093085503,-0.12585165781048216,2.6315399646759032,-24.01789539337158,-24.52761142730713,1013.5772705078125,-0.04026596677110759,34.429413781970574
2025-06-11T20:41:06Z,39.98342512349022,-75.16840732377878,25.70459238903497,31.66239134444549,-1.4818291888844208,-0.6719632399928616,1.09808507841732,5.930412050452456,1.3547449099899862,0.0009999999890067087,0.0010000000011319856,0.001000000011920048,0.0010000000100137808,0.0009999999965819488,0.001000000006807727,0.00001900027493632102,0.000019000488465678768,1.12856070423194,2.1557643930114487,6.8500309655545575,0.018110640685856515,0.00022292532659391411,0.0002797101899172974,0.0007004600647620146,0.0013989999999999296,0.001398999999999941,0.0013989999999999589,0.0010039899999999657,0.0010039899999999611,0.0010039899999999729,0.6890003771500502,9.348192745830715,3.8352638767762555,0.037921238679165914,0.2803174060400084,0.38817411355875836,0.7815624851112565,-24.261732856432598,-24.795482913653057,1013.5066375732422,0.34749211111376677,34.69949532782172
2025-06-11T20:41:07Z,39.98625719964924,-75.1679859217091,26.406908477130166,1.1598024160815599,-2.5343089172006774,-1.0246911288012466,0.8020510574730115,5.930806312205391,1.5004240050827815,0.0009999999884579417,0.0010000000013150618,0.0010000000122791905,0.0010000000097505003,0.0009999999962015814,0.0010000000066261497,5.371444738310712e-10,5.371447689952655e-10,0.7283646384440416,0.19309801975771337,0.20548867773899482,0.014291567162720276,0.00009077990877846118,0.00010354807471839829,0.0006953217442761472,0.0013999999999999306,0.0013999999999999401,0.0013999999999999597,0.0010039999999999654,0.001003999999999961,0.0010039999999999724,0.3829491473062001,8.935624231337368,4.173616863119603,-0.055498238362548594,0.07148711971907883,0.02413140867016302,3.309371917247772,-24.745015602111817,-23.635059509277344,1013.4609985351562,0.08965557060846371,34.3784858896179
2025-06-11T20:41:08Z,39.98624009004146,-75.16802954434633,25.691451157677626,-2.4477658505820665,-4.897020720264603,-1.9097323997414801,0.7860047081965559,5.985791131222839,1.5923038014681778,0.0009999999882942389,0.0010000000014544236,0.0010000000120222988,0.0010000000100988799,0.000999999996616525,0.0010000000060551616,1.0005371471825781e-6,1.000537154030936e-6,0.7440590309758102,0.22839969431989046,0.24879661450434523,0.01822074468678791,0.00009725803684351306,0.00011370091915224486,0.0007104710127693011,0.0014009999999999299,0.0014009999999999416,0.001400999999999959,0.001004009999999965,0.0010040099999999604,0.001004009999999971,0.5185821678567615,8.996779545782681,3.913753227817654,0.012394311327762144,0.09996217480219688,0.021131406421556694,12.536963815689086,-24.41122356414795,-27.608355560302734,1013.4658813476562,0.04509801593788177,38.92686280221371
2025-06-11T20:41:09Z,39.98618694832656,-75.16811049416208,24.00976972355306,-5.5657683229256785,-8.892880805015727,-3.2897201520557573,0.7467287900498942,5.7455998429826565,1.6929628837660817,0.0009999999881149116,0.0010000000013279226,0.0010000000121400223,0.0010000000104735105,0.000999999996398693,0.001000000006115939,2.0005371560911867e-6,2.000537185981879e-6,0.7682134926927378,0.2997478275411074,0.3275928210119544,0.02732456055140854,0.00013072066910501014,0.00012332664180075178,0.0007338374520374815,0.00140199999999993,0.0014019999999999426,0.0014019999999999593,0.0010040199999999638,0.0010040199999999603,0.001004019999999971,-0.045719194534636146,8.710861028669811,4.172211786734956,0.00023714735851297609,-0.11261651009472998,0.23820683387289504,5.847036629307027,-18.747913905552455,-25.256987318700673,1013.5682861328125,-0.12075717962889576,31.993503681151655
2025-06-11T20:41:10Z,39.98609232603481,-75.16823719697553,21.54157529015869,-8.286082207413415,-12.866677736150983,-4.612626019899274,0.794977355753616,5.853975259188536,1.6344716480222998,0.0009999999883158687,0.0010000000014732658,0.0010000000122345927,0.0010000000102037192,0.0009999999965028888,0.0010000000062003384,3.000537170665414e-6,3.0005372498571895e-6,0.8126859016132597,0.41259886645032506,0.4380223315100325,0.04027007253938966,0.00012605632484407716,0.00013296861655234216,0.0007337017029345187,0.0014029999999999295,0.001402999999999942,0.0014029999999999588,0.0010040299999999629,0.0010040299999999596,0.0010040299999999702,0.5160473126813411,8.56246392631398,4.32821945809104,0.017815581791572412,0.0399376286006224,-0.11085448402032903,3.9585264653575662,-23.676215697307978,-23.620942485575775,1013.5255432128906,-0.1708323875368544,33.67756866087751
2025-06-11T20:41:11Z,39.98594009542622,-75.16840649384234,18.55945060367592,-10.229574304283087,-16.917440845493566,-5.70592793620983,0.7869046337935155,5.756533431031864,1.6722449816847627,0.000999999988214861,0.001000000001944955,0.0010000000120453793,0.0010000000104453098,0.000999999996791502,0.0010000000058829814,4.000537182749317e-6,4.0005373573474825e-6,0.8883017272114546,0.5753142362263219,0.5677270878931152,0.055941058915265025,0.00014896847051613018,0.0001413253332032496,0.0007516309826796414,0.001403999999999929,0.0014039999999999415,0.0014039999999999584,0.0010040399999999617,0.00100403999999996,0.0010040399999999708,0.19762407707466195,8.334152090810742,4.804417819886721,0.004047492881802504,-0.04777639900813156,0.10011639081659704,15.066252805748764,-19.921852578922195,-23.789750780378068,1013.5517272949219,-0.15667569491174504,34.49378101480142
2025-06-11T20:41:12Z,39.98569266410959,-75.16861482016711,15.661107806496174,-11.623419683423114,-21.827932091846762,-6.838229242630479,0.701470598040096,5.648276628924406,1.8170976627952509,0.0009999999880025983,0.0010000000021167285,0.001000000012002073,0.0010000000107587097,0.0009999999966683213,0.0010000000058046647,5.00053716790479e-6,5.000537520557554e-6,1.0025774993215966,0.8237974748870021,0.7057213547655444,0.07841539385647028,0.00018130472601026582,0.00014787310480229984,0.0007916035578455986,0.0014049999999999278,0.0014049999999999404,0.0014049999999999573,0.0010040499999999612,0.0010040499999999604,0.0010040499999999712,0.06531040905849468,8.421361707685433,5.209019283431643,-0.014426106490604627,-0.0010683151305480314,0.1797189980957139,7.035167216798481,-25.039130191413722,-26.184187402530593,1013.4297790527344,0.12440798544392842,36.906090914444455
2025-06-11T20:41:13Z,39.98531459074829,-75.16885167034359,13.112010287783011,-12.660471565817273,-26.420526564455656,-7.851959660118537,0.6783411471307591,5.655404323792266,1.8676515462141048,0.0009999999877240112,0.0010000000020597248,0.001000000012348686,0.0010000000109602117,0.0009999999963891221,0.0010000000056173454,6.000537081082461e-6,6.000537747518282e-6,1.1560891651244947,1.15429422062941,0.8417507460890983,0.10311873953673145,0.0001869569264640611,0.0001529421499063163,0.0008071490912549645,0.0014059999999999281,0.001405999999999941,0.0014059999999999576,0.0010040599999999603,0.0010040599999999603,0.0010040599999999711,0.2728582020251275,8.35386918079398,5.252041919384846,-0.005464911787353523,0.027480842100528383,0.05374138541963626,3.778514205193033,-23.28979951508191,-25.939191467907964,1013.3726348876953,0.09393485790992687,35.06465499491233
2025-06-11T20:41:14Z,39.98479574620257,-75.16910161285007,10.972788818653243,-13.586569312028292,-30.497336901361514,-8.640964132841265,0.6718756289294442,5.633889532297669,1.8975874997829068,0.0009999999879541424,0.0010000000018616636,0.0010000000126238876,0.0010000000112018025,0.000999999996300274,0.001000000005939754,7.000536868257422e-6,7.000538039411225e-6,1.3329326971465414,1.573601066820751,0.9650915907041693,0.12587720979612071,0.00019798073833180645,0.00015642879855242664,0.0008236429165719622,0.0014069999999999268,0.0014069999999999406,0.0014069999999999562,0.0010040699999999607,0.0010040699999999607,0.001004069999999971,0.13254857216885427,8.39671478652748,5.141767724978496,-0.003069162651785357,-0.005812638713617465,0.0692821973260692,5.10657134834601,-23.440183133495097,-24.43585267358897,1013.4903869628906,0.06973540967962524,34.243637076942285
2025-06-11T20:41:15Z,39.98412075120497,-75.16934156326204,10.165112718520449,-14.281137615596037,-33.078575343990465,-8.392219724597526,0.7590090931575498,5.774469150489034,1.7687982954818202,0.000999999987863397,0.0010000000017935137,0.0010000000128910316,0.0010000000113229968,0.0009999999965905118,0.0010000000058461287,8.00053648998871e-6,8.0005383907339e-6,1.5011862245442855,2.0499954737221757,1.0711434491533658,0.13693827173187975,0.00017382244873819031,0.00015428443123956684,0.0007967177361899534,0.0014079999999999273,0.0014079999999999408,0.0014079999999999566,0.0010040799999999597,0.00100407999999996,0.0010040799999999706,0.2372245665070919,8.231926397321747,5.425904072748912,0.00027535614927500385,0.030485539389748607,-0.12741446157021236,-2.300675930902362,-15.008683738708497,-26.481807518005372,1013.4218078613281,0.08527544342631421,30.526000913561855
2025-06-11T20:41:16Z,39.983331059145385,-75.16957238662393,10.23857308137158,-15.816862490885736,-35.56511473389966,-8.621408804257364,0.7019908322685596,5.621387549052079,1.9125744170025483,0.0009999999879074296,0.0010000000015972382,0.001000000012700321,0.0010000000112560668,0.0009999999963992172,0.0010000000062454363,9.000535934703802e-6,9.000538798004702e-6,1.6353936391909638,2.616368958266439,1.1673266479185478,0.14435301898485148,0.00020684169661199894,0.00016127750805221955,0.0008354801211407274,0.0014089999999999277,0.0014089999999999402,0.001408999999999957,0.0010040899999999603,0.0010040899999999606,0.001004089999999971,-0.23074609740727434,8.517662462232703,4.405885852204783,0.007249460777101667,-0.03785033332681198,0.24656777194713325,10.419775810241699,-20.100475578308107,-22.348691520690917,1013.4541320800781,-0.18411747904328885,31.81291614565126
2025-06-11T20:41:17Z,39.98241359615876,-75.16979710440896,10.913103512253237,-17.642951932579706,-38.72148758183005,-9.10591666948023,0.6727442277448569,5.631254092380546,1.993426462903158,0.000999999988375076,0.0010000000015574436,0.0010000000126008548,0.0010000000111098336,0.000999999996386951,0.0010000000063494843,0.000010000535217523828,0.000010000539260062104,1.7334174912864098,3.3434434006570224,1.240854975251381,0.15266665411297603,0.00019475535521841568,0.00016928279414907263,0.0008406024408676579,0.0014099999999999287,0.0014099999999999415,0.0014099999999999562,0.0010040999999999605,0.0010040999999999605,0.001004099999999971,-0.36574166203943614,9.1046228975439,4.145523525304809,0.004225247350118075,0.04841621412317722,0.09655177705693926,2.357141613960266,-23.70739547411601,-25.436999559402466,1013.3274841308594,0.23436908723123046,34.85160153974653
2025-06-11T20:56:31Z,39.99600262794783,-75.0496511729055,15.156877267115132,1083.3643056812884,-76.55923420492101,-7222.949977060456,1.7922923291790114,4.810322753858293,0.85165339195723,0.0010000020798514543,0.0009999999943417833,0.0009999978542004583,0.0009999991104661602,0.001000000624987147,0.0010000002145119855,3.326509473475445e-10,-2.1149169014173868e-10,1.8149300155517694,0.10773576865723973,0.10931790985494673,0.10726173040124709,0.00008359881366964458,0.000015470362359416235,0.000012374490285173844,0.0014109999999999273,0.0014109999999999418,0.0014109999999999555,0.0010041099999999602,0.00100410999999996,0.0010041099999999708,0.018708526642821285,8.788794007935556,4.614441072719609,0.031101590973524138,0.1338466681618717,0.07531770627204273,-1.8742249608039856,-21.462849378585815,-30.96512484550476,1014.6792602539062,-0.030181120479682466,37.7226954975539
2025-06-11T20:56:32Z,39.994656834285244,-72.63755175156012,-5188.5737053342855,1036.0424107390722,-85.29293545558237,-7103.569864681448,3.778634049983322,5.195044985509357,3.3070300626379128,0.0010000027593495798,0.0010000002721561195,0.0010000076100570728,0.0009999951605721314,0.000999998723780972,0.0009999936064582129,1.0003326898397333e-6,1.0006733634261927e-6,1.3985136599622625,0.11189611534701328,0.11046488540390514,0.11923003263736459,0.00041053259120379454,0.000011217000649047184,0.0006218137632639052,0.0014119999999999268,0.0014119999999999437,0.0014119999999999563,0.0010041199999999632,0.001004119999999964,0.001004119999999966,0.5794936571109822,9.219184459691938,4.05126421980563,0.020042876406693548,0.2104566263267073,0.03441752548391887,-3.1761479288339616,-22.13397159576416,-30.421919479370118,1014.3000183105469,0.14633445967292477,NaN
2025-06-11T20:56:33Z,40.04310098209848,-69.66054271137456,-9201.320116638899,976.3347036230045,-36.990598894472676,-6772.3944626214425,0.05592287664095785,0.9016297707060854,1.419979152179664,0.0010000036445920787,0.0010000006310855463,0.0010000197398590531,0.000999990240292971,0.0009999963606695322,0.0009999853900198531,2.00033269444638e-6,2.000554240071757e-6,1.2571148055968795,0.1107158020867374,0.11827176906664685,0.0979174482968818,0.00032443924932527526,0.000029801559604569665,0.0005061574325566822,0.0014129999999999258,0.0014129999999999427,0.0014129999999999553,0.0010041299999999627,0.0010041299999999647,0.0010041299999999655,0.4494870648214817,9.235365979759383,4.53031225339478,0.007693675837755295,0.05545440756374014,0.1197501424709458,1.507970801865061,-20.589787006378174,-28.931791067123413,1014.2507629394531,0.37039477230717593,NaN
2025-06-11T20:56:34Z,40.351472162575604,-67.11606745598961,-11984.578840894777,1124.6376268129627,333.95621640233077,-6128.193217284072,5.4237861622998125,2.456364793032907,5.110452012847244,0.001000004498959029,0.001000000972635711,0.0010000306852183099,0.0009999857874793763,0.0009999942294406062,0.0009999779748306392,3.0003318529644095e-6,3.0005016910797297e-6,1.2477263210310918,0.15689688544781868,0.21469218320033603,0.11388396502834788,0.000437238810881849,0.00003204392558382538,0.00038085711965212096,0.001413999999999925,0.0014139999999999437,0.0014139999999999546,0.0010041399999999624,0.001004139999999965,0.001004139999999966,0.21817508145208273,8.716765184547409,4.226259435764511,0.0066518124057032505,0.09716411323631303,0.08851475300579024,-1.9507799655199052,-22.624655494689943,-32.028903312683106,1014.2371247944079,-0.34393293035372413,NaN
2025-06-11T20:56:35Z,41.169005626245074,-65.69130387582995,-13490.04603844959,1634.4475511048245,525.0769147347992,-5454.226589664052,3.249383147561442,3.1962529982247982,4.342769857615242,0.0010000051769654427,0.0010000012371846323,0.0010000385282673387,0.000999982581793078,0.0009999927044242248,0.0009999726593496968,4.000327419826208e-6,4.000486819270452e-6,1.2751605303185425,0.3073276886079972,0.12920502690511096,0.07351073457156589,0.000374226047584204,0.00004997251484202397,0.0004567959672209437,0.0014149999999999243,0.0014149999999999443,0.0014149999999999538,0.0010041499999999615,0.001004149999999964,0.0010041499999999667,0.2677551256728168,8.787403605442158,4.1398196464292685,-0.015447078481443662,0.13299596510623135,-0.004217241302628097,-2.8652919399738312,-22.690291442871093,-31.350339241027832,1014.1284484863281,-0.5836412520544727,NaN
2025-06-11T20:56:36Z,42.525374280577616,-65.8523918365948,-13964.974941242283,2377.3122352949163,939.888793859812,-4546.759568311319,2.3267188696553696,4.573234738918912,0.9370311730366865,0.0010000056247816674,0.0010000014061523792,0.0010000427617818193,0.0009999808329368245,0.0009999918853279828,0.0009999697882343563,5.000316340587637e-6,5.000483058317329e-6,1.3130364614729975,0.45542274630444274,0.1788602834338407,0.09395884332759571,0.0003723843868379073,0.0000640163548576366,0.0004614190363312653,0.0014159999999999245,0.0014159999999999433,0.001415999999999955,0.0010041599999999614,0.0010041599999999634,0.0010041599999999662,0.17226538246243792,8.79272333402893,4.176032010630321,0.0033749985589247924,-0.02342547455188251,-0.034521617989242324,0.00995917998406351,-22.726358686174667,-30.179562665978256,1014.1244812011719,-1.172735898104508,NaN
2025-06-11T20:56:37Z,43.85474866378712,-67.94041868749032,-13399.065779204906,3159.9038313185524,1315.5250111462763,-3601.4127478278338,1.5856606039098828,0.931624289118707,5.023042491766702,0.001000005838830338,0.0010000014794031172,0.0010000435740534146,0.0009999804662923044,0.0009999917351609516,0.0009999692347496148,6.00030430018907e-6,6.000450603622812e-6,1.3801356938228182,0.4345476501409025,0.16420891904280485,0.09123750870982113,0.00032815779331803126,0.00006205919338846782,0.0004333014269816571,0.001416999999999925,0.001416999999999943,0.0014169999999999554,0.0010041699999999607,0.0010041699999999644,0.001004169999999967,0.31382704192440647,8.882603089833776,4.1486408273325175,0.03563436398465891,0.1193375318948873,0.00944431413544768,-3.178587950691581,-21.49542350769043,-29.638679275512697,1014.0420837402344,-1.9508641434679626,NaN
2025-06-11T20:56:38Z,43.853344305464624,-71.96984539848691,-12179.544573809846,3472.3426021391456,1763.9613157871304,-2786.378563805716,3.7109158803114752,0.6369037482973265,2.094590420837367,0.0010000058714948958,0.0010000014831190829,0.0010000420590033047,0.0009999810433275298,0.0009999920383786047,0.0009999702564636541,7.000301116605674e-6,7.000322700231512e-6,1.41653028862136,0.23955619518864646,0.1943194981511476,0.07043045190826658,0.00030228236024387197,0.00009398180737951357,0.0004380019549087206,0.0014179999999999252,0.001417999999999942,0.0014179999999999547,0.0010041799999999613,0.0010041799999999648,0.0010041799999999674,0.3571022436643053,8.948542450319513,4.317455993470472,0.037631416765655304,0.09891011369442876,-0.060602629249975025,-1.4849839626252652,-21.53324363708496,-29.754823417663573,1013.9866027832031,-2.4067976849786055,NaN
2025-06-11T20:56:39Z,40.99400536088957,-77.77527892303792,-10810.013765033007,3584.2353054309397,1883.430313746513,-2243.485147784424,1.915266144254872,5.238862905610217,4.495387773809238,0.0010000057966149394,0.001000001451155868,0.0010000394624234096,0.0009999820631331634,0.000999992551066185,0.0009999720107872819,8.00021724335979e-6,7.99999432345825e-6,1.3882651355358353,0.22866161721960576,0.13117253301459472,0.0441001215245398,0.0003501478518501075,0.00006364833413945106,0.00041330703557020885,0.0014189999999999262,0.0014189999999999429,0.0014189999999999557,0.0010041899999999608,0.0010041899999999645,0.0010041899999999673,0.5083737373342564,9.047310259663575,4.283775988158896,0.014986435354754381,0.13292638071030458,0.18060919822461807,-3.1473559495806693,-22.798139724731445,-30.980435523986817,1013.8161942331415,-2.5394501085553474,NaN
2025-06-11T20:56:40Z,34.02670748924343,-85.30884045851883,-9613.11609227264,3712.212099271451,2016.0156712257012,-1841.1737933335103,1.468067285430136,5.465346023729375,6.145866671203624,0.001000005672773377,0.001000001407685371,0.0010000365759085283,0.0009999832034888613,0.0009999931170975474,0.000999973959905478,8.999617459339788e-6,8.99929232641868e-6,1.3163041223594172,0.22056059602586406,0.14207932937927778,0.04796680491375355,0.0005634847120408727,0.00006646485761502437,0.0006065034941891656,0.0014199999999999259,0.0014199999999999415,0.0014199999999999554,0.00100419999999996,0.0010041999999999634,0.0010041999999999668,0.24540674324327344,8.863563215711931,4.073910296078348,-0.011666978310876475,-0.010909065536976834,0.11362477835249207,-0.864491982832551,-22.449463500976563,-30.88405544281006,1013.7713012695312,-3.0681352933170225,NaN
2025-06-11T20:56:41Z,21.971170492314073,-94.58493439540327,-8568.080205120978,3848.3377139201643,2120.5987642372625,-1479.398327490657,4.866257772861576,0.7137783391377446,4.211265808594019,0.0010000055305350768,0.0010000013636271355,0.0010000337638208009,0.0009999843150804958,0.0009999936665227708,0.0009999758574956242,9.997352971058685e-6,9.9979438493606e-6,1.257768611990073,0.24601853482971775,0.17109859954826248,0.06959552573030571,0.0007300714149826636,0.0000865748622395094,0.0007982906668707575,0.0014209999999999256,0.0014209999999999425,0.001420999999999955,0.0010042099999999598,0.0010042099999999633,0.0010042099999999668,0.29091636356009315,8.749577745089574,4.41714505045429,-0.01000419434728632,0.0415133549467704,0.1256522321558296,-2.3443408513611015,-22.597172390330922,-29.299408435821533,1013.7325439453125,-3.292624366644648,NaN
2025-06-11T20:56:42Z,4.352808151294959,-105.31109294560869,-7554.251492963129,4024.161006620836,2225.841460307559,-1148.8935820178415,2.180327488256964,3.926073984851417,2.5088632722409088,0.0010000053867386036,0.0010000013239551133,0.0010000311569319013,0.0009999853451629532,0.000999994174721496,0.0009999776166238737,0.000010991135712170894,0.000010995626405871002,1.2405558197685342,0.25204767501547276,0.3107077657235918,0.05236413339015497,0.0007857166560102394,0.00008895335379661096,0.0007561051387641545,0.0014219999999999266,0.001421999999999941,0.001421999999999954,0.0010042199999999593,0.0010042199999999628,0.0010042199999999663,0.4920633943915676,8.779068872995504,4.169361127468174,-0.003506887085164996,0.03762857618782758,0.021040325286590927,-1.018575479333498,-21.599726112521424,-30.532117687926,1013.7380981445312,-3.692408536001154,NaN
2025-06-11T20:56:43Z,-18.519352578346748,-116.69740922476478,-6554.135073997525,4220.819562698971,2270.5912837754004,-862.5615625904011,4.117928915109463,1.908086154193903,4.0949248385652375,0.001000005248159483,0.0010000012859700251,0.001000028759554921,0.0009999862976017185,0.0009999946423223534,0.0009999792368582067,0.000011977237020737922,0.000011992163730477923,1.2333119415282288,0.27054355629750737,0.28522955861874155,0.05878894384825424,0.0006950256662027552,0.00010080429123493931,0.0006521645774989378,0.0014229999999999254,0.0014229999999999419,0.001422999999999955,0.00100422999999996,0.0010042299999999636,0.001004229999999967,0.47920802055116135,8.822074692355853,4.121584838704671,-0.005546161272219743,0.05331620613647914,0.04795978425086585,-2.3523124603088945,-21.174370408058167,-31.005536834398907,1013.6138305664062,-3.950436445258953,NaN
2025-06-11T20:56:44Z,-45.71269690991151,-127.61388862414165,-5603.3839801298745,4459.06838392591,2240.266339379398,-634.8194681098691,4.671691107635811,3.637054811177645,4.737330971846412,0.0010000051205465012,0.0010000012487311445,0.0010000266060416622,0.0009999871578702869,0.0009999950633534697,0.0009999806947883932,0.000012950322805084998,0.000012987803070141365,1.218873957377218,0.5444342641986908,0.4993273643227082,0.04937677137306419,0.0002997373314571563,0.00012464054739876786,0.001235354852083176,0.001423999999999926,0.0014239999999999425,0.0014239999999999555,0.0010042399999999605,0.0010042399999999642,0.001004239999999968,0.5925330653794405,8.78570524468571,4.234474457591458,-0.002917517181403831,0.03534715195769683,0.17754953227029527,-1.9788897428281453,-20.47234651993732,-31.631860655181264,1013.6244506835938,-4.145671533178773,NaN
2025-06-11T20:56:45Z,-75.79578703287491,-136.69595237122724,-4746.414185240631,4696.326654893876,2120.32750101756,-456.78830008264634,5.914556306121972,4.8448685651771966,2.091662523495361,0.0010000050096992121,0.001000001213814947,0.0010000247574374415,0.0009999878972666689,0.0009999954242692786,0.0009999819469899368,0.000013904182737810504,0.000013983578301464815,1.1896154241404617,0.5609549461151281,0.5775162729574399,0.03875426623550011,0.0003406266794130707,0.00013946770028806866,0.0013398421013259983,0.0014249999999999252,0.0014249999999999422,0.0014249999999999547,0.0010042499999999613,0.0010042499999999648,0.0010042499999999683,0.3655373074013914,8.714467224172829,4.402824500549228,-0.004191985508860502,-0.05676726092582829,0.10479154346131182,0.33882726559584797,-18.46497696096247,-31.058149511163887,1013.6054462633634,-4.252908608196225,NaN
2025-06-11T20:56:46Z,-106.54317996048438,-142.30320907932185,-3986.3236795393645,4841.264147383072,1959.6834716011556,-308.53210374473645,0.44068176996077973,5.446384299230635,4.951148723838946,0.0010000049170817565,0.001000001183701406,0.0010000232205277927,0.0009999885115486245,0.0009999957233400721,0.0009999829870919162,0.000014835701027674019,0.000014981990282984642,1.1641046500488659,0.5351002784975304,0.4717879385224175,0.04166665507567653,0.007143100614515303,0.00004151403814428609,0.0048054808837916275,0.001425999999999924,0.001425999999999941,0.0014259999999999536,0.0010042599999999617,0.0010042599999999652,0.0010042599999999689,0.49144239522225824,8.662778008200858,4.6409575240992975,0.004329927802282352,-0.03506822208254274,-0.14077620595668258,9.667379379272461,-16.85840795478042,-32.8115260844328,1013.5821838378906,-4.140839812992775,NaN
2025-06-11T20:56:47Z,45.366409910598264,-143.6212543393714,-3300.2681029838195,4983.447453945788,1822.1445220554522,-180.62111529728156,4.538546554378461,5.011393954863486,5.3760139752066545,0.0010000048499336424,0.0010000011663415318,0.0010000220183099043,0.0009999889893789547,0.0009999959580171078,0.0009999837971341415,0.000015752441265517982,0.000015982907480353494,1.150480774310181,0.6827981315695333,0.6242738426330261,0.07124431630860006,0.01501828574628167,0.00044939577416157177,0.013433939616593314,0.0014269999999999246,0.0014269999999999416,0.0014269999999999541,0.0010042699999999617,0.0010042699999999651,0.0010042699999999688,-0.2517522251407395,8.120883284159946,4.051542504693519,0.017286327171617263,-0.22453556388453197,0.2509644530899278,7.871738610371035,-18.933154787336075,-30.06204422152772,1013.5376281738281,-5.305098431458492,NaN
2025-06-11T20:56:48Z,21.558027559211833,-142.11261445633215,-2634.2940488746335,5088.328471143672,1698.4694107999796,-8.60257192527692,3.270557140071894,4.090701561043623,5.848919117914214,0.0010000048141737756,0.0010000011677230275,0.0010000211942917299,0.0009999893139964425,0.000999996115716783,0.0009999843458423367,0.00001666059943223045,0.000016982382909672917,1.2137310355095636,0.5890665266976863,0.7656924010330584,0.24652269281221612,0.031902721553868,0.0013502349277239778,0.030999960226181213,0.0014279999999999248,0.0014279999999999417,0.0014279999999999547,0.001004279999999961,0.0010042799999999642,0.001004279999999968,0.14449114285262618,8.882121203209879,4.220631512975339,0.008441775481742169,-0.0266293559167105,-0.21473153388714905,-0.3089040008187294,-22.72274351119995,-29.91879165649414,1013.4390563964844,-4.689340591617347,NaN
2025-06-11T20:56:49Z,6.546619791314726,-140.40899945225505,-1640.529332660345,5026.590577848302,1729.7928758526348,657.7366792761262,3.507623165480183,0.36075883686926513,3.5284121967043305,0.001000004821114625,0.0010000011759945455,0.0010000208915452763,0.0009999894196030844,0.0009999961467262815,0.0009999845402899991,0.000017584065486702022,0.00001798135698969254,1.8804480622597304,0.6075163283571662,0.8843589126288096,1.6933804494941347,0.044046342167388494,0.00045063782984108576,0.04552202956085077,0.0014289999999999251,0.0014289999999999423,0.0014289999999999548,0.0010042899999999598,0.0010042899999999633,0.001004289999999967,-0.6584936206087901,8.78248436834865,4.057162491684285,0.011321181295523949,-0.13708007261557786,0.09344634787420278,-9.54562833844399,-18.44764456457021,-36.096313515487985,1013.4234649658204,-4.765966900337123,NaN
2025-06-11T20:56:50Z,1.9808409618369618,-139.85924432248152,-552.792107674162,5448.7374014981415,1586.2271716241494,665.9069074115944,1.5194153576364258,6.09559668073908,0.06535647391385169,0.0010000048277761433,0.0010000011847910342,0.001000020852952668,0.000999989425300896,0.0009999961415362952,0.0009999845636237445,0.00001853061133618457,0.00001898059792282138,2.1449208394632286,4.675052730622499,1.6315856249836969,0.1133860840430793,0.030753967302962017,0.00027567718030359676,0.041096255346785404,0.0014299999999999255,0.0014299999999999424,0.001429999999999955,0.0010042999999999604,0.0010042999999999639,0.0010042999999999675,-0.05254866678326615,8.804698841826326,4.119501882403971,0.0018325339035885522,0.05784572656138355,-0.13007182566123798,-9.654681400376923,-22.295873019160055,-31.147844275649714,1013.3448486328125,-5.3403282750026735,39.50322235529747
2025-06-11T20:56:51Z,40.003797682611925,-75.21199309371171,-228.09629864242325,432.96279545536464,268.4546653540491,2029.3204630789646,4.008817392800845,1.302820643028165,0.9273576839194491,0.001000005744867282,0.001000002192308086,0.0010000166880694474,0.0009999902089885824,0.00099999552802506,0.0009999881678831313,3.718706215376961e-10,3.7187185750419984e-10,1.0190216264270435,0.0837819144141483,0.08627394199568533,0.3225949847781928,0.005603091155658518,0.00025783564826810764,0.007286949478764207,0.0014309999999999258,0.0014309999999999427,0.0014309999999999555,0.0010043099999999608,0.001004309999999964,0.0010043099999999677,0.004521622743657638,8.763929951436669,4.537683643945784,0.00873768727302554,-0.06429350906320627,0.06819664252364645,-13.219322185127103,-9.91710593870708,-19.36613024497519,1013.3556518554688,0.017977224193173644,25.45867018434474
2025-06-11T20:56:52Z,40.00763435788193,-75.20841753807814,1328.0246685399777,260.5052609574675,343.4739350551689,1857.1309482419754,6.161550281959819,5.611292684217607,1.4414046376460572,0.001000005826669189,0.0010000021303266386,0.0010000170264106215,0.0009999901086293502,0.0009999954004264297,0.0009999879536019374,1.0003718754864977e-6,1.0003718779868215e-6,1.3235132762846566,1.756100183445966,0.39587423758952694,0.35520893369481127,0.004288866542571682,0.0002595895490704159,0.008481574952346239,0.001431999999999925,0.0014319999999999418,0.0014319999999999546,0.00100431999999996,0.0010043199999999635,0.001004319999999967,0.2907394566829276,8.652382671071242,4.4410327115071215,0.014623332059616976,0.022010476344229854,-0.026305106871842177,-19.15424380749464,-9.09534381210804,-24.55762349128723,1013.3621215820312,-0.11793116050680101,32.445090814117016
2025-06-11T20:56:53Z,40.014758228401355,-75.20163318430002,2194.5897328040865,-38.51957214848659,604.0202122674043,1649.1217249222063,4.103266891764363,2.8019175730968215,2.6524966158175474,0.001000005999458191,0.0010000020058654876,0.0010000175038901125,0.0009999900073491103,0.000999995188973776,0.0009999876619873835,2.0003718650152147e-6,2.0003719619423845e-6,1.5669125431100377,1.4127043845383498,1.0876795930214598,0.1627309171172904,0.004193571205295004,0.00034785356448991127,0.008475806081988994,0.001432999999999924,0.0014329999999999408,0.0014329999999999536,0.001004329999999959,0.0010043299999999641,0.0010043299999999678,0.017351976311925622,8.731662889724717,4.533847068242719,0.0040732052195693366,-0.02612032916400315,-0.09342430255851883,-5.348429065508147,-2.2031166683882475,-39.912299156188965,1013.2899475097656,-0.06662159173160492,40.32923200882447
2025-06-11T21:01:50Z,40.03202773136048,-75.21955164270237,60.48581211319592,-1.697108797810329,0.2088168013879356,-1671.9733744432426,2.8307626748933568,0.4635634826869019,5.30610784265378,0.0010000059237296494,0.0010000018989663822,0.0010000175503144847,0.0009999900166066593,0.0009999952552495063,0.0009999875956813024,4.957567658599728e-10,4.957578171535305e-10,3.214438058058076,0.22087191294819422,0.22087391581690702,0.0721679551142046,0.0013831516514296132,0.000010183725216070567,0.002016020677144399,0.0014339999999999245,0.0014339999999999394,0.0014339999999999542,0.001004339999999958,0.0010043399999999643,0.0010043399999999677,-0.07284574511125261,8.60663549604101,4.620541633167818,0.0035526616427760897,-0.01027972626185133,0.023114866138532107,-37.64861842564174,-25.718761444091797,-16.302685419718426,1008.4978485107422,-0.011585831182298391,48.42154271725895
2025-06-11T21:01:51Z,40.03194511188346,-75.21964981132818,-941.7170779839488,-4.507709243569559,-16.531767519459834,-1658.8575501336522,2.0082160113983143,0.4802745354350651,0.03150564200641792,0.0010000059975369604,0.0010000018424710124,0.001000017521526881,0.0009999900777252042,0.0009999952337265232,0.000999987541477677,1.0004957614177856e-6,1.0004957704026692e-6,2.002312884755085,0.2865171919710565,0.511988880641807,0.14166529395277247,0.0013851837627838145,0.00002079560273327083,0.0020379415230620604,0.0014349999999999235,0.0014349999999999404,0.0014349999999999535,0.0010043499999999575,0.0010043499999999638,0.0010043499999999672,-0.030646143303770832,8.6122414632964,4.4673886953741455,-0.0008235294581063848,0.007555505412869785,-0.010852366889882748,-38.81589035365892,-25.50330398393714,-15.79077789057856,1008.7494995117188,-0.07651235344128053,49.055433391741985
2025-06-11T21:01:52Z,40.03334953522662,-75.22072284621933,-1738.3428714791,117.6946094153024,-54.37668452292641,-1532.2428311227336,2.111747677221758,0.6130054811428639,1.1642313370576955,0.00100000608366863,0.0010000017827593909,0.0010000175047146901,0.0009999901332530675,0.0009999951998206638,0.0009999874795105,2.00049577526591e-6,2.0004957742643317e-6,1.6163465822227443,0.7324635535258929,0.25779006336660937,0.3215779351762389,0.0013572478597821125,0.000030678769969578005,0.0019875025149630006,0.0014359999999999232,0.0014359999999999401,0.0014359999999999527,0.0010043599999999585,0.0010043599999999629,0.0010043599999999663,-0.08699973123502565,8.606883832996397,4.438216558101032,-0.000717526882785567,-0.0018735088596338449,-0.00016337371918527315,-37.949319458007814,-25.66587142944336,-16.04812364578247,1008.5113589638158,-0.09269439271653962,NaN
2025-06-11T21:01:53Z,40.045204209058404,-75.22222076332413,-2116.074006130779,386.40099334003986,128.11764953098435,-1161.351073584647,5.332991231545737,1.3747531349466566,5.829682179582342,0.0010000061444429816,0.0010000017401864034,0.0010000174825194048,0.0009999901636904569,0.0009999951694126446,0.000999987444801641,3.0004957751577056e-6,3.0004956672978036e-6,1.7301243244136995,0.5878212568068549,0.4032286256603538,0.5347611836099828,0.0012964870934231495,0.00004301691156985241,0.0016058234071713278,0.0014369999999999238,0.001436999999999941,0.0014369999999999535,0.0010043699999999576,0.001004369999999962,0.0010043699999999673,-0.1838953039713124,8.60179655278267,4.517248830381913,-0.007080330789297459,-0.0018436820294327678,-0.05565277351087585,-36.610003280639646,-26.320279541015626,-16.65031551361084,1008.5242767333984,-0.10310682524682745,NaN
2025-06-11T21:01:54Z,40.07157867823028,-75.21989626533997,-1944.3272245146036,316.52140219987024,357.64856348109754,-765.0160669080904,5.013667747376019,2.3305616819194412,1.1890949275643052,0.0010000061600266372,0.0010000017243392864,0.0010000174532930756,0.0009999901658233896,0.0009999951548817206,0.000999987448208716,4.000495676099309e-6,4.000495439505174e-6,1.9950435604486012,0.24769515266407677,0.3677412675536478,0.3427672488887046,0.0010736692301413033,0.0000528569760558126,0.0012642427364113484,0.0014379999999999248,0.00143799999999994,0.0014379999999999526,0.0010043799999999575,0.001004379999999961,0.001004379999999968,-0.4125465019722045,8.566417258632091,4.638990023267695,-0.00047833106503586864,-0.001015669372320168,0.005570957669869471,-35.747847585967094,-26.554963371970437,-17.01049668861158,1008.5320152869591,-0.10543827740191519,NaN
