timestamp,latitude,longitude,altitude,velocity_north,velocity_east,velocity_down,roll,pitch,yaw,acc_bias_x,acc_bias_y,acc_bias_z,gyro_bias_x,gyro_bias_y,gyro_bias_z,latitude_cov,longitude_cov,altitude_cov,velocity_n_cov,velocity_e_cov,velocity_d_cov,roll_cov,pitch_cov,yaw_cov,acc_bias_x_cov,acc_bias_y_cov,acc_bias_z_cov,gyro_bias_x_cov,gyro_bias_y_cov,gyro_bias_z_cov,acc_x,acc_y,acc_z,gyro_x,gyro_y,gyro_z,mag_x,mag_y,mag_z,pressure,freeair,mag_anomaly
2025-06-14T21:17:02.500Z,40.074321,-75.2397738,58.89999771118164,0.0,0.0,0.0,0.01491300991843811,-0.349567059140939,-0.04647833954256311,0.001,0.001,0.001,0.001,0.001,0.001,1.0677034502946993e-8,1.0677034502946993e-8,0.40789757646763647,2.25,2.25,2.25,1e-9,1e-9,1e-9,0.001,0.001,0.001,0.001,0.001,0.001,-0.7133069223371046,3.3451243269032447,9.471522824517612,-0.0032471154744808566,0.0026971157461118268,-0.039457211270928334,5.650000167615486,4.3090910983808115,-48.02784324414802,1005.8199666341146,0.28984115685185685,48.55058770888258
2025-06-14T21:17:07.500Z,40.07596628704492,-75.23763611903954,41.25167010279256,-52.45653558176608,72.8259792276665,-48.57921555755512,0.6916473051498127,0.5600764132566752,0.8868819734861251,0.001000000000388468,0.0010000000004168896,0.001000000000388468,0.0010000000004026788,0.0010000000004026788,0.0010000000004026788,1.010677734996305e-6,1.0106793949424437e-6,4.594690177826735,2.2523981644860176,2.2489834035118825,0.19843309063483705,0.000010001335290489727,0.000010000924278400273,0.000010001734274897119,0.0010010000000000008,0.0010010000000000004,0.0010010000000000008,0.0010000100000000006,0.0010000100000000006,0.0010000100000000006,3.0203734812206693,7.072647006352742,-3.9550135469701555,0.3542022288967338,0.835241398130854,0.45368193906255894,-7.036607393196651,-19.837054456983292,31.410715602693102,1005.7759643554688,-1.1417683641169047,37.81073643837245
2025-06-14T21:17:08Z,40.076023512049616,-75.2371916944614,38.07209698066336,-53.22888535546642,78.46766758213849,-54.86414931551906,2.0142585682796366,0.534757121917133,1.9008636051293595,0.0010000000007153176,0.0010000000004026788,0.001000000000672685,0.000999999999990564,0.0009999999999834586,0.0009999999999834586,2.0106778816975026e-6,2.010679890094775e-6,2.631870071631531,2.2540086710284477,2.2500952313033995,0.10274357155233922,0.00002244593654148083,0.000017966717793215972,0.000023238296513861536,0.001002,0.0010019999999999994,0.0010020000000000003,0.0010000199999999995,0.0010000199999999995,0.0010000199999999995,12.63525873521278,0.46720236058041004,0.14510000678061022,2.6629249695590893,3.1759854551133855,0.7922822723370784,-34.99423183538975,0.3999999486483063,4.291827119313754,1005.7739624023437,2.854226511907475,35.25865089543043
2025-06-14T21:17:08.500Z,40.076081475045854,-75.23671637835751,28.211671556084124,-53.04565326317266,82.8567782989218,-58.81699474605201,1.8574754021219042,0.4468810105803977,2.143131096262755,0.0010000000007437393,0.0010000000000758291,0.0010000000006158416,0.0009999999999763531,0.0010000000000971454,0.0010000000001539888,3.010678041466794e-6,3.010680431365128e-6,1.9275743512528118,2.256177058357798,2.251220097557919,0.0698931064110014,0.00003125795615749452,0.000027298354089206722,0.00003397828873894409,0.001002999999999999,0.001002999999999999,0.0010029999999999998,0.0010000299999999998,0.0010000299999999998,0.0010000299999999998,8.930443919305501,0.9227359025228143,4.031525188248418,-0.5644593743068834,0.4835124969830563,0.010681249344060657,-34.00508858436762,3.6379361734833826,-36.679362053094906,1005.815966796875,0.05052179321388065,50.14928852599487
2025-06-14T21:17:09Z,40.07612811876498,-75.23620964052199,16.43183480725495,-52.724722317255875,87.62249794531996,-62.900047118802505,1.6760271628478816,0.7192553795165955,2.2816530158767634,0.0010000000005874199,0.0010000000001184617,0.0010000000005021548,0.0009999999997631903,0.001000000000189516,0.0010000000003671516,4.01067821355319e-6,4.010681017845914e-6,1.5619458485316071,2.259609364231493,2.2525793274634793,0.054724945480327816,0.00005573844465949129,0.00003686599629147422,0.00005189709043258327,0.0010039999999999982,0.0010039999999999982,0.001003999999999999,0.001000039999999999,0.0010000399999999987,0.001000039999999999,8.465647042167767,1.3120200730015077,6.136236923641013,-0.5402654036106522,0.12928924533177935,-0.6137447645333078,-30.615958558752183,11.534441958082484,-37.81316627340114,1005.8059936523438,0.7458946922415025,50.00210733658402
2025-06-14T21:17:09.500Z,40.07613572615925,-75.23566430032876,3.483100130858187,-52.26557053467821,92.40241812540468,-67.03487889837686,1.1311930965718573,0.7453293936073365,2.067189753648103,0.0010000000006016307,0.0010000000002605702,0.0010000000005589982,0.0009999999993360231,0.0009999999998839826,0.0010000000006584742,5.010678395894964e-6,5.010681649095331e-6,1.3370402133773494,2.2647955362770182,2.254315656812106,0.0476564568238092,0.00006785674590353656,0.00004729810702075834,0.000061028791839366184,0.0010049999999999987,0.0010049999999999987,0.0010049999999999996,0.0010000499999999993,0.0010000499999999993,0.0010000499999999995,8.520091034014433,0.5089125281751213,6.171272145747636,-0.851403118102264,-0.32474375057425675,-0.11625364453009722,-34.24762634277344,13.377000541687012,-32.37787628173828,1005.8139770507812,0.7401823661939109,48.9914885811839
2025-06-14T21:17:10.500Z,40.07591467452703,-75.23442981366709,-36.421881589289036,-50.552781727634,101.42199115155219,-76.51586096754289,0.8281588525777964,1.0724840927955381,1.6624003025311154,0.0010000000009441257,0.0010000000004041132,0.0010000000007735954,0.0009999999995755802,0.0009999999998612317,0.0010000000002854392,6.010678775027046e-6,6.010683041660071e-6,1.3224261663217933,2.279921758641115,2.2584971390280697,0.049560278485662704,0.00018598914323922537,0.000055861311861955476,0.00013977345171708425,0.0010059999999999973,0.0010059999999999976,0.0010059999999999984,0.0010000599999999984,0.0010000599999999984,0.0010000599999999984,8.165187904097216,0.6323102591714164,5.608212777830778,0.027747319976265755,-0.01767023789392093,-0.44112767245083195,-40.40820463498434,15.21523497502009,-22.61484440167745,1005.81396484375,0.1321679180111451,48.74169280033882
2025-06-14T21:17:11Z,40.07541366926296,-75.23367774962064,-44.77500188279994,-49.20186068207472,106.20503898345805,-79.2667065927986,6.220714185584939,1.0880889897438306,1.050653384668839,0.0010000000006883335,0.0010000000006030684,0.0010000000006030684,0.0009999999992075293,0.000999999999824264,0.0010000000000509601,7.010678952646851e-6,7.0106838013379006e-6,1.1705904433392549,2.2916966744667757,2.262472343672268,0.051156388084972935,0.0002633172397321536,0.00005753754751536911,0.0002301239817664363,0.0010069999999999977,0.0010069999999999977,0.0010069999999999986,0.0010000699999999983,0.0010000699999999983,0.0010000699999999983,8.408860581766858,1.6729174237052615,6.032251309880631,-0.7402555802580718,-0.16021914617101002,-0.6076061121989121,-43.199251327514645,7.581000299453735,-21.76425075531006,1005.8199462890623,0.6887788536829436,48.962480757252926
2025-06-14T21:17:11.500Z,40.074653583469676,-75.23282582584251,-55.034380047809805,-48.029675263848674,111.3470637025178,-81.03040980523255,6.242282058190502,0.8088238398096625,0.9954963821397314,0.001000000000506622,0.0010000000004183787,0.0010000000002508265,0.0009999999993780082,0.00099999999963942,0.000999999999749554,8.010679109473042e-6,8.010684601585761e-6,1.0668747071802187,2.307175505495209,2.2659887945954647,0.05632443345166252,0.0001384991346573011,0.00006613582351349149,0.00013969340248121123,0.0010079999999999965,0.0010079999999999965,0.0010079999999999993,0.0010000799999999985,0.0010000799999999987,0.0010000799999999985,7.5768903431355685,2.5652067744460965,5.842316939141412,0.12409374574583362,-0.5104468726626618,-0.12368437493851593,-46.02675148010254,-0.2610000140964985,-17.22450065612793,1005.8099853515625,0.11060104273765495,49.14476988818557
2025-06-14T21:17:12.500Z,40.07257619462679,-75.23088197986173,-99.28728132218279,-40.53337112986351,116.88671715885735,-92.1042778187005,0.33518761105247274,0.557412300400925,1.2208750103597024,0.0010000000008219259,0.001000000000547651,0.0010000000005256323,0.0009999999999337206,0.0009999999997631903,0.0009999999994683016,9.010679335204193e-6,9.010686319464487e-6,1.1253319872993044,2.3253503378335756,2.296860793108329,0.06285706818624094,0.00010685493300033742,0.00007819545737257058,0.00012037247389921588,0.0010089999999999958,0.001008999999999996,0.0010089999999999986,0.0010000899999999982,0.0010000899999999982,0.0010000899999999982,10.485813322026171,-5.380756597762831,-1.1661521919575115,0.22789912886563946,-0.16026336800253652,0.17454913028060096,-11.955375537872314,24.14137601852417,20.020125846862793,1005.8419677734375,2.0475635045963365,33.563954958213394
2025-06-14T21:17:13Z,40.069942162735025,-75.22944208528921,-104.16340224526357,-35.60550331889901,119.39091901264621,-92.70045757298787,0.3467097138258187,0.45643540351288914,0.6175993484480501,0.0010000000009699691,0.0010000000007994389,0.0010000000007610028,0.0009999999996637143,0.0009999999995692454,0.0009999999995808809,0.000010010679245472127,0.00001001068722487193,1.0439945940907502,2.329363765245866,2.320388485884277,0.0625782650624621,0.000120487428106413,0.0000801971108895223,0.0001467839863116347,0.0010099999999999968,0.0010099999999999968,0.0010099999999999977,0.0010000999999999977,0.0010000999999999977,0.0010000999999999977,7.805631624697817,-6.985231551488788,0.6736781530474334,0.6412533316745361,-0.488254160611343,-1.2292599991803017,-24.37148553133011,27.138672947883606,14.039453715085983,1005.8319580078123,0.7003451302302313,39.08425731649827
2025-06-14T21:17:13.500Z,40.06675505897504,-75.22779844501369,-110.89029964811829,-31.9705106834494,123.34961973266438,-94.27967711675664,1.0349870943557828,0.21647779212502202,0.465855740461691,0.0010000000010901117,0.001000000001037485,0.0010000000006516836,0.0009999999998726605,0.0009999999992708075,0.0009999999998465798,0.00001101067904260659,0.000011010688160075105,0.9865135738483986,2.339072641505228,2.3480196023617004,0.06451055393087389,0.00011378305920143468,0.00008971103253318578,0.00014878622488883039,0.0010109999999999974,0.0010109999999999974,0.0010109999999999978,0.0010001099999999968,0.0010001099999999968,0.0010001099999999968,8.728093256449865,-4.436068068051003,-2.059100102913573,1.6550563847079425,-0.6557046456221776,-0.10881918537522836,-17.643334007263185,23.844167539808485,1.3316667093171013,1005.8339599609375,0.2082626748003147,29.6917814083187
2025-06-14T21:17:14.500Z,40.06060698490049,-75.22435093705347,-152.936514223899,-24.42916750976466,135.8937549911754,-97.78272346998747,1.533964764793977,6.1078703311207185,0.5046260917808747,0.001000000001533207,0.0010000000008593842,0.0010000000004475546,0.0009999999998203189,0.0009999999990215548,0.0009999999996151432,0.000012010678489990259,0.000012010690132014274,1.0992245439505082,2.3776468121950156,2.4100153997975005,0.08904696909982876,0.00011727325263561425,0.00009844503338423033,0.0001545858929656563,0.0010119999999999966,0.0010119999999999966,0.0010119999999999966,0.0010001199999999976,0.0010001199999999976,0.0010001199999999976,8.970665732713504,-3.379290966762393,-3.197322599236498,0.40336744437720945,-0.1276518207550673,0.25807864350802084,12.018375430107117,-8.598000249862672,-25.59000108897686,1005.8579833984375,0.30672160310930513,29.55016265533006
2025-06-14T21:17:15Z,40.0540835525491,-75.22144858074476,-147.95247279857324,-19.478583675147778,146.06697176859166,-92.12265225022888,1.2740087871133963,5.585673740664552,0.8001147798959403,0.0010000000018480044,0.0010000000012041685,0.001000000000558328,0.0010000000001067597,0.0009999999992755077,0.0009999999995054319,0.00001301067751960703,0.000013010691109799703,1.0567416434088224,2.398405374555467,2.445833931916644,0.10240903560415403,0.00016356322388710133,0.00010477677134212014,0.0001984069381493403,0.0010129999999999972,0.0010129999999999972,0.0010129999999999972,0.0010001299999999975,0.0010001299999999977,0.0010001299999999977,8.880283791858412,-5.113530268564023,-1.176010063251307,-0.5577982489631209,0.33921336570220056,0.8624903992335153,-7.626000367999077,6.324000360816717,-19.427625806331633,1005.8979736328125,0.5145395826717658,21.807780573501685
2025-06-14T21:17:15.500Z,40.047355181445546,-75.2183301797866,-142.67823786960264,-15.522099223354202,157.15039705615365,-85.6184880297526,1.5799158897930539,5.751733513873939,0.7184639873468648,0.0010000000018287297,0.0010000000017226763,0.0010000000003663456,0.0010000000003059636,0.0009999999990843581,0.0009999999996503095,0.000014010676391003777,0.000014010692104509838,1.038472950889708,2.426395297509273,2.476697486088207,0.11653882229213061,0.00011864916370379345,0.00011197216963910611,0.00017420834128446274,0.0010139999999999965,0.0010139999999999962,0.0010139999999999965,0.0010001399999999979,0.0010001399999999979,0.001000139999999998,7.831357041039208,-5.194656942580685,-2.051463429425056,0.28646055782658447,-0.14311083113453854,-0.7532380582155473,-12.583644239667882,17.476995295666633,-8.458643970733627,1005.9219848632813,-0.18289441117120112,23.137410764613207
2025-06-14T21:17:16Z,40.04048940985765,-75.21500546490532,-135.65512339936322,-12.754003541080307,168.3938938656654,-77.19500586609853,1.8887191243772523,5.39458995852115,0.6052330272656862,0.0010000000020773446,0.0010000000020868574,0.0010000000001773686,0.0010000000001651047,0.00099999999923884,0.0009999999992896856,0.000015010675089419542,0.000015010693113015374,1.0392705182799722,2.4586099245573787,2.4950969030951464,0.12862138479362575,0.000162258154079389,0.0001184552813690327,0.00018960657438275093,0.0010149999999999966,0.0010149999999999966,0.0010149999999999966,0.0010001499999999978,0.0010001499999999976,0.0010001499999999978,7.977259065875007,-3.502763196096899,-2.6112153373804854,0.19289687604451944,-0.20337812135192354,0.38792186987672084,-1.988250116109848,-24.013125948905945,-5.856750215291977,1005.953955078125,-0.7083082660307138,24.796821639558612
2025-06-14T21:17:16.500Z,40.033630721107656,-75.21151914465602,-126.06210813316096,-10.176815479713255,179.8028787188015,-68.17091775596205,1.973333583775517,5.303878403088585,0.6832788998680206,0.0010000000025344956,0.0010000000023192685,0.001000000000542597,0.0010000000001962755,0.000999999998981499,0.00099999999898851,0.000016010673617269807,0.000016010694134582486,1.054584832538365,2.501641444520702,2.520441412135916,0.14227048717572863,0.00013814204192519715,0.00012411717927661247,0.00019254145152074854,0.0010159999999999967,0.0010159999999999967,0.0010159999999999965,0.0010001599999999978,0.0010001599999999978,0.0010001599999999978,7.853816009598879,-6.023300322852632,-1.7272469651179299,-0.0013422878565372215,-0.031285104226669476,-0.20446196756646975,-11.356500478982925,17.45475058078766,-14.31675064086914,1005.981982421875,0.24168996391779038,25.27063920837199
2025-06-14T21:17:17Z,40.026986640873716,-75.20794645335533,-113.44518252372904,-8.451140665759315,190.80312985810352,-56.95684907295933,2.701174928990611,5.321110169866179,0.3161120981175819,0.0010000000026749655,0.0010000000023033806,0.0010000000008791774,0.0009999999998483104,0.000999999999058593,0.0009999999991694522,0.000017010671991355568,0.00001701069517240868,1.0809666280892123,2.5553875107724098,2.5443512539706528,0.15596010541657704,0.00011281025701739623,0.00012094538860381022,0.00021358172617321944,0.0010169999999999964,0.0010169999999999962,0.001016999999999996,0.0010001699999999986,0.0010001699999999986,0.0010001699999999986,10.214551511098566,-5.858526400817205,-2.2007794528375744,0.5485605983000067,-0.6279073313922032,0.01372146260531781,-20.43061312850641,14.99464344491764,-15.376913927039322,1006.0099731445313,2.171905370783794,29.64280282897335
2025-06-14T21:17:17.500Z,40.02075588827516,-75.20437871853804,-98.13353141823953,-9.053194993509798,200.49496001668044,-47.05127208822558,3.000063963925788,5.416825727547429,0.7252632671818654,0.0010000000026462697,0.0010000000027236284,0.001000000000703902,0.0009999999997631292,0.000999999999043966,0.0009999999988707451,0.00001801067023071214,0.000018010696232642572,1.1113355807956329,2.616654868115845,2.5505698791842586,0.15650773102362658,0.00006495200985870542,0.00012857390406273192,0.0002375849757234622,0.001017999999999997,0.0010179999999999968,0.0010179999999999961,0.0010001799999999992,0.0010001799999999994,0.0010001799999999992,7.172830597897006,-6.034021200537213,-1.3682535554189796,1.0665336267091077,-0.4618148838428325,-0.6561220118991176,-34.84630246065101,26.054848028689015,-15.271684296277105,1006.0259643554688,-0.33639542616427,46.11224961555014
2025-06-14T21:17:18Z,40.01505680580151,-75.20089625568713,-81.35179044957056,-11.182471727249702,207.75656909602023,-37.52277295369322,2.9843715111784976,5.3606077575737165,1.2105506421107084,0.0010000000026479938,0.0010000000029230505,0.0010000000008733205,0.0009999999994085133,0.0009999999990158578,0.0009999999991333079,0.000019010668332918358,0.000019010697320649814,1.1359728997582637,2.6673032195747965,2.5432144275624355,0.14678647116196628,0.0000897543013501613,0.0001163675625072869,0.0002773232356635412,0.0010189999999999963,0.0010189999999999965,0.0010189999999999965,0.001000189999999999,0.001000189999999999,0.001000189999999999,7.691606733197752,-3.57709910660874,-1.6006224101877657,0.5608601657972376,-0.18565290500058726,-0.5136415651258658,-40.18875114440918,6.601125277206302,-16.651875610351563,1006.0379760742187,-1.1779196695879985,43.9998985433001
2025-06-14T21:17:18.500Z,40.00994286322228,-75.19755701427337,-64.12141779031003,-14.582785179418853,213.7470689103994,-28.703861700286318,2.607148077378105,5.286329950222275,1.7827998209625382,0.0010000000027533824,0.0010000000029483916,0.00100000000121083,0.0009999999994327114,0.0009999999987982528,0.0009999999992309837,0.000020010666268673388,0.00002001069844217857,1.1506975068823804,2.7283399994695565,2.5264364567314126,0.13691782691634982,0.00015878625952701805,0.0000890851098727952,0.00034317428055715554,0.0010199999999999968,0.0010199999999999968,0.0010199999999999968,0.0010001999999999997,0.0010001999999999997,0.001000199999999998,9.792381155750974,-2.896581751494569,-1.0344051430842318,0.08837207561917305,0.015157714730280564,-0.5028281885909485,-41.38425140380859,0.7166250231117011,-19.89675079345703,1006.0539794921875,0.4526522197833241,45.92434920553533
2025-06-14T21:17:19Z,40.005411754093565,-75.19439659619853,-47.194149228793364,-18.456243111520724,217.2160360265317,-20.594731990497877,1.623307124809012,5.109499091675663,3.346893876037859,0.0010000000027630246,0.0010000000029467648,0.0010000000014046726,0.0009999999996121607,0.000999999998808118,0.0009999999993716556,0.000021010663978482754,0.000021010699600470986,1.1548792208258019,2.769150075178443,2.5104308471443315,0.12377063417320706,0.0007397068302360675,0.000034780756595491826,0.000999295028374436,0.001020999999999997,0.001020999999999997,0.001020999999999997,0.0010002099999999996,0.0010002099999999996,0.0010002099999999988,10.480339850321513,0.24148618354844933,0.8638362215992558,1.0024122237050503,1.1902342302270266,-0.5397010861018514,-41.05273588498434,-10.963281681140264,-18.063672522703808,1006.06796875,0.7066021548044117,46.1715524022559
2025-06-14T21:17:19.500Z,40.001439262364826,-75.19143015133047,-31.2692326400322,-22.536037316876595,220.4135541242012,-14.532696239962037,0.33806821792175845,5.366235062050287,5.002275102991475,0.0010000000028170268,0.0010000000026902849,0.0010000000014013524,0.000999999999449396,0.0009999999986995039,0.0009999999991165964,0.000022010661399419453,0.000022010700797305794,1.1520729587173009,2.8288165173486166,2.496155549567932,0.11966917740271675,0.00014522834240609915,0.00011324039064550124,0.0006961104649759405,0.0010219999999999967,0.0010219999999999964,0.0010219999999999967,0.0010002199999999994,0.0010002199999999994,0.0010002199999999994,5.833273587330068,0.6373066971239452,8.599997066496398,0.4588863351509215,1.4706816832171759,0.7080683041883116,-20.16675085067749,-22.50262580871582,-35.84437614440918,1006.0759521484375,0.59855035678552,46.88155879420493
2025-06-14T21:17:20Z,39.99798622031724,-75.18866055061044,-16.78386074101208,-25.702789170420775,221.46585357544222,-9.463347429343266,6.238507849889373,5.708458208358675,5.902963237184114,0.0010000000030298373,0.0010000000023380506,0.0010000000016236507,0.0009999999996835758,0.0009999999985391282,0.000999999999283574,0.000023010658450635973,0.000023010702032419504,1.1442402433798824,2.856972441790457,2.495819337449714,0.10913162009301101,0.00016800587606442976,0.00006660235330215737,0.0005678289311628138,0.0010229999999999964,0.0010229999999999961,0.001022999999999996,0.0010002299999999987,0.0010002299999999987,0.0010002299999999987,3.150496894978733,0.37212176183568885,9.441546170689385,0.4375169650477852,0.8123059471326448,1.511169332732221,-9.849000387191772,-27.3656262588501,-40.13512664794922,1006.0899658203125,0.14739570336188834,49.56514575741308
2025-06-14T21:17:20.500Z,39.99499764999044,-75.1860788446892,-3.8978823849633635,-28.55698589752934,221.9586338738462,-5.65113835721519,6.061389360917943,5.633100699198303,6.171896979960784,0.0010000000027878893,0.0010000000022588724,0.0010000000015335483,0.000999999999405386,0.0009999999981666475,0.0009999999989594559,0.00002401065501092175,0.000024010703301055535,1.1301882978650812,2.884609743058998,2.500677396778926,0.09958678028455445,0.0002058223119791114,0.00006829403593822312,0.0005969660963326556,0.001023999999999997,0.001023999999999997,0.001023999999999997,0.0010002399999999975,0.0010002399999999992,0.0010002399999999992,1.97588418220087,0.016495457757974286,9.708855003788798,-0.19609651067873313,-0.2745930185230611,0.4535717993108573,-18.007125663757325,-21.118500785827635,-40.39987670898437,1006.0919677734375,0.09490357315223333,49.014209348368105
2025-06-14T21:17:21Z,39.99242405780714,-75.18367064421982,7.336155551435709,-30.898425935307788,221.7212966222372,-2.6555811327742065,0.1156894312513744,5.4747472755878945,6.076843747114192,0.0010000000023667442,0.0010000000024493814,0.0010000000016856239,0.0009999999993133767,0.000999999998099859,0.000999999999206983,0.000025010650916663827,0.000025010704594052177,1.110990949097394,2.902010449518004,2.5139227383882483,0.0892004615727292,0.00028168620829782025,0.00007825802507948826,0.0007127023528904115,0.0010249999999999966,0.001024999999999997,0.001024999999999997,0.0010002499999999966,0.0010002500000000003,0.00100025,3.8551335033812726,0.28319001131196103,9.05593715413258,0.44406830808787706,-0.35294244010320563,-0.11662150837966083,-24.173250999450683,-18.224625835418703,-37.86750137329101,1006.0959716796875,0.03346858269116118,48.481190115916256
2025-06-14T21:17:21.500Z,39.99021922347822,-75.18141951315421,17.039812096661226,-33.08379084237377,221.0766227282266,-0.32023374938275895,0.07642534851971329,5.542947256999039,0.04190499466104301,0.001000000002074311,0.0010000000024837621,0.0010000000018385,0.0009999999993622157,0.0009999999977970864,0.000999999999544254,0.000026010645950143702,0.000026010705896707356,1.08721830383726,2.9139702883665843,2.532959720545514,0.07927621720414245,0.0002438919954760819,0.00009011224797327908,0.0006447243941812339,0.0010259999999999959,0.001025999999999996,0.0010259999999999963,0.0010002599999999972,0.0010002600000000009,0.0010002600000000009,4.415319740852809,1.2790674597181828,9.116766743119255,0.18522181037549187,0.1594917520240245,0.3918111669952252,-29.145001258850098,-22.989375762939453,-31.59862621307373,1006.0899658203125,0.39724679434884136,48.748443380753734
2025-06-14T21:17:22Z,39.98835428174534,-75.17931299832136,25.326330590942312,-35.48080814875973,220.10610829726858,1.3660892976234424,0.07604509162343351,5.60698281285924,0.12305030296869748,0.001000000001837975,0.0010000000024072266,0.0010000000022045972,0.0009999999991267907,0.0009999999981251053,0.000999999999147913,0.00002701063982775436,0.000027010707187991297,1.059857154110329,2.920488774213002,2.5549868219537246,0.0704039436434098,0.00021576693344213082,0.0001027138189787966,0.0006113746799828187,0.0010269999999999956,0.0010269999999999954,0.0010269999999999951,0.0010002699999999975,0.001000270000000001,0.001000270000000001,3.2398601310497313,1.0702200444166858,9.88774715169087,0.0369194433496813,0.13824472189418227,0.14280666605345949,-29.359875984191895,-18.22725065231323,-34.22512649536133,1006.0919677734375,0.6471833149903503,48.63732451865957
2025-06-14T21:17:22.500Z,40.074273808939495,-75.23984209446336,53.06864946111203,-0.11985717514663434,6.958810311720588,9.141012115713647,0.39669305417474626,5.444240718145693,6.222751097632701,0.0010000000021790983,0.0010000000026200726,0.0010000000021747617,0.0009999999987624758,0.0009999999981390477,0.0009999999988173826,6.246389900815386e-10,6.246393215189916e-10,0.3028366044189959,0.07909150417601885,0.07879382913714991,0.033637306496404555,0.00016183757118876227,0.00012184662818267661,0.0005050686407233687,0.0010279999999999948,0.0010279999999999948,0.001027999999999994,0.001000279999999998,0.0010002800000000014,0.0010002800000000014,4.039543804775591,0.7290627949782057,8.93077599602337,0.1275595107913327,0.08467744121142957,0.5769543412128967,-32.378907680511475,-14.783594310283661,-32.41875139872233,1006.0879638671877,0.0478301517539827,48.144770006176216
2025-06-14T21:17:23Z,40.074285420751124,-75.23980626215308,57.439058975647086,-2.3980514362959755,5.254699742885286,8.513155807997839,6.228863715026419,5.404838224175576,0.7720942634404775,0.0010000000019658058,0.0010000000025486475,0.0010000000022502029,0.0009999999992660153,0.0009999999983776446,0.000999999999077617,1.0006246392444121e-6,1.0006246401662101e-6,0.34361315729398134,0.08384290198105133,0.08481642481180245,0.03194884385864989,0.00022813642258547962,0.00011493020623366552,0.00045545046271017534,0.0010289999999999954,0.0010289999999999954,0.0010289999999999941,0.0010002899999999979,0.0010002900000000013,0.0010002900000000016,3.2097368177816006,0.14643000270743753,9.764057182309836,0.4283325575470824,0.12397151015122618,1.2006284867786436,-33.7628923257192,-2.7164063941066465,-34.995704571406044,1006.0879638671875,0.4982126735840729,48.703245857450916
2025-06-14T21:17:23.500Z,40.07428964409231,-75.23977871987837,61.209953855856185,-4.557962808546336,4.1080825758966295,7.961264428069763,6.282553619589931,5.4361977709180325,0.656749019299704,0.0010000000019364384,0.0010000000024791406,0.0010000000020524036,0.0009999999991826339,0.000999999998385117,0.0009999999988939464,2.000624639987609e-6,2.0006246428553108e-6,0.38610832170835435,0.09643451425875249,0.09958465096730448,0.03240611073807509,0.00020904358075082957,0.0001303738749278212,0.00046010382587053484,0.0010299999999999958,0.0010299999999999955,0.0010299999999999934,0.0010002999999999987,0.0010003000000000021,0.0010003000000000021,3.6093664584762153,0.8170641653395646,9.406824474830035,-0.06520930202023996,0.06507034554607354,-0.14875174180343342,-29.494142015775044,7.8468753298123675,-36.63554843266805,1006.0859619140625,0.32778642155943793,47.682663882748244
2025-06-14T21:17:24Z,40.074289585627504,-75.23975678794238,64.36026052844043,-6.644961308611274,3.25866088963872,7.332140200752174,0.2561946272720926,5.33254830582834,0.2024819930420793,0.0010000000017214555,0.001000000002396361,0.0010000000021393514,0.000999999999014351,0.000999999998385836,0.0009999999986645084,3.000624641111783e-6,3.000624647967319e-6,0.42907949426629255,0.1156790138325147,0.12282533212493345,0.03428692453732735,0.0002486829905392526,0.00015094055993953773,0.0005310314471162506,0.0010309999999999946,0.0010309999999999946,0.0010309999999999935,0.001000309999999999,0.0010003100000000025,0.0010003100000000025,4.1668818439931385,1.2249316943580086,8.890960572221221,-0.2015467380631802,-0.28361032623441806,-0.5518548830746263,-32.78962650299072,2.177625088915229,-33.24412616729737,1006.0879638671875,0.11437136263565043,46.74471988761965
2025-06-14T21:17:25Z,40.074289171283056,-75.23973293329475,69.47553388613373,-11.601779619095458,0.5540340885534568,5.809845163091214,5.874027027259034,5.500666237893735,1.2649688264924954,0.0010000000021004897,0.0010000000022045972,0.00100000000201577,0.0009999999989624793,0.000999999998795195,0.000999999998511659,4.0006246391676e-6,4.000624668669031e-6,0.5609797791308404,0.1831991942228237,0.20366529208585724,0.04388382915039489,0.00027665458192507777,0.00011064901924797816,0.0005098872746302593,0.0010319999999999936,0.0010319999999999939,0.0010319999999999928,0.0010003199999999986,0.0010003200000000018,0.001000320000000002,3.4350672235471675,0.22090455206303233,9.654462980268246,0.21894619500800408,0.1162785330984848,0.8197046156357561,-32.49260357448033,0.9753826806435779,-30.36964393148617,1006.0999755859375,0.46932257364761965,44.486305934466635
2025-06-14T21:17:25.500Z,40.07430933716859,-75.23973008414141,70.35244870240844,-14.150933348117162,-0.6123816139987978,4.732277361821966,5.750665464971493,5.69648821743825,1.7705250661308978,0.0010000000024416424,0.0010000000018935255,0.0010000000021871877,0.0009999999988490164,0.0009999999986771066,0.0009999999982740196,5.000624625639606e-6,5.000624686688157e-6,0.6002070557332524,0.22914845358503094,0.25870481679587454,0.05039582080415318,0.00023781690452814888,0.00010149889226524282,0.0005362614086039401,0.0010329999999999938,0.0010329999999999936,0.0010329999999999936,0.001000329999999998,0.0010003300000000017,0.0010003300000000015,3.137914782824393,0.14873293635319432,9.464135830202645,0.4528235448224579,-0.024515696787738284,0.9435930164928682,-28.693304652259464,8.929464589981805,-31.41428684052967,1006.0919677734375,0.19158921790877725,43.47291196866701
2025-06-14T21:17:27Z,40.07437527803636,-75.23976486173513,72.79094594259635,-21.128624154117837,-4.056666999344315,2.5280355524001275,5.918987681195391,6.024650968972963,2.354509500764542,0.0010000000024132216,0.0010000000018008613,0.001000000002481275,0.000999999998864509,0.0009999999984930436,0.000999999998445858,6.000624464111265e-6,6.0006247892525105e-6,0.9111565428685058,0.41580409247847117,0.4745138799495713,0.0760198124737202,0.00016839088914111477,0.00012387825495261383,0.000560204355311771,0.001033999999999994,0.001033999999999994,0.001033999999999994,0.0010003399999999971,0.0010003400000000006,0.0010003400000000006,3.5317776551222226,0.7500575300994952,9.327642940519052,0.3514092237166152,0.03534910699156731,0.5175648720906124,-19.374238456167827,15.797561529206067,-36.40381268757145,1006.0979736328123,0.22209503422590202,44.16058380535129
2025-06-14T21:17:27.500Z,40.074510557748475,-75.23978344884522,70.77555871024724,-24.218699839224488,-4.821206577181073,1.3532329815936541,5.91774033083678,6.124178656202284,2.537510655196418,0.0010000000024295093,0.0010000000020243041,0.0010000000022805983,0.0009999999986904826,0.0009999999982549352,0.0009999999981423066,7.000624233550667e-6,7.000624846551818e-6,0.9220164228936487,0.4791699007813792,0.5711967301670126,0.081955802801937,0.00015940541669505183,0.0001398380936969661,0.000571264554528129,0.0010349999999999945,0.0010349999999999927,0.0010349999999999927,0.0010003499999999975,0.001000350000000001,0.001000350000000001,3.894261709504282,1.2453346750290297,9.232858157424403,0.10019694561500651,0.02540305484485324,0.417626388660634,-13.401136853478171,14.003693754022772,-39.90170600197532,1006.0899658203125,0.31772310514863983,44.3602924597987
2025-06-14T21:17:30Z,40.074566623964884,-75.23981561050087,63.8115723226521,-42.57957957369278,2.1881565643894114,-4.559471215123504,5.826046953871697,5.399752745565032,1.673787336239107,0.0010000000022332934,0.0010000000020529854,0.0010000000022632903,0.0009999999985736972,0.0009999999979158863,0.0009999999980369364,8.000622491723811e-6,8.000625482187735e-6,1.884658686583692,0.5755056070346793,1.456571952225452,0.1576830872515988,0.0003593234359325256,0.00013273120065306418,0.0006609190263419808,0.0010359999999999937,0.0010359999999999924,0.0010359999999999927,0.0010003599999999983,0.0010003600000000018,0.0010003600000000018,7.195528370785028,3.116139164992378,6.002227105952518,-0.38682499764196543,-0.25342053727178754,-0.7608773825983788,-39.56958499484592,4.230416833195421,-19.541667217678494,1006.0879760742188,0.09398873791896847,44.33419381304171
2025-06-14T21:17:30.500Z,40.074582250488376,-75.23979648141828,59.834464259242786,-46.33521324814981,3.0476053769218527,-5.893092638233545,5.799565624222126,5.188803898763159,1.6317167482692352,0.0010000000018371355,0.0010000000019285398,0.0010000000022254462,0.0009999999982725197,0.000999999997711873,0.000999999997717,9.00062131327233e-6,9.000625715268653e-6,1.6202743281014529,0.5435254686389642,1.6813254489384304,0.14320679021978125,0.0005939516654450541,0.0001441785846299598,0.0008632778051161155,0.0010369999999999939,0.0010369999999999915,0.0010369999999999924,0.0010003699999999987,0.0010003700000000026,0.0010003700000000024,7.613900338020099,4.56079228581675,5.210916057684793,-0.11095975731752107,-0.3571048743453206,-0.24419725536840306,-39.884822845458984,-4.836160932268415,-13.81339338847569,1006.0899658203125,0.5110221350215591,42.485210023021516
2025-06-14T21:17:31Z,40.07447519307306,-75.23977611616944,56.54774232941408,-49.61386573171517,4.039492938466088,-7.837888298936379,5.787715595811051,5.260238453207941,1.7338022216712319,0.0010000000017101683,0.001000000001709526,0.0010000000020081842,0.0009999999982424654,0.0009999999979866336,0.0009999999976453792,0.000010000620410856206,0.000010000625996303856,1.459630746105998,0.5088082703133289,1.9091264210356325,0.13562957406988804,0.0004265336983440516,0.00015109236165289337,0.0007741663477657434,0.0010379999999999944,0.001037999999999991,0.0010379999999999918,0.0010003799999999986,0.001000380000000002,0.001000380000000002,6.442404333009687,5.408028671881319,3.4265812356635017,0.15358928634186197,0.07885803440796804,0.15700714182585293,-39.35913604345077,-8.27403884056287,-11.070673429048979,1006.0759765625,-0.6986172790358905,41.71518770145768
2025-06-14T21:17:31.500Z,40.07428026315441,-75.2397544919438,53.68631227672516,-51.99364675038562,4.606068902454733,-8.202871811456461,5.6198927914782635,5.5629921441766506,2.0324910314653932,0.0010000000014407742,0.001000000001791125,0.0010000000018645391,0.000999999998085004,0.0009999999978858513,0.000999999997319363,0.000011000619631880837,0.000011000626330812914,1.3545397087142,0.49965224213358855,2.149813033258335,0.12781592130130076,0.00021803956215889363,0.00014673980682782737,0.0006652747158163187,0.0010389999999999935,0.0010389999999999898,0.0010389999999999924,0.001000389999999999,0.0010003900000000025,0.0010003900000000025,8.38463894544158,2.1936843675187587,5.3044487977689005,0.12054294789395267,0.3043275610412044,0.6875047988177732,-38.773595333099365,1.7259376011788845,-14.588906860351562,1006.0699584960937,0.38000510206268795,41.46326748559148
2025-06-14T21:17:32Z,40.07401805822301,-75.23973173447557,51.26991767094662,-54.629413802888685,5.363080392152689,-8.796869684337038,5.608251978363167,5.605160995164231,2.121134491400537,0.00100000000145553,0.0010000000018313194,0.0010000000017793846,0.0009999999982260885,0.0009999999977925742,0.0009999999975165194,0.000012000618898033837,0.00001200062672600594,1.2831121045820597,0.486353788290319,2.4304673559189736,0.12519125590882674,0.00020766691747878743,0.00014895895757435323,0.0006745089520253437,0.0010399999999999943,0.001039999999999989,0.0010399999999999917,0.001000399999999999,0.0010004000000000024,0.0010004000000000024,8.653419124124994,2.0885338572543826,5.203201519487424,0.07269687416866913,-0.013878123732201542,0.1676624975647829,-37.47589447384789,9.090625388281685,-19.212947209676106,1006.0759643554687,0.5296067302409436,43.083814874211974
2025-06-14T21:17:33Z,40.07339964823544,-75.23968471101954,46.010657222395764,-59.67344921805737,5.228420392118027,-9.68923507847658,5.452915801972759,5.732208985876338,2.1309279986165945,0.0010000000016697264,0.0010000000018799008,0.0010000000020223652,0.0009999999980942022,0.0009999999979449883,0.0009999999972758922,0.000013000617790013055,0.000013000627736011357,1.4760999473354879,0.49834980428933384,3.0565295099686796,0.13400801785332034,0.0001700904701649597,0.000154502686581143,0.0006578772662639377,0.0010409999999999953,0.001040999999999988,0.0010409999999999916,0.001000409999999998,0.0010004100000000017,0.0010004100000000017,7.5700236973218145,0.9876533858029278,6.768890308378348,-0.17186760129374107,0.09557831521621428,0.10348316274915316,-34.781642039616905,12.430469334125519,-22.995704015096027,1006.0859741210937,0.4213926970578197,43.50950675274591
2025-06-14T21:17:33.500Z,40.07287739346446,-75.23967070782093,45.28614646233268,-61.33766165962985,5.0303286826595865,-9.652928281021381,5.518290394561738,5.68001967815653,2.0801092934767658,0.001000000001910458,0.00100000000172475,0.0010000000016829056,0.000999999998250233,0.0009999999981290836,0.000999999997294356,0.000014000616691041984,0.000014000628366967906,1.3675569462175798,0.4753812349315437,3.3878043559843865,0.12514173860714947,0.0001737036666286336,0.00016565713754510556,0.0006693025757107619,0.0010419999999999958,0.0010419999999999887,0.0010419999999999922,0.001000419999999997,0.0010004200000000006,0.0010004200000000006,7.381064466889411,0.36606958038787374,6.858558986578868,0.038411988301321844,0.0010344386810117736,-0.1181836736299682,-34.17412666320801,15.791625633239747,-22.12800079345703,1006.0779663085938,0.30087009498851974,43.66795576010325
2025-06-14T21:17:34Z,40.072333121946876,-75.23965818511878,44.47636708719042,-63.1190229860966,4.497898435817577,-9.755332386494894,5.713332826041181,5.703633310639518,2.012666442005919,0.0010000000020371097,0.001000000002108871,0.0010000000017838689,0.0009999999986618378,0.0009999999978157444,0.0009999999970497211,0.000015000615644691702,0.000015000629094879324,1.2918143792973642,0.45756876116222783,3.7420891830354184,0.11894926657028457,0.0001600781817861517,0.0001791307206998405,0.0006678272685776494,0.001042999999999995,0.001042999999999988,0.0010429999999999916,0.0010004299999999975,0.001000430000000001,0.0010004300000000012,6.641121059136689,1.7039476373469156,7.256922358627498,0.2808622090438075,0.12037093013989329,-0.045738666519935856,-34.718024320380636,10.977471418158952,-23.762791611427485,1006.0879638671875,0.2020660062688164,43.48001774990225
2025-06-14T21:17:35Z,40.071338197415635,-75.23962832646737,40.5738491453693,-67.50908260181174,3.7729330705982065,-10.067552675208079,6.013715123320409,5.217343894507341,2.0174728156646276,0.0010000000021903417,0.001000000001677381,0.001000000002043793,0.0009999999985420636,0.0009999999976896764,0.0009999999972784735,0.000016000614045841093,0.000016000630887800663,1.4733606454672947,0.4594022957107863,4.5389291375399505,0.12420762725094016,0.00044731722433596764,0.0001837430587958609,0.0009082444819285841,0.001043999999999995,0.0010439999999999876,0.0010439999999999913,0.0010004399999999974,0.001000440000000001,0.0010004400000000013,7.6236653437594075,3.945927696464337,4.981471460102205,0.3030031220099978,-0.4866999973659997,-0.20392499829423646,-36.00686124475991,3.467835488751894,-25.02347667042802,1006.07998046875,0.14353166476968374,43.985109526302324
2025-06-14T21:17:35.500Z,40.070532870278974,-75.23962563108454,41.15924290427767,-68.2893260406236,2.296430958676741,-9.563791181442735,6.11714493654273,5.304368982480681,1.9050010192683149,0.0010000000023597105,0.0010000000017961592,0.0010000000019863024,0.0009999999983308632,0.0009999999978903267,0.000999999997376105,0.00001700061240562333,0.000017000631972646167,1.3573966572944736,0.4399545661166292,4.915783438241135,0.11231612081378217,0.0002926969243281537,0.00020038629175516524,0.0007851700206738964,0.001044999999999995,0.0010449999999999876,0.001044999999999991,0.0010004499999999978,0.0010004500000000013,0.0010004500000000013,7.270186033882494,4.721335957343832,4.851375240550949,-0.02576309516897895,0.21280267890090807,-0.052326787673053696,-37.97142991565523,-1.4973214978263492,-22.45000089917864,1006.0899658203123,0.1525832061548816,44.136940562255894
2025-06-14T21:17:36.500Z,40.06922905388435,-75.2396127184565,38.364108174978625,-73.54326887870147,0.6640446615259202,-10.259253463606498,5.551320239535079,5.895731298231502,2.4157469504367954,0.001000000002184666,0.001000000001627685,0.0010000000020736225,0.0009999999987110888,0.00099999999788594,0.0009999999970251394,0.000018000610074111204,0.000018000634594550306,1.5075781515593771,0.4339774079243586,5.936450529212862,0.11992779404158077,0.0001794599094576378,0.0001452036817552288,0.000713586052869343,0.0010459999999999942,0.0010459999999999873,0.0010459999999999907,0.0010004599999999982,0.0010004600000000016,0.0010004600000000016,7.148201774594809,3.5298887481671493,5.850855993268888,-0.3020791657141506,0.45363846136955177,0.7784628143336786,-33.74343891143799,-0.29249999374151237,-29.290313816070558,1006.0679809570313,0.10759801242460963,44.683589539693635
2025-06-14T21:17:37.500Z,40.06758368199743,-75.23959944402102,35.64121427566378,-79.80232991649802,-0.7993222442604662,-13.01961320044739,5.128101979704816,5.557804595498569,2.5062195449582227,0.0010000000025783848,0.0010000000017483333,0.0010000000020741022,0.0009999999987658637,0.0009999999979050129,0.0009999999969405792,0.000019000606944144033,0.000019000637940901864,1.619172175928583,0.40101196468900374,7.126718728647048,0.13074363174766884,0.00028788346875277716,0.00013670077535596982,0.0008065137417069383,0.0010469999999999948,0.0010469999999999874,0.001046999999999991,0.0010004699999999977,0.0010004700000000013,0.0010004700000000011,8.315525402521038,3.413407293000183,5.368353810944074,-0.4373300550183963,-0.264102977623202,-0.23131250174258972,-37.81458494398329,4.161250151528252,-24.78708424038357,1006.1039794921875,0.6886445862470654,45.40543771563171
2025-06-14T21:17:38.500Z,40.065510446685494,-75.23957612783194,31.565457081509606,-86.48692130629472,-2.8787014565188693,-18.24028691886848,5.160691701013717,6.0167321734807375,2.4379464101661203,0.0010000000023845273,0.0010000000014010856,0.001000000002445316,0.000999999998751107,0.000999999997902826,0.0009999999968800847,0.000020000603413258187,0.00002000064215093439,1.7021515359426354,0.35256538971185236,8.427132467173926,0.14282007797014404,0.00016321357284459082,0.00015382844279804937,0.0007197587734558367,0.0010479999999999936,0.0010479999999999862,0.0010479999999999897,0.0010004799999999967,0.0010004800000000022,0.0010004800000000004,7.026723728339681,4.671982160079507,5.723737507229618,-0.038624489761871265,0.29554260208013383,0.4556739761130118,-37.7535018157959,-4.856250202655792,-18.86700080871582,1006.0779663085938,0.41506025267457625,42.48375540384593
2025-06-14T21:17:39.500Z,40.06297456883372,-75.2395310720108,25.944777782145454,-92.51381374802415,-5.0103204382562945,-22.783158175128708,4.993025206094589,5.827468767497061,2.5515315194939543,0.0010000000021128377,0.0010000000013651086,0.0010000000026213875,0.0009999999986546454,0.000999999998073382,0.0009999999969891539,0.00002100059988843628,0.000021000647361200357,1.762595642142117,0.3110716323693894,9.83050410394656,0.15114211193978272,0.00020463218310794244,0.00014332132059896076,0.0007433484822423648,0.001048999999999993,0.0010489999999999857,0.0010489999999999894,0.0010004899999999958,0.0010004900000000027,0.0010004899999999993,7.497532274933723,3.5291831326572125,5.880698151849777,-0.1720219380946467,-0.1369454075575798,-0.10974005190107913,-35.80293523048868,4.091326689233585,-27.083036773058833,1006.0759643554687,0.38011715368355353,45.078547349269435
2025-06-14T21:17:43Z,40.07431553948783,-75.23979187446228,76.06723029240676,-5.180862872745643,-0.5241508967316738,1.2514829116842294,0.15765340721037077,5.915060329328515,3.903916395831499,0.000999999999939468,0.0010000000021729682,0.0010000000097077836,0.0009999999928087069,0.0009999999875865122,0.0009999999871349971,5.379026984837587e-10,5.379030577822513e-10,0.32224302737751626,0.01109106252535156,0.011670554222715575,0.07372035198510052,0.00018431491093149144,0.000057555977722059415,0.00010833591079675693,0.0010499999999999939,0.0010499999999999848,0.0010499999999999884,0.0010004999999999962,0.0010005000000000031,0.0010004999999999997,7.888448035844944,1.8956819129193268,5.984729846084748,0.1681513279506004,-0.09232925458456072,0.15672712690700127,-33.970409704714406,11.47346981204286,-28.515307406989894,1006.0839599609375,0.30129914910114375,45.812087397825
2025-06-14T21:17:47.500Z,40.07397188610973,-75.2401145672046,66.89477553644065,-25.392549026752725,-11.690577062703843,-3.8984964314264534,0.18986270902851762,6.131994673947735,3.533362796956474,0.0010000000001671378,0.0010000000024173135,0.0010000000097791205,0.000999999992589229,0.0009999999876860984,0.0009999999870984456,1.0005379124403647e-6,1.0005379253091258e-6,1.8757132561242844,0.15871069722885855,0.06750290029390942,0.10367611017496323,0.00013095325708603798,0.00010024621487862955,0.00016511832095866705,0.0010509999999999927,0.0010509999999999845,0.0010509999999999881,0.0010005099999999963,0.0010005100000000035,0.0010005099999999998,6.992873076005476,0.9627534550623406,7.249587820997067,-0.013655978286331244,0.031276630495009373,-0.09028831454861602,-30.744294539741848,15.569022344506305,-29.142392324364703,1006.0839599609375,0.3393317928068343,45.13181309376549
2025-06-14T21:17:52.500Z,40.07289664703098,-75.24103369848171,45.93295987128851,-49.762325721079264,-21.00479047380848,-10.48975450397571,0.7317457130351266,6.00712104972909,4.070377082328752,0.0009999999999320201,0.0010000000025825783,0.0010000000095857085,0.0009999999927534798,0.0009999999871842932,0.000999999987108779,2.000538013054548e-6,2.0005381387824435e-6,3.4586874174359137,0.4337779244154165,0.24354121288851405,0.13103009987924646,0.00018835421360348655,0.00003659957241224032,0.00014974492734192585,0.0010519999999999928,0.0010519999999999837,0.0010519999999999872,0.0010005199999999956,0.0010005200000000026,0.0010005199999999993,6.909399148630374,1.720110559650987,6.668422393611621,0.18004069071393838,0.04695239320106946,0.14085904205501493,-22.53984459241231,7.3562503059705096,-40.68672013282776,1006.0799560546875,-0.023117795801478023,47.09101218228964
2025-06-14T21:17:53Z,40.072733177162846,-75.24113267704563,47.751512085083824,-51.539788308325875,-21.06382179729134,-10.070817322581338,0.8607416090920691,5.87651811859156,4.242551758172432,0.0010000000000138392,0.001000000002722572,0.0010000000095385492,0.000999999992504065,0.0009999999872531541,0.000999999987431385,3.0005380334516677e-6,3.0005381806913914e-6,2.235518288229604,0.443656163753451,0.26634929657087425,0.10605902632656677,0.0002055257179847781,0.00004651313752696121,0.00013802471932134822,0.0010529999999999934,0.0010529999999999834,0.0010529999999999869,0.0010005299999999962,0.0010005300000000034,0.0010005299999999995,6.480286970774401,1.7197834120400088,7.761643718709897,0.40941457898242484,0.06800494747796167,0.41263437517748697,-17.30820393562317,6.008203352491061,-43.569923321406044,1006.1019775390625,0.4779875654373192,47.26527109761094
2025-06-14T21:17:53.500Z,40.07255701897812,-75.24124168343785,47.412444890018676,-53.202842333441474,-21.742120262450708,-10.185720144174667,0.8014917597107223,5.857887520242932,4.045024556291943,0.0009999999997375708,0.0010000000025413662,0.0010000000097797218,0.000999999992370651,0.0009999999872791247,0.0009999999876012613,4.0005380553510305e-6,4.000538231195366e-6,1.7189920485805636,0.46054999060726104,0.2914639232481861,0.09698483170424733,0.00021898220225570735,0.00005026742500874189,0.00014457548498635704,0.0010539999999999935,0.0010539999999999827,0.0010539999999999862,0.0010005399999999964,0.0010005400000000033,0.0010005399999999996,7.209070584271392,2.005574426447717,6.110750312744087,-0.2600723822121596,-0.2858936052822154,-0.22811162581909222,-18.520536468142556,3.236160845983596,-44.085715793427966,1006.0899658203125,-0.11745678613803669,47.927324989127605
2025-06-14T21:17:54.500Z,40.07216041719021,-75.24148129524916,42.92431869425671,-58.771123009693916,-22.505862902838484,-10.964109369658981,0.8387245504505123,6.025383089471892,3.7348738797842636,0.0009999999999086753,0.001000000002271048,0.0010000000093964528,0.0009999999926117655,0.000999999987457195,0.0009999999873227495,5.000538095976617e-6,5.000538356489986e-6,1.6289518651641282,0.5175408399228313,0.3658767493243342,0.115035733209577,0.0001870503542769169,0.00006797495507906283,0.00019144678166667947,0.0010549999999999932,0.0010549999999999824,0.0010549999999999859,0.0010005499999999957,0.0010005500000000028,0.0010005499999999991,8.143662932916383,1.4013841570360064,6.578061676145657,-0.049792020737074186,-0.09020824387760773,-0.33875851262008666,-15.725000580151876,5.510547071695328,-38.51484537124634,1006.0959716796875,0.7834713070017892,41.96463781507758
2025-06-14T21:17:55Z,40.07191007018855,-75.24159461942945,42.69278542408529,-59.921996537089434,-21.716158924775804,-11.002275697184695,0.6610100879930859,5.997079459205139,3.874453412152077,0.001000000000096741,0.0010000000021461964,0.001000000009552553,0.0009999999924240584,0.0009999999873194156,0.0009999999878396236,6.0005381031981195e-6,6.000538429927912e-6,1.4068263201140858,0.5411312300590773,0.3997682655506514,0.11513827111018642,0.00020223390438260403,0.00006839624203453221,0.00019432062070730716,0.0010559999999999927,0.0010559999999999819,0.0010559999999999847,0.001000559999999995,0.001000560000000002,0.001000559999999998,5.3902541033366695,1.5935654576382792,7.332592622698655,-0.24740312219696764,0.1738843755783128,0.2352000017172685,-16.255804334368026,2.834375111829667,-36.74821581159319,1006.0919677734375,-0.5394335947145862,40.282901255619656
2025-06-14T21:17:56Z,40.07136314712965,-75.24183237865013,38.83184285931666,-62.75485698558318,-21.622621291323046,-10.170529117001326,0.4552542360798308,6.060892525452213,4.3799401015168415,0.0009999999999557602,0.0010000000021355327,0.0010000000096406165,0.000999999992206195,0.0009999999872921442,0.0009999999881523938,7.000538077548288e-6,7.000538603550571e-6,1.475294686045297,0.6104331977748637,0.4848030386908865,0.12582829983281987,0.00017591472931032637,0.00009618547881974538,0.00021936938069274194,0.0010569999999999926,0.0010569999999999818,0.0010569999999999855,0.001000569999999994,0.001000570000000001,0.0010005699999999973,5.089906076652962,0.7935988792904611,8.906391126756208,-0.04263958387623112,0.35849661238610964,0.4287533812278172,-12.809511433476986,1.2476902746635936,-41.69062639319378,1006.0979736328125,0.510254506354416,43.63191738564166
2025-06-14T21:17:57Z,40.07063997928078,-75.24209248051731,36.72934542212137,-65.13025005368159,-25.365393160400696,-10.182321966532339,0.4880716620026022,6.0201076581840205,5.100270958281897,0.0009999999996197328,0.0010000000017584432,0.001000000009368193,0.0009999999921927005,0.0009999999873217032,0.000999999988225831,8.000537909249435e-6,8.000538816239757e-6,1.5481828524481798,0.5989394128692925,0.5807291393299354,0.1223592933474173,0.00010123585842972482,0.00017611883859923862,0.0002502620039140988,0.0010579999999999919,0.001057999999999981,0.001057999999999985,0.0010005799999999927,0.00100058,0.0010005799999999964,5.2715929091958875,-1.435869188598356,8.593272445220283,0.31225033088503906,0.3499325682018567,0.8376957141640207,-8.50996650231851,-5.543412350319527,-40.66571096471838,1006.0859619140625,0.40484259354606844,41.9147318306945
2025-06-14T21:17:57.500Z,40.07012745242441,-75.24223377508878,38.467846908466555,-63.76182788812956,-27.015246699450593,-9.287571134947184,0.5338859745573555,5.9708080072060294,5.2296815453151755,0.000999999999580426,0.00100000000201613,0.0010000000096687287,0.0009999999917212506,0.0009999999877742583,0.0009999999884768864,9.000537668732594e-6,9.000538938711952e-6,1.3793332853278601,0.5777594317589566,0.6203315970056706,0.10386834025448097,0.00010282957284231209,0.0001871020057659374,0.000265927604958029,0.001058999999999992,0.0010589999999999812,0.0010589999999999849,0.0010005899999999937,0.0010005900000000009,0.0010005899999999963,5.060552681574388,0.6128951464016124,8.423765016965104,0.2220812461849652,0.011831249826735507,0.3216531231046965,-5.3233335494995115,-11.585833803812664,-40.49833501180013,1006.0979736328125,0.06797763878870398,42.457982222886415
2025-06-14T21:17:58Z,40.06960260906732,-75.24238772042258,39.489024528096294,-63.164548288681395,-28.881604544544203,-8.662873245516904,0.38811919551454627,5.8906841309486495,5.196869863180243,0.0009999999992987292,0.0010000000018748913,0.0010000000098739136,0.0009999999918848203,0.000999999987741247,0.0009999999885125955,0.000010000537362278507,0.000010000539071989705,1.2625629689834237,0.5651739095541752,0.6685268919757066,0.09279145232113288,0.00011721092159135713,0.00019136097458983902,0.0002738897866890038,0.0010599999999999917,0.0010599999999999809,0.0010599999999999846,0.001000599999999994,0.0010006000000000012,0.0010005999999999958,5.236128791355371,-0.7856643253737555,8.617436200268477,-0.27066382821867685,-0.19787659458639725,0.057542819041392655,-7.491223710648557,-12.514229206328697,-38.93896411327606,1006.1079833984375,0.33620934409901615,41.58080171524426
2025-06-14T21:18:01Z,40.06564964518116,-75.24363265946074,25.00049520227419,-71.67793410690365,-46.246877293428525,-13.479790639931215,0.5538294097727009,0.00025744047736567764,4.566984942063042,0.0009999999994514262,0.0010000000022280524,0.0010000000102522591,0.0009999999917568122,0.000999999987391471,0.0009999999882517913,0.000011000533105359297,0.000011000540182511052,2.268847539315069,0.6417367060030873,1.033029745014493,0.14855197037937318,0.00012459430461051778,0.00016348173030381201,0.00028184189849895494,0.0010609999999999923,0.0010609999999999812,0.001060999999999985,0.0010006099999999947,0.0010006100000000016,0.0010006099999999955,6.2785637177265015,-2.098530578787428,7.636656502597518,0.05542616011060873,0.023868318325168465,-0.27562266958361137,-19.608334223429363,14.380834054946899,-30.275001186794704,1006.0939819335938,0.33025579026590796,38.831262082667024
2025-06-14T21:18:01.500Z,40.064026971703406,-75.24383248494695,31.74439088325992,-71.10884379154267,-46.90206380337185,-12.32079403385075,0.6196140889664032,6.264700786300571,4.498883684527341,0.0009999999993162176,0.0010000000019817772,0.0010000000104773519,0.000999999991699152,0.000999999987542388,0.0009999999877185728,0.00001200053044840333,0.000012000540428077276,1.7782060941226399,0.6242811942918349,1.1035693483890936,0.1350924065698988,0.00012844353428313914,0.00016850771847336701,0.0002875769521855894,0.0010619999999999922,0.0010619999999999811,0.0010619999999999848,0.001000619999999995,0.001000620000000002,0.001000619999999995,5.288651569567778,-0.3236815930124301,8.29456490244593,0.2227460343476769,-0.0609835371222649,-0.06306615849518021,-32.59598359607515,3.053125111829667,-25.409375871930802,1006.0799682617187,0.06624425672802452,41.44215119635412
2025-06-14T21:18:02Z,40.062745143643575,-75.24404988485762,34.77230164248591,-71.97209771299148,-48.126248249043655,-11.759095137892166,0.878006514783278,6.133950776117751,4.560485053262654,0.000999999999508027,0.0010000000020889722,0.0010000000105458789,0.0009999999915629872,0.000999999987553127,0.0009999999875341915,0.00001300052842373489,0.000013000540695658915,1.5160913905981537,0.6341030212364002,1.1844113926691784,0.13294347440630377,0.0001267497923475318,0.0001851275475701297,0.0002830675293440617,0.0010629999999999926,0.0010629999999999817,0.0010629999999999852,0.001000629999999996,0.0010006300000000024,0.001000629999999996,6.4461229928919375,0.7007500376111455,8.329509474772754,0.609336484144109,-0.07766553991129564,0.28126148574960197,-38.76661330775211,12.593586043307656,-23.266283788179095,1006.1039794921875,0.779633415672121,46.93361178165075
2025-06-14T21:18:03Z,40.07433611968255,-75.23980104472699,93.17369368976868,-12.88522658044008,-8.241126611934307,23.337138681403648,6.08625408859466,5.712834223228672,5.912016522368507,0.0009999999991235648,0.0010000000051953526,0.0010000000111651337,0.0009999999897942625,0.0009999999823240412,0.000999999987159242,5.983876873004619e-10,5.983875830024139e-10,0.32661268893224044,0.03265719705523684,0.035079978456632646,0.05933512570461353,0.00011846380681108092,0.000182223298135689,0.0003315495258985201,0.0010639999999999918,0.001063999999999981,0.0010639999999999844,0.001000639999999995,0.0010006400000000012,0.0010006399999999969,6.789141603221556,0.3507989301628235,7.702886270512526,0.6038019954646557,0.14638899731390614,1.1691854908590997,-29.623501319885253,14.659500637054443,-35.96550132751465,1006.1139892578124,0.49430104166603633,48.84634190384306
2025-06-14T21:18:04Z,40.07424300967305,-75.23989446711377,111.67637519359465,-11.421262221303232,-7.470120256522594,23.023067914684926,6.2731116027715865,6.004657483342629,0.5908679934771429,0.0009999999989866236,0.001000000005054453,0.00100000001093367,0.0009999999899259792,0.0009999999823917041,0.0009999999875827867,1.0005983882356842e-6,1.0005983893118144e-6,0.4358012743360272,0.061688050948632986,0.05588016360880351,0.05671346437895345,0.00018631022026271917,0.00011137127599334138,0.00037320866773438594,0.0010649999999999913,0.0010649999999999802,0.0010649999999999841,0.001000649999999995,0.0010006500000000005,0.0010006499999999962,5.368916915894431,0.17681250825046183,9.291117185051666,0.9830275568941889,0.29497756230153427,1.6701291563944967,-8.930067871067974,9.227534232912836,-45.10033952867663,1006.1019775390625,0.9527307518389297,46.892743216884
2025-06-14T21:18:04.500Z,40.0742028979594,-75.23994254440721,116.57832006685649,-10.614068779123599,-6.383444972802801,21.13295030829835,0.3271540833032261,5.9277152278658045,0.603973519582887,0.0009999999993082528,0.0010000000049506276,0.001000000011090115,0.0009999999895402725,0.0009999999821789728,0.0009999999874481043,2.000598388991909e-6,2.0005983920914745e-6,0.48927326889380807,0.09516085490793817,0.07377646740304325,0.05000043207785393,0.00020729605892607958,0.00011701253001131749,0.0004139797111938338,0.0010659999999999908,0.00106599999999998,0.0010659999999999834,0.0010006599999999944,0.0010006600000000007,0.001000659999999997,6.06640028328467,3.2336126784830412,6.856537852382322,0.646173711228205,-0.12608621743241744,0.12874711766705257,-2.794186155463374,-12.640116799709409,-45.65930362080419,1006.0959716796875,-0.07039267499525116,47.45890031669318
2025-06-14T21:18:05.500Z,40.074184007077015,-75.24004635037552,127.23760408771456,-9.017290822024323,-7.349386173613324,19.14450684283655,0.15669251740250723,6.03892677317237,0.34881104276516745,0.0009999999989912978,0.001000000004870484,0.001000000011462407,0.000999999989351013,0.000999999981760647,0.0009999999874805033,3.000598391188226e-6,3.0005984043891577e-6,0.6511255943325523,0.1849247542277514,0.1295507164245349,0.045451851428087386,0.0001828692625496208,0.00014244522091923277,0.00036539841625222725,0.0010669999999999913,0.0010669999999999803,0.001066999999999984,0.0010006699999999932,0.0010006700000000004,0.001000669999999997,4.261386960142491,2.2690603954882764,8.767612202464964,-0.3098286149480532,0.07266381528559719,-0.20421414520395073,3.945312642181913,-8.393229550785488,-45.6072932349311,1006.0999755859375,0.22941582231027302,46.54065176517411
2025-06-14T21:18:07Z,40.074453232323656,-75.24028809613226,136.86206810617867,-3.226871593300059,-11.347174439792035,15.151185700516047,0.6413339963561199,5.965092846626757,5.806896005137733,0.0009999999987844452,0.0010000000051931292,0.001000000011717386,0.0009999999894532083,0.0009999999814499254,0.0009999999870074325,4.000598375329795e-6,4.000598454515885e-6,0.9421372853346042,0.3656602807623,0.2669459118602268,0.0450834739827359,0.0001416668287699827,0.00020512085555345926,0.000346638631469996,0.0010679999999999906,0.0010679999999999798,0.0010679999999999832,0.0010006799999999942,0.0010006800000000012,0.0010006799999999977,4.95346593420947,3.5007887387908183,6.98303466087285,0.13246790548572737,-0.30169763231708835,-0.4534158717989574,-15.496622162896234,3.9364866469357467,-41.771960902858424,1006.1019775390625,-0.529487456003167,44.72732278679386
2025-06-14T21:18:07.500Z,40.074851864916354,-75.24047898042103,128.23647431040422,0.16809937312407408,-16.692108251112277,12.036736265830951,0.5957919378072282,6.121043788567001,5.749877186882436,0.000999999998494304,0.0010000000050136696,0.001000000012090278,0.000999999989533282,0.000999999981128651,0.000999999987434082,5.000598336905411e-6,5.000598482517997e-6,0.9196922967622245,0.42143937442975343,0.31951783083977064,0.044874213985405226,0.00014366562493303519,0.0002088845679722875,0.00033786198106979827,0.0010689999999999897,0.0010689999999999806,0.0010689999999999825,0.001000689999999993,0.0010006900000000003,0.0010006899999999983,5.110728635995379,4.160948848409872,7.099643570346972,-0.20055031139652754,0.1874506243466567,-0.017396876202010872,-19.65703206062317,1.595156303793192,-37.7367205619812,1006.1119873046875,-0.09151325959016095,42.579328203160536
2025-06-14T21:18:08.500Z,40.07552523945717,-75.24085442252871,123.0350256883347,3.8187486564306568,-23.847172761697834,9.329513430320695,0.6662456632492968,5.542416928361503,5.883012036877727,0.0009999999985861126,0.001000000004878705,0.0010000000122701832,0.0009999999891455863,0.0009999999811754908,0.0009999999877042323,6.000598206144209e-6,6.000598568402462e-6,1.0354964595728393,0.556541646071411,0.4482478135604625,0.04543512838402749,0.0003220259109291639,0.00019784898027996897,0.0006484027482584765,0.0010699999999999902,0.00106999999999998,0.001069999999999983,0.0010006999999999937,0.0010007000000000009,0.0010006999999999972,5.701577917200892,2.9807395986644902,7.189605590205901,0.1211030539730716,-0.454918056698892,0.6990002745457649,-18.446076237878135,-1.5283431121429731,-38.29404218806777,1006.1259887695312,-0.1297982272427005,42.53260997673376
2025-06-14T21:18:09.500Z,40.07652462687331,-75.24134009139775,116.06095010675858,6.315231644449923,-30.016090002062413,8.304657736559546,0.20813197849300197,5.580391384134578,0.5515337420471618,0.0009999999983496123,0.001000000004759566,0.0010000000120748316,0.0009999999893667527,0.0009999999808222482,0.000999999987196413,7.000597855290516e-6,7.000598701990652e-6,1.115918742909471,0.7465225488559497,0.608869807726012,0.038061677181784416,0.00034641109543008476,0.0001611817720987221,0.0006585868945784742,0.0010709999999999906,0.0010709999999999797,0.0010709999999999832,0.001000709999999994,0.0010007100000000014,0.0010007099999999978,6.457367684614517,2.9099946955756453,8.622738501370641,0.2447826498206151,0.5109630070971595,1.0094425975377561,-14.686225054215411,-11.260332068618464,-43.85969527886839,1006.12998046875,1.381600508140721,47.60407884703975
2025-06-14T21:18:10.500Z,40.07781502156595,-75.24192080501165,108.83543910688668,9.880544634753068,-37.09450148524114,6.569565300177827,0.5075643702070939,5.578525596613984,0.6971376515609584,0.0009999999985342374,0.0010000000047427579,0.001000000012337873,0.00099999998944599,0.0009999999805540818,0.0009999999871285845,8.00059709625657e-6,8.000598899851383e-6,1.1593923094364609,0.9158791632753822,0.7803229127829487,0.03571691443948629,0.0003079380340195777,0.0001730567086061296,0.0005749731100240584,0.0010719999999999894,0.0010719999999999786,0.0010719999999999823,0.0010007199999999931,0.00100072,0.0010007199999999966,6.198661254884463,1.6599939794667262,8.169540681687351,0.4169803546336154,0.12787351207933745,0.1996550556442879,-5.511628120444541,-17.229506559150163,-46.896804011145306,1006.135986328125,0.6120486892223085,50.26469004589698
2025-06-14T21:18:11Z,40.07897466150323,-75.24232038638056,100.28735467767942,12.304737152713347,-43.37119915271889,4.543903649509889,0.4256454072026692,5.637861073285059,0.6576236048314938,0.0009999999983040472,0.0010000000047892877,0.00100000001210272,0.0009999999892284167,0.0009999999802187797,0.000999999987204097,9.000596214039334e-6,9.00059901921022e-6,1.0592780124936005,0.9759486634791774,0.8365125622370023,0.036308375214046076,0.00026594091685477645,0.0001802232611626126,0.0004984480925952364,0.0010729999999999891,0.0010729999999999783,0.0010729999999999817,0.001000729999999993,0.0010007300000000002,0.0010007299999999966,4.037724567833482,1.2478524888299407,8.83807235539761,-0.21690312189340802,0.2173937483068961,-0.02259999957375683,1.329941916257836,-21.65276230213254,-46.56366410366324,1006.1239868164063,0.020711979306208855,51.36906132614559
2025-06-14T21:18:12Z,40.080287652088266,-75.24304196885362,93.65177181590545,15.16014079231131,-52.78696980525848,1.9611940171912032,1.1093896865109858,5.390612967645696,0.37053446788821526,0.0009999999982883178,0.0010000000050091834,0.0010000000124410421,0.0009999999889648112,0.000999999980349352,0.0009999999870468515,0.000010000594527966397,0.000010000599336920077,1.12122688096131,1.1076188034146937,0.9823869864465339,0.049275578754585644,0.00040307470701810277,0.00018495204392167495,0.0006802010166263241,0.0010739999999999892,0.0010739999999999784,0.0010739999999999819,0.0010007399999999935,0.0010007400000000008,0.0010007399999999971,4.783689483190144,1.7606929411840229,8.396950422184057,0.5334535297538444,-0.2830334242479261,0.04911276998217049,-2.1289063366129994,-13.243359863758087,-48.571877002716064,1006.1339965820313,0.04814419913135433,50.38988929817874
2025-06-14T21:18:12.500Z,40.0814146331709,-75.2435060784356,86.47817867541102,17.131102551838108,-59.550904963199166,-0.26871320360965556,0.9388755031731915,5.455892129019872,0.2679219374538602,0.000999999998131493,0.0010000000051974527,0.0010000000126518915,0.0009999999889267204,0.0009999999804176654,0.0009999999868766523,0.000011000592653994273,0.000011000599517635639,1.0475548170954965,1.1711290605202003,1.0178545019631495,0.05765128798880879,0.0003302264116568843,0.0001928470431072272,0.0005839897060565711,0.0010749999999999894,0.0010749999999999794,0.0010749999999999822,0.0010007499999999936,0.0010007500000000008,0.0010007499999999973,5.1656713137392805,1.9119027322276743,8.681797777012882,-0.5070351716114185,0.057325580958174936,-0.1719125012376355,-6.3932929039001465,-18.034299385256883,-47.276983307629095,1006.1239868164063,0.5073998814780704,51.00213840766595
2025-06-14T21:18:13Z,40.082329494132004,-75.24398165703555,80.14589690375236,18.76647078741948,-65.89312023674393,-2.2628155635228904,1.0417045844493302,5.402959809038286,0.320500240210787,0.0009999999981548347,0.0010000000054137298,0.001000000012369988,0.0009999999892428353,0.000999999979913203,0.0009999999866562536,0.00001200059058555415,0.000012000599720353358,1.0024507561490181,1.2476175665785403,1.0478351781829514,0.06858914891019607,0.00035591597549149384,0.00020051250676147414,0.0005978612099141469,0.0010759999999999882,0.00107599999999998,0.0010759999999999808,0.0010007599999999925,0.0010007599999999996,0.001000759999999996,5.131528275980143,1.338415913669692,9.281073625691485,0.28490087041413154,0.07709680325399594,0.13884389439844452,-3.0091570865276247,-11.393023690512013,-49.22921717444132,1006.1499633789062,0.9156367505785717,50.61982517296062
2025-06-14T21:18:13.500Z,40.08302890057317,-75.24446571251752,74.3549589983674,19.729957323767795,-70.99559643699568,-4.338640832904202,0.8287192423885708,5.330353107006257,0.4164519804930121,0.000999999997919592,0.001000000005259915,0.001000000012402783,0.0009999999894748045,0.0009999999799919868,0.0009999999865809561,0.000013000588258394166,0.000013000599944128347,0.9782526328382148,1.328880537988184,1.0594804776468514,0.07696141990772332,0.00041752011859174314,0.00020489434963118344,0.0006409326886935359,0.0010769999999999875,0.00107699999999998,0.00107699999999998,0.0010007699999999933,0.0010007700000000002,0.0010007699999999967,4.533820697526176,1.6318557645001244,8.071618571182366,-0.2755674443711678,0.0646161462933769,0.19428151103077557,-4.902526809814129,-14.013032466807264,-49.90771492491377,1006.1339721679688,-0.3727564585670546,52.0689405659165
2025-06-14T21:18:14Z,40.08351207226453,-75.24495598715912,68.92614204929657,20.7961240494578,-75.9542112084054,-5.9381454448082,0.577878744766106,5.358532050406804,0.7482356511777081,0.000999999998108717,0.0010000000050902561,0.0010000000122671764,0.0009999999896209816,0.0009999999800102803,0.0009999999862700195,0.000014000585626565331,0.00001400060018841952,0.9698848111066807,1.4314634677040603,1.072296223557382,0.08736159910928526,0.00042554925100071663,0.0001910016313932224,0.0005990336816298648,0.001077999999999987,0.0010779999999999798,0.0010779999999999798,0.001000779999999994,0.001000780000000001,0.0010007799999999958,4.480875744273867,-0.035101063747542446,9.381216362230601,0.03823974947193762,0.3390649962029265,0.2720997479841193,0.8190000215172768,-8.526000356674194,-50.17875228881836,1006.1419799804687,0.6236453044670132,50.90447384198544
2025-06-14T21:18:14.500Z,40.08376540404896,-75.24545001989537,63.84932656635448,21.269524090625808,-80.12163078184625,-7.526505556341967,0.6036512303938898,5.296293659984431,0.7512613548013687,0.0009999999984393652,0.0010000000054467013,0.0010000000123322327,0.000999999989553519,0.0009999999800819844,0.0009999999865880158,0.00001500058266918935,0.000015000600453516504,0.9743325967623229,1.542122438113821,1.0696886471759386,0.0962418673689305,0.0005008136177581525,0.0001940714035120625,0.0006595556057138177,0.0010789999999999873,0.00107899999999998,0.00107899999999998,0.0010007899999999932,0.00100079,0.0010007899999999966,3.567472260654478,0.4063372359315015,9.14011903655134,0.05838401310334736,-0.07842209196647448,0.07498633634563112,2.2984012570665326,-10.161192250806232,-50.52383964006291,1006.1439819335938,0.04759826781418397,51.58668056517293
2025-06-14T21:18:15Z,40.083772010258315,-75.24594436982133,59.146071845003426,22.017657901198906,-83.83648749100574,-8.779861631633368,0.7532429742364105,5.366286052383997,0.5900993276915494,0.0009999999986546428,0.0010000000053479554,0.0010000000121713516,0.0009999999895288524,0.0009999999805203814,0.0009999999863403866,0.000016000579389502466,0.000016000600739188693,0.9881096104761576,1.6719361568875561,1.0671409016522202,0.10469251066143459,0.00037764606416191345,0.00021073365124284985,0.0005655457320015062,0.0010799999999999861,0.0010799999999999788,0.0010799999999999805,0.0010007999999999933,0.0010008000000000005,0.001000799999999997,4.317281738655987,-0.20046087885220867,9.254473261281825,0.036213000516609126,-0.00013925052491313677,-0.23349599873609747,1.6113750648498535,-10.57500036239624,-49.54800247192383,1006.1339721679688,0.44177451914026766,50.68951139768567
2025-06-14T21:18:15.500Z,40.083529466774024,-75.24643774260593,54.82330822079177,21.939997744118774,-86.9731452427458,-10.089491569833887,0.7802475737320594,5.401469173680664,0.5470222821110697,0.0009999999992653492,0.001000000005575346,0.001000000012381318,0.0009999999895757478,0.000999999980557346,0.000999999986606329,0.000017000575816637403,0.000017000601046361668,1.0085774204955762,1.80977915979841,1.0467412512938867,0.11223706712406781,0.0003372770564989646,0.00021975219382915626,0.0005347278880785653,0.0010809999999999867,0.0010809999999999795,0.0010809999999999798,0.0010008099999999943,0.0010008100000000013,0.0010008099999999978,3.2408513081303956,0.8607432337539469,9.10960502311183,-0.012607291166444013,0.00822682292495489,-0.08789713360307094,3.0160157481829324,-12.985156734784445,-49.21797116597494,1006.127978515625,-0.06473253081715613,50.991314515201275
2025-06-14T21:18:16Z,40.08304829293771,-75.24693131757567,50.90339381675253,21.860544164804644,-89.95371786214821,-10.936675995626,0.7228342891584314,5.391482739255552,0.5167355793779012,0.0009999999994895377,0.0010000000052907219,0.0010000000125353127,0.0009999999897507788,0.0009999999803852173,0.0009999999868662557,0.00001800057201612998,0.00001800060137456986,1.0338665880912747,1.9787978440020006,1.0266008970303286,0.12059953911945115,0.00033815768410095455,0.00022896036887192647,0.0005375002113186369,0.001081999999999987,0.00108199999999998,0.0010819999999999808,0.0010008199999999947,0.0010008200000000019,0.0010008199999999982,3.645587020473211,0.010715796525455665,9.89448863861452,-0.1576846863960913,-0.05781843669537791,-0.016626874296570806,2.9302885807477512,-10.66442346572876,-49.2759639055301,1006.1399780273438,0.7730905690610306,50.50180206106251
2025-06-14T21:18:16.500Z,40.0823446302675,-75.24742563004449,47.52515755035551,21.47490837893905,-92.03629492682528,-11.506445507844434,0.8576760202054803,5.3958000339837655,0.5207827706826018,0.0009999999999668904,0.0010000000053614593,0.0010000000124056581,0.0009999999893012148,0.000999999980736422,0.0009999999866476593,0.000019000568071356557,0.000019000601725344218,1.0609423094295964,2.1587422447581606,1.0021338721953432,0.12469843607478355,0.0003327704129806151,0.00023654950899176845,0.0005343406273775151,0.001082999999999987,0.00108299999999998,0.001082999999999981,0.0010008299999999942,0.0010008300000000012,0.0010008299999999977,3.9587922211348694,0.6788238760992809,9.149634462170637,0.28715721816683865,-0.017487778496664556,-0.005934721758079996,2.588696908443532,-12.317952663340467,-49.00013538117104,1006.1379760742187,0.22096608822906588,50.59092251995025
2025-06-14T21:18:17Z,40.08144973492013,-75.24792259109853,44.76880520780641,20.71598497363688,-93.92978552554281,-11.643387770092346,0.6526418231043183,5.437421245104848,0.6269958584628949,0.0010000000000019947,0.0010000000053043425,0.0010000000123479836,0.0009999999894204682,0.000999999981042861,0.0009999999868498483,0.000020000564068012037,0.000020000602099219124,1.0870032420049034,2.370891350824299,0.9764978102713786,0.1286062723715798,0.0003249065813897344,0.00023452556154789658,0.0005247041306479141,0.0010839999999999875,0.001083999999999981,0.001083999999999981,0.0010008399999999937,0.0010008400000000007,0.0010008399999999972,3.580611530347337,0.9670420925617789,9.894510684347752,-0.2349452496250274,0.12056099909980232,0.03918574827754589,3.662755231468045,-14.3816333692901,-48.899619433344625,1006.1299682617188,0.7954991258280754,51.10200336270388
2025-06-14T21:18:18Z,40.07967478853532,-75.24897024202772,38.54256281522591,18.491705816483375,-96.59338829259491,-12.4583007932539,0.8671927121644281,5.408247298021548,0.3954498602338499,0.000999999999906639,0.0010000000050228582,0.0010000000127813305,0.0009999999891881486,0.0009999999813423595,0.00099999998647802,0.00002100055860657938,0.000021000602938385212,1.3570305279427453,2.8048097390529367,0.9566161995127391,0.1374035052950055,0.00028284304701982246,0.00026469673436213596,0.0005177936469245156,0.001084999999999988,0.0010849999999999807,0.0010849999999999807,0.001000849999999994,0.001000850000000001,0.0010008499999999976,3.4082714309692363,1.5703138312048321,8.518156658637096,0.057266462746047825,-0.1576762205069167,-0.09623048584465495,3.226339414006188,-13.079018343062629,-48.82232348124186,1006.1199951171875,-0.4629455438242162,50.646659474473225
2025-06-14T21:18:18.500Z,40.07817304306521,-75.24947245040194,38.391982372782884,17.617945669875223,-97.15867263149838,-12.166316663890731,0.7197906765259949,5.470822233268159,0.5144081703696234,0.0009999999999368218,0.001000000004642658,0.0010000000125101874,0.0009999999890333306,0.0009999999815444559,0.0009999999862179813,0.000022000553521131653,0.00002200060338425458,1.3047935882130826,3.055767879502704,0.9131589130105671,0.13175116753988902,0.0002562365024972192,0.00026596905912669346,0.0005012757926019528,0.0010859999999999871,0.0010859999999999798,0.00108599999999998,0.001000859999999994,0.001000860000000001,0.0010008599999999975,4.106525193691347,-0.40379502068217216,9.133970426546666,-0.07888936127917189,0.1473361701806328,0.008902925600761395,2.9740692503908845,-10.762899358221825,-48.982582092285156,1006.1159912109375,0.2517553011667919,50.239161411662906
2025-06-14T21:18:19Z,40.07674045800584,-75.24999201435993,38.24620648649422,16.17869289996333,-97.75656369403345,-11.65591162457333,0.6847614052015059,5.4920891261452285,0.49632345740184625,0.0010000000001652396,0.001000000004532914,0.0010000000123679966,0.0009999999889922953,0.0009999999816328378,0.0009999999863739251,0.000023000549180250067,0.00002300060385695314,1.2648441802776977,3.336864409827691,0.8787472837235829,0.12639991353720242,0.00023480453827523235,0.00027822486514351795,0.0004975043645510249,0.0010869999999999862,0.0010869999999999788,0.0010869999999999797,0.0010008699999999942,0.0010008700000000014,0.0010008699999999977,3.336364144103535,0.5797128195539474,9.539192293553816,-0.056937244792963124,-0.030941326806074483,-0.05992576329096242,5.922554606976717,-11.443206994429879,-48.50054583342179,1006.1159912109375,0.35146643625921725,50.18288046463136
2025-06-14T21:18:19.500Z,40.075363735525706,-75.25052916250436,38.20435203034732,14.894373561422125,-98.36200807534374,-10.959880204270192,0.5615899678480666,5.581321060093959,0.368526517807446,0.00099999999989751,0.001000000004450894,0.0010000000127651143,0.0009999999890786021,0.0009999999819495045,0.0009999999861106156,0.000024000545371643368,0.000024000604357069666,1.232866463224771,3.6467406858882154,0.8558720594857896,0.12123504058119676,0.00017959675015944007,0.00029713031196395255,0.0004894279915019732,0.0010879999999999868,0.0010879999999999794,0.0010879999999999794,0.001000879999999993,0.0010008800000000002,0.001000879999999997,3.751770174874035,-0.062239997219274104,9.56882371011133,-0.38440156089655486,-0.0025984375117766426,-0.2784434859029661,5.460638492665392,-6.664627941364937,-49.36276797030835,1006.1239868164063,0.507323588768841,50.109017290256915
2025-06-14T21:18:20.500Z,40.07328042688291,-75.25167781005074,35.090683865389536,11.742045894847552,-100.25434194405067,-10.565851783075217,0.4463883743471865,5.53251717362045,0.5431982409596862,0.000999999999649398,0.001000000004547076,0.00100000001301991,0.0009999999892129855,0.0009999999816388185,0.0009999999860772605,0.000025000540956700094,0.000025000605441238107,1.445253795341184,4.300073988456325,0.8502204701411898,0.12346281679871227,0.00021469483376129297,0.00029402323867948023,0.0005014588421290739,0.001088999999999987,0.0010889999999999795,0.0010889999999999795,0.0010008899999999939,0.0010008900000000008,0.0010008899999999973,2.7216628876747997,0.6411979062630812,9.425922798143974,0.03173875005704048,-0.004035999797860563,0.1281730004222259,8.255357469831194,-7.766709532056536,-47.6582924200564,1006.1259887695312,0.06117558578553347,48.98755523580031
2025-06-14T21:18:21.500Z,40.07088883237395,-75.25286569203608,34.117229258077636,9.277574933023512,-102.09570734712534,-9.778277098964924,0.2874977579382794,5.572367203489264,0.7078366498421949,0.0009999999994453584,0.0010000000043976843,0.0010000000130486616,0.00099999998968387,0.0009999999813158252,0.0009999999858362457,0.000026000535541864803,0.000026000606632443987,1.5887657317215365,5.0676674076904495,0.8397036737114107,0.12521034517474725,0.00024191760761906053,0.0002788270071657732,0.0005176804208144382,0.0010899999999999866,0.0010899999999999792,0.0010899999999999792,0.0010008999999999942,0.0010009000000000014,0.0010008999999999977,2.4482238069838966,-0.4388223902542323,9.767292527436739,-0.01738168566539608,0.048515987786437356,0.09326744132027254,11.56875040266249,-8.496250322129992,-46.64708497789171,1006.1300048828123,0.30841986997117143,48.80540788290375
2025-06-14T21:18:22.500Z,40.068414127393936,-75.25408602130972,34.71218367253007,7.422797008612515,-102.98665630864123,-8.378515114302623,0.26998084355317686,5.625830661684707,0.6321428143889204,0.000999999999221996,0.0010000000040649283,0.001000000013239204,0.000999999989573732,0.0009999999814740684,0.0009999999860498597,0.000027000529685999037,0.000027000607936956102,1.669235753209578,5.913649202329735,0.8307403786452776,0.12099546348860546,0.00020544178211294957,0.0002968121455452077,0.0005148433072875262,0.0010909999999999863,0.0010909999999999785,0.001090999999999979,0.0010009099999999942,0.0010009100000000011,0.0010009099999999977,2.6923358396808177,-0.31788215646090795,9.77035753630287,-0.03549687488742461,0.00004687462143277083,-0.07504062457405619,10.71061081110045,-9.143023690512013,-46.58023408401844,1006.135986328125,0.36899689237526623,48.662360550745056
2025-06-14T21:18:30.500Z,40.074379155384456,-75.2400364901109,69.697212517825,164.24981630557463,-26.00120172811616,45.559737191368164,1.214515766957978,0.14682704974038657,1.9611500058710412,0.0010000000014069017,0.0010000000002222957,0.0010000000093680565,0.0009999999885732984,0.0009999999793381337,0.0009999999752072605,1.0593512889979294e-9,1.059351619565113e-9,0.4761117015950657,0.9961122478243284,2.0450765215368794,0.36187356632854656,0.000019507140084515285,0.00011300869521114141,0.00014812221548724552,0.001091999999999986,0.0010919999999999786,0.0010919999999999786,0.001000919999999994,0.001000920000000001,0.0010009199999999974,3.811368792850696,5.584508439425906,5.57725611911603,0.7644367156120592,1.1628859268463143,-0.03269661374764625,-52.39932292440663,22.590489968009617,-52.00312689076299,1006.1059692382812,-1.0171194535790182,77.2032165806329
2025-06-14T21:18:35Z,40.076452998687294,-75.24257253129352,103.17823780087608,205.5061721883647,-71.04677633326531,-15.16091963284567,1.400649390557911,0.5432488524906719,0.9967702241313989,0.0010000000017131054,0.0010000000002996798,0.0010000000089984092,0.0009999999884390013,0.0009999999790301672,0.0009999999749307313,1.0010598514090352e-6,1.0010614007646626e-6,2.7319311438565066,1.0240136927912016,2.8885122292456558,0.16813244067377317,0.00011099509344191866,0.000054026601837304535,0.00024836421196395517,0.001092999999999985,0.0010929999999999775,0.0010929999999999777,0.001000929999999994,0.0010009300000000012,0.0010009299999999975,-5.558504010201908,-4.03954772448562,7.051764093866517,0.1620226162243482,-0.2754467247603064,-0.1818616057389087,-12.552187943458557,30.590626287460328,-13.142344331741333,1006.133984375,0.06610978092113493,35.58175714954767
2025-06-14T21:18:40.500Z,40.08028354121107,-75.24653734105966,57.23993592132382,258.3410681984707,-51.84195894762655,-1.2079997821555226,6.167163656692108,0.49418371854892545,0.42263209586474004,0.0010000000015249623,0.001000000000417305,0.001000000008765579,0.0009999999884058915,0.0009999999792559503,0.0009999999747274863,2.001062625588407e-6,2.0010719142641004e-6,3.801665264149875,0.997654750428884,4.325690635288263,0.11716984908154066,0.00014702373464010342,0.000028150223273617104,0.0002636067261736131,0.0010939999999999845,0.0010939999999999763,0.0010939999999999772,0.001000939999999994,0.001000940000000001,0.0010009399999999975,4.235052507576228,1.2371140019221831,8.497145735532056,-0.6291627688603268,-0.1881105965989005,-0.20646086619976128,4.798005479447385,-9.393351463561363,-42.30439003477705,1006.0939697265625,-0.21111379063537206,43.599459846228264
2025-06-14T21:18:45Z,40.08402668016072,-75.24973609948547,53.04783330702083,237.35151695814986,-68.08232186116162,-3.2106630357317156,0.48994771423363587,0.053466883065599255,6.057740661104195,0.0010000000014541174,0.0010000000006050562,0.0010000000089795604,0.0009999999883792531,0.0009999999791237188,0.0009999999745036916,3.0010657583231207e-6,3.001088355853927e-6,3.3859024110778693,1.223343362393601,4.002333717634592,0.05715800094874885,0.00010096168888827929,0.00005210471638304984,0.00016980671655935498,0.0010949999999999853,0.0010949999999999751,0.001094999999999976,0.0010009499999999935,0.0010009500000000005,0.001000949999999997,-5.756569226034504,0.2541824451495521,7.778734096002834,0.2917340611000071,-0.20812312457871274,-0.21028531351765978,12.039375507831574,20.76984453201294,-43.023282527923584,1006.1259765625,-0.1018311495240351,49.26794944702798
2025-06-14T21:18:50.500Z,40.07446613398607,-75.23991052502893,46.633324302389006,44.40158864223825,-24.35000696915518,-52.02039985343191,0.6981256131646265,4.992098196843381,5.6671520397093715,0.0010000000021749404,0.0010000000001519436,0.0010000000098972857,0.0009999999890481278,0.0009999999781798155,0.0009999999744293034,1.547468517811793e-9,1.5474686356598058e-9,0.480673350022757,0.7756774967435117,1.3336049647074624,0.4242269020146131,0.0001568626947492245,0.0000996233809428458,0.00021277831004465111,0.0010959999999999857,0.0010959999999999746,0.0010959999999999752,0.0010009599999999926,0.00100096,0.0010009599999999965,-5.687774009467626,1.6239050810927063,7.823401605120262,0.34146360900835643,-0.8980316659036464,0.4194902767562192,-17.137500785117926,13.598110997399619,-28.3277627368306,1006.2999755859375,0.029808472795822757,35.79191339798567
2025-06-14T21:18:55Z,40.07505640307606,-75.24156323733419,-37.078783225468044,10.317623259640257,-25.033277621748894,-35.55893536662609,0.2836740805460974,5.383365974995906,6.154786671302124,0.0010000000018734686,0.0010000000004048962,0.0010000000106187145,0.0009999999890492877,0.0009999999783430783,0.000999999974508899,1.001547763135563e-6,1.0015487941439181e-6,3.648089440752571,0.6732086963493373,1.9403198272104998,0.2789510658917136,0.00013274576880150225,0.00008607309677491157,0.00018330827616324172,0.001096999999999985,0.0010969999999999739,0.0010969999999999747,0.001000969999999993,0.0010009700000000001,0.0010009699999999964,-2.8055962834991295,4.104930988605053,8.709546566879938,-0.0008880813958327161,-0.000977616257370883,-0.0008784883471807244,-3.3331396635188613,34.23968177617982,-38.729652670926825,1006.1919799804688,0.25120557409305694,51.80199191180399
2025-06-14T21:19:00.500Z,40.07365443813304,-75.24529491930903,2.516465735319059,-25.733540361419507,-44.16120017256483,-16.425797699326047,0.29838881645763893,5.746324402614598,6.25798492711949,0.0010000000015553962,0.00100000000065356,0.0010000000109662574,0.0009999999890278658,0.0009999999782835107,0.000999999974433648,2.0015492866827108e-6,2.001555666321358e-6,4.276510363064261,0.6870136153609537,3.3575329078719336,0.2009295250035087,0.00014141942233425003,0.0000629722087143575,0.00018996579616841497,0.0010979999999999846,0.0010979999999999736,0.0010979999999999738,0.0010009799999999916,0.0010009799999999996,0.0010009799999999953,-2.0481867402413347,2.90949677530884,9.39280700852074,-0.0011527777659992276,-0.0007555555352232049,-0.001012222196664848,-4.652038211407869,44.35149624036706,-35.02622463392175,1006.199951171875,0.2683414970393011,56.70561995650848
2025-06-14T21:19:05Z,40.070831858807026,-75.24948001740918,20.64409436997512,-48.90534412364738,-60.483930824998424,-11.635805302147869,0.41522849261212635,5.901313692870364,6.195709910146248,0.0010000000020914176,0.0010000000002418304,0.0010000000107966065,0.00099999998912496,0.0009999999785737649,0.0009999999743545637,3.0015516074470798e-6,3.0015683390713107e-6,3.869311504367708,0.748775097470115,4.8014142288616855,0.1693465783559876,0.00013767944406936747,0.000050955788475901556,0.0001972944869877116,0.0010989999999999852,0.0010989999999999722,0.0010989999999999741,0.0010009899999999924,0.0010009899999999993,0.0010009899999999959,-2.56317038953782,2.62880010702738,9.336042370347062,-0.001455921039188992,-0.0009601973591744871,-0.001061513131995035,-3.510937660932541,45.88875198364258,-34.93640785217285,1006.207958984375,0.257523303005697,57.78106065790777
2025-06-14T21:19:10.500Z,40.074457132701006,-75.2399073890467,55.40860242659373,-52.1310020369459,-21.245828231018812,-5.147227866608692,0.45570912346689446,6.067114925504938,5.9130141459235235,0.0010000000017483677,0.0010000000009173595,0.0010000000119640428,0.0009999999894384488,0.0009999999786775027,0.0009999999756830937,1.3609290732386145e-9,1.3609290308808063e-9,0.48039223683935434,0.5758442152145421,1.6929188026754671,0.05761644753168466,0.00010548218413108235,0.00003399095815099597,0.00015900189106451436,0.001099999999999984,0.0010999999999999719,0.0010999999999999747,0.0010009999999999917,0.0010009999999999989,0.0010009999999999952,-2.560010588847633,2.6327071074993467,9.333709766288429,-0.0010149456412178687,-0.0009760869352250692,-0.0007907608450535441,-3.4109043922830136,45.87048039537795,-35.15465578119805,1006.20595703125,0.25164275107634543,57.89282500909207
2025-06-14T21:19:15Z,40.072980739262235,-75.24105678068972,33.74894717819258,-71.39612759713059,-21.937198041858085,-7.527397483683714,0.4619067218335344,6.112762432855185,5.895344650249637,0.0010000000016627101,0.0010000000009084355,0.0010000000120809593,0.0009999999893489265,0.0009999999784180132,0.0009999999755497765,1.0013612741333577e-6,1.0013625986005058e-6,1.7075611874419845,0.6534983443078808,2.2941488284071787,0.07628725912607605,0.00011379889199347424,0.00003841407877795535,0.0001639574693028869,0.0011009999999999833,0.0011009999999999722,0.001100999999999975,0.0010010099999999923,0.0010010099999999994,0.001001009999999996,-2.5901217283317934,2.6412825697296864,9.349554466235595,-0.0011911585022728146,0.0034939026177176757,-0.0014728658040641497,-3.887500138509841,45.74107351757231,-34.994643710908434,1006.2019653320312,0.2760539181863338,57.72328553968233
2025-06-14T21:19:20.500Z,40.070553477105356,-75.2425628607629,27.944562661186744,-87.5706881429869,-23.609453723294052,-6.319008879671816,0.4607800853704155,6.176267040892959,5.862394114326643,0.0010000000014107873,0.001000000001230388,0.0010000000119399065,0.0009999999893997205,0.0009999999782808583,0.0009999999753517862,2.0013629883264474e-6,2.001370840593348e-6,3.1899934353960164,0.7270579925272815,3.383829634741244,0.06824930700345232,0.0001238545724625293,0.000036599208541309404,0.00017367200974234868,0.001101999999999984,0.001101999999999971,0.0011019999999999739,0.001001019999999993,0.0010010199999999983,0.0010010199999999946,-2.585463544009871,2.6319318314054754,9.320574746096556,-0.0007825581517207008,-0.0019752906816370526,-0.0006450581170079602,-3.8572675793669946,45.49971079271893,-33.83110587541447,1006.21796875,0.24522283678711274,56.829923034509754
2025-06-14T21:19:26Z,40.06729580172895,-75.2439187462371,33.24604959573531,-100.62697183785878,-22.978116882878673,-4.742824051825637,0.4288717476556425,6.222320547116729,5.858968903618398,0.0010000000014893599,0.0010000000009042238,0.001000000011870104,0.000999999989615885,0.000999999978441947,0.0009999999754436606,3.0013666789333293e-6,3.001389668392213e-6,3.437586149950757,0.8085051636587853,4.896699364662116,0.05965712383866163,0.0001315222703036291,0.000038961829721793274,0.0001842855748059952,0.0011029999999999842,0.0011029999999999703,0.0011029999999999731,0.0010010299999999926,0.0010010299999999987,0.0010010299999999952,-2.5784273944637652,2.637268304592405,9.314027699314083,-0.0010496527669084455,-0.001374305531808214,-0.0009312499757243084,-3.771964386531285,45.49446563720703,-34.1019656590053,1006.211962890625,0.23827462898802626,56.98168475479135
2025-06-14T21:19:31Z,40.07439431585939,-75.24001811086941,59.62284349738816,-79.70728637319692,-2.4288019326988977,1.294813962814134,0.2502867594320513,0.01620538068255073,5.968366860365238,0.0010000000014292975,0.0010000000019476285,0.0010000000130266477,0.0009999999900603266,0.0009999999787280106,0.0009999999771151179,1.1953355159912135e-9,1.1953353753141534e-9,0.43618677341696815,0.5755324879871548,1.6795726508391626,0.026602865353438393,0.00009237134825472848,0.00003799207126787659,0.00018735459183932807,0.0011039999999999848,0.00110399999999997,0.0011039999999999737,0.0010010399999999921,0.001001039999999999,0.0010010399999999956,-2.5893421681158912,2.632601264519221,9.332385705936005,-0.00060182288903756,-0.0014411458869950907,-0.001117447891473921,-3.7460938841104507,45.7531263033549,-34.138282775878906,1006.21396484375,0.25531006343941387,57.208376399397366
2025-06-14T21:19:35.500Z,40.0694974374936,-75.24407599200742,197.36396241938598,-439.84357517081304,-128.31860112307345,83.64539220501217,0.7025210828383244,0.5670153001765807,0.1083977860351163,0.0010000000011825445,0.0010000000010395875,0.0010000000129905882,0.0009999999912267776,0.000999999978821165,0.0009999999772463627,1.001196506279562e-6,1.0011989054111635e-6,3.5321759145417904,2.2234024551007505,9.066359716404742,0.5870702719850498,0.0003532177627979601,0.00006471504301254843,0.00026082157120033134,0.0011049999999999836,0.0011049999999999706,0.0011049999999999743,0.0010010499999999912,0.0010010499999999981,0.0010010499999999947,-9.626851683501766,-1.5825415565034815,-3.9013404140966124,-0.08716249575555672,2.9635468544597017,0.39540936748804495,7.669602593237704,47.81378039446744,-20.573864438317038,1006.2459716796875,0.7082692512195501,52.61424671890273
2025-06-14T21:19:40.500Z,40.05627443878366,-75.25098616113314,124.84322410117557,-496.64631044782135,-97.79338505393812,-0.8185882111490912,0.09873402477963711,0.38721180059200544,5.759363706123355,0.0010000000006110312,0.0010000000007233856,0.0010000000123620014,0.0009999999921201182,0.0009999999791563408,0.0009999999774579216,2.0011999338345647e-6,2.001219564147637e-6,4.328296213229088,0.8383023935660504,9.269287780951029,0.25086229940082905,0.0003136135708136042,0.00006858484311010183,0.00021440876896904108,0.001105999999999984,0.00110599999999997,0.0011059999999999738,0.0010010599999999913,0.0010010599999999985,0.001001059999999995,1.7761488718858385,9.365340730247388,2.9442794237704746,-0.0005874999340158284,-0.0017138295144950694,-0.0008098403542702393,-19.65638367673184,-20.23284660501683,-13.035239970430414,1006.1699829101562,0.16703699121364024,31.075003276111154
2025-06-14T21:19:45.500Z,40.04311265243246,-75.25642800696481,52.94359347189808,-460.6642688414978,-71.25780195193725,-31.704568427214255,0.1392257733457121,0.36706992867082366,5.780985754952004,0.0010000000008694966,0.001000000000834763,0.0010000000126766711,0.0009999999920183912,0.0009999999790145271,0.0009999999771985151,3.0012013789092482e-6,3.0012483106594455e-6,4.308908329654788,0.7889757614038971,6.555722050613985,0.49220715039563556,0.00014728433536084846,0.00006113148374372133,0.0001709466180273811,0.001106999999999985,0.0011069999999999709,0.0011069999999999745,0.001001069999999992,0.0010010699999999993,0.0010010699999999958,1.7809536612141268,9.363100342704412,2.9893751554819645,-0.0013885869465362637,-0.001119565226268993,-0.001020923860018815,-19.588839894249325,-19.146875835600355,-13.109375522250222,1006.1759887695313,0.18233703818025915,30.36738625322125
2025-06-14T21:19:50.500Z,40.02567583188957,-75.26778344875846,28.863462421844645,-441.95384967934376,-86.44512291696043,-23.44763079550529,0.5056012574175555,0.21831761608068836,5.933761531307919,0.001000000001600419,0.001000000000870335,0.0010000000127484724,0.0009999999917621844,0.000999999979225846,0.0009999999776211495,4.001197627030808e-6,4.001272727265346e-6,4.442803360827554,0.923263700132847,4.1830873972888885,0.3145296987355455,0.000054603264940563986,0.000051104929793654054,0.00016403969002885927,0.001107999999999985,0.0011079999999999712,0.0011079999999999749,0.0010010799999999925,0.0010010799999999997,0.001001079999999996,1.7956250803150937,9.32897436108713,2.9544175267922057,-0.0010757653832599175,0.002395408184858975,-0.001151530560112462,-19.88100070953369,-19.018500747680665,-13.176375617980957,1006.1699829101562,0.14652416560318232,30.505267403514868
2025-06-14T21:19:55.500Z,40.07435640091684,-75.24005723738634,50.44014887160632,-276.74720208765933,-19.719442491093673,-22.103102908469634,0.3866786893511166,5.947087369795884,4.225043271676777,0.0009999999991402138,0.0010000000003388832,0.0010000000121816181,0.000999999995541539,0.0009999999795483167,0.000999999979866981,1.1104906258297798e-9,1.110490627233421e-9,0.40331175529988744,0.7995505643882113,1.3204549603449642,0.0717233463705441,0.00004701595239574357,0.00004653805115664227,0.00017335109118221946,0.001108999999999984,0.0011089999999999718,0.0011089999999999737,0.001001089999999992,0.001001089999999999,0.0010010899999999955,2.7105582372675174,9.04684631729039,3.638247456099675,-0.06939970152533516,-0.40401904435010416,-0.09358333265406159,-20.094573372288753,-24.15986949519107,11.536678063242059,1006.2079711914063,0.3305388603985974,33.47510591606563
2025-06-14T21:20:00.500Z,40.066806476459966,-75.24224149491006,-30.803185430233782,-258.09239369232677,-48.44897482588226,-24.873607304054353,0.7812663200178308,5.7890409395854014,3.7369999945114993,0.00099999999913318,0.0009999999999011672,0.0010000000120529318,0.0009999999956435007,0.0009999999798590913,0.0009999999799144574,1.0011107758173765e-6,1.0011118176686339e-6,2.38548145554682,0.6873628820174849,1.324939695161786,0.1413757112748389,0.00005619962199150902,0.000051112536463887955,0.0001830917112257573,0.0011099999999999825,0.0011099999999999704,0.0011099999999999745,0.0010010999999999922,0.0010010999999999991,0.0010010999999999957,1.9534786583818224,9.706811196644763,1.3019786284358958,0.014554687323160958,-0.056065885068730885,-0.023676041572167503,-13.229521812276637,-25.367953361348903,18.596809265461374,1006.20595703125,0.20092349338505486,34.123176238807645
2025-06-14T21:20:05.500Z,40.05795676991364,-75.24621929728987,-6.617749477544805,-262.8938146452605,-72.62454812374669,-10.30230337394326,1.4096417317395082,5.661260305479414,2.507822988646096,0.0009999999991164472,0.0010000000000665713,0.001000000012014976,0.0009999999959368984,0.0009999999801265638,0.000999999979871378,2.0011114233440007e-6,2.0011158349757818e-6,3.665976642272618,0.6164037861309085,1.6731779236324413,0.09714232113870364,0.0001291821061665769,0.00003115830227609584,0.00022682880648592342,0.0011109999999999816,0.0011109999999999703,0.001110999999999974,0.001001109999999992,0.001001109999999999,0.0010011099999999954,2.328235831187752,9.70955407751184,0.6462036047230264,-0.04493124947185072,-0.21069062343088335,-0.040693749616664755,11.057083702087402,-29.325001102023656,15.268333943684896,1006.1099853515623,0.22179352665920915,34.86163038452654
2025-06-14T21:20:10.500Z,40.04844558319134,-75.25063561022229,23.093219020806004,-255.5197307778569,-80.84173017768055,-4.197470053947903,1.5129907254103876,5.820870466865982,2.3611687249764484,0.0009999999989858542,0.00100000000003464,0.001000000011967528,0.0009999999962602185,0.000999999980305732,0.0009999999795673794,3.0011118473029793e-6,3.001123327966591e-6,3.56196573791426,0.7872582091097511,2.294725652943693,0.05831656967029035,0.00012370671476325337,0.00003301549062222642,0.0002171098763375952,0.0011119999999999806,0.0011119999999999713,0.001111999999999973,0.0010011199999999908,0.0010011199999999988,0.0010011199999999942,1.4573713210778765,9.950769161224299,1.3780550659144988,0.00025714304287594155,-0.010264880971002179,-0.017500000333951344,14.256250614590115,-28.215417777167428,14.076250542534723,1005.811962890625,0.3683304638906828,34.60473666580612
2025-06-14T21:20:15.500Z,40.07436013871562,-75.24004685087073,59.01898192897851,-159.21818862246582,-9.136685978768828,-5.919940128112771,2.076081925283902,5.668936105254555,2.4608650862874337,0.0009999999976616706,0.0009999999996873272,0.001000000011812859,0.0009999999977003686,0.0009999999798016282,0.0009999999813745755,1.3285560451975343e-9,1.3285561249781505e-9,0.3565742144429569,0.720811742827344,1.2538035435034522,0.02385600589901222,0.00009886584420594768,0.00003593463779463743,0.0002299551694534393,0.0011129999999999799,0.0011129999999999717,0.0011129999999999725,0.0010011299999999903,0.001001129999999999,0.0010011299999999937,1.1544207064869387,9.502795001817752,1.223662016194656,-0.003396428488180447,0.014860204034393339,0.010244133619915241,13.875375518798828,-28.899750938415526,14.80275062561035,1005.4039794921875,-0.13274957233556284,35.310614441083125
2025-06-14T21:20:23.500Z,40.06849221712279,-75.24031032745921,10.991866397848597,-139.23539777334724,9.445471477716673,-11.422937369909873,1.8340522402610233,5.955148867517207,2.5938396908450927,0.0009999999974064924,0.000999999999901459,0.0010000000118023243,0.0009999999980450226,0.000999999979766985,0.000999999981341126,1.0013300670091873e-6,1.001333088788936e-6,2.9265522800152493,0.9207252940712278,2.381322908417122,0.12918645430669934,0.00006636540186941643,0.000036175599379801554,0.00020075634630617077,0.0011139999999999794,0.0011139999999999718,0.0011139999999999718,0.0010011399999999902,0.0010011399999999998,0.0010011399999999937,1.5795402890519015,9.479411332586851,1.8902392435882187,-0.006774999591854276,-0.011458967769971183,-0.017730162721614196,9.336648074063389,-28.42968867041848,12.923438050530173,1004.815966796875,0.0098017905531951,32.594971053585596
2025-06-14T21:20:25.500Z,40.06684439974165,-75.2404612592808,30.112990230050187,-144.74165900592772,10.656952459440568,-6.4601185226514115,1.740617557814668,6.021518389874043,2.7022279183902627,0.000999999997140209,0.0009999999997663705,0.0010000000120768634,0.0009999999981028997,0.0009999999801165494,0.0009999999814653518,2.001330789601148e-6,2.0013361437206198e-6,2.6905281917113286,0.8333876156329346,2.712063902263096,0.09643221600799509,0.00006252707943669944,0.00004209461963257551,0.00020253538007315535,0.00111499999999998,0.0011149999999999708,0.0011149999999999706,0.001001149999999989,0.0010011499999999997,0.0010011499999999928,1.1514171322246645,9.664883413175355,1.9358549690622842,0.0052093748624767195,0.017437499655747216,-0.013306249893492007,13.272017565640537,-28.98537050593983,12.58593808520924,1004.7579711914062,0.13904841231165382,34.27390425066716
2025-06-14T21:20:30.500Z,40.06275967879593,-75.24029593989624,44.42095226613776,-145.25220609830518,18.45570881868496,-3.255532511127127,1.669884407758306,6.08385009748852,2.680907871792691,0.0009999999972270957,0.0009999999999594784,0.001000000011964495,0.0009999999982791908,0.0009999999798581218,0.0009999999813244038,3.001332349215749e-6,3.001348294150572e-6,3.43786062236546,0.9437340730006898,3.482683576656261,0.07526975434350476,0.000051681141478554155,0.00005224648786694242,0.00020473151451806318,0.0011159999999999805,0.00111599999999997,0.00111599999999997,0.0010011599999999888,0.0010011599999999992,0.0010011599999999923,1.6102058796450331,9.540263314180828,2.338093126485306,-0.00029111117514336665,-0.015049444048339775,-0.005849166590812206,12.732528989965266,-28.677273880351674,11.287926543842662,1004.5559692382812,0.16794157027979226,33.345422972603735
2025-06-14T21:20:35.500Z,40.07285759476279,-75.24159707341683,69.22451023553013,-89.38880910460387,-24.433569275308955,-0.8097982923534736,1.6108482373011281,5.945907788568254,2.0965050603343607,0.000999999996686369,0.0009999999997453441,0.0010000000111314354,0.0009999999982954952,0.0009999999805577744,0.0009999999831350078,1.7951629151756957e-9,1.7951629466436875e-9,0.40768801486099293,0.7101176838838554,1.3942887920954434,0.026261512622829136,0.000034300407569629156,0.00005656977730542956,0.0001571981521516253,0.0011169999999999802,0.0011169999999999691,0.0011169999999999691,0.0010011699999999887,0.0010011699999999994,0.0010011699999999922,1.9914136017653126,9.317089665593368,2.6962960394662345,-0.011034062630173088,-0.048358436792504775,-0.007833749862804282,13.487500508626303,-28.020090330214728,12.004018374851771,1004.485986328125,0.12275934535914328,33.33363475490039
2025-06-14T21:20:40.500Z,40.07024719919928,-75.24308430477953,62.964492822932435,-73.61157653466066,-25.755136395404854,-2.335898743764984,1.6041611073869624,5.947524711957453,2.0920055969312386,0.000999999996996373,0.0009999999998115661,0.0010000000113500045,0.000999999998408514,0.0009999999806288235,0.000999999983517938,1.0017954419866883e-6,1.001796863812761e-6,1.2547557730677819,0.9113181093155516,1.9225085053807267,0.038072297406190406,0.00004081963596501282,0.00006649305000817437,0.00016641484325920358,0.0011179999999999803,0.0011179999999999695,0.0011179999999999693,0.0010011799999999878,0.0010011799999999982,0.0010011799999999913,1.4689963033232447,9.585511754989879,2.383058871854141,-0.0004851063840642356,-0.001468085153758187,-0.0005055850129355376,17.27070375283559,-28.076563755671184,1.6964844390749931,1004.469970703125,0.20752566688633942,33.006747035833214
2025-06-14T21:20:47Z,40.067805892960315,-75.24432023341754,61.19058813852524,-63.39634735710309,-1.6433610034108295,-0.749508849549521,1.5638682733851208,6.210905839338857,0.8572568528125977,0.0009999999970630564,0.0009999999994611917,0.001000000011153726,0.0009999999986113257,0.0009999999807466028,0.000999999983503598,2.001796251608507e-6,2.0018054987963476e-6,2.9290336112222235,1.5459844967018601,2.688455449181671,0.062068640524085776,0.00007157849187112238,0.00003832442855290626,0.00017595025747894265,0.0011189999999999796,0.0011189999999999705,0.0011189999999999685,0.0010011899999999882,0.0010011899999999988,0.0010011899999999917,3.939531592039406,9.446555098422927,0.6300290931502218,-0.10668668401600451,-0.4795807048303281,-0.09192934727640244,10.286413400069527,-25.33328914642334,-10.427853687949803,1004.4219848632813,0.47369437588685553,29.262997149522576
2025-06-14T21:20:50.500Z,40.06655358725267,-75.24456998429073,66.44116899451814,-59.54712462865557,-3.7192206314420515,0.9259011002739743,1.5896783654192752,6.24748899864034,0.8702178590474383,0.000999999997251172,0.0009999999994089832,0.0010000000114186187,0.0009999999984012097,0.0009999999809024369,0.000999999983138596,3.0017958399780576e-6,3.0018137899153344e-6,2.772630032421811,1.8405575336095172,3.10451476150563,0.03524401587550825,0.00008082419364904401,0.00004067090564466262,0.00018805823993460773,0.0011199999999999797,0.0011199999999999713,0.0011199999999999685,0.0010011999999999881,0.0010011999999999987,0.0010011999999999916,1.2461316366632869,10.078372832650171,1.0585526889247159,0.007250000172479442,0.003520731747504777,-0.013006097422634942,1.5853619073566638,-23.266777189154375,-16.411184913233708,1004.37197265625,0.42966482261356564,28.516317946939754
2025-06-14T21:20:55.500Z,40.07320632251275,-75.24301848348006,71.47392958360345,-27.96127316365141,-15.426543922867706,-0.6177334048589915,1.629312012900787,0.03566017473778402,0.8687162559261069,0.0009999999973729213,0.0009999999994362988,0.0010000000109248307,0.000999999998296418,0.000999999980914323,0.0009999999837584875,1.6630253476216723e-9,1.663025454995055e-9,0.6670810004309168,0.9572522763231812,1.2788303298195565,0.013478374255788916,0.0000635395398625887,0.0000382001689382957,0.0001863925672074123,0.0011209999999999807,0.0011209999999999703,0.0011209999999999673,0.001001209999999988,0.0010012099999999985,0.001001209999999991,1.4386882182700893,9.586491211138863,1.7315000872623298,-0.008054807497261254,0.001464422808046148,-0.012701602352494429,1.700304950155863,-23.896189898979372,-16.532927396820813,1004.2719848632812,0.06849888402919606,29.10762207007595
2025-06-14T21:21:00.500Z,40.07213369951064,-75.24402670127357,64.34739567157679,-14.618535419409975,-18.766541075079957,-3.07277056535263,1.628350709199559,6.273107944693743,1.0780942763358363,0.0009999999971301175,0.000999999999754917,0.0010000000109142556,0.0009999999979782926,0.0009999999809891128,0.0009999999837870459,1.001663277600959e-6,1.001664593403898e-6,1.3012714921162658,1.3011942499852518,1.7607952473168278,0.03268472038150705,0.00006717959552157861,0.00005146273717261709,0.00019172296373663774,0.00112199999999998,0.0011219999999999705,0.0011219999999999679,0.0010012199999999876,0.001001219999999998,0.001001219999999991,0.9535289978509277,9.417113583013196,2.148038270889199,0.0005881249348905018,0.043745937509455775,0.005974687536656095,1.925304956552459,-23.60625080946015,-15.851067636071182,1004.1979736328125,-0.07238513285888154,28.499391731377756
2025-06-14T21:21:05.500Z,40.07116574728874,-75.24507596528694,58.06667748684078,-4.046560931124066,-17.03785535668898,-3.0439801604757637,1.5837119261358041,0.07940313090605111,1.0449073660990131,0.0009999999971163117,0.000999999999989799,0.0010000000107510832,0.0009999999981535766,0.0009999999812514786,0.0009999999835952028,2.0016640351433814e-6,2.001670443661948e-6,2.3189825520436287,1.5439741653691905,2.5256542664928068,0.0498255033467352,0.00006676001865282084,0.000059982064709410853,0.00020485189429878884,0.0011229999999999788,0.0011229999999999715,0.0011229999999999676,0.0010012299999999873,0.001001229999999997,0.00100122999999999,1.4353898416078477,9.68044366957949,2.1450739523063236,-0.002744531238525372,-0.0034177082139103445,-0.019725781112916882,6.7817937498507295,-23.22676704240882,-15.927717913752018,1004.17197265625,0.24013686727659528,28.968339466771308
2025-06-14T21:21:10.500Z,40.070027915041265,-75.24596245670583,58.095392058078055,3.956665495923353,-15.036617453769026,-2.9647975913310427,1.600533452486103,0.03624731403925187,1.1390876187929888,0.0009999999970007414,0.0010000000000525097,0.0010000000110824264,0.0009999999984710024,0.0009999999812617861,0.0009999999831902147,3.0016644550210673e-6,3.0016829561233534e-6,2.9698641042913385,1.5374259268169368,3.5875300926730076,0.0516478606750147,0.00005672175186366054,0.00007315874436502426,0.0002059746988659285,0.0011239999999999798,0.0011239999999999725,0.0011239999999999686,0.001001239999999987,0.0010012399999999979,0.0010012399999999905,1.100947781378747,9.564790208903235,2.2898819358349707,0.009879687200361765,0.023973437276713284,0.006218750074302016,6.921811493075624,-23.856505763774017,-14.850000576097138,1004.2559814453125,0.11781457339180132,28.94069662881717
2025-06-14T21:21:16.500Z,40.07524049661245,-75.24605411058728,66.83213166274032,3.389460913112291,15.228710036084298,-2.650758478798569,1.5267075816905313,0.19884112279700514,1.215982596098942,0.0009999999974021389,0.001000000000360036,0.0010000000108338243,0.000999999998522956,0.0009999999810467064,0.0009999999838248286,2.4915528143834803e-9,2.49155291752981e-9,0.5451178086811483,0.6936014387314816,1.5522926767039824,0.024176996848493185,0.00003809064193718449,0.00006095154825450145,0.00020294345694225782,0.0011249999999999804,0.001124999999999973,0.0011249999999999693,0.0010012499999999863,0.0010012499999999987,0.0010012499999999898,1.1419375527042672,9.443696346918689,2.6627834575330325,0.002039864824751163,0.00994797280653404,-0.02031317536543381,8.095559622112074,-22.361842908357318,-15.618257196326004,1004.4939819335938,0.09607881806551363,28.452015285514427
2025-06-14T21:21:32Z,40.079250636084986,-75.24014658858145,45.26080451972189,25.904087397216404,59.89802049717348,-3.8316448926955964,1.432772843619268,0.37810886406183064,1.358805907549698,0.0009999999973716307,0.0010000000003026334,0.0010000000108526593,0.0009999999983810958,0.0009999999812864006,0.0009999999837200814,1.0024957340595546e-6,1.002512585218776e-6,4.451438786274423,1.8799801490364425,3.1013269799311045,0.0764151013183827,0.00005600179868246422,0.00003378658263793998,0.00022557300176229576,0.0011259999999999792,0.0011259999999999719,0.0011259999999999688,0.0010012599999999852,0.0010012599999999982,0.0010012599999999886,1.6695589022732515,9.635949062347052,2.1243236412126705,-0.005008653631914971,0.005310897241553973,-0.02303525594035997,6.20961567071768,-24.131731766920822,-13.809135168026655,1005.0779663085938,0.2198968065038096,28.488403381832995
2025-06-14T21:22:08.500Z,40.08128620553075,-75.25265254517265,46.28502531965286,70.9752370819535,100.77507949920027,-5.114969379364366,1.508189489327334,0.1371989914688071,1.5404475085537908,0.0010000000000798385,0.0010000000011633416,0.0010000000117673868,0.000999999999371445,0.000999999978494834,0.0009999999832346423,1.6067445110632403e-8,1.6067450786043116e-8,1.2374939212078868,1.5426512925414722,1.0956496776722646,0.035089239142792286,0.000048362345741482626,0.000015347227498835668,0.00016186663457965354,0.0011269999999999802,0.0011269999999999724,0.001126999999999969,0.001001269999999985,0.0010012699999999977,0.001001269999999989,1.3900743560136104,9.504740383692846,2.4260215451608853,0.0009756578856504332,-0.00021118408579878952,0.0008055919034371212,2.45015634894371,-23.74781346321106,-14.990156841278075,1007.1119873046875,0.11351016845780082,28.189782741301826
2025-06-14T21:22:44.500Z,40.085135603603995,-75.25718745643029,55.331982054371636,183.55286756354968,-95.74384941311119,15.571551743975185,2.2811615391660642,5.513476491135998,0.8479408278977629,0.0010000000054915272,0.0010000000027840974,0.0010000000115033293,0.0009999999967417572,0.0009999999686949857,0.0009999999833045497,1.5943255611996876e-8,1.5943263782850303e-8,1.2933490095520974,1.3273313923754906,1.6158096064844765,0.045691514521523105,0.000012097287394749064,0.000019175821116303266,0.00003969976565161627,0.001127999999999979,0.0011279999999999717,0.0011279999999999678,0.0010012799999999846,0.0010012799999999978,0.0010012799999999898,1.373229663184631,10.018443356259798,2.5145123715380335,0.022391499948385064,-0.01830025022934098,0.043816750155763376,8.20875036239624,-24.000001068115235,-13.438875522613525,1008.1439819335938,0.6436945153544971,28.70512315074904
2025-06-14T21:22:49.500Z,40.086235129214906,-75.26402689449871,60.825022565956154,206.11100389961481,-135.98334043810834,-9.391049794328781,2.296365060483195,5.51205674159954,0.9251409176492115,0.0010000000052592362,0.001000000002668271,0.0010000000113166523,0.0009999999970644023,0.0009999999686847439,0.0009999999837279007,1.0159439479495067e-6,1.0159453082048144e-6,2.082130460552362,1.6063093809090514,1.8062458230366125,0.06426579802147032,0.000021354326641257058,0.000028637882545538695,0.0000505939089487891,0.00112899999999998,0.0011289999999999723,0.0011289999999999668,0.0010012899999999837,0.0010012899999999971,0.0010012899999999898,1.1104133926674447,9.940833856367929,2.1800367601912094,0.010959574376816078,0.006787765996091437,-0.007626329704910066,9.54773977969555,-22.188830517707988,-13.357580387845953,1008.0099853515625,0.4627479518850008,27.603001399663576
2025-06-14T21:22:54.500Z,40.086791115609834,-75.27263676486385,7.2632322480914695,224.31386571108388,-165.0949499250242,-25.770613115678124,2.0941904669398244,5.595144388200037,0.9995598705612887,0.0010000000052059537,0.0010000000029027382,0.0010000000112090324,0.0009999999970123853,0.000999999968131901,0.0009999999839089611,2.0159462083643452e-6,2.0159514178906324e-6,2.927807817208029,1.9490042966819918,2.067207149023616,0.06597495447349795,0.000028547663080841336,0.00003651194779253382,0.00006128727752807546,0.0011299999999999802,0.0011299999999999728,0.001129999999999966,0.001001299999999983,0.001001299999999997,0.0010012999999999901,1.698512580818308,9.11978372637164,2.56619596186142,-0.02114551289945718,0.005504808082397073,-0.0170804486384231,8.378506404597585,-23.519817910543303,-14.543598175048828,1007.9359741210938,-0.14906792321965004,28.894541327404145
2025-06-14T21:22:59.500Z,40.08474524437328,-75.28274481943384,-33.66809511706026,230.10994019196093,-191.33393690580328,-29.16486741833118,1.87178014928397,5.690226899533522,1.119053809518596,0.0010000000049883487,0.0010000000028935379,0.0010000000112128213,0.0009999999970413587,0.0009999999674298946,0.0009999999836448278,3.0159499595172537e-6,3.0159625439501365e-6,3.2287491789149243,2.470667240184959,2.3593286415751016,0.07162786489803163,0.00004031145480951904,0.000041419135999091055,0.00007372336430033844,0.0011309999999999808,0.0011309999999999732,0.0011309999999999656,0.0010013099999999836,0.0010013099999999974,0.0010013099999999905,0.8515635550703042,9.464904467811776,2.642190675479402,-0.006818597287949873,0.025410060705365892,-0.012459451095896556,9.537187838554383,-22.789219617843628,-13.984688091278077,1008.2119750976562,0.09058113291221202,28.387939367677873
2025-06-14T21:23:04.500Z,40.07787205035367,-75.24916593766181,17.68996110225388,142.43309772989443,-149.44075594215911,-15.317999067465628,1.3838626375465517,5.724229622894487,1.3438282594790358,0.0010000000075129963,0.0010000000032857647,0.0010000000110698564,0.0009999999953438936,0.0009999999631850642,0.0009999999839256798,4.8011296621045974e-8,4.801129877642679e-8,1.2802164272601375,1.1804600189258596,1.059449883724867,0.05160119725624205,0.00006222458180978338,0.0000379017779192246,0.00008462174972831768,0.0011319999999999811,0.0011319999999999735,0.0011319999999999661,0.0010013199999999835,0.0010013199999999974,0.0010013199999999904,0.5943909327988158,9.16578226355061,2.393204654014096,-0.008795191987873837,0.046180128304428754,0.017745833283932352,11.194243832638389,-23.513487715470163,-12.298520213679263,1008.5359741210938,-0.278642913350562,28.800102006239623
2025-06-14T21:23:09.500Z,40.077253767053044,-75.25835916329191,-23.035424379889697,137.36714989516895,-165.62492099238582,-14.836425563857148,1.3493856927877304,5.6700448983977,1.2700593235270643,0.001000000007357571,0.001000000003182231,0.0010000000111980354,0.0009999999954270926,0.0009999999628349473,0.0009999999839007793,1.048011824589579e-6,1.0480125340026378e-6,2.3999354405937967,1.5867445267827203,1.1252439267387613,0.06782054708866636,0.0000817945143972231,0.00004462203600688975,0.00010518830779176691,0.0011329999999999815,0.0011329999999999739,0.0011329999999999663,0.0010013299999999828,0.001001329999999997,0.00100132999999999,1.4438487031122902,9.252784244121669,2.31772037615829,-0.007871562527958804,-0.013763436905080695,0.023994062112886138,12.216071968986874,-23.01919719151088,-11.224553971063523,1009.01396484375,-0.12180247680195871,28.374347309419278
2025-06-14T21:23:14.500Z,40.076051460680766,-75.26793664993036,-23.896895770430078,133.69902556267238,-174.5634442950917,-9.912877647941487,1.2991607458249383,5.800171521052094,1.2348186172046693,0.0010000000072229811,0.0010000000032668376,0.0010000000110084231,0.0009999999952303815,0.0009999999628900146,0.0009999999839034178,2.0480135988057775e-6,2.048016155145174e-6,3.12615614298496,2.283048708502767,1.206525155551488,0.06882033107763035,0.0000905306336067154,0.00004457307530187263,0.0001129680033927624,0.001133999999999981,0.0011339999999999734,0.001133999999999966,0.001001339999999982,0.0010013399999999962,0.0010013399999999892,1.429236425243411,9.324541377064383,2.8386842212050256,-0.007396500109778598,0.000941499980078708,-0.002058749875718341,12.820500583648682,-23.324625854492187,-11.277375354766846,1009.583984375,0.08285702976689158,28.906394915294403
2025-06-14T21:23:19.500Z,40.07416585474359,-75.27779532068905,-12.668556229948749,133.6518476178126,-178.4004969923627,-5.591756827111665,1.2885066309344884,5.895631094816778,1.2323067332229563,0.0010000000074151202,0.001000000003413253,0.001000000010670206,0.0009999999952005486,0.0009999999631626275,0.0009999999841827833,3.0480169098833975e-6,3.0480223852624604e-6,3.260946191004522,3.29287738090389,1.2850791621812494,0.05691310724715902,0.00010085470156071037,0.00004321535199062419,0.00012120029666848565,0.0011349999999999804,0.001134999999999973,0.0011349999999999655,0.0010013499999999833,0.0010013499999999963,0.0010013499999999903,1.4496054812516976,9.30460313044041,2.9261609356164393,-0.0018577378640772602,0.005554166734785259,-0.00012916665528878764,13.151786304655529,-23.07053652263823,-11.035268215906052,1010.12998046875,0.09278999277316086,28.75749230704759
2025-06-14T21:23:24.500Z,40.07780428170707,-75.24913091238783,22.80191223648707,52.27052859924495,-123.54189306874287,2.681817301483445,0.955116042922368,5.86416471128351,1.2662773200881419,0.0010000000078024293,0.001000000003309337,0.00100000001079484,0.000999999995210908,0.0009999999619523573,0.000999999984240918,4.8015843955129595e-8,4.801584560748464e-8,1.3778262687154474,1.516952064313446,0.8172776657440337,0.033418127407858544,0.00007880562071307527,0.000038291967991927164,0.00014153621538249615,0.001135999999999981,0.0011359999999999736,0.0011359999999999658,0.0010013599999999841,0.0010013599999999956,0.0010013599999999913,1.2247775599062798,9.919449221130773,2.8773313724571308,0.014722964970905996,-0.017723837482530383,0.02147645320912897,13.246875502846457,-22.015483812852338,-10.357244686646895,1010.6199829101563,0.6313333725648113,27.70254399174479
2025-06-14T21:23:29.500Z,40.07596000416608,-75.25670464940895,24.11249084409509,38.05506386485261,-133.69019183634893,-0.01848771191961529,0.945483135830024,5.9099463370255085,1.2386376638184065,0.0010000000076060517,0.0010000000032322264,0.0010000000103923044,0.0009999999951942873,0.0009999999621323559,0.000999999984254386,1.048016300662074e-6,1.0480168405519858e-6,2.1986474864238987,2.1475434768683708,0.9974560781409376,0.04947294764148058,0.0000836544748610501,0.00004356856738920588,0.00014322445057366031,0.0011369999999999816,0.001136999999999974,0.0011369999999999664,0.0010013699999999845,0.001001369999999995,0.0010013699999999915,1.2679415199104358,9.026541916541536,3.992472174889539,-0.0036491671752722525,0.0015452780193421787,-0.013268054997311414,13.312500529819065,-22.18541742960612,-10.033333693610297,1011.1239868164063,0.18273619274697822,27.750322251253202
2025-06-14T21:23:34.500Z,40.07360462365893,-75.2648466030204,15.999602713085057,22.834922066460415,-141.65513021124787,-1.0660511543203963,0.9749446977212664,5.897542803759228,1.2465872212513522,0.0010000000077896578,0.00100000000317588,0.00100000001050407,0.000999999995494122,0.0009999999622257593,0.000999999984404474,2.048017811013292e-6,2.0480200008347203e-6,2.8578409239081166,2.8945188052907342,1.2849423274478489,0.058442211755031365,0.0000889995402605385,0.000044166816425109244,0.00014904478747200647,0.0011379999999999806,0.001137999999999973,0.0011379999999999654,0.0010013799999999834,0.001001379999999994,0.0010013799999999903,1.5812933153047408,9.320122092166452,3.8732447950446103,0.007557737964975419,-0.00015208335549608148,0.00017202349739065675,13.141346809191582,-23.024519993708683,-9.428846554878431,1011.6379638671875,0.44827389449057653,28.137587105077724
2025-06-14T21:23:39.500Z,40.070775094738416,-75.2732959051237,7.016198063612869,5.766402733277278,-147.15969070902543,-3.7799159468461543,0.981579897884578,5.901316206533028,1.2352901647313608,0.001000000007618263,0.0010000000030790808,0.0010000000107367613,0.0009999999950665484,0.0009999999620302516,0.0009999999843125662,3.0480206743600505e-6,3.0480263411483663e-6,3.1870888907501937,3.4070008802047935,1.7767752646632033,0.07345218990810203,0.00008769626162139215,0.00004586960061135871,0.00015328489798937077,0.0011389999999999812,0.0011389999999999736,0.0011389999999999662,0.0010013899999999835,0.0010013899999999942,0.0010013899999999905,1.2647367903281186,9.529581065583459,2.678780755713722,-0.00041700002659283573,-0.0013052500257643112,-0.00042799994093778795,13.246500396728516,-22.109250679016114,-12.147000637054443,1011.7539672851562,0.21208585450141818,28.492726626556184
2025-06-14T21:23:44.500Z,40.08046648992347,-75.25349033903254,14.87508890380033,-20.97629519499406,-76.77797760719342,-3.645334367585155,0.8519137874931807,6.110843802459615,1.0936670374281399,0.0010000000071814473,0.001000000003502299,0.0010000000102038942,0.000999999995265812,0.000999999962488624,0.0009999999840789445,7.15990516100961e-8,7.159905492023507e-8,1.484949493528704,1.270617301238195,1.1132130367155788,0.04169094288765188,0.00005220895596803224,0.00004224366874331994,0.00015321554544533078,0.001139999999999981,0.0011399999999999737,0.0011399999999999672,0.0010013999999999843,0.0010013999999999947,0.0010013999999999913,1.2721432995204522,9.523457261365955,2.682244711633204,0.0004601190113791612,0.00009345229103824098,-0.0016744046649527853,13.125000721070824,-22.49725681397973,-11.90396385658078,1011.761962890625,0.20266229826184368,28.637277394761487
2025-06-14T21:23:49.500Z,40.078504859503326,-75.25772020406727,-2.3633717372952336,-36.86531985119876,-67.2057208581671,-6.349913968467623,0.8716996255886599,6.151842612122726,1.0848737838857714,0.0010000000069237543,0.0010000000038754662,0.0010000000101857466,0.000999999995386731,0.0009999999625776765,0.0009999999842301445,1.0715994455061236e-6,1.071600584281724e-6,2.4448066294110213,1.4249437981291133,1.6406499960263428,0.06739911966669716,0.000053953764628448675,0.000051306513060165424,0.0001582830121864715,0.0011409999999999812,0.0011409999999999736,0.0011409999999999663,0.001001409999999985,0.0010014099999999956,0.001001409999999992,1.3144167301053182,9.521225565377017,2.6339876456688462,0.000060714284700890374,0.004941964401900238,-0.0045520834977340685,13.073684842962967,-22.18026372006065,-11.861842557003623,1011.7739624023437,0.1921531915408526,28.34758835106319
2025-06-14T21:23:54.500Z,40.07634179658231,-75.26163170635085,-10.187718428197229,-44.85284636479068,-59.92094539037302,-6.067277046538838,0.9284241688613678,6.1596651163220635,1.0473634741617779,0.0010000000071189916,0.0010000000037189457,0.001000000009956064,0.0009999999956481678,0.0009999999623152222,0.0009999999841998613,2.0716007264979356e-6,2.0716060567348233e-6,3.1389778031341695,1.4078586327253924,2.400223704511173,0.07403440127824683,0.00004892479194666376,0.00006095032280074073,0.00016369514391814094,0.0011419999999999822,0.0011419999999999744,0.0011419999999999668,0.0010014199999999846,0.0010014199999999953,0.0010014199999999916,1.21977290329922,9.509060392103407,2.6830829849141304,0.000029487154642020242,-0.0009435895990127919,-0.0011092950225932525,13.33581135724042,-22.205575066643792,-11.315878790778083,1011.7699584960938,0.1808263344424233,28.26619309521394
2025-06-14T21:23:59.500Z,40.073636370925556,-75.26559378758692,-9.480184640978756,-50.657968712940864,-56.68931254421787,-4.551155276472081,0.9790298257875649,6.114449084865971,0.9951995943975408,0.0010000000071443938,0.001000000003802299,0.0010000000098478797,0.0009999999956597661,0.0009999999623322646,0.0009999999843351608,3.0716029203624233e-6,3.0716172310244444e-6,3.3241765066611872,1.3537187817832215,3.348953390777731,0.0654117013040295,0.000045349145583236874,0.00007027705103397616,0.00017140946974975106,0.0011429999999999826,0.001142999999999975,0.0011429999999999676,0.0010014299999999837,0.0010014299999999941,0.0010014299999999926,1.1876625554755333,9.530746281514157,2.69494596490924,-0.001747865845254297,-0.0090521339741646,0.003929878128728295,13.36500062942505,-22.353750705718994,-11.501719188690185,1011.7739624023437,0.2004770429154415,28.471039086786124
2025-06-14T21:24:04.500Z,40.080453326995254,-75.25338221925611,5.480888561552215,-34.176173675238765,-17.275350073975744,-2.883874961017768,1.0434748798511257,6.240841374803675,0.8475318995200606,0.0010000000066884662,0.0010000000036257985,0.00100000000989298,0.0009999999958440165,0.000999999962836549,0.0009999999839052105,7.16063872690859e-8,7.160639179750474e-8,1.6070436521009865,0.8197185144429372,1.4872669068386106,0.036782269738406086,0.00003658889304141018,0.000059526528940152825,0.000161999139793382,0.0011439999999999814,0.0011439999999999738,0.0011439999999999664,0.001001439999999983,0.0010014399999999936,0.0010014399999999926,1.1932878905108895,9.623028772917372,2.161156871837356,0.003313157998248213,-0.0008407897677437676,-0.002186842414031897,13.484375613076347,-22.573215030488512,-11.399553866613479,1011.761962890625,0.15601212923455765,28.658774252477055
2025-06-14T21:24:09.500Z,40.079645563540275,-75.25399519245983,-3.8856587860757,-42.44701967410372,-2.1184743726229303,-4.550363843041504,1.0767880545470436,6.217914815118766,0.7667356459614845,0.0010000000068421814,0.0010000000037829124,0.0010000000098459483,0.0009999999957513743,0.0009999999630671058,0.0009999999836329309,1.0716068978826864e-6,1.0716083072977719e-6,2.4269216295649754,1.0560138094867888,1.9536962223844776,0.05686979608682592,0.000041108358415283875,0.00006874189767485831,0.00017108136144986246,0.0011449999999999822,0.0011449999999999748,0.001144999999999967,0.0010014499999999827,0.0010014499999999931,0.0010014499999999923,1.5163896101431442,9.851865684860508,1.152775653683672,0.0017070314626170251,-0.01430312470642792,-0.003383333314025488,12.606641193230947,-23.36679768562317,-10.003906587759653,1011.7259765625,0.253940595460099,28.3726964373679
2025-06-14T21:24:14.500Z,40.078685028338505,-75.25415156139643,-6.330305550768948,-46.83605032709193,6.447330090059009,-3.541200002187847,1.1160262339770597,6.182925454848719,0.7031356481097321,0.0010000000067096123,0.001000000003754062,0.0010000000095546702,0.0009999999955634274,0.0009999999631251633,0.0009999999835178582,2.0716085885242177e-6,2.071614442569832e-6,2.9907328239843904,1.425961856222609,2.468227451196017,0.0564178433046918,0.00004123577777693179,0.00007777232556403412,0.00017935995491740278,0.0011459999999999819,0.0011459999999999743,0.0011459999999999667,0.001001459999999982,0.0010014599999999927,0.0010014599999999918,1.3812725668481116,9.769764160152468,1.706847585146714,-0.00030610480228476333,-0.01066017399361779,0.0005476744482441483,12.329215604205464,-23.51032057473826,-9.440843360368596,1011.6999877929687,0.2320646695193736,28.175723489748798
2025-06-14T21:24:19.500Z,40.07737825987844,-75.25407487814172,-3.625710989078616,-50.46129517487048,11.515595553822775,-2.2764130789991426,1.1585242087121181,6.174409775662946,0.6729136695811155,0.0010000000068551233,0.0010000000036757362,0.0010000000098154035,0.0009999999957190904,0.000999999962957422,0.0009999999838295709,3.071611184172571e-6,3.071625742606293e-6,3.114748577861347,1.9973906221487892,3.0109859229181573,0.046276535685696944,0.000041572574898632586,0.00008679140318247862,0.00018761745402456467,0.0011469999999999805,0.001146999999999973,0.0011469999999999673,0.0010014699999999826,0.0010014699999999935,0.0010014699999999909,1.3115815760763079,9.66604072122613,1.9385163969405659,0.0019619791453521665,-0.0030281250976547094,-0.0015270834013066253,12.614625606536865,-23.188875846862793,-9.949875450134277,1011.68798828125,0.1633343901872373,28.210811758313806
2025-06-14T21:24:24.500Z,40.08087019353704,-75.25356284987838,11.068470189289435,-30.389449756470896,15.704371739316661,1.2099634215847195,1.238279292312619,6.24969768031169,0.6676229531651846,0.0010000000064554287,0.0010000000038095625,0.0010000000095852339,0.0009999999960265088,0.000999999963246637,0.0009999999835236574,7.9407569868803e-8,7.940757620991199e-8,1.640942917067484,1.1069245239866357,1.2527839111047254,0.02457512591537441,0.000038477810845118524,0.0000642484433080683,0.00018812244903768736,0.0011479999999999804,0.001147999999999973,0.0011479999999999683,0.0010014799999999826,0.0010014799999999934,0.00100147999999999,0.9858300383221105,9.905035391485988,2.047040090941632,0.0026552083436781893,0.004847569410996246,-0.0006295137065705185,13.344643456595284,-23.85428641183036,-10.076250403267997,1011.7499755859375,0.38001229846861684,29.131329427713133
2025-06-14T21:24:29.500Z,40.08068918897081,-75.25242077400297,19.798040132664145,-28.795631722860183,22.036436537841222,4.766535320086465,1.3798745103469017,6.246234463328722,0.6710468032135863,0.0010000000062783262,0.0010000000037122337,0.0010000000096693229,0.000999999996274882,0.0009999999636320074,0.000999999983685414,1.079408164462998e-6,1.0794091837034604e-6,2.10679120138785,1.6458888981051722,1.614215894190737,0.02181687336853986,0.000045561942571394504,0.00007394662366448713,0.00019738098526357934,0.0011489999999999805,0.0011489999999999732,0.0011489999999999693,0.0010014899999999836,0.0010014899999999942,0.0010014899999999907,1.3565220137043108,10.318510215662426,2.2681964423415235,0.03069702371935387,-0.000774106974281712,0.0012851188632312836,12.634299394561022,-24.650763302314573,-10.035366244432403,1011.7799682617188,0.8685988466551803,29.461691016727023
2025-06-14T21:24:34.500Z,40.080931713213,-75.25067570740417,28.221569103179355,-25.327892650414505,28.41915865189717,3.8773202218921705,1.3723553819969516,6.278578910956195,0.6764834753886126,0.0010000000061911884,0.0010000000035877584,0.001000000009403268,0.0009999999965590628,0.0009999999631710897,0.0009999999841082215,2.079410012955814e-6,2.079414227628603e-6,2.306306766474292,2.431119797744549,2.0698710448874067,0.017660151543994463,0.0000524005706777611,0.00008268808885270166,0.0002062244376708724,0.0011499999999999798,0.0011499999999999724,0.0011499999999999685,0.0010014999999999837,0.0010014999999999941,0.0010014999999999915,1.1822577440920425,9.581150459285839,2.081773190268604,0.0024218746253541453,-0.0007468747110065226,-0.004081249808241169,11.597104002789754,-25.06600733501155,-8.13841506911487,1011.7139892578125,0.09199412586242775,28.792853662801168
2025-06-14T21:24:39.500Z,40.08221785856029,-75.24814468197337,32.127054407405865,-17.901093012952057,38.248683035598084,3.6203466882780417,1.3813132975351599,0.06122812903916433,0.7020740646047052,0.0010000000058221178,0.001000000003856388,0.001000000009335435,0.0009999999965954738,0.000999999963319925,0.0009999999843357758,3.0794117301659237e-6,3.079423455830086e-6,2.341007966919697,3.550219040619848,2.6402885410422265,0.02092421518396813,0.000060843288510519566,0.00008857593296218266,0.00021461765466577527,0.0011509999999999802,0.0011509999999999726,0.0011509999999999689,0.0010015099999999841,0.0010015099999999932,0.0010015099999999921,1.1950464773549032,9.764936170301937,2.1499858179920825,0.005007222151720277,0.002978333596957929,-0.007774166541632155,11.913068554618143,-24.598296555605803,-8.72258559140292,1011.4459838867188,0.2851020729100344,28.68933570094061
2025-06-14T21:24:44.500Z,40.08984008742313,-75.27420701145122,33.522557091582144,-5.489235207324894,24.497032845793225,2.6096120077574385,1.4021110696840624,0.039245691033225685,0.724264815524619,0.0010000000056863162,0.0010000000041795172,0.0010000000086680435,0.000999999997111079,0.0009999999635600355,0.000999999984988485,7.941052902481949e-8,7.941053736265842e-8,1.4566440332059156,1.5002300832849433,1.2557698479564532,0.01638027995656445,0.00005011770231670879,0.0000511551487217963,0.00021708469570017226,0.0011519999999999805,0.0011519999999999727,0.0011519999999999688,0.0010015199999999845,0.001001519999999994,0.0010015199999999914,1.2393583884077495,9.560208738217206,2.0415042642394066,-0.010607812654082121,0.003881249369946222,0.0036165626652718734,10.982072704716733,-24.788487886127673,-8.343256962926764,1011.1559936523438,0.07083611743920121,28.36691927844376
2025-06-14T21:24:49.500Z,40.09052841064413,-75.2724869326539,36.43826467507205,4.501281884976283,31.72389238547852,2.1965363608918564,1.4260970330880396,0.0817655756742349,0.7721505117268695,0.0010000000054763017,0.0010000000041476824,0.0010000000088016229,0.000999999997209387,0.0009999999634310744,0.0009999999853988338,1.079411044376697e-6,1.079412189918082e-6,1.8651257452164869,2.065042014309414,1.725946947214609,0.024571161600628607,0.000060348953662156364,0.00005671843260025078,0.00022525702431352342,0.0011529999999999793,0.001152999999999972,0.001152999999999968,0.0010015299999999853,0.001001529999999993,0.0010015299999999922,1.1390652824155814,9.778413596439329,1.9374990120624853,0.004309183657093239,0.0067280610194853365,-0.0030091837521071143,12.05892903464181,-24.940562228767238,-7.317857440637082,1010.7999633789062,0.24934795680965485,28.65305467566399
2025-06-14T21:24:54.500Z,40.091886215536576,-75.27014433940761,34.31794361771512,18.398478589229807,41.41002962871148,0.3856408406647409,1.4446119464357747,0.1377603548468647,0.805947356683186,0.0010000000053564486,0.0010000000041334273,0.00100000000891397,0.000999999996838368,0.000999999963209415,0.0009999999852114724,2.0794121612205635e-6,2.07941764893668e-6,2.3565368322828797,2.637783283594022,2.3397713366602666,0.036780668686535234,0.00007052270699357367,0.00005678031709098387,0.00023208924392063856,0.001153999999999979,0.0011539999999999712,0.0011539999999999678,0.0010015399999999857,0.0010015399999999935,0.0010015399999999926,1.3588846823686465,9.656923576155208,1.8491577696269004,0.002591368676159892,0.004378869376570058,-0.005799404843256422,10.87587241239326,-25.632559354915177,-7.297238693680874,1010.2739868164062,0.14055604651790946,28.784708960668457
2025-06-14T21:24:59.500Z,40.09365663652174,-75.2673785022205,30.66184108845997,27.553486215685243,49.13101729827763,-0.4685183909541178,1.389056961174146,0.08634995629183553,0.8892648262664029,0.0010000000053139177,0.0010000000037897624,0.0010000000088247133,0.0009999999968247288,0.0009999999631541097,0.0009999999849507832,3.079411571755887e-6,3.0794283804044258e-6,2.7277642077165942,3.157162008381614,3.083372589704379,0.03815048941842911,0.00007853763261671968,0.000054115748057762306,0.00023677412765576005,0.0011549999999999783,0.0011549999999999705,0.001154999999999967,0.0010015499999999847,0.0010015499999999943,0.0010015499999999917,0.8979538905658709,9.692819694025847,1.7764808333190092,-0.013316562744421154,0.01358187548164612,0.014399999454039211,11.444196882702055,-25.452233269101097,-7.6160717237563365,1009.6619750976563,0.1087856989989954,28.927278341543232
2025-06-14T21:25:04.500Z,40.08946315183877,-75.2749864343304,44.24989959425195,21.218461376034156,24.620077183531578,2.708089835439852,1.4441131404735539,0.03459910837529515,0.9079674991906311,0.0010000000050744424,0.0010000000043373447,0.0010000000087122623,0.0009999999968633778,0.00099999996281273,0.0009999999858597251,2.4152266327123802e-8,2.4152267152632822e-8,1.660374999992327,1.313674197572404,1.364269309514496,0.02464175059068688,0.00005250939437646887,0.00004156511819389436,0.00023726400367391414,0.0011559999999999793,0.0011559999999999715,0.0011559999999999676,0.0010015599999999853,0.0010015599999999934,0.0010015599999999925,1.296641227126067,9.908026987408606,1.9037089251875285,0.002492500050773857,0.00864464305460198,-0.00634285731173083,12.194118163164925,-25.367648124694824,-9.28621359432445,1009.2019775390625,0.3889903247540969,29.63857019183801
2025-06-14T21:25:09.500Z,40.090645009059955,-75.27338138394838,45.94281000692228,32.34892139969963,28.47822540137604,1.4532378437134803,1.4370571622260624,0.03940767195372387,0.9532711560992527,0.0010000000051142823,0.0010000000045168513,0.0010000000089428708,0.0009999999966095957,0.0009999999630348243,0.0009999999857236033,1.0241526184052277e-6,1.0241539517310735e-6,2.16822575890391,1.6490317478103107,1.8381741372362592,0.027179999134575104,0.00006170145785437465,0.00004743901973982364,0.0002457386449304715,0.0011569999999999794,0.0011569999999999716,0.0011569999999999682,0.0010015699999999846,0.0010015699999999926,0.001001569999999992,0.9934073947862762,9.525910739782148,2.4074751090933826,-0.002827303022930962,0.007079934498033479,0.0036171052522798904,11.120893260410854,-25.251965277535575,-9.288750457763673,1009.1059814453125,0.09171197473960098,29.113810237621188
2025-06-14T21:25:14.500Z,40.09248778601182,-75.27132213607533,44.82741406098912,42.6905344281803,36.00279396967125,2.80481635728942,1.3629189940249329,0.03080841800558625,1.154323360753346,0.0010000000049422476,0.0010000000048099164,0.0010000000089176431,0.0009999999966393122,0.0009999999628704803,0.0009999999857318532,2.0241534378336325e-6,2.0241599201217207e-6,2.487283416641858,2.1047973915068554,2.53118903505272,0.026719152335929537,0.00006708294795811152,0.00005483157505864407,0.0002536159240319413,0.00115799999999998,0.0011579999999999724,0.0011579999999999685,0.0010015799999999852,0.0010015799999999924,0.0010015799999999924,1.1436692847046388,10.05008519089076,2.398284716328403,-0.01871130867052076,0.03768988031403969,0.012884226395611622,11.975481277857071,-24.6024049612192,-9.792308073777418,1009.2959716796875,0.6105428585025328,29.061604026347037
2025-06-14T21:25:19.500Z,40.09529944231431,-75.26863650284137,44.085820817019254,52.576741692168945,45.310813382325605,2.5009845374469877,1.4403386037869024,0.040809689612276594,1.1470788012464668,0.0010000000050673114,0.0010000000048744444,0.001000000008645706,0.0009999999968348953,0.000999999962606809,0.000999999985925228,3.0241531916146638e-6,3.0241721766282423e-6,2.6028070673460184,2.6686958605903923,3.4164997853298007,0.02514178144298363,0.00007529388379978256,0.00005884798833235836,0.0002627919157152848,0.001158999999999981,0.0011589999999999734,0.0011589999999999695,0.0010015899999999854,0.0010015899999999925,0.0010015899999999927,1.1787419456161874,9.799842336701403,2.116108187956527,0.01269107103621757,-0.0029151787567520985,0.002476785809499088,12.42162225053117,-24.976014575442754,-9.188007174311457,1009.5099731445313,0.30862029068322233,29.36859713144661
2025-06-14T21:25:24.500Z,40.089040534670865,-75.27505754930559,53.30164263468977,39.21767759122702,29.810940799160086,4.528121699999748,1.4501995743667038,0.009830565498009314,1.2304955013161294,0.0010000000047965234,0.0010000000057830733,0.001000000008480809,0.000999999996349077,0.000999999962018623,0.0009999999867449545,3.213611732596582e-8,3.2136118621811163e-8,1.6645084960021235,1.2098030642587345,1.3973113394342422,0.019207052665160356,0.00005232943695110151,0.00004685569599447776,0.0002716341659979274,0.0011599999999999811,0.0011599999999999738,0.0011599999999999699,0.0010015999999999862,0.0010015999999999918,0.0010015999999999936,0.9817881918091044,9.831950516746064,2.204406688341166,0.007432267442651783,0.013702906490465523,-0.00822674412198354,11.972093449082486,-25.12369306697402,-9.229796875354856,1009.811962890625,0.33972281849537134,29.320933621797536
2025-06-14T21:25:29.500Z,40.090882213839876,-75.2730106322335,54.63406795566546,47.83713233886927,36.87955018121459,2.8824982345594874,1.4366056363639934,6.272875863140549,1.340672896724439,0.001000000004739526,0.001000000006231463,0.0010000000083663788,0.0009999999966956634,0.0009999999618765763,0.0009999999866556653,1.0321364482647468e-6,1.0321378607778021e-6,2.026256179485441,1.5923733551423775,1.8728648378105772,0.019528380985410834,0.00005976599835523664,0.000055786338174467925,0.00027888548562182106,0.0011609999999999813,0.0011609999999999748,0.0011609999999999709,0.0010016099999999861,0.001001609999999991,0.0010016099999999944,0.9008900446545797,9.591402958864151,1.8069051015813777,-0.006601630167948018,0.02030950962792558,0.01243614119418238,12.74202180416026,-25.62327246970319,-8.402792930603027,1010.0199829101563,0.01658815167444794,29.82473994487436
2025-06-14T21:25:34.500Z,40.09358363866081,-75.27019652962262,49.38592540814635,61.64568688073811,48.17352845992643,2.5144056778203927,1.502127076864519,0.05432392783855199,1.3413135177193198,0.0010000000044899798,0.0010000000064395267,0.0010000000083852342,0.000999999996912007,0.0009999999620078832,0.0009999999864745636,2.0321372177326744e-6,2.0321439311932525e-6,2.3048536785249336,2.1244369038736464,2.5451965510420433,0.02489353988564965,0.00006748950927954909,0.00006176620047333337,0.00029065817499911693,0.0011619999999999805,0.0011619999999999736,0.00116199999999997,0.0010016199999999856,0.0010016199999999902,0.0010016199999999937,1.4103333812970875,9.889837947521336,2.233991768987554,0.008134459463609526,0.0008023649561491862,-0.0062287160612705846,12.774671705145584,-25.682073492752878,-7.433388446506701,1010.215966796875,0.44996553612902984,29.631290749130706
2025-06-14T21:25:39.500Z,40.09741371612172,-75.26661524889072,42.330114945601,79.3002408276723,58.50812121915629,1.4237120336449554,1.6199419335358844,0.052278429833084894,1.3321978977454763,0.0010000000046139221,0.0010000000067740768,0.0010000000080651649,0.0009999999973612057,0.0009999999619099186,0.0009999999863980389,3.032136696383722e-6,3.0321562058311153e-6,2.546671749990414,2.725959241874132,3.4140714834694132,0.03321384615092134,0.0000737351744983027,0.00006600362359505182,0.0002988125879523285,0.0011629999999999798,0.0011629999999999742,0.0011629999999999703,0.0010016299999999851,0.0010016299999999895,0.0010016299999999932,1.0865042109808791,9.926221298211335,2.025804274146649,0.01860608996282098,-0.0018320509768698868,0.006636538445624547,13.67678623199463,-25.286251177106585,-5.821607344491142,1010.2839721679687,0.4005444088840524,29.331503784181088
2025-06-14T21:25:45Z,40.093708812421404,-75.28359746480575,35.85091056809483,61.8089565562045,43.704654028541206,2.754104714878603,1.4721711038817182,6.241699721432748,1.3928132080387696,0.0010000000044219689,0.0010000000088806582,0.0010000000077056315,0.0009999999980567604,0.0009999999613905584,0.000999999987685566,2.24670473542474e-9,2.24670472175118e-9,0.6419230745743777,1.1301756010655282,1.3813668333416227,0.02079699379715755,0.00004818466340275739,0.00004877234308521335,0.0003033652156515199,0.0011639999999999804,0.001163999999999973,0.00116399999999997,0.001001639999999985,0.0010016399999999885,0.001001639999999992,1.2021167327483715,9.742275456951573,2.0334709219175147,-0.01523486732417843,0.01284046008501983,0.003928289693412364,13.530938076972962,-26.132345104217528,-5.57296895980835,1010.123974609375,0.23846319907323074,29.950637521660997
2025-06-14T21:25:49.500Z,40.09592508121196,-75.28123583030384,40.35162962560208,80.23846564715001,44.94022410081999,1.3565394374506274,1.5366727674789136,0.018473504636978545,1.7791319065396245,0.001000000004795217,0.0010000000087374728,0.0010000000076520869,0.0009999999982959569,0.0009999999616107898,0.00099999998776629,1.0022469635999423e-6,1.0022480684127666e-6,1.3334813830088357,1.4085116192133664,1.8803841748237005,0.04244056297570576,0.00004745086434061354,0.0000654766327515903,0.0003164153765713777,0.0011649999999999803,0.0011649999999999727,0.0011649999999999688,0.0010016499999999846,0.001001649999999988,0.0010016499999999915,0.0848291730550912,9.378212882774797,4.089825193450428,0.011519207251179752,0.08971981665427815,-0.006795121918861192,14.38734428882599,-24.917344903945924,-6.324844026565552,1010.2939819335937,0.44488330225046974,29.45964041799799
2025-06-14T21:25:54.500Z,40.099242165216715,-75.278177266477,31.927831830472137,97.38297210995117,57.100509830732726,-1.6863085487507472,1.593448788701274,6.116326163346244,2.446874859595994,0.0010000000045685552,0.0010000000091874564,0.0010000000074379335,0.0009999999983766803,0.0009999999615339418,0.0009999999876937724,2.0022477096490104e-6,2.0022539056205993e-6,2.483814970408733,1.6064699516813792,2.6304120059526435,0.051270664113146264,0.00005025313477502769,0.0000714910728801327,0.0003303917814251677,0.001165999999999981,0.0011659999999999733,0.0011659999999999696,0.0010016599999999837,0.001001659999999989,0.0010016599999999906,1.10222148136182,9.410993390029162,3.3001644312237106,0.01911337192076487,0.15760465034176405,0.04193837213249487,7.295579549742908,-27.87027554395722,15.46372013557248,1010.3859741210938,0.24488099076239475,32.69711088662924
2025-06-14T21:26:00Z,40.10350163232004,-75.27378762669825,16.566963293072188,114.90578638516251,80.76763835721046,-5.218971605077862,1.4659426660270731,0.017194483250623237,1.2304702950776414,0.001000000004366232,0.0010000000089082257,0.0010000000076314912,0.0009999999981895131,0.0009999999616358037,0.0009999999880822466,3.0022475662913944e-6,3.0022680857478426e-6,3.2596972735108176,2.0334246138114414,3.7143960747212605,0.07691130073404366,0.00006452509780138492,0.00006033196204680569,0.00033586776400493625,0.001166999999999982,0.0011669999999999743,0.0011669999999999704,0.0010016699999999827,0.0010016699999999897,0.0010016699999999897,3.3385879784100183,9.20972609359235,2.771259576893147,-0.08304687420455113,-0.5186781246223294,-0.09160312416867172,11.774085835712713,-26.84039762543469,-5.040548970059651,1010.5619750976563,0.3881880144068838,29.73953859932678
2025-06-14T21:26:10.500Z,40.093790903133204,-75.28512574470838,27.23562771661097,98.15774047698757,66.86571482125042,0.8920599587736007,1.333028009557805,6.182799093764761,0.37781348758416383,0.0010000000037454011,0.0010000000110844836,0.0010000000076830098,0.0009999999992037045,0.00099999996107116,0.000999999989725785,2.390766220901787e-9,2.3907661448121362e-9,0.6508967729607509,0.9774349173174407,1.3966448374260012,0.024457836432717775,0.00005989070550692786,0.00002998584428098939,0.00030419496111583317,0.0011679999999999818,0.0011679999999999742,0.0011679999999999703,0.0010016799999999829,0.00100167999999999,0.0010016799999999898,2.6990526308969707,9.427167963019047,2.160747601620672,-0.025199999878700776,-0.13521718753763168,-0.029225312172158954,12.3246956801996,-24.777897439351896,-3.1897867249279486,1010.5079711914062,0.25117089932099573,27.857032075499642
2025-06-14T21:26:15Z,40.09723409466277,-75.28148010519845,29.15803347573916,100.73587525062628,70.65787135337413,1.0012718578287947,1.3197605643670487,6.155849653522701,6.093607857207957,0.0010000000038112415,0.0010000000113077965,0.0010000000075127348,0.0009999999989661417,0.0009999999608844153,0.0009999999897662476,1.0023909468797239e-6,1.0023920706271095e-6,1.249386715403049,1.231655371833508,1.705157725702674,0.025048072946085777,0.000047363689842249087,0.00006103745648242283,0.000316460213180406,0.0011689999999999815,0.0011689999999999737,0.0011689999999999698,0.0010016899999999822,0.0010016899999999891,0.0010016899999999891,1.6270700653753973,9.636249135959986,1.7245550816578328,-0.01795930876471524,-0.13754627631230995,-0.02665691471459503,-6.016304565512615,-21.706386649090312,-15.441848402437957,1010.5039794921875,0.1330559916552288,27.30954139437334
2025-06-14T21:26:20Z,40.10131154976452,-75.27714938599591,30.00640000429668,103.30329782015409,74.20836824388661,1.3772178246630844,1.2677381557044676,6.112200873184484,5.850172338012165,0.0010000000034990112,0.0010000000114697412,0.0010000000076077005,0.0009999999985540733,0.0009999999609436089,0.0009999999901485499,2.002391427561912e-6,2.0023972433429394e-6,1.9802515520214816,1.6884807866320737,2.197853924636354,0.019799562662264947,0.00004592361780235861,0.0000793211670713983,0.0003273319104711107,0.0011699999999999818,0.0011699999999999742,0.0011699999999999703,0.0010016999999999817,0.001001699999999989,0.0010016999999999888,1.6576086081257366,9.600317498730773,2.1873208489924414,-0.015631793377696927,-0.04884701046995485,-0.004246195604104161,-10.120612103888329,-18.609575149860788,-13.500000466691686,1010.473974609375,0.19374720075843566,25.119525047434905
2025-06-14T21:26:25Z,40.105923809006505,-75.27235506028615,29.2532690414527,106.68592744755995,83.69997349550813,0.8810215938325261,1.247070047894578,6.116711954979056,5.815037161887463,0.0010000000036304848,0.0010000000114520852,0.0010000000073658803,0.0009999999979527123,0.0009999999609348596,0.0009999999903220166,3.002390862607564e-6,3.0024076519353304e-6,2.3311149764261727,2.349941131136521,2.8273937949273193,0.01952902982886283,0.000050514163687751577,0.00009013553809228434,0.00033703716229069373,0.001170999999999981,0.0011709999999999735,0.0011709999999999696,0.001001709999999981,0.0010017099999999881,0.0010017099999999881,1.4129558742177704,9.716569040686204,1.4795384416836799,-0.002744531151789663,-0.00513359357212998,-0.002733072858619262,-10.567255704299264,-19.23668554554815,-13.762908230657162,1010.461962890625,0.1370591571733335,25.906215012759496
2025-06-14T21:26:30Z,40.111069612571654,-75.26692130496107,26.779954065783766,110.80721878588933,94.54655007998149,0.23305934063037786,1.2342380710929526,6.1194754752715665,5.804454645991785,0.0010000000033995745,0.0010000000117466742,0.0010000000076079085,0.0009999999980906606,0.000999999960699382,0.0009999999905981308,4.002385161328703e-6,4.002424793416423e-6,2.4677553791610776,3.2648831194594017,3.539181101275295,0.023529604302138223,0.000054427852791041836,0.00009998785494827589,0.0003451982574581318,0.0011719999999999814,0.001171999999999974,0.0011719999999999702,0.0010017199999999816,0.0010017199999999885,0.001001719999999989,1.4087457191182196,9.744464594456375,1.3159413701274025,-0.0006791666663578601,-0.0005416666688901532,-0.001260677188658158,-10.764844218889872,-19.696094314257305,-13.526953637599945,1010.47197265625,0.1391149723840024,26.206751340239084
2025-06-14T21:26:35Z,40.09351521163475,-75.28490963669512,29.23732384062606,69.02438539161587,65.3853427001808,3.336173146045067,1.4084036214066724,6.005099828611829,5.775473635500616,0.001000000001481153,0.0010000000131783233,0.0010000000083691205,0.0009999999968365676,0.0009999999598315828,0.000999999991579826,2.111897929991469e-9,2.111897860357205e-9,0.44584469699873575,1.3366790915364426,1.243674887541931,0.01416415035906936,0.00004233266940827423,0.00006559654781402976,0.0003497525842579652,0.0011729999999999816,0.0011729999999999742,0.0011729999999999703,0.0010017299999999822,0.0010017299999999876,0.0010017299999999893,1.4333256746362062,9.755567559579408,1.306919576029613,-0.006528124904636676,-0.012353125153178358,0.0007031247567594362,-10.064825900765353,-20.942442383877065,-13.9443319897319,1010.4499755859375,0.15748969572668298,27.098491778407997
2025-06-14T21:26:40Z,40.097556898995606,-75.27975886218731,22.39197150779819,66.93775610574612,109.71835022398379,-5.884614993018752,1.0943872861940183,6.199879806792736,0.9704619106364174,0.001000000001589249,0.0010000000132275844,0.0010000000085066308,0.0009999999969940532,0.000999999959613603,0.0009999999915738956,1.0021121924824578e-6,1.002113248827587e-6,1.6140801187773492,2.2888995359849797,1.435292912578085,0.11603120865030317,0.00007174342457903906,0.000043726512275794424,0.0003445752679483054,0.0011739999999999808,0.001173999999999973,0.0011739999999999691,0.0010017399999999819,0.001001739999999988,0.0010017399999999888,1.6263100674137563,8.534627121382357,0.9622567117527876,0.018699739586465716,1.7859729015136112,0.3843666671868796,17.05375076929728,-20.49250077141656,-19.560834164089627,1010.4759765625,-1.0538431069372827,33.066537147362766
2025-06-14T21:26:45Z,40.102025230934125,-75.27241899872259,51.14521432003641,37.201052019136895,110.75133520559012,30.65376402025947,6.027194671587436,5.829843573006288,1.3438005429802853,0.0010000000012600307,0.0010000000130204146,0.0010000000082365987,0.0009999999973669509,0.0009999999599738971,0.0009999999916916206,2.0021132066110903e-6,2.0021171961197704e-6,2.94784024741526,3.4055820567514754,2.067549367270887,0.06295774206971917,0.00009677114466102907,0.00004089410184859642,0.0003092336135993029,0.0011749999999999814,0.0011749999999999736,0.0011749999999999697,0.0010017499999999814,0.0010017499999999888,0.0010017499999999888,0.09730219229605343,2.237691413518905,10.188568965322862,-0.5846987249447118,-0.11720714488601076,0.3221783115522313,-9.758418725461375,28.581888821660257,-21.08188854918188,1010.4939819335938,0.6370302366381855,36.83196152291272
