timestamp,latitude,longitude,altitude,velocity_north,velocity_east,velocity_down,roll,pitch,yaw,acc_bias_x,acc_bias_y,acc_bias_z,gyro_bias_x,gyro_bias_y,gyro_bias_z,latitude_cov,longitude_cov,altitude_cov,velocity_n_cov,velocity_e_cov,velocity_d_cov,roll_cov,pitch_cov,yaw_cov,acc_bias_x_cov,acc_bias_y_cov,acc_bias_z_cov,gyro_bias_x_cov,gyro_bias_y_cov,gyro_bias_z_cov,acc_x,acc_y,acc_z,gyro_x,gyro_y,gyro_z,mag_x,mag_y,mag_z,pressure,freeair,mag_anomaly
2025-06-14T21:17:02.500Z,40.074321,-75.2397738,58.89999771118164,0.0,0.0,0.0,0.01491300991843811,-0.349567059140939,-0.04647833954256311,0.001,0.001,0.001,0.001,0.001,0.001,0.010677034502946992,0.010677034502946992,407897.57646763645,2250000.0,2250000.0,2250000.0,1e-9,1e-9,1e-9,0.001,0.001,0.001,0.001,0.001,0.001,-0.7133069223371046,3.3451243269032447,9.471522824517612,-0.0032471154744808566,0.0026971157461118268,-0.039457211270928334,5.650000167615486,4.3090910983808115,-48.02784324414802,1005.8199666341146,0.28984115685185685,48.55058770888258
2025-06-14T21:17:07.500Z,40.07431306890992,-75.23978928637348,59.43741089907394,-25.371109518851885,36.33812814882925,-46.67000614468651,0.6916413660655986,0.5600792230529067,0.8868806028243915,0.001000000000388458,0.001000000000416879,0.001000000000388458,0.0010000000004026682,0.0010000000004026682,0.0010000000004026682,9.199740066186818e-7,9.19974015306177e-7,4.999936304928269,1125330.5650297836,1124352.0094353126,16209.98521950398,0.000010027949500085572,0.000010008963280414158,0.000010007546588169073,0.0010010000000000008,0.0010010000000000004,0.0010010000000000008,0.0010000100000000006,0.0010000100000000006,0.0010000100000000006,3.0203734812206693,7.072647006352742,-3.9550135469701555,0.3542022288967338,0.835241398130854,0.45368193906255894,-7.036607393196651,-19.837054456983292,31.410715602693102,1005.7759643554688,-1.1367414447522017,37.81073643938745
2025-06-14T21:17:08Z,40.07435428488035,-75.23955392031283,59.4217717481288,-25.33740913844022,42.89162892321105,-5.491145619671485,2.014279804085048,0.53481332914552,1.9008959814890463,0.0010000000007938383,0.0010000000006514555,0.0010000000007796275,0.001000000000211399,0.0010000000001617296,0.0010000000001617526,1.9234816919277663e-6,1.9317938626247955e-6,4.993847903240749,1125402.8142590164,1124245.5428083278,39.90925246018378,0.000022446606170508653,0.00001800556211775614,0.000023273950769153998,0.001002,0.0010019999999999996,0.001002,0.0010000200000000012,0.0010000200000000012,0.0010000200000000012,12.63525873521278,0.46720236058041004,0.14510000678061022,2.6629249695590893,3.1759854551133855,0.7922822723370784,-34.99423183538975,0.3999999486483063,4.291827119313754,1005.7739624023437,2.8592171407942186,35.2586508965291
2025-06-14T21:17:08.500Z,40.07430424446625,-75.23977460193761,58.38798681514243,-4.497310687601408,11.539102190820858,-8.617056292097962,1.8577067541568628,0.4471929928061178,2.1433289856622184,0.0010000000006534272,0.0010000000004161973,0.0010000000008908616,0.0010000000002650682,0.0009999999999571775,0.00100000000023916,9.347434303493473e-7,9.35485522426745e-7,4.16522346552123,245954.93636172422,245300.76479139132,10.031149542096255,0.00003126215490909435,0.00002731341281456105,0.00003399612819504603,0.001002999999999999,0.001002999999999999,0.001002999999999999,0.0010000300000000007,0.0010000300000000007,0.0010000300000000007,8.930443919305423,0.9227359025225655,4.031525188248311,-0.5644593743071042,0.48351249698287807,0.010681249343882364,-34.00508858436762,3.6379361734833826,-36.679362053094906,1005.815966796875,0.05997420552281404,50.149288527315456
2025-06-14T21:17:09Z,40.07435650822731,-75.23965680357256,57.11282604291666,-0.9196895361722848,20.03473448911833,-11.681669854978512,1.6773302063289248,0.7203065928524769,2.2827507712152273,0.001000000000951829,0.0010000000005262744,0.0010000000009320114,0.0010000000000135738,0.000999999999942527,0.001000000000193638,1.9364870661055453e-6,1.941356615121833e-6,3.5005700006820586,245966.69823986536,245273.83775083028,4.021023484860988,0.00005577066170847232,0.00003688854752267248,0.000051950069350872215,0.0010039999999999982,0.0010039999999999982,0.0010039999999999982,0.0010000399999999998,0.0010000400000000015,0.0010000399999999998,8.465647042167857,1.3120200730011673,6.1362369236407375,-0.540265403610941,0.12928924533191932,-0.613744764533393,-30.615958558752183,11.534441958082484,-37.81316627340114,1005.8059936523438,0.755013878066719,50.002107338064675
2025-06-14T21:17:09.500Z,40.074295781864876,-75.23979263370163,55.255716353877844,2.814140855561252,13.340673879889845,-15.076725717097993,1.134139810445504,0.7489260994392529,2.0695773813123193,0.0010000000009873296,0.001000000000770045,0.001000000000722154,0.0010000000001480843,0.0009999999999064182,0.0010000000003276036,9.432967820111618e-7,9.437816298728398e-7,3.001591601537222,91492.21607143036,91249.1439302517,2.0161790875289247,0.00006791178250130652,0.00004731640622159468,0.00006107130866570226,0.0010049999999999987,0.0010049999999999987,0.0010049999999999987,0.0010000499999999995,0.0010000500000000021,0.0010000499999999993,8.520091034014069,0.5089125281747136,6.171272145747206,-0.8514031181025143,-0.3247437505740098,-0.1162536445299237,-34.24762634277344,13.377000541687012,-32.37787628173828,1005.8139770507812,0.7507433223791218,48.99148858291194
2025-06-14T21:17:10.500Z,40.074356061864954,-75.23970440795371,49.783532365252846,14.696623852905745,27.925204631405357,-22.071020721543295,0.8338611201067971,1.0907830590457257,1.6671132887211968,0.0010000000011321985,0.0010000000005174763,0.001000000000484225,0.001000000000067054,0.0009999999998812673,0.0010000000001704004,7.986097514813038e-7,7.991317272408524e-7,3.2183462520447836,51793.5734145708,51635.7440842043,0.8720613430065238,0.00018804589955621307,0.000055906153132273744,0.00014120364190464764,0.0010059999999999976,0.0010059999999999976,0.0010059999999999976,0.0010000599999999984,0.0010000600000000018,0.0010000599999999984,8.16518790409683,0.6323102591709069,5.608212777830615,0.027747319975453693,-0.017670237893943366,-0.4411276724505011,-40.40820463498434,15.21523497502009,-22.61484440167745,1005.81396484375,0.14222735994312682,48.74169280260528
2025-06-14T21:17:11Z,40.07459715908034,-75.23932519751409,47.83574885827491,28.18306971902775,48.20066202675628,-25.30201898297259,6.179733243440164,1.1224500735682403,1.0118621838664064,0.0010000000011382302,0.0010000000003649464,0.0010000000004097684,0.001000000000043928,0.0010000000001319036,0.0010000000005401812,1.7991473786514151e-6,1.8009420110535416e-6,2.467919318785114,51794.2712142236,51626.273072548036,0.5239075488920173,0.00027472212270640697,0.0000564588950960258,0.00024252567710502895,0.0010069999999999977,0.0010069999999999977,0.0010069999999999977,0.0010000699999999983,0.0010000700000000018,0.0010000699999999983,8.40886058176667,1.672917423705148,6.0322513098809205,-0.7402555802585633,-0.16021914617103006,-0.6076061121987971,-43.199251327514645,7.581000299453735,-21.76425075531006,1005.8199462890623,0.6969113375948703,48.96248075925018
2025-06-14T21:17:11.500Z,40.07440588975608,-75.23962960152642,44.17008218657794,30.46403228775987,49.75021796150663,-28.24983693726948,6.187715796364227,0.8666570059665852,0.9490018889496519,0.0010000000005623883,0.0010000000001860881,0.0010000000001840989,0.00100000000010872,0.0009999999999182904,0.0010000000001965403,8.814592958333786e-7,8.81703004161747e-7,2.0758482437064116,33223.902708745205,33121.50871440511,0.35982045015032904,0.0001363032037543181,0.00006529638440622086,0.0001415619553281989,0.0010079999999999965,0.0010079999999999965,0.0010079999999999985,0.0010000799999999985,0.001000080000000002,0.0010000799999999985,7.576890343135119,2.5652067744463345,5.842316939141606,0.12409374574499722,-0.5104468726629694,-0.12368437493900515,-46.02675148010254,-0.2610000140964985,-17.22450065612793,1005.8099853515625,0.11924732337396202,49.14476988984085
2025-06-14T21:17:12.500Z,40.07461227924122,-75.23930494732284,29.40416515766264,62.106333079815876,85.53121862814181,-40.45848381820014,0.28059073158832654,0.6886137580970894,1.1684526172286767,0.0010000000006261556,0.001000000000047695,0.0010000000001514548,0.0010000000004573722,0.0010000000002528594,0.0010000000004066307,7.625437181693082e-7,7.62814211087888e-7,2.179126003631784,24907.205813963865,24822.148886011026,0.24047865805575144,0.00010144367583038891,0.00007840780613608814,0.0001201227165229792,0.001008999999999996,0.0010089999999999958,0.0010089999999999986,0.0010000899999999982,0.0010000900000000017,0.0010000899999999982,10.485813322026116,-5.380756597762598,-1.166152191957445,0.22789912886490873,-0.16026336800281538,0.17454913028015398,-11.955375537872314,24.14137601852417,20.020125846862793,1005.8419677734375,2.051711189469945,33.563954959235666
2025-06-14T21:17:13Z,40.07535651116942,-75.23816758780586,26.054452755210324,102.20307298049931,134.04219317428974,-43.141295392127674,0.141431290373947,0.5809538584153078,0.4726558246690102,0.0010000000002912295,0.001000000000324467,0.0010000000003923945,0.0010000000007775256,0.0010000000008075554,0.0010000000004055265,1.7628089566318605e-6,1.7637075339700023e-6,1.8149103130855369,24905.526788927116,24813.17572692463,0.17876389074065424,0.00011690251680721246,0.00007459718727090379,0.00015372803301813605,0.001009999999999995,0.0010099999999999968,0.0010099999999999977,0.0010000999999999977,0.0010001000000000012,0.0010000999999999977,7.805631624698012,-6.985231551488288,0.6736781530478075,0.6412533316740124,-0.4882541606118327,-1.22925999918124,-24.37148553133011,27.138672947883606,14.039453715085983,1005.8319580078123,0.6966899412417737,39.08425731573065
2025-06-14T21:17:13.500Z,40.07481788167848,-75.23900629913456,20.302482743486305,119.65822272165045,156.6665781208926,-47.43682439653889,0.7508153570578475,0.353999276987039,0.3094050760220611,0.0010000000003197677,0.0010000000003746881,0.0010000000007373627,0.0010000000009499762,0.0010000000010150234,0.00100000000018652,8.088836456550346e-7,8.090143394581879e-7,1.5875703323060297,20058.260922933543,19981.891324953427,0.14235845105562434,0.00010677006209285261,0.00008138690846096318,0.00015567891787622546,0.0010109999999999939,0.0010109999999999976,0.0010109999999999974,0.0010001099999999968,0.0010001100000000002,0.0010001099999999968,8.728093256450544,-4.436068068050528,-2.0591001029132046,1.6550563847068287,-0.6557046456234159,-0.10881918537605301,-17.643334007263185,23.844167539808485,1.3316667093171013,1005.8339599609375,0.20099864131957712,29.69178140585579
2025-06-14T21:17:14.500Z,40.07522307959191,-75.23838883172148,-3.928307603461331,177.19800412317204,240.4834357778343,-57.02288011919654,1.1501209677846074,0.06605079593820926,0.36928648997109964,0.0010000000000348526,0.0010000000006813914,0.001000000001037053,0.0010000000011618844,0.0010000000020555697,0.001000000000371391,6.43914834092774e-7,6.440519745393707e-7,1.669697006362123,17024.918267263598,16950.627201516516,0.12625100527410904,0.00010385416121831894,0.00009156499495605586,0.0001625294605868215,0.0010119999999999932,0.0010119999999999966,0.0010119999999999966,0.0010001199999999976,0.001000120000000001,0.0010001199999999976,8.970665732714275,-3.3792909667617304,-3.1973225992365837,0.40336744437613214,-0.12765182075681153,0.2580786435076809,12.018375430107117,-8.598000249862672,-25.59000108897686,1005.8579833984375,0.2840507904696552,29.55016264944017
2025-06-14T21:17:15Z,40.076941857837056,-75.23571807053484,-7.082467931940183,248.13162467543657,346.4646270747228,-58.27715654416251,0.8704509073630499,6.063813111268053,0.7249053444176359,0.0010000000000532877,0.001000000001557649,0.0010000000012547704,0.0010000000012014589,0.0010000000027217955,0.0010000000007283655,1.6440781175648528e-6,1.6446020464081495e-6,1.4635849819643991,17023.141265933016,16940.59708424814,0.11700656109672944,0.00011037973142639269,0.00010725931095790995,0.0001878135325506237,0.0010129999999999937,0.001012999999999997,0.0010129999999999972,0.0010001299999999977,0.0010001300000000014,0.0010001299999999975,8.88028379185991,-5.113530268563846,-1.1760100632518966,-0.5577982489644624,0.33921336569916655,0.8624903992327592,-7.626000367999077,6.324000360816717,-19.427625806331633,1005.8979736328125,0.4671109451551631,21.807780563075237
2025-06-14T21:17:15.500Z,40.07543993848017,-75.23802595394076,-12.49230609565278,281.76545387224917,407.08012818848374,-60.14256214761923,1.0414109441649346,6.278957530381359,0.48007870876873043,0.0010000000001812253,0.0010000000020269763,0.0010000000008990035,0.0010000000007972317,0.0010000000033735163,0.001000000000969364,6.653185714642705e-7,6.653835152940276e-7,1.3278478070351833,15044.05534148866,14966.311681736137,0.11405774446849375,0.00012040801471188357,0.00011102332738873647,0.0001819181019004073,0.0010139999999999928,0.0010139999999999965,0.0010139999999999962,0.001000139999999998,0.0010001400000000022,0.0010001399999999979,7.831357041041002,-5.194656942581038,-2.0514634294257528,0.28646055782548974,-0.14311083113798484,-0.7532380582167704,-12.583644239667882,17.476995295666633,-8.458643970733627,1005.9219848632813,-0.24530073396826707,23.13741075039235
2025-06-14T21:17:16Z,40.07764686604897,-75.23450392451635,-18.9429556469082,343.76666996207246,517.7713158183664,-61.31145399671879,1.1457806483553963,6.0155886104939515,0.49979221436748994,0.0010000000000552828,0.001000000002568216,0.0010000000005890785,0.001000000000349982,0.0010000000038393286,0.0010000000007892714,1.665436639494685e-6,1.6657812576133148e-6,1.2368038056066046,15043.923750320622,14958.086743246029,0.11657348518913749,0.0001363288984989591,0.00011952435866322757,0.0002020393004394267,0.001014999999999993,0.0010149999999999966,0.0010149999999999966,0.0010001499999999976,0.001000150000000001,0.0010001499999999976,7.9772590658766545,-3.5027631960972037,-2.6112153373810183,0.19289687604402816,-0.20337812135621272,0.38792186987540184,-1.988250116109848,-24.013125948905945,-5.856750215291977,1005.953955078125,-0.8033799100039711,24.796821620219117
2025-06-14T21:17:16.500Z,40.075609228669066,-75.23769382229655,-25.709336495627984,363.3255187282624,574.7097558357746,-62.652631829245294,1.1710391252293335,6.040714184524481,0.4672750292306526,0.0010000000001772823,0.0010000000034179894,0.001000000000275923,0.0009999999999475047,0.0010000000045057237,0.0010000000010683915,6.178827157318534e-7,6.179237120942443e-7,1.1769750506329286,13582.861277499345,13501.482326033205,0.12359357187293407,0.00014192999211115818,0.00012648580682514548,0.000205500917507113,0.001015999999999993,0.0010159999999999967,0.0010159999999999967,0.0010001599999999978,0.0010001600000000012,0.0010001599999999978,7.8538160096009015,-6.023300322853113,-1.7272469651183415,-0.0013422878567220988,-0.03128510423126996,-0.20446196756796933,-11.356500478982925,17.45475058078766,-14.31675064086914,1005.981982421875,0.13022985849393115,25.270639185139856
2025-06-14T21:17:17Z,40.07825983711993,-75.23325627678406,-32.07670596439059,409.1474854733517,686.492870173485,-62.691550510174736,1.5541836948243473,5.895887386713017,0.18903168563832082,0.0009999999999558858,0.0010000000043513552,0.0009999999998365878,0.0009999999998501613,0.0010000000051329744,0.001000000000704572,1.6179787262549583e-6,1.6182470622868702e-6,1.1433406176517642,13584.240242972723,13495.170522757953,0.1414319539779014,0.00016139135987126307,0.00013042110634223854,0.00021488650459800622,0.0010169999999999927,0.001016999999999996,0.001016999999999996,0.0010001699999999986,0.001000170000000002,0.0010001699999999986,10.214551511100924,-5.858526400818303,-2.200779452837308,0.5485605983002555,-0.6279073313977275,0.013721462603237929,-20.43061312850641,14.99464344491764,-15.376913927039322,1006.0099731445313,2.0221824125572447,29.642802800517078
2025-06-14T21:17:17.500Z,40.07576035862206,-75.23731786181173,-37.46371663651708,397.0796108341356,720.0955372626318,-62.60174880709806,2.111847382189434,6.138935441760807,0.09479152367929039,0.000999999999522478,0.0010000000045763944,0.0009999999999415106,0.000999999999779509,0.0010000000057713853,0.0010000000002604093,5.959238450838046e-7,5.959564047579537e-7,1.130937290333704,12285.293986929864,12203.04077019591,0.15201703578094095,0.00014830811261765562,0.00013682633296842054,0.00022208005528611142,0.0010179999999999935,0.0010179999999999961,0.0010179999999999961,0.0010001799999999992,0.0010001800000000029,0.001000179999999999,7.172830597899725,-6.034021200539261,-1.3682535554179371,1.0665336267091057,-0.46181488384890684,-0.6561220119006527,-34.84630246065101,26.054848028689015,-15.271684296277105,1006.0259643554688,-0.4940760939992682,46.112249583466806
2025-06-14T21:17:18Z,40.078587134654825,-75.23224535604864,-41.307256526532505,405.73116384348725,811.3005078344613,-60.69333589151814,2.4303524675134995,6.279926147726824,0.23371359067848219,0.0009999999993481235,0.0010000000051394605,0.0010000000000522644,0.0009999999994319481,0.0010000000062972611,0.0010000000007270881,1.5960076298898652e-6,1.596238450443904e-6,1.133792112619969,12287.453534798602,12199.431743680323,0.1621441333268914,0.0001556590970906503,0.00014249326505099324,0.0002508387326142391,0.0010189999999999928,0.0010189999999999967,0.0010189999999999963,0.001000189999999999,0.0010001900000000024,0.001000189999999999,7.691606733200875,-3.577099106610593,-1.6006224101870032,0.5608601657972212,-0.18565290500731468,-0.5136415651272555,-40.18875114440918,6.601125277206302,-16.651875610351563,1006.0379760742187,-1.3674795605324936,43.999898506443735
2025-06-14T21:17:18.500Z,40.075704587569106,-75.23721602481082,-43.191490165002875,353.66298400875564,799.3077629231204,-58.04139222002708,2.5205020766614443,0.017183745310625914,0.494539203612054,0.0009999999987522332,0.0010000000053623575,0.0010000000002237785,0.000999999999154534,0.0010000000064255125,0.001000000000454217,5.612728965241794e-7,5.612985285789256e-7,1.1492140487931408,11058.649935401594,10980.893819230461,0.17812957294630755,0.00016874744264454872,0.00014598517406722982,0.0002783785055586593,0.0010199999999999931,0.0010199999999999968,0.0010199999999999968,0.0010001999999999997,0.0010002000000000014,0.001000199999999998,9.792381155754274,-2.8965817514967855,-1.0344051430834107,0.08837207561914963,0.015157714722999161,-0.5028281885925422,-41.38425140380859,0.7166250231117011,-19.89675079345703,1006.0539794921875,0.2747358707439622,45.924349165815876
2025-06-14T21:17:19Z,40.07831061846115,-75.23208220127525,-42.68019448037053,322.3620242084423,849.5474263518062,-53.38766695544419,2.853538781791835,5.7994363398974125,0.9869750433588417,0.000999999998909438,0.001000000005665665,0.0009999999999025307,0.000999999998915525,0.0010000000067981096,0.0010000000003046812,1.5613456762143771e-6,1.5615434300844337e-6,1.1761873615302716,11060.233502782552,10979.580307358729,0.19654564289426815,0.0001956914268452485,0.00015129760559913572,0.0002655953149315379,0.0010209999999999935,0.001020999999999997,0.001020999999999997,0.0010002099999999996,0.0010002100000000005,0.0010002099999999988,10.480339850325514,0.24148618354603538,0.8638362216002428,1.0024122237053286,1.1902342302193993,-0.5397010861030747,-41.05273588498434,-10.963281681140264,-18.063672522703808,1006.06796875,0.5140554250599632,46.171552358683826
2025-06-14T21:17:19.500Z,40.07556615202424,-75.23721589409341,-39.8261631524265,254.65789169369367,816.063941508992,-49.22927720867486,3.4037071435551876,5.016026936176746,0.6133555933051192,0.000999999998485332,0.0010000000057663883,0.0009999999997469954,0.0009999999986662488,0.0010000000071400473,0.001000000000050531,5.509912647749958e-7,5.510141571720727e-7,1.2111842725476039,10283.844657417056,10210.356952525568,0.21216652941735215,0.0008309863623724779,0.00014620882975898252,0.0006049548587752974,0.0010219999999999927,0.0010219999999999967,0.0010219999999999967,0.0010002199999999994,0.0010002199999999991,0.0010002199999999991,5.833273587333922,0.6373066971212262,8.5999970664979,0.4588863351516181,1.470681683209186,0.7080683041873785,-20.16675085067749,-22.50262580871582,-35.84437614440918,1006.0759521484375,0.42521109154806547,46.881558748435516
2025-06-14T21:17:20Z,40.0777503112497,-75.23239537080042,-34.89362418943616,198.83007273692982,821.0866179467232,-43.315629718908866,5.065319461886246,5.412702462020949,5.431498363437619,0.0009999999981582268,0.0010000000063533664,0.0009999999997910018,0.000999999998935955,0.0010000000074236817,0.0009999999998311123,1.551058242190102e-6,1.5512394950813673e-6,1.2482059672982122,10284.133978209802,10209.820954985316,0.21923861400526845,0.0003207751809268547,0.00008651350646689031,0.0004663458080831209,0.0010229999999999924,0.001022999999999996,0.0010229999999999964,0.0010002299999999987,0.0010002299999999987,0.0010002299999999987,3.1504968949830645,0.37212176183261275,9.441546170691039,0.43751696504856835,0.8123059471242042,1.5111693327312872,-9.849000387191772,-27.3656262588501,-40.13512664794922,1006.0899658203125,-0.023605036839546734,49.56514570874056
2025-06-14T21:17:20.500Z,40.07532394834786,-75.23744037949034,-28.16113857633528,130.685612689632,759.4652868361684,-37.40042870503949,4.971105190011285,5.551574869263989,5.627103593674764,0.000999999998222028,0.001000000006037436,0.0010000000000798003,0.0009999999986387207,0.001000000007125614,0.0009999999994421414,5.414828262811504e-7,5.415035882684958e-7,1.2809713613812017,9663.1522502,9595.118322478404,0.2194573228842665,0.00020072058494255844,0.00010376236094744763,0.00036878595714826516,0.001023999999999993,0.0010239999999999967,0.001023999999999997,0.0010002399999999995,0.0010002399999999977,0.0010002399999999977,1.9758841822057416,0.01649545775395897,9.70885500379063,-0.1960965106779855,-0.2745930185319457,0.4535717993103097,-18.007125663757325,-21.118500785827635,-40.39987670898437,1006.0919677734375,-0.0503165164980304,49.014209298149446
2025-06-14T21:17:21Z,40.07702031256094,-75.23321738792538,-20.312261314601038,76.81770120781619,734.8761727410802,-31.412135401958565,5.204074289438962,5.378175958362114,5.771344861518534,0.00099999999859057,0.0010000000062692664,0.001000000000065306,0.0009999999983618473,0.0010000000072460595,0.0009999999997442129,1.5415451800308087e-6,1.5417133776812713e-6,1.3049513776720998,9662.676601515559,9593.958914476045,0.21174356654361762,0.00022414329493562486,0.0001181120531784487,0.0003641157137209178,0.0010249999999999931,0.001024999999999997,0.001024999999999997,0.0010002499999999998,0.0010002499999999966,0.0010002499999999966,3.8551335033858383,0.28319001130818244,9.055937154134035,0.4440683080886437,-0.35294244011216463,-0.11662150838014351,-24.173250999450683,-18.224625835418703,-37.86750137329101,1006.0959716796875,-0.10151142122294315,48.4811900636094
2025-06-14T21:17:21.500Z,40.07506065187784,-75.23781588586472,-11.949250516266645,27.653830720344622,657.3577046295898,-25.88988949416588,5.380500325439198,5.52029407774077,5.794100742634862,0.0009999999985174418,0.0010000000062334875,0.0010000000004131238,0.0009999999983096401,0.001000000007453185,0.000999999999781515,5.277684391739516e-7,5.277868698199197e-7,1.3167391121719083,9029.994811879009,8967.182066024869,0.19736809620139834,0.00014427589048537264,0.00012582905705604345,0.0003523844044448913,0.0010259999999999926,0.0010259999999999963,0.001025999999999996,0.0010002600000000002,0.0010002599999999972,0.0010002599999999974,4.415319740856584,1.279067459714363,9.116766743120875,0.18522181037644342,0.15949175201487828,0.391811166994688,-29.145001258850098,-22.989375762939453,-31.59862621307373,1006.0899658203125,0.28854896285997517,48.748443327297274
2025-06-14T21:17:22Z,40.07634920818897,-75.23425559830481,-3.7342348670177365,-8.278189381212094,625.7675751133979,-21.2449393206512,5.497909256006106,5.567014322226949,5.778665216057034,0.0009999999985540102,0.001000000006043206,0.0010000000005148315,0.0009999999982853876,0.001000000007548877,0.000999999999512608,1.527825933633346e-6,1.5279803160187188e-6,1.3154032826992632,9029.762844697343,8965.130867303464,0.17941619037065337,0.00012340357500165852,0.00013298218477580156,0.000366364374775819,0.0010269999999999917,0.0010269999999999954,0.0010269999999999956,0.001000270000000001,0.0010002699999999975,0.0010002699999999975,3.239860131053288,1.070220044412936,9.887747151692295,0.036919443350733876,0.1382447218845262,0.14280666605322223,-29.359875984191895,-18.22725065231323,-34.22512649536133,1006.0919677734375,0.5483279618802014,48.63732446374064
2025-06-14T21:17:22.500Z,40.07482456021902,-75.23827840352503,3.9313975382583273,-31.159649118680676,535.043376903329,-17.370257452428632,5.50333813119907,5.747251225193493,5.998125922747301,0.0009999999987392201,0.001000000005939459,0.001000000000757878,0.000999999998308296,0.0010000000075613973,0.0009999999998507236,5.008839047748813e-7,5.008988463150029e-7,1.3022469134012857,8126.884779256652,8071.119294942517,0.16101999180285378,0.00009748470749022098,0.0001378589584875976,0.0003846423990032969,0.0010279999999999914,0.0010279999999999948,0.0010279999999999948,0.0010002800000000014,0.001000279999999998,0.001000279999999998,4.039543804778875,0.7290627949745697,8.930775996025059,0.1275595107921741,0.08467744120200581,0.576954341212532,-32.378907680511475,-14.783594310283661,-32.41875139872233,1006.0879638671877,-0.056134816189937944,48.14477000487382
2025-06-14T21:17:23Z,40.075805345520514,-75.23537636513097,10.812017626979433,-47.55113383762543,509.42028540792523,-14.139505637566268,5.596295836639785,6.101354909080056,0.1275301743783934,0.0009999999986811004,0.0010000000055449996,0.0010000000008885698,0.0009999999986038512,0.0010000000076355157,0.0009999999997038784,1.5009342996227345e-6,1.5010683936021247e-6,1.2800490660635804,8127.187594301611,8068.841073108988,0.14358313709567536,0.00010015693620513363,0.00012542824087061509,0.0004460520287029225,0.0010289999999999915,0.0010289999999999952,0.0010289999999999954,0.0010002900000000013,0.0010002899999999979,0.0010002899999999979,3.2097368177850405,0.14643000270411813,9.764057182311253,0.4283325575475366,0.12397151014180383,1.2006284867776102,-33.7628923257192,-2.7164063941066465,-34.995704571406044,1006.0879638671875,0.4009095084691401,48.703245856119416
2025-06-14T21:17:23.500Z,40.07470752853205,-75.2385411127757,16.817484730918178,-52.377702373672165,449.39177067603305,-11.901711107000827,5.603592849412148,6.038699889925432,0.0810323076777624,0.0009999999984814467,0.0010000000057643382,0.0010000000006285855,0.0009999999987081788,0.001000000007829206,0.0009999999998504417,4.954016563271324e-7,4.954151293136032e-7,1.2524034694450448,7493.9751476014,7440.700903885498,0.13084735649461102,0.00010426425247754365,0.00013682321698379134,0.0004500734261049257,0.001029999999999992,0.001029999999999994,0.0010299999999999958,0.0010003000000000021,0.0010002999999999985,0.0010002999999999987,3.6093664584795,0.8170641653365682,9.406824474831396,-0.0652093020195778,0.06507034553681566,-0.14875174180405967,-29.494142015775044,7.8468753298123675,-36.63554843266805,1006.0859619140625,0.24600321401535033,47.68266388158409
2025-06-14T21:17:24Z,40.075524705089755,-75.23606702612237,21.857406696374174,-55.555170275051296,432.4119293213232,-10.379685903835492,5.581130860758055,5.732699714203022,6.260664302435702,0.000999999998468487,0.001000000005653221,0.001000000000839987,0.000999999999008458,0.0010000000074840128,0.0010000000000174496,1.495447871746134e-6,1.4955705758939588e-6,1.2232283951384173,7494.6104470971695,7438.652217915037,0.12112054338518681,0.00012809027138251659,0.0001517624390962336,0.0004212394461839311,0.001030999999999991,0.0010309999999999944,0.0010309999999999944,0.0010003100000000025,0.0010003099999999973,0.001000309999999999,4.166881843996594,1.2249316943547235,8.890960572222646,-0.20154673806270573,-0.2836103262438621,-0.5518548830755827,-32.78962650299072,2.177625088915229,-33.24412616729737,1006.0879638671875,0.036685512741779405,46.74471988643003
2025-06-14T21:17:25Z,40.074774158691,-75.23834922417328,23.70261551508414,-46.13071989237432,376.56091870683696,-9.185736641566159,5.638399742015483,6.206182166926616,0.5001608637875966,0.0009999999984644774,0.0010000000059481725,0.001000000000566528,0.0009999999992138138,0.001000000007248441,0.0010000000003018337,4.849391774950364e-7,4.849620427715054e-7,1.4241602000810505,6768.558525424206,6717.368595133667,0.11833833952489127,0.0001388336140682645,0.00012061416841946618,0.0005054016122098437,0.001031999999999992,0.0010319999999999936,0.0010319999999999939,0.001000320000000002,0.0010003199999999977,0.0010003199999999986,3.4350672235504205,0.22090455205977547,9.654462980269546,0.21894619500800996,0.11627853308938661,0.8197046156344032,-32.49260357448033,0.9753826806435779,-30.36964393148617,1006.0999755859375,0.4048145009549961,44.48630593322972
2025-06-14T21:17:25.500Z,40.07549162051169,-75.23626364667165,28.886111834274978,-40.011871978706935,365.3873339836245,-7.849498361480338,5.86545076007011,0.1059174466741402,0.9129061838818386,0.0009999999984570825,0.0010000000058613034,0.001000000000264319,0.0009999999992454107,0.0010000000070022417,0.001000000000095302,1.4849886302015073e-6,1.4851283074254842e-6,1.3201326848522565,6768.937688968597,6715.658730280889,0.10844749992198958,0.00017793790990544488,0.00009936483384145838,0.0005576893686964695,0.001032999999999991,0.0010329999999999938,0.0010329999999999938,0.0010003300000000015,0.001000329999999998,0.001000329999999998,3.137914782828029,0.14873293634945076,9.464135830204095,0.4528235448222066,-0.024515696796191533,0.943593016491078,-28.693304652259464,8.929464589981805,-31.41428684052967,1006.0919677734375,0.1295912125328157,43.472911967477394
2025-06-14T21:17:27Z,40.0748790377844,-75.23816222686825,29.436744201643485,-18.090834262297406,318.8583592293674,-7.081588172404429,0.1198794923716074,0.2005454649056792,1.574167949088814,0.0009999999984296592,0.0010000000058951208,0.0010000000003826085,0.0009999999996064695,0.0010000000071653987,0.0010000000005218163,4.81078248840935e-7,4.811142382159023e-7,1.6896229915929055,5992.131647136982,5945.227797693917,0.1149970414544701,0.00019470506910851078,0.00010348090372577806,0.0005760422176456877,0.0010339999999999913,0.001033999999999994,0.0010339999999999941,0.0010003400000000006,0.0010003399999999971,0.0010003399999999971,3.531777655126207,0.7500575300955273,9.327642940520976,0.3514092237162188,0.03534910698324218,0.5175648720887912,-19.374238456167827,15.797561529206067,-36.40381268757145,1006.0979736328123,0.1701376691147038,44.16058380419441
2025-06-14T21:17:27.500Z,40.07558695990553,-75.23634907029515,34.8641557178189,-4.852135806360399,315.0271802760901,-5.8788358955646896,0.19942691148941,0.15325279079614001,1.813290098343477,0.0009999999987541691,0.00100000000559073,0.0010000000006236689,0.0009999999995354116,0.0010000000072705737,0.0010000000005586688,1.4811304505016786e-6,1.4812896924113215e-6,1.470523906451372,5991.359055635946,5944.220851384488,0.10454300972645897,0.00018642673369494275,0.0001240822007328373,0.0005669823889832058,0.0010349999999999917,0.0010349999999999945,0.0010349999999999945,0.001000350000000001,0.0010003499999999975,0.0010003499999999975,3.8942617095082657,1.2453346750249354,9.2328581574265,0.10019694561426455,0.025403054836180886,0.41762638865855806,-13.401136853478171,14.003693754022772,-39.90170600197532,1006.0899658203125,0.2665597979348351,44.36029245882736
2025-06-14T21:17:30Z,40.07523025505114,-75.23762949267599,29.465225160030837,30.807881821449953,285.55487698995506,-12.278276369522498,6.042613480021439,5.986457555081209,0.9266851090692863,0.0009999999986540836,0.0010000000054842307,0.0010000000003839566,0.0009999999995436673,0.001000000007032397,0.0010000000003548529,4.936561081339616e-7,4.93725791125171e-7,2.326979294066248,5041.026364191453,5002.752918729725,0.179404750564075,0.00019709101204652587,0.00012056288348276606,0.0004968259797376471,0.0010359999999999927,0.0010359999999999955,0.0010359999999999953,0.001000360000000002,0.0010003599999999983,0.0010003599999999983,7.195528370788703,3.116139164988812,6.002227105954175,-0.38682499764281036,-0.25342053728080316,-0.7608773826007952,-39.56958499484592,4.230416833195421,-19.541667217678494,1006.0879760742188,0.04971620721153898,44.33419381212494
2025-06-14T21:17:30.500Z,40.07605142143649,-75.23590490665568,35.362012006651966,48.5138639090988,291.32317313136195,-11.147607650161138,6.054961619943919,5.764096735573434,0.8708234545591674,0.0009999999989103354,0.0010000000053100248,0.0010000000005326213,0.0009999999993479066,0.0010000000067732296,0.0010000000006384858,1.4937146364017015e-6,1.4939226126944504e-6,1.8355028429249005,5039.502157578271,5002.19438267914,0.15834136931066073,0.00022316843198092796,0.00013554214752180187,0.0004886319508467636,0.0010369999999999921,0.0010369999999999947,0.001036999999999995,0.0010003700000000026,0.001000369999999999,0.0010003699999999987,7.6139003380236785,4.560792285813319,5.210916057686672,-0.11095975731849105,-0.3571048743544371,-0.24419725537072098,-39.884822845458984,-4.836160932268415,-13.81339338847569,1006.0899658203125,0.46551328185017404,42.48521002216659
2025-06-14T21:17:31Z,40.074727384722834,-75.2388796405787,37.90480722940191,51.013162696478624,251.97686379845123,-11.587777988851458,6.1201442203650585,5.8017223822716915,0.9652085732440503,0.0009999999992542094,0.0010000000051422454,0.0010000000006480819,0.000999999999529409,0.001000000006888073,0.0010000000009556889,4.869159251214494e-7,4.869294857015675e-7,1.5723691173873577,4261.663905601077,4234.361185088824,0.1489613349099263,0.00022561887784669187,0.0001338025542684327,0.0004980698565295567,0.0010379999999999908,0.0010379999999999944,0.0010379999999999944,0.001000380000000002,0.0010003799999999984,0.0010003799999999984,6.442404333012614,5.408028671877938,3.4265812356651946,0.15358928634078658,0.07885803439890668,0.15700714182293143,-39.35913604345077,-8.27403884056287,-11.070673429048979,1006.0759765625,-0.7362618058449384,41.71518770097383
2025-06-14T21:17:31.500Z,40.07546051589426,-75.23735985060682,38.94712577425902,59.60508782557121,258.2705710958814,-11.081570742635073,6.075241125286696,5.989797594008999,1.3007494964848378,0.0009999999995176057,0.0010000000052144277,0.0010000000002520321,0.0009999999996557435,0.0010000000068720505,0.001000000001332548,1.4869465469007314e-6,1.487032488890827e-6,1.4152368929484829,4261.454640833454,4233.835504676019,0.1416440238024338,0.00023207141629471805,0.00010875278237780988,0.0005208622521220391,0.0010389999999999898,0.0010389999999999933,0.0010389999999999933,0.0010003900000000025,0.001000389999999999,0.0010003899999999973,8.384638945444037,2.193684367515326,5.304448797770261,0.12054294789266573,0.30432756103230296,0.6875047988144628,-38.773595333099365,1.7259376011788845,-14.588906860351562,1006.0699584960937,0.34110787636749007,41.463267484936644
2025-06-14T21:17:32Z,40.07462231585638,-75.2391382336792,39.32771713438269,57.37742819881518,229.20558681478636,-11.026535649218273,6.099594039144907,5.980981599395593,1.4047093597985694,0.0009999999992564268,0.0010000000052317842,0.0009999999998997326,0.0009999999999666899,0.0010000000067207232,0.0010000000014896617,4.83402985597998e-7,4.834101897282141e-7,1.3163990809324932,3677.0637070604275,3655.7161354537916,0.1399006430720012,0.0002450028034537145,0.00010872963134667997,0.0005292438613794154,0.001039999999999989,0.0010399999999999925,0.0010399999999999925,0.0010004000000000024,0.001000399999999999,0.001000399999999998,8.653419124126916,2.0885338572509595,5.203201519489037,0.07269687416709839,-0.01387812374118774,0.16766249756076973,-37.47589447384789,9.090625388281685,-19.212947209676106,1006.0759643554687,0.4963449478818283,43.08381487368083
2025-06-14T21:17:33Z,40.074733129869294,-75.23892998540039,36.16300781389689,56.641418009756755,215.04414241247986,-10.773565130984926,5.929642848312724,6.070650904997283,1.503577268044083,0.000999999999533481,0.0010000000050252665,0.0010000000000930339,0.0009999999997559461,0.0010000000067770134,0.001000000001313374,4.2146895882250283e-7,4.214812547542112e-7,1.4931832592045096,3277.9244193113427,3259.3809146665985,0.1472010108940547,0.00024265159040858132,0.00010806255893586,0.0005484132421328294,0.001040999999999988,0.0010409999999999916,0.0010409999999999916,0.0010004100000000017,0.001000409999999998,0.001000409999999998,7.570023697324014,0.9876533857995273,6.768890308380227,-0.17186760129548168,0.09557831520728613,0.10348316274518002,-34.781642039616905,12.430469334125519,-22.995704015096027,1006.0859741210937,0.3907861116279681,43.50950675191281
2025-06-14T21:17:33.500Z,40.075391861598135,-75.23760933341492,37.796878293221184,61.24480989874833,222.72942556183628,-10.002667705129042,5.9778114316863675,6.028737568492963,1.4650257543043936,0.0009999999996847596,0.0010000000047084242,0.0010000000001036129,0.0009999999994167708,0.0010000000066938608,0.0010000000013966372,1.42149366583756e-6,1.4215643816222655e-6,1.377308632022276,3278.099746229503,3258.8415148720355,0.138385369394298,0.00024853512234233324,0.00011625417513631095,0.0005521553740467423,0.0010419999999999887,0.0010419999999999922,0.0010419999999999924,0.0010004200000000006,0.001000419999999997,0.001000419999999997,7.381064466891548,0.36606958038472837,6.858558986580798,0.038411988299660096,0.0010344386721797484,-0.1181836736340057,-34.17412666320801,15.791625633239747,-22.12800079345703,1006.0779663085938,0.26880261717014564,43.667955758902714
2025-06-14T21:17:34Z,40.074602816201036,-75.23919261372973,38.86480981270776,57.0575185178772,203.7295909754773,-9.364169038621924,6.140983948772423,6.062188651689064,1.444479779350654,0.0009999999994404077,0.0010000000045380342,0.0009999999997180504,0.0009999999992773884,0.0010000000064706751,0.0010000000012211918,4.660433862911278e-7,4.6604920524192256e-7,1.2986133818798657,2904.318313755472,2888.3736702845335,0.13160970974026986,0.0002468284338819016,0.00012473228297062882,0.0005660513205969378,0.001042999999999988,0.0010429999999999916,0.0010429999999999916,0.001000430000000001,0.0010004299999999975,0.0010004299999999975,6.641121059138915,1.703947637343932,7.256922358629077,0.280862209042641,0.12037093013132852,-0.045738666524038143,-34.718024320380636,10.977471418158952,-23.762791611427485,1006.0879638671875,0.1734413017762459,43.480017748639874
2025-06-14T21:17:35Z,40.07468895346952,-75.2390201659998,37.10606970025291,52.10176238841122,191.35703637454878,-8.8161237738919,0.263987802698254,5.612967572683556,1.227359400923476,0.0009999999991241134,0.0010000000045020335,0.0009999999995819085,0.0009999999996528912,0.001000000006709659,0.0010000000014341347,4.1260175381404565e-7,4.1261131396065324e-7,1.4829629686869712,2585.0930871306387,2571.051378325927,0.13681959200897587,0.0003332506617001597,0.00015508633365930548,0.000566544422924506,0.0010439999999999876,0.0010439999999999913,0.0010439999999999913,0.001000440000000001,0.0010004399999999978,0.0010004399999999976,7.623665343762004,3.945927696461908,4.981471460104271,0.30300312200938223,-0.48669999737465464,-0.20392499829840793,-36.00686124475991,3.467835488751894,-25.02347667042802,1006.07998046875,0.11714710939901972,43.985109524537904
2025-06-14T21:17:35.500Z,40.07526757384674,-75.23784821853214,39.21840889782538,53.659038387486454,197.23080912865606,-7.6464569093427714,0.2746171367294814,5.706513533020629,1.234722616440238,0.00099999999914321,0.0010000000047448673,0.0009999999997488142,0.0009999999992227426,0.0010000000068703656,0.0010000000011382557,1.4126211610396035e-6,1.4126766069375303e-6,1.366661934205061,2585.2908872765856,2570.637926836635,0.12284669656900046,0.00028875258410130604,0.00016195997652176957,0.0005663622598765855,0.0010449999999999876,0.001044999999999991,0.001044999999999991,0.0010004500000000013,0.0010004499999999978,0.0010004499999999978,7.270186033885561,4.721335957341007,4.851375240553411,-0.025763095170089775,0.2128026788918881,-0.05232678767720935,-37.97142991565523,-1.4973214978263492,-22.45000089917864,1006.0899658203123,0.1250100483487222,44.13694055997852
2025-06-14T21:17:36.500Z,40.074691037281134,-75.2390068737096,38.848717182208375,48.59978528384514,194.97601353234157,-7.097764028626066,6.043960461202152,6.0459481778058395,1.928741129997936,0.0009999999988357323,0.0010000000045973078,0.0009999999996923338,0.0009999999991129544,0.001000000006792563,0.0010000000012787412,4.6021502939500936e-7,4.602239764207268e-7,1.5210174769927227,2436.1561056759247,2421.7103027026965,0.13110289164772682,0.00027524444018673354,0.00011061030853229262,0.0005997147128594374,0.0010459999999999868,0.0010459999999999907,0.0010459999999999907,0.0010004600000000016,0.0010004599999999982,0.0010004599999999982,7.148201774598025,3.5298887481642005,5.850855993271125,-0.3020791657150425,0.45363846136057173,0.7784628143299165,-33.74343891143799,-0.29249999374151237,-29.290313816070558,1006.0679809570313,0.08042998370929222,44.68358953691422
2025-06-14T21:17:37.500Z,40.07471657314553,-75.23894407439371,38.79551665332144,41.583329911984656,194.84904188507244,-8.37626212251765,5.700940315046476,5.712050259430876,1.8402411784792807,0.0009999999990961024,0.0010000000049360336,0.0009999999997033911,0.0009999999989014703,0.001000000006702845,0.0010000000015095037,4.106764899939927e-7,4.1068636594005493e-7,1.6382353501216926,2323.4855274900888,2309.056078164427,0.14997894653279886,0.0003581131004051753,0.00011240668427988327,0.0005913948707033381,0.0010469999999999876,0.0010469999999999913,0.0010469999999999913,0.0010004700000000011,0.0010004699999999979,0.0010004699999999979,8.315525402524386,3.4134072929972135,5.368353810946455,-0.4373300550187981,-0.26410297763210866,-0.2313125017468433,-37.81458494398329,4.161250151528252,-24.78708424038357,1006.1039794921875,0.6615849094583767,45.40543771207377
2025-06-14T21:17:38.500Z,40.07472067583218,-75.23891645757182,37.71138076738208,32.34633714074368,193.6908144053589,-11.690346026476764,5.6213983986284,6.141705816414728,2.0512253481470517,0.000999999998883057,0.0010000000050005844,0.0009999999997261661,0.000999999998859431,0.0010000000068822704,0.0010000000017055836,4.011326745779549e-7,4.011427027400815e-7,1.7362409401159138,2219.6632860225204,2205.461505963788,0.18299039688241206,0.0002646171544290181,0.00010871750500854083,0.0006412271875079044,0.0010479999999999864,0.001047999999999991,0.001047999999999991,0.0010004800000000004,0.0010004799999999987,0.001000479999999997,7.026723728343163,4.671982160076319,5.723737507231989,-0.03862448976200687,0.295542602071336,0.45567397610844285,-37.7535018157959,-4.856250202655792,-18.86700080871582,1006.0779663085938,0.3882508675434693,42.483755399272994
2025-06-14T21:17:39.500Z,40.07471857062392,-75.23889228929646,35.36695336388808,23.272363359864382,194.0471109181279,-14.666582808048158,5.483886423374067,5.928523181689664,2.0886266826897097,0.0009999999991767653,0.001000000005160294,0.0009999999997586716,0.0009999999985038728,0.0010000000073885143,0.0010000000016043824,4.0320005473952217e-7,4.032101413018507e-7,1.8307030963829156,2143.7064371651045,2129.6268945588054,0.21657241123290932,0.000288340416132815,0.00010689123318316655,0.000619356745238595,0.0010489999999999857,0.0010489999999999903,0.0010489999999999903,0.0010004899999999993,0.0010004899999999993,0.0010004899999999967,7.497532274937225,3.5291831326536127,5.880698151852497,-0.17202193809475502,-0.13694540756655926,-0.10974005190590463,-35.80293523048868,4.091326689233585,-27.083036773058833,1006.0759643554687,0.3532593257307405,45.07854734343048
2025-06-14T21:17:43Z,40.07524241491199,-75.23762811022675,26.609695830390912,-2.414153076356751,168.86965877086502,-12.88243598382615,5.906956324737718,5.789353241736995,2.7477021559103694,0.0009999999991609765,0.0010000000052000498,0.0009999999994132528,0.0009999999984422905,0.001000000007329932,0.0010000000016668514,3.888763392154254e-7,3.889383593681186e-7,3.4460970602977055,1811.9482922565082,1800.7550877120484,0.29643111646716985,0.00023037436476646656,0.00008597740845596243,0.0006290182133832187,0.001049999999999985,0.0010499999999999913,0.0010499999999999913,0.0010004999999999997,0.0010004999999999997,0.001000499999999996,7.88844803584788,1.8956819129155316,5.98472984608761,0.16815132795075116,-0.09232925459387586,0.15672712690238605,-33.970409704714406,11.47346981204286,-28.515307406989894,1006.0839599609375,0.27792703108490985,45.812087396398915
2025-06-14T21:17:47.500Z,40.07542936540412,-75.23695999862272,38.23597214539241,-9.335878433668537,150.68022447585992,-3.4130930647996376,6.227518249221283,5.739945539721304,2.3305899360465623,0.0009999999988994984,0.0010000000049848897,0.0009999999996350394,0.0009999999982584227,0.0010000000071387625,0.0010000000017703233,3.9114520991839075e-7,3.9126300815764705e-7,4.007907356026962,1628.805774582939,1618.4591601942038,0.1566509443871006,0.0001658584010572994,0.00008110903920457848,0.0006277783582413239,0.0010509999999999845,0.0010509999999999918,0.0010509999999999916,0.00100051,0.0010005099999999998,0.0010005099999999963,6.992873076006254,0.9627534550593134,7.249587821007362,-0.013655978291964828,0.03127663047526596,-0.09028831456314787,-30.744294539741848,15.569022344506305,-29.142392324364703,1006.0839599609375,0.31776035408075565,45.1318130927323
2025-06-14T21:17:52.500Z,40.07554405449715,-75.23662085248036,46.64864341168617,-14.84200070716676,149.96305792570615,-2.3833502920748626,0.36807709925831267,5.802238702344627,2.956589990492344,0.000999999998655628,0.0010000000052123323,0.0009999999994764368,0.0009999999984714515,0.0010000000073538818,0.001000000001854796,3.8658693477995267e-7,3.8673720403474127e-7,3.7857199618305017,1540.5173896962174,1529.5544713466236,0.07471520909001506,0.00018146975672160467,0.000044243570878840744,0.0006388607921459162,0.0010519999999999837,0.001051999999999991,0.001051999999999991,0.0010005199999999993,0.0010005199999999993,0.0010005199999999956,6.909399148631642,1.7201105596484194,6.668422393621765,0.1800406907082692,0.0469523931816168,0.14085904204034302,-22.53984459241231,7.3562503059705096,-40.68672013282776,1006.0799560546875,-0.045300819913958915,47.0910121815293
2025-06-14T21:17:53Z,40.07586810058943,-75.23571984268953,50.62665364512833,-14.256549342515617,151.4971753933647,-1.729970516457196,0.4622001299480977,5.744562286469286,3.185860563541611,0.0009999999989598963,0.001000000005370734,0.0009999999992987764,0.0009999999985796267,0.001000000007569113,0.0010000000021174289,1.3866266194569144e-6,1.386870478832024e-6,2.292620953063202,1540.4172073057996,1529.5462212772084,0.05344698512036257,0.00020065799056226446,0.00005058451829870185,0.0006494875335632042,0.0010529999999999832,0.0010529999999999904,0.0010529999999999906,0.0010005299999999997,0.00100053,0.0010005299999999943,6.480286970775677,1.719783412037379,7.7616437187200065,0.40941457897670686,0.06800494745779208,0.41263437516274093,-17.30820393562317,6.008203352491061,-43.569923321406044,1006.1019775390625,0.4555856046159631,47.26527109680695
2025-06-14T21:17:53.500Z,40.07464063166106,-75.23893109358116,52.10591441070519,-14.154556104475107,147.12359948318635,-1.7167576694577908,0.4425332074214697,5.663486460053145,2.993783546152112,0.0009999999990426486,0.0010000000051449002,0.0009999999996161569,0.0009999999985800163,0.0010000000075979629,0.0010000000019773799,4.247433873955212e-7,4.247543934454272e-7,1.6938064980906589,1486.5941880689027,1476.312613372598,0.04614753519960048,0.00023126070190282338,0.00005896689050294381,0.000657895362182569,0.0010539999999999825,0.0010539999999999896,0.0010539999999999896,0.0010005399999999996,0.0010005399999999998,0.0010005399999999953,7.209070584272445,2.005574426445069,6.110750312754327,-0.2600723822182352,-0.2858936053025314,-0.22811162583377825,-18.520536468142556,3.236160845983596,-44.085715793427966,1006.0899658203125,-0.13920956625643885,47.927324988480045
2025-06-14T21:17:54.500Z,40.074564737157075,-75.23910898189239,52.302829248607615,-15.33795360946286,147.601241895635,-1.4525973949319855,0.610153167194243,5.750746506871641,2.6064864444589837,0.0009999999988732273,0.001000000004901759,0.000999999999985022,0.0009999999983224851,0.0010000000075178254,0.0010000000023995179,3.776566422899394e-7,3.776634009261368e-7,1.4892022531148181,1454.4750269501853,1444.537312533633,0.04447983782544395,0.00018679134470068456,0.00008883740085234988,0.0006680296010459056,0.0010549999999999824,0.0010549999999999898,0.0010549999999999895,0.0010005499999999994,0.001000549999999999,0.0010005499999999955,8.14366293291708,1.401384157033403,6.578061676155821,-0.04979202074328355,-0.09020824389792657,-0.33875851263446277,-15.725000580151876,5.510547071695328,-38.51484537124634,1006.0959716796875,0.7616554702423992,41.96463781440819
2025-06-14T21:17:55Z,40.074870955138515,-75.2382340002505,52.80329489610533,-14.564921730450298,149.27353865072126,-1.7171392129901206,0.40639196342436423,5.767400768261152,2.772445527710569,0.0009999999988014668,0.0010000000051867185,0.000999999999758518,0.000999999998309184,0.0010000000073193272,0.0010000000025808724,1.3776683423808526e-6,1.3777027164186738e-6,1.2511781993167266,1454.4264663696745,1444.434784737359,0.04115559478296634,0.00020819918562028385,0.00008588631458098147,0.000676915974639892,0.001055999999999982,0.001055999999999989,0.001055999999999989,0.0010005599999999984,0.0010005599999999984,0.0010005599999999947,5.390254103337705,1.5935654576356484,7.332592622708066,-0.24740312220267835,0.17388437555825217,0.2352000017021917,-16.255804334368026,2.834375111829667,-36.74821581159319,1006.0919677734375,-0.561406135347092,40.282901254862956
2025-06-14T21:17:56Z,40.07453208177812,-75.23919720959682,52.63773167222277,-14.51344457627623,150.56753772928147,-1.054022716610263,0.15800120741503462,5.974688706165929,3.282191208888404,0.000999999998845302,0.0010000000055393977,0.0009999999996012576,0.0009999999982086489,0.0010000000072900273,0.0010000000022816885,4.2533302741287084e-7,4.2533790400567495e-7,1.2016755698156134,1443.8437143312212,1433.9820357677193,0.041272503848214084,0.00019386899179169476,0.00008481551846220278,0.0007048945943842216,0.0010569999999999818,0.0010569999999999892,0.0010569999999999892,0.0010005699999999975,0.0010005699999999975,0.0010005699999999958,5.089906076654258,0.7935988792874206,8.906391126766003,-0.04263958388211624,0.35849661236610975,0.42875338121307593,-12.809511433476986,1.2476902746635936,-41.69062639319378,1006.0979736328125,0.4881411470205485,43.63191738472125
2025-06-14T21:17:57Z,40.07455271597845,-75.23915758986934,52.584772583947405,-18.07748857462773,150.9683376057013,-1.5108442640021906,0.2381088161963568,6.120939312290724,4.010958259190482,0.0009999999990728246,0.0010000000053095117,0.0009999999995015114,0.000999999998420535,0.0010000000070764516,0.0010000000024663871,3.8508322344106816e-7,3.850887112993025e-7,1.1819511259245445,1430.167379053242,1420.9868479364682,0.048509722113381296,0.00013290624935253302,0.00014910763265025214,0.0007469499744357928,0.001057999999999981,0.0010579999999999884,0.0010579999999999884,0.0010005799999999964,0.0010005799999999966,0.0010005799999999966,5.271592909196998,-1.43586918860176,8.59327244523032,0.3122503308790366,0.34993256818185886,0.8376957141498913,-8.50996650231851,-5.543412350319527,-40.66571096471838,1006.0859619140625,0.38230481240695724,41.91473182948669
2025-06-14T21:17:57.500Z,40.07485746262025,-75.23826709928247,52.80126186302056,-18.67227255340792,150.7231011201178,-1.7414061072554465,0.3169162041456544,6.08233828266903,4.168474319999432,0.000999999999255961,0.0010000000053534415,0.0009999999991759784,0.0009999999986059023,0.0010000000067934072,0.0010000000023074073,1.3850940791335778e-6,1.3851252100692416e-6,1.0651091897410998,1429.7432799441026,1421.0216526464767,0.04677540934056922,0.0001280726402801327,0.0001732611743192593,0.0007595033231154199,0.0010589999999999812,0.0010589999999999886,0.0010589999999999886,0.0010005899999999965,0.0010005899999999974,0.0010005899999999974,5.060552681574935,0.6128951463980613,8.42376501697497,0.22208124617873734,0.011831249806980759,0.32165312309045596,-5.3233335494995115,-11.585833803812664,-40.49833501180013,1006.0979736328125,0.04527721276771875,42.457982221391205
2025-06-14T21:17:58Z,40.07449419786302,-75.23934319828659,52.80493280480321,-19.422581488724827,149.29722810785256,-1.8840212676324868,0.179079381372649,5.980061978200563,4.172961009610606,0.0009999999991838167,0.0010000000053256451,0.0009999999992194378,0.0009999999986911468,0.0010000000069718318,0.00100000000244997,4.574048539882882e-7,4.5740768439595607e-7,0.9846543367263142,1415.0924683141347,1406.9550952062768,0.04745821372275431,0.0001425485249931351,0.00018352946132696172,0.000766335835212528,0.0010599999999999809,0.001059999999999988,0.001059999999999988,0.0010005999999999958,0.0010005999999999975,0.0010005999999999975,5.2361287913556955,-0.7856643253770929,8.61743620027897,-0.2706638282255615,-0.1978765946054164,0.057542819027562135,-7.491223710648557,-12.514229206328697,-38.93896411327606,1006.1079833984375,0.313526696907843,41.580801713476205
2025-06-14T21:18:01Z,40.07493124126879,-75.23811601015127,44.29237926897543,-33.69940941118059,149.32451586977047,-7.103990748906749,0.4174944991475943,6.232642562120935,3.5299122425817644,0.0009999999989229193,0.0010000000050975066,0.0009999999991265854,0.000999999998837001,0.001000000006772481,0.0010000000021221128,4.3219770633506597e-7,4.322354521225394e-7,1.8072755285859665,1374.8268429825534,1369.7126548532128,0.12263665853380373,0.00019447699690590395,0.00012477607313156236,0.0007882215589033967,0.0010609999999999814,0.0010609999999999884,0.0010609999999999886,0.0010006099999999955,0.0010006099999999981,0.0010006099999999964,6.278563717726616,-2.098530578790879,7.636656502608172,0.055426160103802406,0.023868318305937882,-0.2756226695975488,-19.608334223429363,14.380834054946899,-30.275001186794704,1006.0939819335938,0.30589616588547724,38.83126207912363
2025-06-14T21:18:01.500Z,40.07523181608728,-75.23719827838308,45.49272403074518,-32.170683280289694,152.44873416550072,-7.212239337642316,0.519694367851256,6.204483659254854,3.4880047391704028,0.000999999998733954,0.001000000004801011,0.0009999999994723347,0.000999999999039151,0.0010000000066213428,0.0010000000024705626,1.4322184845168933e-6,1.4323054001545949e-6,1.5317983849175656,1374.3534508102412,1369.9689437154113,0.11593370962557899,0.00020511864129260708,0.00012476770862048075,0.0007956674774924806,0.0010619999999999811,0.0010619999999999885,0.0010619999999999885,0.001000619999999995,0.0010006199999999985,0.001000619999999996,5.288651569568306,-0.32368159301529953,8.294564902457056,0.2227460343405967,-0.06098353714164591,-0.06306615850905053,-32.59598359607515,3.053125111829667,-25.409375871930802,1006.0799682617187,0.041327582675490616,41.44215119181756
2025-06-14T21:18:02Z,40.07457148554909,-75.23910868068795,45.76006689755711,-31.33368591431784,150.71093783776908,-7.3211303548089,0.7922127036334424,6.079685138370413,3.5737438303933837,0.0009999999988452863,0.0010000000048947457,0.0009999999996728422,0.0009999999992172499,0.0010000000065818935,0.0010000000023151373,4.91405484769234e-7,4.914116918528744e-7,1.3684006480946405,1336.627814377242,1333.0120547978954,0.11552161079223859,0.0002095812723086595,0.0001384988650576,0.0007885956273040539,0.0010629999999999817,0.0010629999999999887,0.0010629999999999889,0.001000629999999996,0.0010006299999999984,0.0010006299999999958,6.44612299289252,0.7007500376083262,8.32950947478376,0.6093364841367691,-0.0776655399303746,0.28126148573484994,-38.76661330775211,12.593586043307656,-23.266283788179095,1006.1039794921875,0.7549023189042099,46.93361177650301
2025-06-14T21:18:03Z,40.07455657449667,-75.23911336591954,43.16427754873992,-33.40132424882228,147.57708182075214,-7.985258284056654,0.8636903727294324,5.512827193421434,4.281881347969252,0.0009999999988428887,0.001000000004405734,0.0009999999996002456,0.0009999999994328823,0.0010000000063585634,0.001000000002261046,4.270617839502352e-7,4.2706786767549693e-7,1.4871748811361034,1290.5640413986296,1288.171003514279,0.1284073650406412,0.0002244210712833314,0.00022806483364214473,0.0008500075984222772,0.0010639999999999808,0.001063999999999988,0.0010639999999999883,0.0010006399999999951,0.0010006399999999975,0.0010006399999999951,6.789141603222219,0.35079893016001773,7.702886270523399,0.6038019954570014,0.14638899729487737,1.1691854908443187,-29.623501319885253,14.659500637054443,-35.96550132751465,1006.1139892578124,0.47335867620342065,48.84634190252611
2025-06-14T21:18:04Z,40.07455667008042,-75.23911571123678,41.64251418412686,-35.22927450198374,144.57190147431274,-7.5423025501882535,6.267150861296875,5.203288612478407,5.95412894509255,0.0009999999987949418,0.0010000000047713082,0.0009999999993319058,0.0009999999995818235,0.0010000000061868215,0.0010000000020601912,4.247045130061154e-7,4.247108822504603e-7,1.592144553385025,1244.7458379362583,1243.3808189098452,0.13403034275578812,0.00118975441000112,0.00010695168741933967,0.002263895094413125,0.0010649999999999802,0.0010649999999999867,0.0010649999999999876,0.001000649999999996,0.001000649999999997,0.0010006499999999962,5.368916915894712,0.17681250825125144,9.291117185063232,0.9830275568845502,0.2949775622774997,1.670129156379395,-8.930067871067974,9.227534232912836,-45.10033952867663,1006.1019775390625,0.9323203170809813,46.892743215021355
2025-06-14T21:18:04.500Z,40.074813090554876,-75.23826172880956,43.14886039830057,-34.746465079715136,146.29914951165384,-6.924918394347441,0.18316026010630881,5.1589525252609345,6.077632801650498,0.0009999999991189689,0.001000000004729878,0.0009999999990793482,0.0009999999995110888,0.0010000000062648654,0.001000000002024087,1.4247148361295494e-6,1.4247456771932157e-6,1.425096027232237,1244.7639245889147,1243.6158121455485,0.11917079049231907,0.0015990262625231004,0.00010214244977785913,0.002769724197399617,0.0010659999999999795,0.001065999999999987,0.001065999999999987,0.001000659999999996,0.0010006599999999972,0.001000659999999997,6.066400283284862,3.2336126784833246,6.856537852393925,0.6461737112185492,-0.12608621745621257,0.12874711765257518,-2.794186155463374,-12.640116799709409,-45.65930362080419,1006.0959716796875,-0.09095316247475244,47.45890031473231
2025-06-14T21:18:05.500Z,40.074534372685385,-75.23919462964403,41.957020372021994,-37.42688928635534,144.4948123690569,-7.15869610277143,0.20133990341361502,5.29151900200624,5.712059085086034,0.000999999999276383,0.0010000000050041074,0.0009999999990256611,0.0009999999993573507,0.0010000000063925135,0.0010000000018847426,4.86090241122833e-7,4.86095522175232e-7,1.541401379729302,1212.7692254838387,1212.2943666449994,0.12347109334806508,0.0009589002685649152,0.00013715857551129963,0.0019782921697468372,0.0010669999999999803,0.0010669999999999874,0.0010669999999999879,0.001000669999999997,0.001000669999999997,0.0010006699999999967,4.26138696014268,2.269060395488497,8.767612202476974,-0.30982861495802405,0.0726638152615113,-0.2042141452185267,3.945312642181913,-8.393229550785488,-45.6072932349311,1006.0999755859375,0.20899793263552952,46.540651762954944
2025-06-14T21:18:07Z,40.07460344806926,-75.23894028214093,39.760783948327344,-41.117758566233356,141.65760343406527,-7.043008305486472,1.272649926228567,5.442470688612816,4.596195458269429,0.0009999999993708,0.0010000000047375758,0.0009999999991597605,0.000999999999587398,0.00100000000625385,0.0010000000019845829,4.337002994379369e-7,4.3371083966680685e-7,1.8587283516426236,1181.0471707575994,1181.432667210588,0.12230747505259698,0.00021381928459567636,0.00033139071514919565,0.001017469940063832,0.0010679999999999798,0.001067999999999987,0.0010679999999999871,0.0010006799999999977,0.0010006799999999977,0.0010006799999999968,4.953465934209185,3.500788738790685,6.983034660885286,0.13246790547572104,-0.3016976323417202,-0.4534158718133616,-15.496622162896234,3.9364866469357467,-41.771960902858424,1006.1019775390625,-0.549952401413966,44.7273227844219
2025-06-14T21:18:07.500Z,40.07482546675127,-75.23812209570629,42.506928289781804,-42.721461935733814,141.05082201591404,-6.485839981593934,1.0542042603012214,5.497360887661103,4.732650580577897,0.00099999999900089,0.0010000000050171783,0.0009999999994978288,0.0009999999993326608,0.0010000000062021423,0.0010000000016305891,1.4337120666089596e-6,1.4337505060826975e-6,1.5701656424999295,1181.0538811724755,1181.8250104986478,0.10759861474438852,0.0001997432360849445,0.0003340389898226248,0.001048384758844731,0.0010689999999999803,0.0010689999999999862,0.0010689999999999877,0.0010006899999999968,0.0010006899999999968,0.0010006899999999957,5.110728635994793,4.160948848410327,7.099643570359529,-0.2005503114066617,0.18745062432185278,-0.017396876216988023,-19.65703206062317,1.595156303793192,-37.7367205619812,1006.1119873046875,-0.11247923253493894,42.579328201341546
2025-06-14T21:18:08.500Z,40.07452777267634,-75.23919013081118,42.01141262187471,-46.74347131743562,140.67842009348269,-6.880757875517541,1.5657120292435427,4.831223522795053,4.287253119984115,0.0009999999989065158,0.0010000000050163832,0.0009999999993985473,0.0009999999997189531,0.0010000000061018055,0.001000000001341701,4.89350005387903e-7,4.89355845501654e-7,1.6142245964874882,1163.9775220350944,1165.2914261231813,0.11605645563333106,0.009694902961324697,0.00029779048769901527,0.009150396781637841,0.0010699999999999803,0.0010699999999999865,0.0010699999999999874,0.0010006999999999972,0.0010006999999999972,0.0010006999999999946,5.701577917200384,2.9807395986644867,7.189605590218494,0.12110305396327221,-0.4549180567239655,0.6990002745315683,-18.446076237878135,-1.5283431121429731,-38.29404218806777,1006.1259887695312,-0.15151338888514815,42.532609975445915
2025-06-14T21:18:09.500Z,40.074528501161346,-75.23919771315181,41.52552908921883,-50.564974563336506,143.7590299208657,-7.290727419873785,5.387341974328913,5.449368216576875,0.6775228728431487,0.0009999999990591196,0.0010000000054857644,0.0009999999996031228,0.0009999999998557725,0.0010000000061954996,0.0010000000017064688,4.322850904511115e-7,4.322908133875745e-7,1.6578589067185807,1153.134001626191,1154.5276759512521,0.14808350998357156,0.0005240876208114515,0.00020600302082271192,0.0015181835943966647,0.0010709999999999797,0.0010709999999999871,0.0010709999999999871,0.0010007099999999978,0.001000709999999998,0.001000709999999994,6.457367684614197,2.9099946955755076,8.622738501383512,0.24478264981004175,0.5109630070722332,1.0094425975241186,-14.686225054215411,-11.260332068618464,-43.85969527886839,1006.12998046875,1.358713529987725,47.60407884646495
2025-06-14T21:18:10.500Z,40.07453444331831,-75.2391831801741,41.24628267614548,-52.81129428220225,144.89675203562817,-7.279389649448477,5.7690501711943,5.65886198625026,0.7151317265844762,0.0009999999994155836,0.0010000000058520244,0.0009999999996755818,0.0009999999999734503,0.001000000006025912,0.0010000000020678177,4.276423131780787e-7,4.276482849803563e-7,1.7157259921252515,1140.9100490614082,1142.205203106032,0.17648942422922753,0.00030853990343512747,0.00023679713408721856,0.0012273700929812193,0.0010719999999999784,0.0010719999999999868,0.0010719999999999868,0.0010007199999999966,0.0010007199999999968,0.0010007199999999931,6.198661254883754,1.6599939794660001,8.169540681699823,0.4169803546231263,0.12787351205396422,0.19965505562977784,-5.511628120444541,-17.229506559150163,-46.896804011145306,1006.135986328125,0.5882405296906115,50.26469004626441
2025-06-14T21:18:11Z,40.07473656166243,-75.2383510677974,43.183391383591776,-54.298231698129655,144.55510427984765,-6.784310855677397,5.7375598300010076,5.742690835919549,0.6067654878931033,0.000999999999303827,0.0010000000055690238,0.0009999999991917876,0.000999999999737201,0.0010000000064390936,0.0010000000019288711,1.427651862355008e-6,1.4276804515930283e-6,1.5153651403002844,1141.1169315526108,1142.489826688158,0.17012302148262254,0.0002917746873045833,0.0002261560828156672,0.0011777602772188277,0.001072999999999978,0.001072999999999986,0.0010729999999999863,0.0010007299999999968,0.0010007299999999966,0.001000729999999993,4.0377245678326,1.2478524888288314,8.838072355410272,-0.21690312190393546,0.21739374828142427,-0.022599999588696063,1.329941916257836,-21.65276230213254,-46.56366410366324,1006.1239868164063,-0.003680207160216553,51.3690613274589
2025-06-14T21:18:12Z,40.0745136033109,-75.23926241424337,42.75113025083238,-56.08493745476649,141.11475841669764,-5.953376276092302,6.168158642713075,5.506787401346613,0.719031622722729,0.0009999999995495426,0.0010000000057774573,0.000999999998842374,0.0009999999995018317,0.0010000000065464665,0.0010000000020879058,4.951789004542438e-7,4.951839563508033e-7,1.6522844813030222,1114.9302504951763,1116.5473849075302,0.16849140755383843,0.0003033712711869582,0.00027331422315856924,0.0012644411025131898,0.0010739999999999784,0.0010739999999999858,0.0010739999999999853,0.0010007399999999971,0.001000739999999997,0.0010007399999999937,4.783689483189144,1.7606929411832433,8.39695042219697,0.5334535297433356,-0.2830334242741464,0.04911276996744572,-2.1289063366129994,-13.243359863758087,-48.571877002716064,1006.1339965820313,0.023362722463257758,50.38988930046339
2025-06-14T21:18:12.500Z,40.07469701473161,-75.2384543320977,44.70541755524948,-57.534431708451606,139.54762404910608,-4.93215062250786,6.041378111691993,5.509159561592626,0.5598064977729064,0.000999999999291936,0.0010000000057653249,0.0009999999986962174,0.000999999999439042,0.0010000000067921784,0.0010000000020604204,1.4951878328354923e-6,1.495214033672237e-6,1.4808258413516606,1114.973054051713,1116.8515054459294,0.1453744138225184,0.0003294922393669662,0.0002528113862322166,0.0012761896123568036,0.0010749999999999794,0.001074999999999986,0.001074999999999986,0.0010007499999999973,0.0010007499999999973,0.0010007499999999936,5.165671313738019,1.911902732226906,8.68179777702648,-0.5070351716219555,0.05732558093197782,-0.17191250125267654,-6.3932929039001465,-18.034299385256883,-47.276983307629095,1006.1239868164063,0.4822109224040654,51.00213841085646
2025-06-14T21:18:13Z,40.07445998792102,-75.23946849860229,46.095764277490176,-57.407699086926755,134.5332032527634,-3.9487875297517876,6.152693794924541,5.551064212077731,0.6153970017088526,0.0009999999989889186,0.0010000000061566382,0.0009999999990994018,0.0009999999993158463,0.0010000000065209435,0.0010000000018996983,5.070692376928411e-7,5.070718013320325e-7,1.364255168629796,1084.4830133202395,1086.518786928603,0.12618262380633172,0.0002543345783965153,0.00027811760655996033,0.0011966074556587606,0.00107599999999998,0.0010759999999999854,0.0010759999999999854,0.0010007599999999962,0.0010007599999999962,0.0010007599999999925,5.131528275978983,1.3384159136691243,9.281073625705442,0.2849008704036192,0.07709680322762143,0.13884389438326078,-3.0091570865276247,-11.393023690512013,-49.22921717444132,1006.1499633789062,0.8906514563663069,50.619825176867806
2025-06-14T21:18:13.500Z,40.07463053907238,-75.23868927430122,47.16680641956252,-58.72492653482449,133.89756838837656,-3.7944051255617537,5.961860413567951,5.594916273281791,0.708822139501136,0.0009999999986272752,0.0010000000061264587,0.0009999999988612712,0.0009999999994314884,0.0010000000068408272,0.001000000001772181,1.507076455027085e-6,1.507096101920304e-6,1.2796291999276947,1084.562655991824,1086.7973067056002,0.11278431163416658,0.00019224642575119613,0.0003046777633426555,0.0011340122429331838,0.00107699999999998,0.0010769999999999849,0.0010769999999999849,0.0010007699999999967,0.0010007699999999967,0.0010007699999999933,4.533820697525342,1.6318557644993814,8.071618571195637,-0.2755674443812408,0.06461614626676918,0.19428151101553212,-4.902526809814129,-14.013032466807264,-49.90771492491377,1006.1339721679688,-0.3981219648764239,52.06894057044578
2025-06-14T21:18:14Z,40.07443915007796,-75.2395603717322,47.97931820365249,-58.23943040680001,129.6447035269339,-3.1394627785125726,5.946154450114405,5.787333672378121,0.7824057926833349,0.0009999999990731856,0.001000000005912833,0.000999999998821271,0.0009999999995032453,0.001000000006542689,0.0010000000020954618,5.018237535591482e-7,5.01825809685693e-7,1.2147872341346255,1054.9012721737056,1057.2261069069127,0.10039736632782345,0.00013277554158453282,0.00032136188660226864,0.001070975183249818,0.0010779999999999796,0.0010779999999999852,0.001077999999999985,0.0010007799999999958,0.0010007799999999956,0.0010007799999999921,4.480875744273159,-0.035101063748408996,9.381216362244142,0.03823974946198093,0.3390649961760777,0.27209974796892805,0.8190000215172768,-8.526000356674194,-50.17875228881836,1006.1419799804687,0.59850679479203,50.9044738469913
2025-06-14T21:18:14.500Z,40.0745984724839,-75.23880606834605,48.66073161788092,-59.521136538914625,129.33254476112322,-2.951452545917075,5.959345575016537,5.754102006277557,0.8271071590628162,0.0009999999993460902,0.0010000000063394164,0.0009999999991352586,0.0009999999997447396,0.0010000000063164075,0.001000000002694809,1.5018304338167874e-6,1.5018483000031902e-6,1.1625804718983048,1054.9694815012676,1057.5316359185922,0.09083639407165563,0.00013202296039922323,0.00033159279793637113,0.0010712753037356749,0.00107899999999998,0.0010789999999999847,0.0010789999999999847,0.0010007899999999966,0.0010007899999999966,0.0010007899999999932,3.5674722606535134,0.40633723593067894,9.140119036564785,0.058384013093465095,-0.07842209199300688,0.07498633632980568,2.2984012570665326,-10.161192250806232,-50.52383964006291,1006.1439819335938,0.022123759255799545,51.58668057056441
2025-06-14T21:18:15Z,40.07442645756526,-75.23961014491714,49.26643482890508,-58.77370151412004,125.49550907552225,-2.4675981286997515,6.056136701867994,5.715448905347849,0.6866120606778285,0.0009999999991636291,0.001000000006183623,0.0009999999993631052,0.000999999999871684,0.0010000000064100333,0.0010000000027615124,4.946000981514667e-7,4.946019729905997e-7,1.1185587583864796,1027.013190498948,1029.6354433036063,0.08137403726891142,0.00015609364001971734,0.00032589371161628305,0.0010937847217423538,0.0010799999999999805,0.0010799999999999853,0.0010799999999999853,0.001000799999999997,0.001000799999999997,0.0010007999999999935,4.3172817386550815,-0.2004608788531014,9.254473261295022,0.0362130005064179,-0.00013925055114755982,-0.23349599875220428,1.6113750648498535,-10.57500036239624,-49.54800247192383,1006.1339721679688,0.4165814234788512,50.689511403277244
2025-06-14T21:18:15.500Z,40.074575782733234,-75.2388785007471,49.78884747868452,-60.091135758330566,125.18277916512362,-2.4475944815021453,6.08789073911162,5.705183118312825,0.6256505674282147,0.000999999999023751,0.0010000000061418767,0.0009999999991643282,0.0009999999997432026,0.001000000005963579,0.0010000000030339568,1.494606498007504e-6,1.4946235178310366e-6,1.0798502438985773,1027.0533498298844,1029.9770474290724,0.07399183364755063,0.00016789920555757595,0.00032719013768166207,0.0011048884610200742,0.0010809999999999795,0.0010809999999999843,0.001080999999999986,0.0010008099999999978,0.0010008099999999978,0.0010008099999999943,3.2408513081298866,0.8607432337531112,9.109605023124638,-0.012607291176786843,0.008226822899065239,-0.08789713361949207,3.0160157481829324,-12.985156734784445,-49.21797116597494,1006.127978515625,-0.09016952164545781,50.99131452086561
2025-06-14T21:18:16Z,40.07441541333376,-75.23964353005566,50.22339422243314,-60.33274859854956,122.56080676662266,-2.0126433774788746,6.019034412381236,5.671353464816582,0.6162176210355929,0.0009999999986989756,0.0010000000062414637,0.0009999999990507374,0.0009999999998992616,0.001000000005737691,0.0010000000029683801,4.866332276914295e-7,4.866349983267396e-7,1.0449091764135232,1009.0197389932307,1012.1815897124113,0.0675244155810765,0.0001769606707713795,0.0003354297459008655,0.0011140037845719162,0.0010819999999999797,0.0010819999999999844,0.0010819999999999853,0.0010008199999999984,0.0010008199999999982,0.0010008199999999947,3.6455870204734526,0.010715796524889135,9.894488638627736,-0.15768468640625874,-0.05781843672078414,-0.016626874312998433,2.9302885807477512,-10.66442346572876,-49.2759639055301,1006.1399780273438,0.7477929285785765,50.50180206661043
2025-06-14T21:18:16.500Z,40.074555608542376,-75.23892706758754,50.64706894648245,-61.45132864290702,122.4542047619222,-1.8645882737505095,6.170387573971869,5.659365189839367,0.607862038988842,0.000999999998317718,0.001000000006043518,0.0009999999992781324,0.001000000000054821,0.0010000000055757033,0.001000000003106287,1.4866394569956178e-6,1.4866559690319807e-6,1.0132987179414654,1009.0582129004708,1012.5363540886799,0.06310650730677528,0.00018203972994246256,0.0003442158722063876,0.0011202066958391705,0.00108299999999998,0.0010829999999999846,0.0010829999999999846,0.0010008299999999977,0.0010008299999999977,0.0010008299999999942,3.95879222113566,0.6788238760983302,9.149634462184121,0.28715721815669015,-0.01748777852201703,-0.00593472177418212,2.588696908443532,-12.317952663340467,-49.00013538117104,1006.1379760742187,0.19548742372216324,50.59092252532354
2025-06-14T21:18:17Z,40.07440524099277,-75.23967255054946,51.06427748626423,-61.4282932072005,119.75052576687219,-1.5311959341355617,6.054388376542402,5.719583047556292,0.6132806912901337,0.0009999999981779846,0.0010000000063145663,0.0009999999994483092,0.0009999999997985464,0.0010000000052222163,0.0010000000034041732,4.808113901410227e-7,4.808130793750427e-7,0.9853333140009115,987.0113194329888,990.7023766342634,0.06056050541266647,0.00016937729578450872,0.00035485397859298375,0.0011153141747768237,0.001083999999999981,0.0010839999999999847,0.0010839999999999845,0.0010008399999999972,0.0010008399999999972,0.0010008399999999937,3.5806115303489863,0.9670420925610969,9.89451068436088,-0.234945249635781,0.12056099907496304,0.03918574826108726,3.662755231468045,-14.3816333692901,-48.899619433344625,1006.1299682617188,0.77026404739822,51.10200336774976
2025-06-14T21:18:18Z,40.0744274948186,-75.23954335875897,50.61625428539107,-62.756846821650235,117.84333051832046,-2.4624296448932386,6.171206070027971,5.549159363186376,0.5223361194186326,0.0009999999981783335,0.0010000000063583097,0.000999999999374903,0.0010000000000991826,0.001000000005548088,0.0010000000036797258,4.1455901333125277e-7,4.1456245462616724e-7,1.1154984759048772,963.5319287937833,967.682493138539,0.06416570327570567,0.00023925718554928762,0.00035387040750275105,0.0011673032129967873,0.0010849999999999807,0.0010849999999999844,0.0010849999999999844,0.0010008499999999976,0.0010008499999999978,0.001000849999999994,3.4082714309710607,1.5703138312038218,8.518156658649996,0.05726646273566975,-0.15767622053109606,-0.09623048586120926,3.226339414006188,-13.079018343062629,-48.82232348124186,1006.1199951171875,-0.48815420506537494,50.64665947890792
2025-06-14T21:18:18.500Z,40.07455179611866,-75.2388547176582,50.89127661712482,-63.489967247593064,117.25177127660952,-2.2716371279014202,6.143787570323027,5.623160129201645,0.5100778202772611,0.0009999999979079443,0.0010000000067239161,0.000999999999174188,0.0009999999998016632,0.0010000000052264606,0.0010000000039339472,1.414566220829891e-6,1.4145867163626833e-6,1.0570347013395198,963.4727364394627,968.0783986315583,0.06084859971445861,0.00021590919360280989,0.0003628360034876337,0.0011561576971406168,0.0010859999999999817,0.0010859999999999835,0.0010859999999999854,0.0010008599999999975,0.0010008599999999975,0.001000859999999994,4.106525193693075,-0.4037950206835076,9.133970426560074,-0.07888936129008292,0.14733617015642708,0.00890292558355969,2.9740692503908845,-10.762899358221825,-48.982582092285156,1006.1159912109375,0.22656888127316516,50.239161415464594
2025-06-14T21:18:19Z,40.07439728968816,-75.23967554084606,51.099148697656645,-63.43957453984939,114.93763032681666,-2.214895438306789,6.143839534413708,5.6052090716052305,0.4705306427809531,0.0009999999974397845,0.0010000000069912344,0.0009999999992159239,0.0009999999997599117,0.001000000005083889,0.001000000003934335,4.7638389783974734e-7,4.7638587651594457e-7,1.0109718924855093,944.7943749962847,949.6967334119643,0.061795912315770245,0.00023597316351231464,0.00036685188203948075,0.0011745390603688564,0.001086999999999982,0.0010869999999999823,0.0010869999999999862,0.0010008699999999979,0.0010008699999999979,0.0010008699999999942,3.336364144105564,0.579712819551866,9.539192293567153,-0.05693724480373146,-0.030941326829756487,-0.05992576330867838,5.922554606976717,-11.443206994429879,-48.50054583342179,1006.1159912109375,0.32656719199937445,50.18288046772728
2025-06-14T21:18:19.500Z,40.07451552014489,-75.23900036598837,51.25406505599484,-64.51925698959677,115.0775784802043,-2.045874575091076,6.07123681909877,5.582915507075863,0.2929744122638704,0.000999999997696186,0.001000000006819039,0.0009999999990447873,0.000999999999888377,0.0010000000053885692,0.0010000000041983483,1.4763900056486987e-6,1.4764064407049872e-6,0.9765473428758531,944.791783009756,950.2021790496696,0.06370404428351881,0.0003138065317883734,0.0003394593974866612,0.001235640323327263,0.0010879999999999824,0.0010879999999999829,0.0010879999999999868,0.001000879999999997,0.001000879999999997,0.001000879999999993,3.7517701748767602,-0.06223999722173242,9.568823710124482,-0.38440156090732247,-0.002598437535227694,-0.27844348592052653,5.460638492665392,-6.664627941364937,-49.36276797030835,1006.1239868164063,0.4823266119995281,50.10901729273438
2025-06-14T21:18:20.500Z,40.07441363799936,-75.23956873793952,50.38914262261232,-67.03060600825678,115.34427033552056,-2.8391709130479033,6.00728327019039,5.616311692204213,0.4510194127363367,0.0009999999975591036,0.001000000006843657,0.0009999999989064273,0.0009999999995059794,0.0010000000054668848,0.0010000000040517214,5.007889973925857e-7,5.007925320856473e-7,1.1111368186989248,934.1522360895744,940.4260996196031,0.07836295889813427,0.0002492774613134307,0.0003799202030995015,0.0011941778702083549,0.0010889999999999832,0.0010889999999999834,0.001088999999999987,0.0010008899999999973,0.0010008899999999973,0.0010008899999999939,2.7216628876770006,0.641197906260713,9.425922798157693,0.03173875004623071,-0.004035999821299628,0.12817300040413818,8.255357469831194,-7.766709532056536,-47.6582924200564,1006.1259887695312,0.035921633469208014,48.98755523738283
2025-06-14T21:18:21.500Z,40.07442223455267,-75.23950676441086,49.49996481793968,-68.64955789275382,114.53429075060019,-3.097581635822782,5.944381556834142,5.700960885151126,0.5402471066127089,0.0009999999972688202,0.0010000000070699096,0.000999999999109384,0.0009999999993116548,0.0010000000054530274,0.00100000000428888,4.5439067668618144e-7,4.543952872939718e-7,1.246869894489577,919.2468871721345,926.5313064652659,0.09427577132414108,0.0002065074129012191,0.0003970959556196141,0.0011750671434944508,0.0010899999999999827,0.0010899999999999827,0.0010899999999999866,0.001000899999999998,0.0010008999999999977,0.0010008999999999942,2.448223806985987,-0.43882239025652886,9.767292527450852,-0.017381685675689075,0.04851598776260929,0.09326744130229808,11.56875040266249,-8.496250322129992,-46.64708497789171,1006.1300048828123,0.283095465321462,48.805407883416706
2025-06-14T21:18:22.500Z,40.074457981507216,-75.23939776161713,48.953994190177355,-70.5128048220143,116.43257284994219,-3.0577468802230223,5.963873549964152,5.691866263726104,0.45487946910336546,0.0009999999969471291,0.0010000000072263367,0.0009999999991063084,0.00099999999940628,0.0010000000051944777,0.001000000004645543,4.963876592186188e-7,4.963939975699192e-7,1.3742561337828234,918.8400043179864,927.3487448839846,0.10409760489746057,0.00024240249601772696,0.0003769025633577874,0.0012024206833220437,0.0010909999999999824,0.0010909999999999824,0.0010909999999999863,0.0010009099999999977,0.0010009099999999974,0.0010009099999999942,2.692335839682994,-0.31788215646358015,9.770357536316808,-0.035496874897052395,0.00004687459729556861,-0.07504062459250882,10.71061081110045,-9.143023690512013,-46.58023408401844,1006.135986328125,0.3432751834315809,48.66236055008658
2025-06-14T21:18:30.500Z,40.07646084866302,-75.23303178670037,79.00302436780652,203.8314919156703,235.54086948686245,-0.3465867318316356,0.6100793213377985,1.3809463614288306,0.7942039015363553,0.0009999999959414098,0.0010000000108453184,0.0009999999998475044,0.0009999999984168064,0.0010000000062492665,0.0010000000066003186,6.204071103231111e-7,6.207425528473215e-7,4.735339267014325,924.3272992453527,937.8906091975155,0.633526920541005,0.0002204188934622117,0.00008727371694106762,0.0013440029436000308,0.001091999999999982,0.001091999999999982,0.001091999999999986,0.0010009199999999976,0.0010009199999999976,0.0010009199999999937,3.8113687928529707,5.584508439422744,5.577256119130164,0.7644367156022267,1.162885926822594,-0.03269661376624193,-52.39932292440663,22.590489968009617,-52.00312689076299,1006.1059692382812,-1.057184027707581,77.2032165807966
2025-06-14T21:18:35Z,40.0785380677717,-75.23275022678204,61.82076039331454,218.93008608648788,214.50442738071195,2.058381854653023,6.146777110708422,0.628587198007218,5.765796837180325,0.0009999999958108976,0.001000000011286122,0.0009999999997007995,0.0009999999980290198,0.0010000000063636768,0.0010000000072464853,6.210117327223048e-7,6.21269970500607e-7,4.246649891963486,922.6830439801988,940.6123525162709,0.13946143514249287,0.00012520432180445834,0.000012521886300916303,0.0012122584268433806,0.0010929999999999814,0.0010929999999999814,0.0010929999999999853,0.0010009299999999975,0.0010009299999999975,0.001000929999999994,-5.558504010196442,-4.039547724496242,7.051764093876037,0.1620226162145047,-0.27544672478721755,-0.18186160577030178,-12.552187943458557,30.590626287460328,-13.142344331741333,1006.133984375,0.026927531968194016,35.58175714880916
2025-06-14T21:18:40.500Z,40.080231964063046,-75.2315695408525,45.517378187422196,257.1522951755195,256.82817208967543,-17.56647578434729,4.947514094525059,0.12111639690967874,5.72949387217783,0.0009999999956124908,0.0010000000111235537,0.0009999999994936687,0.0009999999978615936,0.0010000000061024935,0.0010000000070055273,6.350157659945081e-7,6.353285229021951e-7,3.9824924080074666,926.5104508149865,957.3189662248694,0.28293593414446555,0.0000786822557284574,0.000022019707972116763,0.001192633363338263,0.001093999999999981,0.0010939999999999806,0.0010939999999999845,0.0010009399999999975,0.0010009399999999975,0.001000939999999994,4.23505250758213,1.2371140019111966,8.497145735541354,-0.6291627688699168,-0.18811059662623403,-0.20646086623207704,4.798005479447385,-9.393351463561363,-42.30439003477705,1006.0939697265625,-0.2553832955020199,43.599459848134565
2025-06-14T21:18:45Z,40.07895525918363,-75.23376654820304,23.87523954453799,166.87853435708246,215.4461596299659,-24.79968541898451,5.916020170387628,5.6509585269838265,5.719096478231064,0.0009999999941033256,0.0010000000108028714,0.0009999999996354477,0.000999999997978582,0.0010000000063726288,0.0010000000063823337,6.336128192142634e-7,6.338722789160872e-7,3.872040673352462,931.2287157723871,942.0247392784789,0.21103003853056285,0.0000831990894814471,0.000031441322096533486,0.001239977781369277,0.0010949999999999795,0.0010949999999999795,0.001094999999999985,0.001000949999999997,0.001000949999999997,0.0010009499999999933,-5.756569226028591,0.25418244513884586,7.778734096012106,0.2917340610905514,-0.20812312460555926,-0.21028531354993782,12.039375507831574,20.76984453201294,-43.023282527923584,1006.1259765625,-0.13555479102800044,49.267949451266226
2025-06-14T21:18:50.500Z,40.0762354093908,-75.23484184549504,-82.71745133713955,-128.1972388168284,145.0869788722994,-109.34640890938057,4.923654724568345,4.903364376379934,1.2456929393250677,0.0009999999927106727,0.0010000000102261665,0.0009999999990914577,0.0009999999984877347,0.0010000000060620617,0.0010000000076347696,7.950163401641999e-7,7.954919888776189e-7,3.7599996414165595,930.2293927005089,914.907309480107,0.43084560073945766,0.000118683237842897,0.00004776623671100729,0.001290337735379361,0.0010959999999999783,0.0010959999999999783,0.0010959999999999857,0.0010009599999999963,0.0010009599999999963,0.0010009599999999928,-5.687774009460275,1.6239050810825084,7.8234016051296065,0.3414636089987571,-0.8980316659308953,0.4194902767243405,-17.137500785117926,13.598110997399619,-28.3277627368306,1006.2999755859375,0.005424274558365298,35.79191339444955
2025-06-14T21:18:55Z,40.078405727911104,-75.22587898401754,-107.7370502287655,-171.03354248989797,348.8742796742998,-74.9743479324397,5.988619255169256,4.822771925632311,0.33014922422772985,0.000999999994806398,0.0010000000090246354,0.000999999998211494,0.0009999999981110059,0.001000000004613986,0.0010000000103113937,7.869083624868961e-7,7.872966897804136e-7,3.926307500142288,936.6067791837773,913.083922507297,0.19054515679537098,0.00009258884908511025,0.00005733140788247513,0.0012709658471658375,0.0010969999999999776,0.0010969999999999776,0.001096999999999985,0.0010009699999999966,0.0010009699999999964,0.001000969999999993,-2.805596283489665,4.10493098859498,8.709546566890744,-0.000888081405272323,-0.0009776162852531292,-0.0008784883803861905,-3.3331396635188613,34.23968177617982,-38.729652670926825,1006.1919799804688,0.18592340121007417,51.80199191053797
2025-06-14T21:19:00.500Z,40.0856568611163,-75.20900800435464,-102.24045341178089,-83.76851481102833,619.9326348377473,-62.20939624375917,0.6197693151456027,5.13232667392039,5.84643511836661,0.0009999999964887764,0.001000000007976838,0.0009999999976411608,0.0009999999980322676,0.0010000000032509076,0.0010000000115265727,8.231596027252332e-7,8.236472910844184e-7,3.9339295165114265,941.0744607241278,916.6039436653602,0.1655234654848451,0.00006207666687915837,0.00006329015066002167,0.0012491930049207526,0.0010979999999999772,0.0010979999999999772,0.0010979999999999846,0.0010009799999999962,0.001000979999999995,0.0010009799999999916,-2.0481867402342675,2.9094967753002203,9.392807008533147,-0.0011527777750609458,-0.0007555555614941127,-0.0010122222324673426,-4.652038211407869,44.35149624036706,-35.02622463392175,1006.199951171875,0.13328870532819892,56.7056199527941
2025-06-14T21:19:05Z,40.087891207987894,-75.20521488828084,-79.49096680076292,-7.774489597846312,787.6369593998331,-41.98068434870199,0.9137723152426167,5.631313788888984,5.609294657087783,0.0009999999970036941,0.0010000000063700827,0.0009999999974232335,0.000999999998477406,0.001000000002115026,0.0010000000112813648,7.682244132933871e-7,7.685877780806214e-7,3.70700395339861,942.2392802619065,925.5422944204222,0.21987385327541417,0.00006652688037037895,0.000055672542465910765,0.0012561642130728653,0.0010989999999999778,0.001098999999999976,0.0010989999999999852,0.0010009899999999959,0.0010009899999999959,0.0010009899999999924,-2.5631703895327536,2.628800107020057,9.336042370360389,-0.001455921048193394,-0.000960197384141884,-0.0010615131690879596,-3.510937660932541,45.88875198364258,-34.93640785217285,1006.207958984375,0.06655551821960065,57.78106065280005
2025-06-14T21:19:10.500Z,40.08986115863447,-75.19998164054056,-27.42538310634245,13.37633827639337,829.9491067867475,-16.59647053283689,0.8260295638880822,6.084582202508431,5.641833794788215,0.0009999999966527867,0.001000000005247609,0.0009999999973735357,0.000999999999109158,0.001000000001248499,0.001000000010492361,7.693427219597156e-7,7.69771625298489e-7,4.062808474433208,941.8007443758024,942.9862577919687,0.205529736813014,0.00007571088587778787,0.00003779957442664531,0.0012661755212129107,0.0010999999999999784,0.0010999999999999758,0.0010999999999999858,0.0010009999999999954,0.0010009999999999952,0.0010009999999999917,-2.560010588842545,2.6327071074932187,9.333709766301801,-0.0010149456505703146,-0.0009760869587663304,-0.0007907608819803451,-3.4109043922830136,45.87048039537795,-35.15465578119805,1006.20595703125,0.04913455266228722,57.89282500468648
2025-06-14T21:19:15Z,40.088948097543515,-75.2019680322176,13.20324754908576,4.396113551217525,808.2052125249123,-6.623297589097344,0.7059298898558767,6.2356032874735075,5.701947886717881,0.00099999999642361,0.0010000000048444042,0.000999999997114968,0.0009999999993462183,0.0010000000008880496,0.0010000000100134725,8.131287910039168e-7,8.135431289780783e-7,3.812580810242544,939.2836905808574,955.3436633307698,0.16759729529902345,0.00007673297096019848,0.0000359598659416378,0.0012739402587451177,0.0011009999999999785,0.001100999999999976,0.0011009999999999863,0.001001009999999996,0.001001009999999996,0.0010010099999999923,-2.590121728326698,2.641282569725356,9.349554466250185,-0.0011911585119435237,0.0034939025951466795,-0.001472865838873417,-3.887500138509841,45.74107351757231,-34.994643710908434,1006.2019653320312,0.08188198204783392,57.72328553647363
2025-06-14T21:19:20.500Z,40.08754846150343,-75.20534349609898,34.835035050627454,-10.868445809359951,782.270128231804,-3.3274614567488676,0.6195414358939106,6.275517819466797,5.724818999831478,0.0009999999963228381,0.0010000000045452548,0.0009999999968599105,0.000999999999305729,0.0010000000010589977,0.0010000000101126208,7.122512022974303e-7,7.126278210326887e-7,3.911820265372617,936.0938254564029,967.4228783094887,0.12171408954532392,0.00006957263254028482,0.000040854006100382046,0.0012816300549846357,0.0011019999999999778,0.0011019999999999767,0.001101999999999986,0.0010010199999999948,0.0010010199999999948,0.001001019999999993,-2.5854635440046323,2.6319318314015394,9.320574746111522,-0.0007825581617179927,-0.0019752907041070892,-0.0006450581514716562,-3.8572675793669946,45.49971079271893,-33.83110587541447,1006.21796875,0.0606237863699392,56.82992303119192
2025-06-14T21:19:26Z,40.086982768397185,-75.20659718957572,43.383773430902686,-26.171515975199775,765.3868193555559,-2.991693249440731,0.5706223385792749,0.003791680802269326,5.730384969107491,0.0009999999961570326,0.001000000004325678,0.000999999997033366,0.0009999999992141098,0.0010000000007917142,0.001000000009976545,6.814151393556165e-7,6.817903496632805e-7,3.7537893731076437,933.4181145345362,978.6819612253222,0.08752592598985881,0.00006397193383837454,0.000049415773694618965,0.0012902462632755237,0.0011029999999999766,0.0011029999999999768,0.0011029999999999853,0.0010010299999999952,0.0010010299999999952,0.0010010299999999926,-2.5784273944586773,2.63726830458909,9.314027699329163,-0.001049652776814454,-0.0013743055545863533,-0.000931250010485143,-3.771964386531285,45.49446563720703,-34.1019656590053,1006.211962890625,0.06001794740682487,56.98168475016748
2025-06-14T21:19:31Z,40.08639067158283,-75.20776189087364,45.38756161157381,-39.24706354648404,753.9604656560429,-3.132069034176782,0.5402293962520098,0.008937512357546609,5.72903662863702,0.0009999999961515266,0.0010000000043597379,0.0009999999969513918,0.0009999999989777368,0.0010000000008019705,0.0010000000100039478,6.989089106514397e-7,6.992771298380479e-7,3.4593796079348795,931.2447932351898,989.3309000950362,0.06952386778614286,0.00006270970349902055,0.000058843123870872244,0.001299627815278272,0.0011039999999999774,0.0011039999999999776,0.0011039999999999846,0.0010010399999999956,0.0010010399999999956,0.0010010399999999921,-2.589342168110559,2.6326012645157992,9.332385705950843,-0.0006018228986357848,-0.0014411459093448579,-0.0011174479260068055,-3.7460938841104507,45.7531263033549,-34.138282775878906,1006.21396484375,0.08253576117968156,57.20837639741103
2025-06-14T21:19:35.500Z,40.084786131236484,-75.21188249740565,106.83954338329335,-311.68435700796516,608.4241584043585,76.25390866449749,1.142319047997344,0.6257551593606313,0.7471666874766043,0.00099999999621906,0.0010000000039123021,0.0009999999963308881,0.0009999999992116187,0.001000000001134727,0.001000000009399027,7.282313848586353e-7,7.285906884921906e-7,4.264589197758056,913.3516928996974,1220.035715161237,0.7440571217752265,0.00017547975387657407,0.000043191225794314995,0.001409508367525579,0.001104999999999976,0.001104999999999978,0.0011049999999999856,0.0010010499999999947,0.0010010499999999947,0.0010010499999999912,-9.626851683496488,-1.5825415565058936,-3.901340414080537,-0.08716249576447413,2.9635468544376278,0.39540936745515615,7.669602593237704,47.81378039446744,-20.573864438317038,1006.2459716796875,0.5856989268910471,52.61424671326386
2025-06-14T21:19:40.500Z,40.08138987636764,-75.21488046877784,108.04276868229618,-308.18676793513964,572.5078466308842,15.614030650693614,0.9039229420177249,0.4911896917742067,0.5722067796285917,0.000999999996511188,0.0010000000033972027,0.000999999996113737,0.0009999999996405824,0.0010000000011294039,0.0010000000093318272,7.445679959387576e-7,7.45016533943532e-7,4.342656106059895,917.4529997733538,1189.1689589260293,0.15030218804334694,0.0001741492200484885,0.00004779980723587396,0.0014127089304212762,0.0011059999999999766,0.0011059999999999774,0.0011059999999999848,0.001001059999999995,0.001001059999999995,0.0010010599999999916,1.7761488718908018,9.365340730244515,2.944279423787134,-0.0005874999420006695,-0.0017138295368086314,-0.0008098403864229035,-19.65638367673184,-20.23284660501683,-13.035239970430414,1006.1699829101562,0.06612506238858828,31.07500326776927
2025-06-14T21:19:45.500Z,40.08046521492752,-75.21388951792065,79.16131349270053,-309.1508222131796,620.3716687631949,-6.979107587475549,0.7666875283933922,0.5246478213663824,0.4714435149353391,0.000999999996699112,0.0010000000033349632,0.00099999999595116,0.0009999999996594376,0.0010000000007802058,0.0010000000089722633,7.492775962765372e-7,7.49759048227862e-7,3.8230528985287986,923.8708463386849,1168.1816307042313,0.1970495936787114,0.00014992158245550084,0.000054549811331367984,0.0014032581187000382,0.0011069999999999774,0.0011069999999999782,0.0011069999999999856,0.0010010699999999958,0.0010010699999999954,0.001001069999999992,1.7809536612182266,9.363100342701738,2.989375155498213,-0.001388586954056728,-0.0011195652482420561,-0.0010209238918927207,-19.588839894249325,-19.146875835600355,-13.109375522250222,1006.1759887695313,0.0638938690520191,30.367386240466498
2025-06-14T21:19:50.500Z,40.079521164715295,-75.21597015329333,45.268780592035206,-284.6473383468523,628.4094592108129,-16.534753517883207,0.8501983934375492,0.49545345329400314,0.5405908020162115,0.0009999999964613285,0.0010000000031059057,0.0009999999957473176,0.0009999999998842476,0.0010000000008967838,0.0010000000087921508,6.85277862233059e-7,6.856827888007598e-7,3.9815035306132387,934.1605301432307,1143.0050336510405,0.24577170081482402,0.00009770918569714216,0.000049809315592158035,0.0013807355285416249,0.0011079999999999777,0.0011079999999999786,0.001107999999999986,0.001001079999999996,0.0010010799999999962,0.0010010799999999925,1.795625080319264,9.32897436108463,2.9544175268089314,-0.001075765390900964,0.002395408163093296,-0.0011515305918862102,-19.88100070953369,-19.018500747680665,-13.176375617980957,1006.1699829101562,0.0239197345007357,30.505267383233136
2025-06-14T21:19:55.500Z,40.07909445755669,-75.2172142623121,33.79198984527939,-253.57911359430028,601.8298373084634,-11.218325677997912,0.6574735948812005,6.08313937312844,5.956199739080509,0.0009999999963874679,0.0010000000033460546,0.000999999995887394,0.001000000000246575,0.0010000000011411456,0.0010000000088928969,6.696167252578485e-7,6.699960811769366e-7,4.026706803651528,943.8870560617721,1115.1149335295909,0.16141615960740535,0.00004871244581993929,0.00005719919724456513,0.00136428319591466,0.0011089999999999774,0.0011089999999999791,0.0011089999999999867,0.0010010899999999953,0.0010010899999999957,0.0010010899999999918,2.7105582372726564,9.046846317288153,3.638247456116676,-0.06939970153345722,-0.4040190443717751,-0.09358333268523258,-20.094573372288753,-24.15986949519107,11.536678063242059,1006.2079711914063,0.20637459555689322,33.475105916484
2025-06-14T21:20:00.500Z,40.078969832400645,-75.21850948793694,31.938543467508083,-232.8353011859944,593.7618102444242,-11.254719835408046,0.8994432536588319,5.990101902121061,5.659588901164806,0.0009999999960642666,0.0010000000031468081,0.0009999999959773977,0.0010000000001016969,0.0010000000009137452,0.0010000000090111287,6.408384321794063e-7,6.411767660628506e-7,3.8595811861147507,957.747093300984,1094.5657607626063,0.12183915435081585,0.00004020951233596083,0.0000672932048937598,0.0013746720227771861,0.001109999999999978,0.001109999999999978,0.0011099999999999862,0.0010010999999999959,0.001001099999999997,0.0010010999999999922,1.9534786583845751,9.706811196641755,1.3019786284521901,0.014554687318455923,-0.05606588509032371,-0.02367604160119342,-13.229521812276637,-25.367953361348903,18.596809265461374,1006.20595703125,0.07628996749730815,34.12317623753799
2025-06-14T21:20:05.500Z,40.0790853047168,-75.21881588264908,30.584809110422334,-211.98330883011783,589.2255246661038,-9.55695407495456,1.1624873766063688,5.735422403983005,4.7872513072092095,0.0009999999958759244,0.00100000000351826,0.0009999999956009648,0.0010000000001014907,0.001000000001073873,0.0010000000091412468,6.307235310159371e-7,6.310418662879972e-7,3.664688114166971,968.970837447779,1072.2163455584573,0.09320995260469545,0.00009090036781457837,0.00004839826490293797,0.0013999311493813143,0.0011109999999999775,0.0011109999999999775,0.001110999999999985,0.0010011099999999954,0.0010011099999999962,0.0010011099999999917,2.3282358311908204,9.709554077508594,0.6462036047391019,-0.044931249476308915,-0.210690623451938,-0.040693749645761425,11.057083702087402,-29.325001102023656,15.268333943684896,1006.1099853515623,0.09811386811311262,34.86163037838927
2025-06-14T21:20:10.500Z,40.080999802315034,-75.21171158619067,33.664487638783825,-197.43741813761878,593.4130918275581,-6.368329732578853,1.2553413579774464,5.844564222625251,4.668689715709902,0.0009999999960766117,0.001000000003320539,0.0009999999956785907,0.001000000000260651,0.0010000000011494983,0.0010000000091312062,8.339806378772771e-7,8.345218794405388e-7,3.4830391908867266,980.4844846959867,1057.5221657243972,0.07394143513388256,0.00009444581396324409,0.00004949944713667419,0.001404250530853346,0.001111999999999977,0.001111999999999977,0.0011119999999999843,0.0010011199999999942,0.001001119999999995,0.0010011199999999908,1.457371321081117,9.950769161220848,1.3780550659309128,0.00025714303871134927,-0.010264880991949488,-0.017500000363221215,14.256250614590115,-28.215417777167428,14.076250542534723,1005.811962890625,0.24302241268836167,34.60473665466663
2025-06-14T21:20:15.500Z,40.08087052271936,-75.21343498073075,38.61808950376794,-183.46139820428863,600.7482006769656,-5.994664505305179,1.2412699399201796,5.856126943876477,4.739582985027598,0.0009999999959891,0.0010000000033348296,0.0009999999956689142,0.0010000000001843584,0.0010000000009425408,0.0010000000091111459,7.707544127859071e-7,7.712068667428525e-7,3.3300097342339647,991.2475217367968,1044.6463707778762,0.06183459551609646,0.00009453761728756313,0.00006091648046907,0.0014123067555489798,0.0011129999999999762,0.0011129999999999762,0.0011129999999999836,0.0010011299999999937,0.0010011299999999955,0.0010011299999999903,1.154420706489848,9.502795001814466,1.2236620162109448,-0.0033964284921808793,0.014860204013549573,0.010244133590351416,13.875375518798828,-28.899750938415526,14.80275062561035,1005.4039794921875,-0.2586833299733541,35.31061444100673
2025-06-14T21:20:23.500Z,40.088315468833194,-75.18586418242654,45.58951841531071,-160.87839722625597,608.8683574004438,-3.0869319796909522,1.2822755678869053,6.01097356372953,4.577505056060994,0.0009999999958676042,0.0010000000032883657,0.0009999999956483926,0.0010000000001617485,0.0010000000011498734,0.001000000008871106,1.151832280715551e-6,1.153596732157447e-6,3.729037048176778,1004.6705675555123,1031.137405371135,0.04469915162697734,0.0001013120966129948,0.00005579325393712715,0.001417800342052096,0.0011139999999999755,0.0011139999999999755,0.0011139999999999828,0.0010011399999999937,0.0010011399999999963,0.0010011399999999902,1.5795402890535741,9.479411332583203,1.8902392436043627,-0.006774999594338266,-0.011458967791112095,-0.017730162749350766,9.336648074063389,-28.42968867041848,12.923438050530173,1004.815966796875,-0.11621175018272095,32.59497105197761
2025-06-14T21:20:25.500Z,40.08338908274467,-75.20540096514124,53.909527110967616,-154.72299848011747,608.8509136542903,-1.9338541049235192,1.2960305111653758,6.058739537074999,4.600044635986723,0.0009999999957739354,0.0010000000035390562,0.000999999995782718,0.0010000000002744177,0.0010000000008483843,0.00100000000858409,1.0906607014234615e-6,1.0913748903273249e-6,2.539318265405296,1006.6952156803964,1027.3911548262813,0.03484162628411522,0.0001062579603998634,0.00006570195031008929,0.0014260374705335104,0.0011149999999999765,0.0011149999999999765,0.0011149999999999819,0.0010011499999999928,0.0010011499999999962,0.0010011499999999889,1.1514171322262032,9.66488341317197,1.935854969078438,0.0052093748603599934,0.017437499634364327,-0.013306249921021987,13.272017565640537,-28.98537050593983,12.58593808520924,1004.7579711914062,0.013724141649366778,34.27390424770948
2025-06-14T21:20:30.500Z,40.082193259730445,-75.21139352765826,58.43147834808024,-144.713454523656,608.0747563929714,-0.3388596536077575,1.3200835166159715,6.080316377266701,4.514399161314948,0.0009999999955101122,0.0010000000036265392,0.0009999999953968293,0.001000000000446199,0.001000000000827861,0.00100000000818421,8.515092605716485e-7,8.519838733822823e-7,2.633444489113961,1009.6206005525904,1023.491357163141,0.025880862715202305,0.00012059448250540013,0.00006690279671155989,0.0014359796060656796,0.0011159999999999775,0.0011159999999999775,0.0011159999999999814,0.0010011599999999923,0.0010011599999999957,0.0010011599999999888,1.6102058796463994,9.540263314177055,2.3380931265016,-0.0002911111773148846,-0.01504944406907161,-0.0058491666179309445,12.732528989965266,-28.677273880351674,11.287926543842662,1004.5559692382812,0.0442501746208393,33.34542296698306
2025-06-14T21:20:35.500Z,40.082653697327984,-75.20919872127119,64.260764367992,-138.3456314675472,606.0603121303519,0.557954425063409,1.3188191860802798,6.065721394857819,4.268230599207151,0.0009999999957411947,0.0010000000035340199,0.0009999999956265605,0.001000000000730385,0.0010000000006589623,0.0010000000081677575,9.118848687665935e-7,9.124552485092673e-7,2.5571262240307018,1009.0458923616013,1022.6778695959299,0.01800417785619124,0.00014563364507430405,0.00006005038227591096,0.0014480190656174436,0.0011169999999999767,0.0011169999999999767,0.0011169999999999804,0.0010011699999999922,0.0010011699999999957,0.0010011699999999885,1.9914136017670294,9.317089665589702,2.696296039482802,-0.011034062632340098,-0.048358436813474515,-0.007833749889664088,13.487500508626303,-28.020090330214728,12.004018374851771,1004.485986328125,-0.006842551416723214,33.33363475439471
2025-06-14T21:20:40.500Z,40.08591812918709,-75.19772039342789,69.72920654375834,-135.63775337455112,607.6231694311077,1.4189633064449607,1.317855069699187,6.067183237984644,4.260702272369722,0.0009999999961384759,0.0010000000033279215,0.000999999995667787,0.0010000000007139773,0.0010000000005223211,0.0010000000081834583,1.2407533040680973e-6,1.2418298949164608e-6,2.4311359962381736,1005.9114778787779,1019.4718408636318,0.015834912335367123,0.00015585523925811177,0.00006663410936651762,0.001457580501516456,0.0011179999999999769,0.0011179999999999769,0.0011179999999999806,0.0010011799999999913,0.0010011799999999947,0.0010011799999999878,1.4689963033241897,9.58551175498609,2.383058871869646,-0.00048510638649912536,-0.0014680851738593749,-0.0005055850379682874,17.27070375283559,-28.076563755671184,1.6964844390749931,1004.469970703125,0.07703116385451939,33.00674703435256
2025-06-14T21:20:47Z,40.09172624285457,-75.17460662572627,78.54308802937122,-182.93368230536458,593.4060590356945,3.1436511995478353,1.3666718675849983,6.01345299888051,2.9865934219296424,0.0009999999964552667,0.001000000003763275,0.0009999999956225552,0.0010000000008395385,0.0010000000006561943,0.001000000008035297,1.678985938210995e-6,1.6815479214464183e-6,2.413500150160368,963.2137428371776,1034.2458187495392,0.03724575248535971,0.00009978135007701684,0.00014072052319171808,0.0014760505881992046,0.001118999999999976,0.001118999999999976,0.0011189999999999798,0.0010011899999999917,0.0010011899999999951,0.0010011899999999882,3.939531592040264,9.44655509841941,0.630029093165904,-0.10668668401830997,-0.4795807048502216,-0.09192934730106796,10.286413400069527,-25.33328914642334,-10.427853687949803,1004.4219848632813,0.3474748107027087,29.26299714757262
2025-06-14T21:20:50.500Z,40.08804346937174,-75.18339331280758,82.75297397009355,-224.9724783328109,594.2715127245843,3.59925561378836,1.3850078464618765,6.070268550326578,3.0046610292797227,0.0009999999968517564,0.0010000000038507548,0.0009999999955730434,0.0010000000010935357,0.0010000000007880973,0.001000000008300375,1.7154913744428963e-6,1.7174748347527008e-6,2.1353998559362415,919.1763217725347,1028.8788031690362,0.03324576169396058,0.00010693036024013962,0.00014827920472954296,0.0014785363950642933,0.0011199999999999758,0.0011199999999999758,0.0011199999999999797,0.0010011999999999916,0.001001199999999995,0.0010011999999999881,1.2461316366638948,10.078372832645869,1.058552688940247,0.007250000170251228,0.003520731727595185,-0.013006097447166642,1.5853619073566638,-23.266777189154375,-16.411184913233708,1004.37197265625,0.3001911273319016,28.516317944993435
2025-06-14T21:20:55.500Z,40.08081068140415,-75.20715870281391,87.36725991053805,-301.97320317584615,594.9758747391033,2.7400549671303276,1.3212403666225812,6.142979144120362,3.024973537228052,0.000999999997351452,0.001000000004099428,0.000999999995213125,0.00100000000146159,0.0010000000005547399,0.0010000000080151166,1.0318638620616147e-6,1.032605815487868e-6,2.3736279420461037,853.9696477100705,1025.968998707057,0.029065519434676522,0.0001072979111184156,0.00015769868718590904,0.0014779912720973732,0.0011209999999999768,0.0011209999999999749,0.0011209999999999803,0.0010012099999999915,0.001001209999999995,0.0010012099999999878,1.4386882182704888,9.586491211134422,1.7315000872781754,-0.00805480749995358,0.0014644227881604876,-0.012701602377656208,1.700304950155863,-23.896189898979372,-16.532927396820813,1004.2719848632812,-0.06925849481455221,29.107622071702128
2025-06-14T21:21:00.500Z,40.07821307866559,-75.21320817068784,85.98245995996446,-370.7657742031002,590.3676866740217,1.1241454215381097,1.2695868303661064,6.176674195680342,3.2655665182205635,0.0009999999974459424,0.0010000000044789142,0.0009999999948975976,0.001000000001596608,0.0010000000004028783,0.001000000008566126,8.620917972284361e-7,8.626273219946848e-7,2.5205253525825397,788.2753888033823,1024.380763944006,0.025666223192455317,0.00012653901409618305,0.00014720754808978087,0.0014799270479141204,0.0011219999999999763,0.0011219999999999754,0.0011219999999999791,0.001001219999999991,0.0010012199999999945,0.0010012199999999876,0.9535289978509491,9.417113583008533,2.148038270904911,0.0005881249317253299,0.04374593748981536,0.005974687512399466,1.925304956552459,-23.60625080946015,-15.851067636071182,1004.1979736328125,-0.21647470018590678,28.49939173322221
2025-06-14T21:21:05.500Z,40.07940591145432,-75.1949601105571,82.65157811752701,-422.51325570343573,580.2222551011006,0.9564672812776093,1.2371570546425197,6.266387662746611,3.234177176560457,0.000999999997576852,0.001000000004490351,0.0009999999942851676,0.0010000000015329684,0.001000000000268676,0.0010000000083995337,1.4070803569465502e-6,1.4085458024458816e-6,2.591221808454393,731.9346946746322,1028.2844940440498,0.02584909713638819,0.00011891213333852703,0.00016175536247813366,0.001485615831049204,0.0011229999999999751,0.0011229999999999751,0.0011229999999999788,0.0010012299999999897,0.0010012299999999934,0.001001229999999987,1.435389841607532,9.680443669574766,2.14507395232234,-0.002744531242143687,-0.00341770823332411,-0.01972578113769596,6.7817937498507295,-23.22676704240882,-15.927717913752018,1004.17197265625,0.09275846407485483,28.968339470372907
2025-06-14T21:21:10.500Z,40.078968674557316,-75.19026084239252,79.28810234307133,-458.9409503495548,569.7169223418579,0.2604653323457332,1.2703243926885075,6.278206825433165,3.3670707472378476,0.0009999999973628211,0.0010000000048806601,0.0009999999940154757,0.0010000000016050247,0.0009999999996398053,0.0010000000087607474,1.575809762423296e-6,1.5776784124902472e-6,2.6293051868820876,686.8844191367518,1031.7187444972699,0.027013548960712022,0.00013241404397629734,0.00015749125637884044,0.0014918487991138181,0.001123999999999976,0.001123999999999976,0.0011239999999999798,0.0010012399999999905,0.001001239999999994,0.001001239999999987,1.1009477813782864,9.564790208898735,2.2898819358514366,0.009879687196982373,0.023973437257696087,0.006218750049497685,6.921811493075624,-23.856505763774017,-14.850000576097138,1004.2559814453125,-0.03131925876777869,28.940696632753465
2025-06-14T21:21:16.500Z,40.078035251917036,-75.19933668666549,73.8887893261068,-487.4349231032329,561.5063079742189,-0.7980100590983221,1.2787545698945817,0.13582283528232886,3.3942758516644407,0.0009999999973111372,0.0010000000047947304,0.0009999999939963972,0.0010000000017594544,0.000999999999337302,0.0010000000089269822,1.2672740751146614e-6,1.2687002451953145e-6,2.870726708504731,641.2109483568416,1040.0449761086718,0.04138031180853796,0.0001434828064385576,0.00015480797767192613,0.0015072208261350088,0.001124999999999977,0.001124999999999977,0.0011249999999999806,0.00100124999999999,0.0010012499999999935,0.001001249999999988,1.141937552703905,9.44369634691386,2.6627834575500997,0.0020398648216171404,0.009947972788156022,-0.020313175391004343,8.095559622112074,-22.361842908357318,-15.618257196326004,1004.4939819335938,-0.051533571988593097,28.452015291029603
2025-06-14T21:21:32Z,40.08270258344402,-75.11207498612987,59.99241755644137,-486.5953664686776,520.230236992838,-4.353907879249196,1.169136345203218,0.36358537204374675,3.335807237959943,0.0009999999976555859,0.0010000000049056055,0.0009999999938703262,0.0010000000018855122,0.0009999999994899059,0.001000000008931343,2.0985236523336104e-6,2.1121850384242e-6,4.765914440504403,603.0453050330738,1115.9033353322454,0.09693018912797813,0.0001789676072626559,0.00004988639952483832,0.0015682534809468448,0.0011259999999999762,0.0011259999999999762,0.00112599999999998,0.0010012599999999904,0.0010012599999999938,0.0010012599999999876,1.6695589022733426,9.635949062342617,2.124323641229508,-0.00500865363515147,0.005310897223263378,-0.023035255965462124,6.20961567071768,-24.131731766920822,-13.809135168026655,1005.0779663085938,0.0896377193054449,28.48840339903336
2025-06-14T21:22:08.500Z,40.019928972584836,-74.99788573991893,42.46250260515137,-726.5844437198679,356.81260462418453,-8.474740529138359,1.1385681823466325,0.12895852164943633,3.373823630695418,0.0009999999976263154,0.0010000000056322909,0.0009999999926569312,0.001000000001655918,0.0009999999974207767,0.0010000000108322659,2.6256829338656295e-6,2.7078109851297634e-6,4.969102008903064,581.9435923306299,1339.2080982581667,0.04168356468029266,0.00017991173088130225,0.00002248038347169601,0.0015686437378170538,0.0011269999999999763,0.0011269999999999763,0.0011269999999999802,0.0010012699999999899,0.0010012699999999933,0.001001269999999987,1.3900743560133264,9.504740383688244,2.4260215451778677,0.0009756578821460168,-0.00021118410400229484,0.0008055918782258595,2.45015634894371,-23.74781346321106,-14.990156841278075,1007.1119873046875,-0.015453435059949283,28.189782810568943
2025-06-14T21:22:44.500Z,39.71763187690369,-74.94767380932016,62.63585045299351,-1989.5757445683837,819.4912351572625,12.207204758810704,2.650892977613238,5.517949909129339,2.9139451796548737,0.0009999999957221054,0.0010000000024558984,0.0009999999936613352,0.0010000000028474172,0.000999999995775172,0.001000000013948144,2.992387054329922e-6,3.172862378031068e-6,4.930249077913061,390.3254449704519,1173.5780371196906,0.09468053892332184,0.00021628545026072972,0.000058987766335512,0.0015614151822596711,0.0011279999999999752,0.0011279999999999752,0.001127999999999979,0.0010012799999999907,0.0010012799999999944,0.0010012799999999872,1.3732296631870846,10.018443356255329,2.514512371557144,0.02239149994610059,-0.01830025024826692,0.04381675012816575,8.20875036239624,-24.000001068115235,-13.438875522613525,1008.1439819335938,-0.17816049013912383,28.705123389786074
2025-06-14T21:22:49.500Z,39.70882630204584,-74.92205375185209,36.258595031453105,-1955.2187769605716,845.7609885179311,-25.858837804005802,2.6327518067999334,5.4991966906255465,2.9937342084566065,0.0009999999958293273,0.0010000000026510443,0.0009999999936317165,0.0010000000028248489,0.000999999995689071,0.0010000000140150706,3.827429778388354e-6,4.015981259783378e-6,3.626928693684013,384.70360077065493,1135.5400373637747,0.2642427275684406,0.00020852077389222934,0.00005826349257510129,0.0015783713657926335,0.0011289999999999744,0.0011289999999999762,0.001128999999999978,0.0010012899999999898,0.0010012899999999934,0.0010012899999999865,1.110413392677214,9.940833856368258,2.180036760209051,0.010959574370710417,0.006787765969011251,-0.007626329735553661,9.54773977969555,-22.188830517707988,-13.357580387845953,1008.0099853515625,-0.3493270207484104,27.603001647904698
2025-06-14T21:22:54.500Z,39.65178753832818,-75.07191886040374,1.4203991382606205,-1686.5697847894132,527.2387915561179,-28.505383109186617,1.9936609687523235,5.418419244863662,3.2871402119499997,0.000999999994258754,0.0010000000011197733,0.0009999999947373317,0.0010000000031002273,0.0009999999961520078,0.0010000000135655315,4.533205333054566e-6,4.717595166640174e-6,4.112116487538199,372.2931156479351,1051.9579970550385,0.27757855412977706,0.00011957223478240895,0.00004945105196251814,0.0015750101326995165,0.0011299999999999737,0.0011299999999999767,0.0011299999999999776,0.0010012999999999901,0.0010012999999999936,0.0010012999999999867,1.698512580827738,9.119783726371656,2.566195961879105,-0.02114551290521763,0.005504808055392746,-0.017080448668710273,8.378506404597585,-23.519817910543303,-14.543598175048828,1007.9359741210938,-0.7041271952979941,28.89454158578795
2025-06-14T21:22:59.500Z,39.590354163847195,-75.18553537826236,-6.024074693017468,-1494.533332470754,289.04558081797273,-24.921206434791593,1.4490344321392357,5.403156875619694,3.6179248620288864,0.0009999999934849845,0.0010000000002466363,0.0009999999957858235,0.0010000000032261928,0.0009999999959923122,0.001000000014449664,5.148210219260877e-6,5.327148866856425e-6,4.045131685771363,380.50397629762887,996.1094260486096,0.13036407302519082,0.00009260635616986215,0.000047867850422864115,0.0015881727420351177,0.0011309999999999734,0.001130999999999977,0.0011309999999999769,0.0010013099999999905,0.001001309999999994,0.001001309999999987,0.8515635550812515,9.464904467813557,2.6421906754958737,-0.006818597294037715,0.02541006067734579,-0.012459451125553127,9.537187838554383,-22.789219617843628,-13.984688091278077,1008.2119750976562,-0.31253772662648815,28.387939643294786
2025-06-14T21:23:04.500Z,39.565305304174345,-75.20988940755387,-22.175085101222805,-1351.0964578041057,189.20651396186628,-27.876800640114542,0.9624395470541696,5.466399459852085,3.9640530545741237,0.0009999999929957341,0.0009999999997710243,0.0009999999961436935,0.001000000002758383,0.000999999995444523,0.0010000000154185217,5.462681100865641e-6,5.622227377475422e-6,3.647636922641066,389.39287444488883,960.4845782563333,0.09729822756774759,0.0001385821912417965,0.00003981526392147697,0.0016238791999266023,0.0011319999999999737,0.0011319999999999774,0.0011319999999999774,0.0010013199999999904,0.001001319999999994,0.001001319999999987,0.5943909328103192,9.165782263553258,2.393204654029523,-0.008795191994058673,0.04618012827586634,0.017745833253127515,11.194243832638389,-23.513487715470163,-12.298520213679263,1008.5359741210938,-0.6017501751095411,28.800102281409064
2025-06-14T21:23:09.500Z,39.56078835659432,-75.12727902676205,-38.349047866625085,-1218.2860563862832,241.93278998279467,-24.65532151595958,1.0445358133928189,5.493908867130155,3.682755092369834,0.0009999999929024615,0.0009999999999794173,0.00099999999635968,0.0010000000025070096,0.0009999999942048238,0.0010000000168099371,5.708918926949284e-6,5.849558745150567e-6,3.5142775239239903,393.70513733535597,929.9823233292524,0.1497473716959306,0.00020150883302494122,0.000040554211353286616,0.0016653229082782307,0.0011329999999999739,0.0011329999999999776,0.0011329999999999776,0.00100132999999999,0.0010013299999999934,0.0010013299999999865,1.4438487031268075,9.252784244125184,2.3177203761732157,-0.007871562535373293,-0.013763436937340154,0.023994062081393295,12.216071968986874,-23.01919719151088,-11.224553971063523,1009.01396484375,-0.40212773404651175,28.374347600744983
2025-06-14T21:23:14.500Z,39.591957058820775,-75.01423801971346,-28.428380429611593,-1142.7416810018951,386.4261320807277,-13.880142416875039,1.311069286129088,5.672825582884766,3.299039011789978,0.000999999993235236,0.001000000000539766,0.0009999999959468835,0.0010000000026637787,0.0009999999926705691,0.0010000000174483752,5.899686952921875e-6,6.02197567731984e-6,3.726394334765292,397.6501402281921,899.4740423880027,0.153101738174422,0.00016993918720532934,0.00003905624603383481,0.0016126215712031085,0.0011339999999999734,0.001133999999999977,0.0011339999999999773,0.0010013399999999892,0.0010013399999999927,0.0010013399999999856,1.4292364252578662,9.324541377067586,2.838684221219864,-0.0073965001168585145,0.0009414999487088315,-0.002058749908627499,12.820500583648682,-23.324625854492187,-11.277375354766846,1009.583984375,-0.20064115584684777,28.9063952077115
2025-06-14T21:23:19.500Z,39.63599569125953,-74.96200306131263,-13.089410828112207,-1114.4469503592218,480.97758031930346,-8.662577579438251,1.4536519973118545,5.76703816176061,3.142046446590268,0.000999999993593842,0.0010000000009236466,0.000999999995486877,0.0010000000028260482,0.0009999999922917753,0.0010000000177442306,6.046172571151588e-6,6.1527651586357395e-6,3.6793886420037953,404.65337757026816,878.0809875271974,0.08697745674838206,0.00014940354497654186,0.00004087615751321229,0.0015840939203441607,0.001134999999999973,0.0011349999999999767,0.0011349999999999767,0.0010013499999999903,0.0010013499999999927,0.0010013499999999868,1.4496054812656853,9.304603130443137,2.926160935631501,-0.0018577378715106574,0.005554166705004705,-0.00012916668883374504,13.151786304655529,-23.07053652263823,-11.035268215906052,1010.12998046875,-0.20436352974559868,28.757492584312505
2025-06-14T21:23:24.500Z,39.67473063660332,-74.9453722180857,-8.875536489106153,-1090.7724292806595,527.8644237025586,-7.566001925493944,1.6257438213278768,5.717536357544303,2.968481237370751,0.0009999999934489315,0.0010000000012345938,0.000999999995433336,0.0010000000027400341,0.0009999999919425321,0.0010000000180055179,6.1578901638057265e-6,6.251567529381462e-6,3.4040989330645495,416.3644310689308,863.1377138554082,0.07564420179021984,0.0001790701903733486,0.00004212354562937865,0.0016088451180825546,0.0011359999999999736,0.001135999999999977,0.0011359999999999773,0.0010013599999999913,0.001001359999999992,0.0010013599999999876,1.224777559920101,9.919449221133263,2.8773313724723137,0.014722964963280497,-0.01772383751165953,0.021476453175567522,13.246875502846457,-22.015483812852338,-10.357244686646895,1010.6199829101563,0.3308696342120042,27.70254424783667
2025-06-14T21:23:29.500Z,39.702730396697476,-74.94418098966636,-13.031139369770749,-1067.615845005308,541.3848093220582,-9.921681544178202,1.5430162945126158,5.844527237679322,2.973805814569593,0.0009999999934646165,0.0010000000007955691,0.000999999995378471,0.0010000000025325415,0.0009999999918170873,0.0010000000183373458,6.242589270137971e-6,6.325680321201393e-6,3.347852674833808,435.0026466263704,853.8772238634206,0.13408604792521428,0.00016831498532443703,0.0000439523550058285,0.0016063292737512366,0.001136999999999974,0.0011369999999999777,0.0011369999999999777,0.0010013699999999915,0.0010013699999999915,0.001001369999999988,1.2679415199247894,9.02654191654361,3.9924721749049006,-0.003649167182801379,0.0015452779893520038,-0.013268055031076014,13.312500529819065,-22.18541742960612,-10.033333693610297,1011.1239868164063,-0.11457559053422761,27.750322492691303
2025-06-14T21:23:34.500Z,39.709081241505025,-74.94350927669583,-12.61337643169643,-1044.7191585489948,517.0975351024848,-6.007328689231656,1.4529837773885124,5.887764169216988,3.0114422831986216,0.0009999999936766183,0.001000000000865455,0.000999999995254207,0.0010000000025921767,0.0009999999918562734,0.0010000000188552392,6.591714207097325e-6,6.672942166223051e-6,3.6380716706284417,453.43905243761566,845.1906608671984,0.14744148030487803,0.00013648813818730273,0.00004870859249096437,0.0016139714644591914,0.001137999999999973,0.001137999999999977,0.0011379999999999767,0.0010013799999999905,0.0010013799999999905,0.001001379999999987,1.5812933153188822,9.320122092168889,3.8732447950596245,0.007557737957637166,-0.00015208338518081293,0.000172023463307697,13.141346809191582,-23.024519993708683,-9.428846554878431,1011.6379638671875,0.1646162667297944,28.137587343398078
2025-06-14T21:23:39.500Z,39.72181216758209,-74.94851846499867,-6.298643976788107,-1022.4000654059994,489.3604066974915,-3.6990888522664385,1.3686935629094132,5.906242989899598,3.032286369051427,0.0009999999936671738,0.0010000000011221035,0.0009999999950556864,0.001000000002663441,0.0009999999919899445,0.0010000000189581443,6.879259583163711e-6,6.958045573764552e-6,3.6608818684536146,463.09920852610645,835.94134323468,0.08622215898399,0.00010733733322125505,0.00005712245408566173,0.00162105576422207,0.0011389999999999736,0.0011389999999999775,0.0011389999999999775,0.0010013899999999907,0.0010013899999999905,0.001001389999999987,1.2647367903422315,9.529581065585768,2.6787807557289716,-0.0004170000336908905,-0.0013052500553948254,-0.0004279999753885531,13.246500396728516,-22.109250679016114,-12.147000637054443,1011.7539672851562,-0.05728048879247866,28.4927268575642
2025-06-14T21:23:44.500Z,39.73777652828827,-74.95286722421103,-3.095433973642386,-1001.1271717135616,472.4672089746499,-3.152989188686304,1.328957274994972,5.924640065838867,3.0405383637587855,0.0009999999933334488,0.001000000001221994,0.000999999995234099,0.0010000000025614329,0.000999999992266888,0.0010000000190077357,7.114184740513952e-6,7.1902250349697496e-6,3.4011837713352806,469.4733440907213,829.3227071281428,0.052470636382369235,0.00009820633845717674,0.00006588494784509928,0.0016303835362781872,0.0011399999999999735,0.0011399999999999785,0.0011399999999999785,0.0010013999999999915,0.0010013999999999913,0.0010013999999999878,1.2721432995344033,9.523457261367913,2.682244711648885,0.0004601190037822685,0.00009345226107854805,-0.0016744046995983634,13.125000721070824,-22.49725681397973,-11.90396385658078,1011.761962890625,-0.05005075095433148,28.63727761875548
2025-06-14T21:23:49.500Z,39.75332988082193,-74.95522394518545,-2.683544045579474,-979.2736479769538,462.1229462504166,-2.9998366597011517,1.3007759743507923,5.965203376776932,3.056373556121659,0.000999999993027349,0.0010000000012038769,0.0009999999954707025,0.001000000002606142,0.0009999999921695025,0.0010000000192122076,7.304808498577602e-6,7.3779952085227895e-6,3.118322386736712,473.50803657828095,825.4638791122192,0.0405474451137384,0.00010125494113786884,0.0000724160477759109,0.001637681518268771,0.0011409999999999736,0.0011409999999999773,0.0011409999999999773,0.001001409999999992,0.001001409999999992,0.0010014099999999886,1.3144167301191663,9.521225565379298,2.633987645683816,0.00006071427740526945,0.004941964372121974,-0.004552083532662859,13.073684842962967,-22.18026372006065,-11.861842557003623,1011.7739624023437,-0.050090269982296376,28.34758856649702
2025-06-14T21:23:54.500Z,39.76710591783485,-74.95464908555705,-3.1571429096592247,-954.5272808077093,458.0422304833442,-2.866583927103653,1.294075225265773,5.986950905586124,3.034638715970743,0.000999999993276799,0.001000000001030972,0.000999999995657973,0.0010000000027403201,0.0009999999918906609,0.0010000000193276294,7.458620888934657e-6,7.528890618969663e-6,2.933052554417835,475.8931759049059,823.3997198467872,0.039411156775892575,0.00010956340402172326,0.00007822333092560453,0.001644934205236304,0.0011419999999999744,0.0011419999999999766,0.0011419999999999764,0.0010014199999999916,0.001001419999999992,0.0010014199999999881,1.2197729033131164,9.509060392106079,2.683082984928846,0.000029487147422609192,-0.0009435896286046179,-0.0011092950575753156,13.33581135724042,-22.205575066643792,-11.315878790778083,1011.7699584960938,-0.05208726233928537,28.266193303095324
2025-06-14T21:23:59.500Z,39.779655207184696,-74.95141152994091,-3.2669944386391947,-927.2123605873327,460.3731506441328,-2.560961184112587,1.2993038764737599,5.979048590048891,2.9695606722012293,0.0009999999931802291,0.0010000000012350563,0.0009999999956797696,0.001000000002821497,0.0009999999917903524,0.0010000000198553565,7.582204307522156e-6,7.649467462877161e-6,2.8759120178477358,477.18113586148763,821.8605551527082,0.04242312284692207,0.00011877594470424902,0.0000830657114191782,0.0016517256716785838,0.001142999999999975,0.0011429999999999758,0.0011429999999999758,0.0010014299999999907,0.0010014299999999924,0.001001429999999989,1.1876625554893756,9.530746281516844,2.694945964923538,-0.0017478658523464494,-0.00905213400374004,0.003929878093600526,13.36500062942505,-22.353750705718994,-11.501719188690185,1011.7739624023437,-0.024576586322743954,28.471039287602554
2025-06-14T21:24:04.500Z,39.7922973705164,-74.94709490107604,-2.4931444962871936,-901.5205038911556,466.27787582774084,-2.283265316286152,1.3291218140274876,6.015181515001105,2.932377541867591,0.0009999999933907565,0.00100000000135888,0.0009999999959711024,0.001000000002729841,0.0009999999922340364,0.0010000000198016053,7.681214665901338e-6,7.745399492541408e-6,2.907481581340127,477.0132370026392,819.8886582263449,0.04587728340725593,0.00012575363590717424,0.00008234821675695034,0.001647875855313587,0.0011439999999999738,0.0011439999999999751,0.0011439999999999747,0.0010014399999999902,0.0010014399999999926,0.0010014399999999893,1.1932878905248536,9.62302877291994,2.1611568718515244,0.003313157991086482,-0.0008407897972018555,-0.002186842449552093,13.484375613076347,-22.573215030488512,-11.399553866613479,1011.761962890625,-0.059462252961211826,28.65877444866234
2025-06-14T21:24:09.500Z,39.806377316305806,-74.94390283818066,-0.37661829236315114,-882.4569802938636,472.21893055191003,-1.396524884469384,1.3737596300414279,6.040370888128328,2.827802230199708,0.000999999993488934,0.0010000000011506941,0.0009999999956235087,0.0010000000028951705,0.000999999992147802,0.0010000000197367975,7.760378053125706e-6,7.821467191731048e-6,2.957440594578702,475.1496838940835,816.8177235337936,0.047567481085161574,0.0001256101615800542,0.00008383740362993575,0.0016440236905134293,0.0011449999999999746,0.0011449999999999746,0.0011449999999999748,0.0010014499999999897,0.0010014499999999923,0.0010014499999999888,1.516389610156442,9.851865684862775,1.152775653697594,0.0017070314557312007,-0.014303124735825406,-0.003383333349921883,12.606641193230947,-23.36679768562317,-10.003906587759653,1011.7259765625,0.044014204783675875,28.37269662657554
2025-06-14T21:24:14.500Z,39.94547120571914,-75.09349727344733,2.6722523829048557,-866.1673402580011,478.43534676801613,-0.6861052761568656,1.3995747948616557,6.044491146533658,2.753475179044751,0.0009999999934975409,0.0010000000012465688,0.0009999999955318437,0.0010000000029735823,0.0009999999922887443,0.0010000000198913074,4.209141613336705e-6,4.225904667626291e-6,2.960255461263536,477.1863908578539,808.17973074501,0.03864990418621219,0.00012585689832385254,0.00008452434679311763,0.001639476026495849,0.0011459999999999743,0.0011459999999999745,0.0011459999999999745,0.001001459999999989,0.0010014599999999918,0.0010014599999999883,1.381272566861465,9.7697641601551,1.7068475851609364,-0.0003061048094285595,-0.010660174022698487,0.0005476744121402817,12.329215604205464,-23.51032057473826,-9.440843360368596,1011.6999877929687,0.026113146671490145,28.175723583317613
2025-06-14T21:24:19.500Z,39.99497278392939,-75.14171872443026,4.917214914878532,-852.8386143467051,484.08491029808033,-0.6367019709378369,1.4222838587733595,6.059146542882554,2.7235295356696327,0.0009999999938080434,0.0010000000012342026,0.0009999999954423062,0.0010000000029207184,0.0009999999924052703,0.0010000000199765309,3.1709456185719472e-6,3.179594870963362e-6,2.865992884140733,481.71378651068915,802.8387382808896,0.028692770087838965,0.00012856368695916552,0.00008636138391451209,0.0016346555655540234,0.0011469999999999749,0.001146999999999975,0.0011469999999999749,0.00100146999999999,0.0010014699999999926,0.0010014699999999872,1.31158157608952,9.666040721228638,1.9385163969545887,0.0019619791379420115,-0.0030281251268182907,-0.0015270834376800743,12.614625606536865,-23.188875846862793,-9.949875450134277,1011.68798828125,-0.03983451258632309,28.210811818107626
2025-06-14T21:24:24.500Z,39.99059509265411,-75.11886881684593,6.504071133062341,-841.595451884901,487.14181945869046,0.07703396333945736,1.43397783542182,6.069984640095702,2.74116059619045,0.0009999999938084098,0.0010000000013169203,0.0009999999953837781,0.0010000000029163902,0.0009999999924108578,0.0010000000197316694,3.968232752555276e-6,3.980581774806846e-6,2.7288600223675776,487.91943610093165,801.0856412924255,0.024849393549343818,0.00013554900026417245,0.00008961923717322188,0.0016316269117953727,0.001147999999999974,0.0011479999999999756,0.0011479999999999756,0.0010014799999999897,0.0010014799999999934,0.0010014799999999862,0.9858300383351575,9.90503539148843,2.0470400909560054,0.002655208336476561,0.004847569381548397,-0.0006295137427174785,13.344643456595284,-23.85428641183036,-10.076250403267997,1011.7499755859375,0.17925076629889178,29.13132949453189
2025-06-14T21:24:29.500Z,39.98897051143893,-75.10063291977104,11.374584076921307,-837.5576051554932,490.428623842619,2.630681533186256,1.587091410121335,6.059644878568365,2.7422571881896243,0.0009999999935839472,0.001000000001403458,0.0009999999953229856,0.0010000000027549998,0.0009999999927069463,0.0010000000194701547,4.682861398603405e-6,4.699105851124333e-6,2.607394945986947,500.38329343526044,802.0866350535456,0.030042988812024718,0.00014586745214025486,0.00009450475088844713,0.0016338475959881322,0.0011489999999999732,0.001148999999999976,0.0011489999999999758,0.0010014899999999907,0.0010014899999999942,0.0010014899999999868,1.3565220137169578,10.318510215664919,2.268196442355725,0.030697023712463987,-0.0007741070034459328,0.0012851188270232715,12.634299394561022,-24.650763302314573,-10.035366244432403,1011.7799682617188,0.6687574517865461,29.461691086739926
2025-06-14T21:24:34.500Z,39.99054768735651,-75.08679583182908,14.320556182249772,-835.9104946324495,498.91626103744613,0.15567478051560713,1.6080837696184624,6.07392305552338,2.746639996645052,0.0009999999934066641,0.00100000000143157,0.000999999995517872,0.0010000000026049928,0.000999999992781825,0.0010000000192497652,5.31215280988276e-6,5.332392350404066e-6,2.671521114808124,515.9026103434838,804.6627935460276,0.05545297026534751,0.0001471083039371857,0.00010081388398287182,0.0016378293643996133,0.0011499999999999742,0.001149999999999975,0.001149999999999975,0.0010014999999999915,0.0010014999999999941,0.0010014999999999872,1.182257744104737,9.581150459288148,2.0817731902829504,0.0024218746188740276,-0.0007468747400814614,-0.00408124984402591,11.597104002789754,-25.06600733501155,-8.13841506911487,1011.7139892578125,-0.10894548239078478,28.79285373377086
2025-06-14T21:24:39.500Z,39.990758523950696,-75.07305748869167,11.952641095288033,-828.1532024779804,508.5827227307518,-1.1486494254647397,1.6296287511699437,6.1113869749771945,2.7640998115129385,0.0009999999932693668,0.0010000000012843162,0.0009999999956129086,0.0010000000026496073,0.0009999999926422877,0.0010000000193516776,5.857724229684013e-6,5.881968615450044e-6,3.0249724301054606,536.5340624782955,804.7826877973573,0.0805071774934224,0.000125801229131361,0.00010868935941010857,0.0016425275539824612,0.0011509999999999734,0.0011509999999999756,0.0011509999999999756,0.0010015099999999924,0.0010015099999999932,0.0010015099999999858,1.1950464773676877,9.764936170304093,2.1499858180059683,0.005007222145674348,0.002978333567347193,-0.007774166576773698,11.913068554618143,-24.598296555605803,-8.72258559140292,1011.4459838867188,0.0847286762173042,28.689335773914827
2025-06-14T21:24:44.500Z,39.988588930724895,-75.06139261098788,9.99192483894365,-817.928243913844,508.1004782811208,-2.156306153230082,1.551602078904304,6.093398210614653,2.780991065393701,0.0009999999931840696,0.0010000000011388475,0.000999999995696059,0.0010000000027081258,0.0009999999928297317,0.00100000001945764,6.324469102871319e-6,6.352434495529576e-6,3.311419259145703,559.3176142706942,800.4748635012093,0.07544732287591956,0.00009768689368962216,0.00011767630355266497,0.001653344042640905,0.0011519999999999727,0.0011519999999999757,0.0011519999999999757,0.0010015199999999914,0.001001519999999994,0.0010015199999999854,1.2393583884203023,9.560208738219778,2.0415042642531294,-0.010607812660136254,0.0038812493406238597,0.003616562630255972,10.982072704716733,-24.788487886127673,-8.343256962926764,1011.1559936523438,-0.12848492200505424,28.366919361953563
2025-06-14T21:24:49.500Z,39.98616245729211,-75.05274885806385,10.820610141788055,-807.8273115439277,500.801930350358,-1.4252616563373903,1.5393644864777398,6.1074849000591165,2.813045242117191,0.0009999999933221048,0.0010000000010250084,0.0009999999957813963,0.0010000000028066646,0.0009999999931684753,0.001000000019420143,6.719242267830561e-6,6.750462185701622e-6,3.318205577382284,581.9471399866377,795.5287176681713,0.055683548410892666,0.00007896061181594103,0.00012612295737536995,0.0016612897269371158,0.0011529999999999718,0.0011529999999999746,0.0011529999999999746,0.0010015299999999922,0.0010015299999999948,0.001001529999999985,1.1390652824280836,9.77841359644237,1.9374990120754574,0.0043091836514961915,0.00672806099021564,-0.0030091837865762693,12.05892903464181,-24.940562228767238,-7.317857440637082,1010.7999633789062,0.0554383905807202,28.653054761771312
2025-06-14T21:24:54.500Z,39.984448652224934,-75.04597741728865,14.462505448478906,-798.7806839021949,494.4896409628715,-1.0905129604735875,1.525362214205654,6.1335383401190615,2.8306738240611597,0.0009999999933339712,0.0010000000011787897,0.000999999995799233,0.001000000002596382,0.0009999999930188621,0.0010000000196927334,7.049875362809748e-6,7.0838949400916624e-6,3.171530768666278,604.7084076306597,791.3001877646308,0.04258234127297369,0.00007023279544369431,0.0001347717806861762,0.0016684123742491677,0.0011539999999999712,0.0011539999999999751,0.0011539999999999751,0.0010015399999999928,0.0010015399999999937,0.0010015399999999857,1.3588846823808007,9.65692357615833,1.8491577696399204,0.0025913686705626147,0.004378869346832657,-0.005799404877277731,10.87587241239326,-25.632559354915177,-7.297238693680874,1010.2739868164062,-0.04814383394017027,28.78470904918412
2025-06-14T21:24:59.500Z,39.98290186786055,-75.04016764993837,18.99737969721291,-784.8249351555851,486.3952327848458,-0.8637614451276808,1.425709014464681,6.064911919586942,2.9004344338451964,0.000999999992866278,0.001000000001187029,0.0009999999958508583,0.001000000002673538,0.0009999999931192066,0.0010000000195463786,7.3244912628053375e-6,7.360909102212494e-6,2.975287870360079,623.0611927036439,788.5842483398959,0.029838695977555323,0.00007243162490410374,0.00014141038459210238,0.001680453944872491,0.0011549999999999705,0.0011549999999999744,0.0011549999999999744,0.0010015499999999917,0.0010015499999999926,0.0010015499999999847,0.8979538905778934,9.6928196940288,1.7764808333321238,-0.013316562750179168,0.013581875451836672,0.014399999419557951,11.444196882702055,-25.452233269101097,-7.6160717237563365,1009.6619750976563,-0.07326372763437283,28.92727843247815
2025-06-14T21:25:04.500Z,40.00142009286962,-75.07816280854429,24.6211886077655,-772.9340277507656,480.44876988747683,0.5877651925822431,1.4191372868607222,6.101413931578623,2.9330510139933255,0.0009999999927994797,0.0010000000009706593,0.0009999999957607038,0.001000000002738743,0.0009999999933781982,0.0010000000196252548,6.201744214427742e-6,6.227678363556305e-6,2.76180150587432,639.2908256952288,785.8197619393213,0.022428360906033413,0.00007556465312544144,0.00014940679228801488,0.0016838825301920552,0.0011559999999999715,0.0011559999999999754,0.0011559999999999754,0.0010015599999999925,0.0010015599999999925,0.0010015599999999853,1.2966412271385146,9.908026987411208,1.9037089252005024,0.0024925000449250475,0.008644643024636883,-0.006342857346326425,12.194118163164925,-25.367648124694824,-9.28621359432445,1009.2019775390625,0.2083595444434634,29.638570266183745
2025-06-14T21:25:09.500Z,40.014802911983,-75.10092351020548,28.79955862842633,-763.8822235341767,480.45542748637797,0.07573214797432011,1.3938913059643425,6.089275016509341,2.967966112177455,0.0009999999928936333,0.0010000000010718625,0.0009999999957522093,0.0010000000029623212,0.0009999999934956667,0.0010000000195531272,5.556561901924734e-6,5.577231449633456e-6,2.600562187736775,655.6841453858526,784.4917737269855,0.021445279763675062,0.00008314613160927526,0.00015709360162596383,0.0016889834678325752,0.0011569999999999716,0.0011569999999999755,0.0011569999999999755,0.0010015699999999916,0.0010015699999999916,0.0010015699999999846,0.9934073947985512,9.525910739785514,2.4074751091063344,-0.0028273030288063273,0.007079934467468011,0.003617105218514361,11.120893260410854,-25.251965277535575,-9.288750457763673,1009.1059814453125,-0.08617274085798371,29.11381030205343
2025-06-14T21:25:14.500Z,40.023174193366174,-75.10772774962766,32.24734571319376,-763.0338689430182,479.2513958302961,2.0587855809785247,1.2631603698977458,6.069948474273049,3.171821728190318,0.0009999999928701148,0.001000000000916125,0.0009999999955463159,0.0010000000030363505,0.0009999999934594847,0.0010000000195278327,5.454420688877441e-6,5.474178860174737e-6,2.4963079407710747,668.5213879438186,784.5522480309032,0.02081121119879077,0.00010574758391135665,0.0001519300782700082,0.0016836318137037906,0.0011579999999999722,0.001157999999999976,0.0011579999999999763,0.0010015799999999924,0.0010015799999999924,0.0010015799999999852,1.1436692847168595,10.050085190894205,2.398284716341594,-0.018711308676873487,0.03768988028357885,0.012884226361782098,11.975481277857071,-24.6024049612192,-9.792308073777418,1009.2959716796875,0.43422073564595987,29.061604086126305
2025-06-14T21:25:19.500Z,40.033564159569266,-75.11562628417907,36.05457408208788,-770.2893175214411,475.47942717272315,1.9755069951692603,1.329846087066761,6.0432895236591655,3.178137013768497,0.0009999999926863894,0.001000000000891841,0.0009999999955349324,0.0010000000031061334,0.0009999999933618172,0.0010000000197486509,5.38352898306033e-6,5.402621499322988e-6,2.4500362722944984,679.9092309869171,785.4207659926037,0.025621383696059843,0.00011552045007848694,0.0001582516584224324,0.001684485724616045,0.0011589999999999723,0.0011589999999999762,0.0011589999999999773,0.0010015899999999927,0.0010015899999999925,0.0010015899999999854,1.1787419456282595,9.799842336705296,2.1161081879698984,0.012691071029820533,-0.002915178787341103,0.002476785775703109,12.42162225053117,-24.976014575442754,-9.188007174311457,1009.5099731445313,0.13285253686835374,29.368597185834393
2025-06-14T21:25:24.500Z,40.04425523103373,-75.12415078608599,36.479187255272265,-778.0573298343137,470.7186863149157,1.7412403651070203,1.3464231616885103,6.078031212228326,3.2619800929746847,0.0009999999924074554,0.0010000000006956738,0.000999999995491311,0.0010000000029695612,0.0009999999935298614,0.0010000000195861931,5.334122725898835e-6,5.35268784584447e-6,2.5128513297785693,698.2522270682052,786.6380329754912,0.029333724496486975,0.00012647268605402693,0.00015443857050998372,0.0016762636810667144,0.0011599999999999716,0.0011599999999999755,0.0011599999999999785,0.0010015999999999918,0.0010015999999999936,0.0010015999999999864,0.9817881918214852,9.831950516750046,2.2044066883542768,0.007432267436380545,0.013702906459710514,-0.008226744155806964,11.972093449082486,-25.12369306697402,-9.229796875354856,1009.811962890625,0.16121155024100264,29.320933666781144
2025-06-14T21:25:29.500Z,40.051397214569405,-75.13057994981098,32.492860486254884,-776.0977140757732,461.5616490452517,-0.2912951360444015,1.2729341531135103,6.023947437033936,3.397346106631836,0.0009999999923204666,0.0010000000005326252,0.00099999999514388,0.0010000000027458997,0.0009999999935306554,0.0010000000194527155,5.299626540420791e-6,5.317738570616727e-6,2.645137203837984,717.9982891845112,787.6238356261088,0.03571199251617935,0.0001415442988302618,0.00014307258275927885,0.0016697012132118637,0.0011609999999999709,0.0011609999999999748,0.0011609999999999787,0.001001609999999991,0.0010016099999999944,0.0010016099999999874,0.9008900446669688,9.591402958869239,1.8069051015943673,-0.006601630174568503,0.02030950959641434,0.012436141161341141,12.74202180416026,-25.62327246970319,-8.402792930603027,1010.0199829101563,-0.15809919391713206,29.824739985725223
2025-06-14T21:25:34.500Z,40.05388914033412,-75.13140569313745,27.444551542033054,-769.105629950296,454.16563312228624,0.2815425973972657,1.3031660754540038,6.041786879721591,3.401401454701925,0.000999999992196963,0.0010000000004481372,0.000999999994979833,0.0010000000028876207,0.000999999993728578,0.0010000000192913888,5.45313565189723e-6,5.472062273965627e-6,2.764530526555446,741.2711667552522,788.152816293709,0.034524067368949196,0.0001380999550705935,0.0001397489297818387,0.00167541250980073,0.0011619999999999719,0.0011619999999999758,0.0011619999999999795,0.00100161999999999,0.0010016199999999937,0.0010016199999999865,1.4103333813095065,9.889837947527035,2.233991769000777,0.00813445945755929,0.0008023649244951071,-0.006228716094067634,12.774671705145584,-25.682073492752878,-7.433388446506701,1010.215966796875,0.28050916472190246,29.631290789581392
2025-06-14T21:25:39.500Z,40.05525437889525,-75.13210999645248,25.609677722393606,-757.7362797294104,450.0631814698292,0.5594601596509727,1.3874748098629266,5.997275344583616,3.404010536719103,0.0009999999922546412,0.0010000000004406935,0.0009999999947910908,0.0010000000027991698,0.0009999999935607923,0.0010000000195000708,5.56779526417065e-6,5.587294510653952e-6,2.807748015327225,765.3451546321071,789.2050783111607,0.032856221646178324,0.00013961400520261417,0.00013598000059661603,0.0016837131477174454,0.0011629999999999713,0.001162999999999975,0.001162999999999979,0.0010016299999999895,0.001001629999999993,0.001001629999999986,1.0865042109931722,9.926221298217325,2.025804274160054,0.018606089956845363,-0.0018320510085905817,0.006636538412807722,13.67678623199463,-25.286251177106585,-5.821607344491142,1010.2839721679687,0.23656616688910234,29.331503825403026
2025-06-14T21:25:45Z,40.0822490073111,-75.237997293323,25.08363239851581,-744.4438959641428,446.6838521393683,0.04408357686446365,1.2775235876258957,5.9869248684602505,3.481118328479331,0.0009999999920299854,0.001000000000197766,0.0009999999944700216,0.0010000000028116372,0.000999999993645654,0.0010000000196749362,1.6749073343718381e-6,1.6767066863341707e-6,2.91153464945795,784.9922251635106,788.7178297086076,0.03370444021952132,0.00014152022334892243,0.0001295685195570185,0.0016874479808315277,0.001163999999999972,0.0011639999999999739,0.0011639999999999795,0.0010016399999999885,0.001001639999999992,0.001001639999999985,1.2021167327607307,9.742275456957907,2.0334709219307885,-0.015234867329616394,0.012840460053368957,0.003928289660310331,13.530938076972962,-26.132345104217528,-5.57296895980835,1010.123974609375,0.07621243008106049,29.950637534015573
2025-06-14T21:25:49.500Z,40.08528141352433,-75.24968715090627,23.557111572779757,-734.0879219978989,453.65875452320995,0.10354341218131438,1.241615992273295,6.128538605282921,3.8453318733885418,0.0009999999920044253,0.001000000000127384,0.0009999999946047964,0.0010000000028451438,0.0009999999939403763,0.0010000000197799878,1.2999285357031516e-6,1.3009039792235276e-6,2.714831064064996,804.8319279562577,791.390023740502,0.037956801762124875,0.00013315410995371962,0.00013080003348582518,0.0016913335949903503,0.0011649999999999727,0.0011649999999999727,0.0011649999999999803,0.001001649999999988,0.0010016499999999915,0.0010016499999999844,0.08482917306748318,9.37821288278348,4.089825193463664,0.011519207246424875,0.08971981662202305,-0.006795121950850563,14.38734428882599,-24.917344903945924,-6.324844026565552,1010.2939819335937,0.28383794197483414,29.459640427729582
2025-06-14T21:25:54.500Z,40.08083017464602,-75.22962852453324,22.984678521911142,-730.4861925423413,453.7489991299648,0.46210941193542493,1.2284224086227278,6.177362707443716,4.531412695431483,0.0009999999917903602,0.0010000000003029578,0.0009999999944670223,0.0010000000028461279,0.0009999999938448288,0.0010000000194364546,2.052158478129432e-6,2.0546239786921616e-6,2.669746983816957,822.3227143049597,794.2873440707882,0.024934311227042132,0.00012139900954536899,0.0001453349138740579,0.001700769215133774,0.0011659999999999715,0.0011659999999999733,0.001165999999999981,0.0010016599999999889,0.0010016599999999908,0.0010016599999999837,1.1022214813746107,9.410993390037772,3.300164431236758,0.019113371916215684,0.15760465030943446,0.04193837210048117,7.295579549742908,-27.87027554395722,15.46372013557248,1010.3859741210938,0.08666489724337573,32.69711090308382
2025-06-14T21:26:00Z,40.08609213440678,-75.25185193807414,26.14627302816243,-755.5581751338208,453.5665412594267,2.792377596675111,1.301174970252362,5.980728214543115,3.3002177349277995,0.0009999999918624727,0.0010000000005244282,0.0009999999942012295,0.0010000000028005452,0.0009999999937076946,0.0010000000191181487,1.1994500377713093e-6,1.200349118429609e-6,2.5226147662186884,838.1019670633956,793.0464761448562,0.0376295698923463,0.00016690922180792795,0.0001261192961297411,0.0017322108346899082,0.0011669999999999704,0.0011669999999999743,0.001166999999999982,0.0010016699999999888,0.0010016699999999899,0.0010016699999999827,3.3385879784227965,9.209726093601233,2.771259576906118,-0.08304687420902059,-0.5186781246546402,-0.0916031242004144,11.774085835712713,-26.84039762543469,-5.040548970059651,1010.5619750976563,0.22791487890248577,29.739538611870532
2025-06-14T21:26:10.500Z,40.07910130022232,-75.23891739189533,32.43615604728578,-916.2787235308331,467.17559075891114,1.9231523388921232,1.4193594143723696,6.038293912101548,2.412907250721698,0.00099999999155579,0.001000000000984206,0.000999999993992778,0.0010000000024408054,0.00099999999360917,0.0010000000184010877,1.1464817024168326e-6,1.1482861439119268e-6,3.4991888689821415,637.9087639265613,801.042095962447,0.032736996359477175,0.0001529149122577149,0.0001324579357122872,0.001694362589203118,0.0011679999999999705,0.001167999999999974,0.0011679999999999818,0.0010016799999999883,0.001001679999999991,0.0010016799999999829,2.6990526309094744,9.42716796302743,2.1607476016341023,-0.02519999988331181,-0.13521718756970358,-0.029225312203194857,12.3246956801996,-24.777897439351896,-3.1897867249279486,1010.5079711914062,0.04284728465745119,27.857032090055196
2025-06-14T21:26:15Z,40.08085893240648,-75.25042918245641,28.62585272305206,-979.0895098195082,468.7650966503209,0.6647513811424729,1.461590987846158,6.087763523029663,1.8866857265836678,0.0009999999913629107,0.0010000000014468591,0.0009999999935508402,0.0010000000019899024,0.000999999993956848,0.0010000000183573111,1.0508474479826495e-6,1.0518632292621761e-6,2.82654077410001,527.1159585373027,804.97052830118,0.024869977578932646,0.00013245012549683186,0.00015883356222181263,0.0016280687325004183,0.0011689999999999698,0.0011689999999999734,0.0011689999999999813,0.0010016899999999882,0.0010016899999999909,0.0010016899999999822,1.627070065387587,9.636249135970086,1.7245550816715232,-0.01795930876795234,-0.13754627634484795,-0.02665691474327033,-6.016304565512615,-21.706386649090312,-15.441848402437957,1010.5039794921875,-0.0937587112535217,27.309541407433684
2025-06-14T21:26:20Z,40.07987399982371,-75.25129474548498,25.211470169583656,-1007.338175295151,467.26569527967763,-0.1815515090771351,1.4270723867869026,6.078445134669314,1.6662285184260581,0.0009999999911837008,0.0010000000015264077,0.0009999999937089258,0.0010000000017795442,0.0009999999939925685,0.0010000000181976023,1.1201216093575775e-6,1.1210999472610984e-6,2.6147740851812644,438.0439830904529,811.2019432060146,0.023543370531307728,0.00013141068428490843,0.0001749987707215411,0.0015831829574749505,0.0011699999999999703,0.0011699999999999742,0.001169999999999982,0.0010016999999999886,0.0010016999999999917,0.0010016999999999817,1.657608608138185,9.600317498740633,2.187320849006403,-0.01563179338072069,-0.04884701050302728,-0.004246195632695225,-10.120612103888329,-18.609575149860788,-13.500000466691686,1010.473974609375,-0.04092105427964565,25.119525062285135
2025-06-14T21:26:25Z,40.07931648446836,-75.25193853122015,21.448608510432493,-1014.5147484528251,462.6421821802752,-0.9186508742048987,1.418649551540062,6.086926098569468,1.6438064506287966,0.0009999999910372938,0.0010000000016177693,0.0009999999934837108,0.001000000002247065,0.0009999999939738484,0.0010000000180367427,1.1506350044977707e-6,1.151589761155272e-6,2.5692378809378256,357.4606559917377,816.4413122520057,0.028658107328074976,0.00013810135153841867,0.00018323644959183848,0.0015466543846759896,0.0011709999999999696,0.0011709999999999735,0.0011709999999999813,0.0010017099999999881,0.0010017099999999916,0.0010017099999999812,1.4129558742300858,9.716569040696147,1.4795384416975788,-0.002744531155015134,-0.00513359360517894,-0.0027330728866683147,-10.567255704299264,-19.23668554554815,-13.762908230657162,1010.461962890625,-0.09729007530670525,25.906215029461457
2025-06-14T21:26:30Z,40.08001474964133,-75.25371031293848,17.87055229408517,-1001.6739597125887,461.05988285096134,-1.3474366429168414,1.4189298180551113,6.096894360308301,1.6311768547532692,0.0009999999909139734,0.0010000000016865207,0.0009999999932233815,0.0010000000022441981,0.000999999993698211,0.0010000000184741892,1.1130943465940096e-6,1.11395806583401e-6,2.647543410261575,282.54631588562114,819.993228265991,0.03270759388370617,0.00014565517920411158,0.00018502875356406266,0.0015164166115789288,0.0011719999999999702,0.0011719999999999738,0.0011719999999999814,0.0010017199999999887,0.0010017199999999924,0.0010017199999999816,1.4087457191308128,9.744464594466208,1.3159413701412845,-0.0006791666706522127,-0.0005416667019291421,-0.0012606772163728842,-10.764844218889872,-19.696094314257305,-13.526953637599945,1010.47197265625,-0.0891159072377864,26.206751358203423
2025-06-14T21:26:35Z,40.0810357192967,-75.25532853524871,15.586941142337906,-976.2320345922298,464.49746927216347,-1.4109168480230707,1.4036039711777226,6.095656559623225,1.5523822247589587,0.0009999999911597254,0.0010000000017325284,0.0009999999930650426,0.0010000000021042977,0.000999999993839725,0.0010000000182723663,1.0566128734437444e-6,1.057382917632381e-6,2.7430215346922497,220.28945663038502,821.0254515176813,0.03388102465695491,0.00015433698656548478,0.00017975600129402608,0.001496219695854765,0.00117299999999997,0.001172999999999974,0.0011729999999999818,0.0010017299999999893,0.0010017299999999928,0.0010017299999999822,1.4333256746486918,9.755567559589467,1.3069195760439976,-0.006528124908790214,-0.012353125186177188,0.0007031247288833778,-10.064825900765353,-20.942442383877065,-13.9443319897319,1010.4499755859375,-0.06889284620649075,27.098491788889014
2025-06-14T21:26:40Z,40.07951662888626,-75.24553086887022,9.364138099376465,-936.3119482681038,470.7557765801354,-6.050605365240598,1.2361808265855538,6.173112717820127,2.9802498430751974,0.0009999999913322146,0.0010000000017744992,0.0009999999931810818,0.00100000000199381,0.0009999999937558017,0.0010000000182096465,1.3644517854065433e-6,1.365743093377137e-6,3.34604997153384,138.68957070427842,807.1235650135947,0.2292353936349283,0.0001543689744125683,0.00014149358388449373,0.0014595392724472574,0.0011739999999999691,0.001173999999999973,0.0011739999999999808,0.0010017399999999888,0.0010017399999999925,0.0010017399999999819,1.6263100674240778,8.534627121393802,0.9622567117680917,0.018699739581197986,1.785972901479603,0.3843666671601871,17.05375076929728,-20.49250077141656,-19.560834164089627,1010.4759765625,-1.2637536713324293,33.06653716145266
2025-06-14T21:26:45Z,40.07598634151282,-75.24746792179917,37.57761954071057,-989.0351874813834,424.5301135566615,30.29292225422934,6.166250271046657,5.741940686503444,3.437115444777453,0.0009999999912497556,0.0010000000009180818,0.0009999999933290192,0.001000000002118744,0.0009999999937717705,0.0010000000187420767,1.4558569652673903e-6,1.4573373862736214e-6,3.4794675326966056,115.08736956067894,820.569239478164,0.060431161535420524,0.0002531259843107388,0.0001013027701900424,0.0015038187078811206,0.0011749999999999697,0.0011749999999999736,0.0011749999999999812,0.0010017499999999888,0.0010017499999999922,0.0010017499999999814,0.09730219230631046,2.2376914135303583,10.188568965338186,-0.5846987249497115,-0.11720714492015297,0.32217831152559556,-9.758418725461375,28.581888821660257,-21.08188854918188,1010.4939819335938,0.4225135128732392,36.83196153979658
