timestamp,latitude,longitude,altitude,velocity_north,velocity_east,velocity_down,roll,pitch,yaw,acc_bias_x,acc_bias_y,acc_bias_z,gyro_bias_x,gyro_bias_y,gyro_bias_z,latitude_cov,longitude_cov,altitude_cov,velocity_n_cov,velocity_e_cov,velocity_d_cov,roll_cov,pitch_cov,yaw_cov,acc_bias_x_cov,acc_bias_y_cov,acc_bias_z_cov,gyro_bias_x_cov,gyro_bias_y_cov,gyro_bias_z_cov
2025-06-14T21:17:03Z,40.07424784390164,-75.23970211983954,57.288819663226604,-8.429359988193028,5.991972585266922,-2.0094283008074854,-0.11150948045178666,-0.31790804222328006,0.40492877380529535,0.0010000000007153176,0.0010000000004026788,0.001000000000672685,0.000999999999990564,0.0009999999999834586,0.0009999999999834586,2.0106772587454224e-6,2.010677412263047e-6,6.264386728417279,2.2533541031752673,2.252307835495801,1.591692121781756,0.000019862635759066215,0.000019757535629182054,0.000020277061395001024,0.001002,0.0010019999999999994,0.0010020000000000003,0.0010000199999999995,0.0010000199999999995,0.0010000199999999995
2025-06-14T21:17:04Z,40.07415367033392,-75.23961341659299,56.365158510394394,-12.33964273694437,9.112401899998076,-2.544035282335244,-0.23167575174556987,-0.2224016990094242,0.6688129222675343,0.0010000000007437393,0.0010000000000758291,0.0010000000006158416,0.0009999999999479314,0.0010000000002108322,0.0010000000002108322,3.0106775389593295e-6,3.0106778843347886e-6,6.258101594023489,2.2579969213737296,2.2572024551652285,0.7625749795873943,0.000029243670895575596,0.00002937145449950233,0.000030785131017217194,0.001002999999999999,0.001002999999999999,0.0010029999999999998,0.0010000299999999998,0.0010000299999999998,0.0010000299999999998
2025-06-14T21:17:05Z,40.0740160051698,-75.23949646794625,56.507276724558324,-17.769237802596763,10.808942659175955,-0.8487037530940142,0.032244812424323754,-1.24308946171368,0.3667773483939527,0.0010000000007153176,0.000999999999706347,0.001000000000189516,0.0010000000001468834,0.0010000000003600462,0.001000000000363599,4.010677930210247e-6,4.010678545132536e-6,5.026859983716767,2.268750606374746,2.2712884495108967,0.3668394803523275,0.00027493565447441625,0.00003975344559856431,0.0002322792064014484,0.0010039999999999982,0.0010039999999999982,0.001003999999999999,0.001000039999999999,0.0010000399999999987,0.001000039999999999
2025-06-14T21:17:06Z,40.073853203292046,-75.23932233480801,54.91477902745828,-17.38728104904294,18.85034366650507,-5.399006203981116,-2.718946827837499,-0.9597777550661704,-3.018795508396579,0.001000000000772161,0.0009999999994505515,0.000999999999990564,0.0009999999997489795,0.0010000000000260911,0.0010000000003707044,5.010678428023152e-6,5.010679395104258e-6,4.008107520828333,2.2816653692771274,2.278178591469836,0.20088746919090816,0.0000981307861542505,0.00004924417271606605,0.000152363529103869,0.0010049999999999987,0.0010049999999999987,0.0010049999999999996,0.0010000499999999993,0.0010000499999999993,0.0010000499999999995
2025-06-14T21:17:07Z,40.07412818218903,-75.23952501433502,56.985927713569254,-19.6262980166357,22.30652924417518,-0.5859789642199758,-0.6750643420309643,-0.8344855482137064,1.5744789916207083,0.001000000000487944,0.0009999999993368647,0.001000000000189516,0.000999999999493184,0.0010000000002321485,0.0010000000006868959,1.248355011605024e-6,1.2483550696792312e-6,0.5154903079635172,2.2273684364862163,2.219935674568261,0.04047191690105859,0.0001173332407818045,0.00004303306356686116,0.00013102927395454948,0.0010059999999999976,0.0010059999999999976,0.0010060000000000002,0.0010000599999999984,0.0010000599999999984,0.0010000599999999984
2025-06-14T21:17:08Z,40.07392669244228,-75.23924774800835,56.161998035851866,-24.80578077607788,24.945364590734243,-1.5358624055370456,-1.10538434672344,-1.119866870867554,1.3729959314659936,0.0010000000006016307,0.0009999999995500275,0.00100000000009004,0.0009999999993794972,0.0010000000000616183,0.0010000000009640075,2.2483552046604723e-6,2.248355394138166e-6,0.7090463347280441,2.2607747772664855,2.255645129395224,0.04555264721750186,0.00027744760037309933,0.00005511366242609493,0.00027385752597506316,0.0010069999999999977,0.0010069999999999977,0.0010069999999999994,0.0010000699999999983,0.0010000699999999983,0.0010000699999999983
2025-06-14T21:17:09Z,40.07368262198556,-75.23894368452837,54.459548176731914,-28.650647988775745,26.92660921229981,-2.686971722781891,-0.37374197239478235,-1.3704197800252587,0.394109654098429,0.0010000000008147936,0.000999999999606871,0.0010000000000189857,0.0009999999994363407,0.0010000000000758291,0.001000000001095458,3.2483555104158515e-6,3.248355909115229e-6,0.9213314588353807,2.3004412927499542,2.298876561242585,0.04954903603986826,0.0012401798761148687,0.00006891441718940994,0.001188423515770544,0.0010079999999999983,0.0010079999999999967,0.0010079999999999993,0.0010000799999999987,0.0010000799999999987,0.0010000799999999985
2025-06-14T21:17:10Z,40.073389757197695,-75.23861740459078,51.9660986722447,-34.091346638742834,28.893030108651146,-3.896774762222776,1.8945737047615694,-1.3057341616367921,-2.1834135885583237,0.0010000000006442633,0.0009999999998058229,0.0009999999997631903,0.0009999999992231778,0.000999999999990564,0.001000000001354806,4.24835592642697e-6,4.24835661913096e-6,1.1317180023087368,2.347887101223945,2.3604727160089802,0.056554622167341445,0.0007617001612608564,0.00007637141709242957,0.0009420255459761347,0.0010089999999999986,0.0010089999999999962,0.0010089999999999988,0.0010000899999999982,0.0010000899999999982,0.0010000899999999982
2025-06-14T21:17:11Z,40.07304137419433,-75.23829385356056,51.15531323151663,-36.69843025552109,26.812169218668714,-0.6042735445225844,-2.241544500226155,-0.8102988071113941,1.997298618662171,0.0010000000008574261,0.0009999999998200337,0.000999999999791612,0.0009999999992373887,0.0010000000002818865,0.0010000000009782184,5.248356440717969e-6,5.248357530637509e-6,1.3146137016788364,2.425441112393849,2.4493097133053037,0.05439942011912362,0.00017117017286860997,0.0000613510374815472,0.00022185365021560447,0.0010099999999999977,0.0010099999999999968,0.0010099999999999977,0.0010000999999999977,0.0010000999999999977,0.0010000999999999975
2025-06-14T21:17:12Z,40.07400220055041,-75.23967137148182,64.13279744144529,-20.872133842436597,9.798823824501596,1.71731954907591,-2.210397918475792,-1.004273998492863,2.945540257875109,0.0010000000013263843,0.0009999999997489795,0.0009999999995358166,0.0009999999992373887,0.001000000000175305,0.0010000000006087362,1.4625846740497686e-6,1.4625847201547595e-6,0.4383226943582177,1.264456714688771,1.2783660588542456,0.03024594872968206,0.0002491720927465445,0.00006731094017495693,0.00032761093011555493,0.0010109999999999974,0.0010109999999999978,0.0010109999999999974,0.0010001099999999968,0.0010001099999999968,0.0010001099999999968
2025-06-14T21:17:13Z,40.073811591415065,-75.23955887012865,65.16727165970951,-21.953155636554584,9.312207722570747,1.2617054030415602,-2.2899744821188506,-0.9791212763157091,-3.106444240111159,0.0010000000013263843,0.0010000000000616183,0.0009999999995358166,0.0009999999991379127,0.0010000000004524168,0.0010000000003422826,2.4625847967135772e-6,2.462584926390236e-6,0.5813795794187688,1.3147593820118917,1.3309830743307243,0.03216278746052446,0.00022661622741628322,0.00008161395083071187,0.00032229963523357013,0.0010119999999999966,0.0010119999999999966,0.0010119999999999966,0.0010001199999999976,0.0010001199999999976,0.0010001199999999976
2025-06-14T21:17:14Z,40.073618125389686,-75.23946105551649,65.60534864664078,-22.61114627798088,7.240775647514965,1.0495217565476196,-2.268108954449417,-1.0089128541148966,3.002218242152594,0.001000000001553758,0.0010000000003174137,0.0009999999995358166,0.0009999999991237019,0.001000000000423995,0.001000000000537682,3.4625849848656747e-6,3.4625852470598734e-6,0.740964889596461,1.3811302772163334,1.3962814730991104,0.03304003976541191,0.0002733476343135453,0.00008695796655513794,0.00035454188933449113,0.0010129999999999972,0.0010129999999999972,0.0010129999999999972,0.0010001299999999977,0.0010001299999999977,0.0010001299999999977
2025-06-14T21:17:15Z,40.07342842547325,-75.23938243747115,65.35675988718867,-23.5770314745605,6.044759385928046,0.49551789346151054,-2.225379491428612,-0.8706070202824776,3.0629042169603053,0.001000000001553758,0.000999999999990564,0.0009999999992515995,0.000999999999010015,0.0010000000005163656,0.0010000000006264997,4.46258523704839e-6,4.4625856893106615e-6,0.8984424161103397,1.4554172019570417,1.4740389799756668,0.033541331573282034,0.00019589351012033138,0.00009670291212330582,0.00029201637401429293,0.0010139999999999965,0.0010139999999999962,0.0010139999999999965,0.001000139999999998,0.0010001399999999979,0.0010001399999999979
2025-06-14T21:17:16Z,40.07324698023063,-75.23932651696485,64.82789211161435,-24.73012177296914,3.5207238777366,0.9233628329166095,-2.1423252543027047,-0.8122622209994006,-2.4947816561325453,0.0010000000016248123,0.0009999999997631903,0.0009999999989389607,0.0009999999988679065,0.0010000000006797904,0.0010000000009071641,5.462585540492681e-6,5.462586262809004e-6,1.0402192302104243,1.5547516346007137,1.576664331425948,0.035134590021855844,0.00017334829807865576,0.00010937263081661426,0.0003096187281137866,0.0010149999999999966,0.0010149999999999966,0.0010149999999999966,0.0010001499999999976,0.0010001499999999976,0.0010001499999999976
2025-06-14T21:17:17Z,40.07416935675714,-75.23981176888834,65.13887794967741,-17.736809147754684,-0.42200701861293055,0.5687583098479081,-2.4149532890878618,-1.135105162335094,-1.8313946028065402,0.0010000000017384991,0.000999999999407919,0.0009999999990242259,0.000999999998626322,0.0010000000004453113,0.0010000000006193943,1.17793072069639e-6,1.1779307457301528e-6,0.3761909940619598,1.0907262814027618,1.1385376584114233,0.02084122567946522,0.0004682182487078918,0.00009587253834767417,0.000626499155164073,0.0010159999999999967,0.0010159999999999967,0.0010159999999999967,0.0010001599999999978,0.0010001599999999978,0.0010001599999999978
2025-06-14T21:17:18Z,40.0740056835967,-75.23983964409764,65.51180085819215,-18.55500162835233,-4.1618203751859255,1.3813763237994863,-0.3833977302419953,-0.8590407541996683,2.7684065322682727,0.0010000000016390231,0.0009999999992800213,0.000999999998825274,0.0009999999983847374,0.0010000000005661036,0.00100000000033873,2.1779308140593606e-6,2.1779309050647833e-6,0.48972671194188394,1.1990988413960848,1.240521419071262,0.028105032289300794,0.0002388017953215812,0.00009174338355754814,0.00033849029933774317,0.0010169999999999962,0.0010169999999999962,0.0010169999999999962,0.0010001699999999986,0.0010001699999999986,0.0010001699999999986
2025-06-14T21:17:19Z,40.07384768002689,-75.23992486721605,65.19967814162374,-16.880844820523635,-9.703677949612029,-0.3470833773135382,-0.6647693217164488,-0.2720963211468188,-2.8600591394351795,0.001000000001852186,0.0009999999992800213,0.000999999998910539,0.0009999999981857854,0.0010000000004524168,0.0010000000007579501,3.1779309708280027e-6,3.177931173254264e-6,0.6365379762657846,1.317823432648346,1.3277558135118412,0.038835434574765064,0.00010738216194776775,0.0001125536662494148,0.0002706447806907947,0.001017999999999997,0.001017999999999997,0.001017999999999997,0.0010001799999999992,0.0010001799999999992,0.001000179999999999
2025-06-14T21:17:20Z,40.07370323636693,-75.24008381252155,62.96403913106769,-17.18418312515132,-15.756394354626536,-2.0542559634777717,-0.41387485395898693,-0.2628172298427671,-2.690267793921521,0.0010000000015963906,0.0009999999991379127,0.000999999998512635,0.000999999998612111,0.0010000000004595222,0.0010000000005447873,4.177931197712004e-6,4.17793155765855e-6,0.8290158948606047,1.4663233074262718,1.4269375101886486,0.05736104486655066,0.00011470090827035408,0.00012247507299056363,0.00028181573022283254,0.0010189999999999965,0.0010189999999999963,0.0010189999999999965,0.001000189999999999,0.001000189999999999,0.001000189999999999
2025-06-14T21:17:21Z,40.07356718953743,-75.24031481582253,59.31718627177179,-17.05192303378135,-21.208221613196656,-3.3042378494574223,-0.37587568850722164,-0.024559816545433932,-2.4106579807121307,0.001000000001937451,0.0009999999991379127,0.0009999999981999963,0.000999999998626322,0.0010000000001824105,0.0010000000001220144,5.177931495036764e-6,5.177932062844065e-6,1.0768436121393423,1.6391988474963748,1.5336808470822194,0.07570387776012716,0.00011624495436681882,0.00012944965701704105,0.000297314494086263,0.0010199999999999968,0.0010199999999999968,0.0010199999999999966,0.0010001999999999997,0.0010001999999999997,0.0010001999999999993
2025-06-14T21:17:22Z,40.074202979097045,-75.24005622162555,59.45635584043339,-10.221541261300445,-18.109484732849523,-3.1253455192781985,-0.17987286243442213,0.14339612012554426,-1.945830587283126,0.0010000000019090294,0.0009999999991521236,0.000999999998327894,0.0009999999988536956,0.000999999999990564,0.001000000000463075,1.1219816469575046e-6,1.1219816627384465e-6,0.4452449545761777,1.074961424151005,0.9499313355191766,0.05347065761744036,0.00012074186905196439,0.00010013825271182335,0.0003062331606498706,0.001020999999999997,0.0010209999999999972,0.001020999999999997,0.0010002099999999996,0.0010002099999999996,0.0010002099999999996
2025-06-14T21:17:23Z,40.074113587578886,-75.24030084111541,55.481477779801935,-9.56265780434478,-23.28747862111777,-4.341867024137173,-0.26206803786044475,0.009057797079890406,-2.0942627261101734,0.0010000000016390231,0.0009999999992373887,0.0009999999982852614,0.000999999998711587,0.0010000000001824105,0.0010000000005092602,2.1219817344849266e-6,2.1219817903579006e-6,0.68730282040733,1.2293029407776754,1.026249360738802,0.07319216319411459,0.0001262369589517725,0.00011048376605866687,0.0003070290246433389,0.0010219999999999967,0.0010219999999999967,0.0010219999999999967,0.0010002199999999991,0.0010002199999999994,0.0010002199999999994
2025-06-14T21:17:24Z,40.07402861375571,-75.24059672120835,51.023725133854896,-9.130106752272695,-27.501591632142663,-4.9526672249194235,0.06414309506817517,0.12114745235794544,-1.3961420853302116,0.0010000000017242883,0.0009999999995216058,0.0009999999981431529,0.0009999999989531716,0.0009999999999763531,0.001000000000647816,3.121981888522281e-6,3.1219820031773297e-6,1.0189751288644722,1.4089777732058628,1.1056097967196394,0.08890855327452482,0.00013903265916137957,0.00011556852018835599,0.0003207661329477593,0.0010229999999999961,0.0010229999999999961,0.001022999999999996,0.0010002299999999987,0.0010002299999999987,0.0010002299999999987
2025-06-14T21:17:25Z,40.07394070133369,-75.2409283330624,46.87981289066374,-8.615122451330535,-31.883128944784403,-5.52411593584111,0.2061306451269047,0.10758553490268241,-1.132062920514727,0.0010000000019800837,0.000999999999208967,0.0009999999977594598,0.0009999999990668584,0.0010000000001326725,0.0010000000002285958,4.121982118634425e-6,4.121982297561967e-6,1.3946913320215781,1.6273478598551094,1.168035938280347,0.10392729080507104,0.00014240014897794166,0.00012478785456199691,0.0003281932962935051,0.0010239999999999967,0.0010239999999999967,0.0010239999999999965,0.0010002399999999977,0.0010002399999999977,0.0010002399999999977
2025-06-14T21:17:26Z,40.07383585976421,-75.24127893304245,43.603777098003775,-7.519166387442965,-35.358437885995954,-5.883895646838937,0.42787774342650664,-0.011255369250989133,-0.7107329965510871,0.001000000002036927,0.0009999999990526476,0.0009999999973757667,0.0009999999988536956,0.001000000000239254,0.001000000000065171,5.121982426399468e-6,5.121982661042085e-6,1.7463001875714446,1.8722854084537148,1.2058661968827113,0.1117574676177609,0.00013249123463031338,0.00014338398833831724,0.0003351515812050302,0.0010249999999999968,0.0010249999999999968,0.0010249999999999968,0.0010002499999999966,0.0010002499999999966,0.0010002499999999966
2025-06-14T21:17:27Z,40.07430225279503,-75.2401017601109,58.258937312755734,-2.0880922995274886,-21.712405658327043,-2.398478481161874,0.33426943978338386,-0.30834893005885533,-0.9424014110627468,0.0010000000025627287,0.0009999999989958042,0.0009999999975178753,0.0009999999988536956,0.001000000000622947,0.0009999999996104236,1.1088477936693425e-6,1.1088477972649438e-6,0.4774501186196857,0.9336506017596284,0.5985386843688263,0.04707821845724533,0.00013659941015992065,0.00010196602914317634,0.0002994743646784955,0.0010259999999999959,0.0010259999999999963,0.001025999999999996,0.0010002599999999974,0.0010002599999999974,0.0010002599999999974
2025-06-14T21:17:28Z,40.07429070892489,-75.24037788584936,55.496760284062475,-0.5203202856646385,-25.20302070188336,-2.8524584990518633,0.33334546415062505,-0.5315039902634453,-1.3101161078520818,0.0010000000027616807,0.0009999999992800213,0.000999999997546297,0.0009999999987684305,0.0010000000007792664,0.000999999999681478,2.108847868153614e-6,2.108847877264181e-6,0.7040823772760261,1.0775622441804316,0.6511398357194631,0.058068790107241725,0.00019639506940738146,0.00009617632143520515,0.0003121882280080115,0.0010269999999999951,0.0010269999999999951,0.0010269999999999956,0.0010002699999999975,0.0010002699999999975,0.0010002699999999975
2025-06-14T21:17:29Z,40.074290553428035,-75.24068832261621,52.76873130956665,0.6862495825989754,-27.94317487021908,-2.958677786606131,0.4492974764070823,-0.6137402332969941,-1.927926267060684,0.0010000000026906264,0.0009999999992800213,0.0009999999974326101,0.0009999999991521236,0.0010000000008858478,0.0009999999994256825,3.108848000508817e-6,3.1088480117741318e-6,0.9796792992997919,1.243197076188343,0.7113462296872002,0.06537918733152218,0.0002179861153114902,0.00011003211175146498,0.00033219456316335315,0.001027999999999994,0.001027999999999994,0.0010279999999999948,0.001000279999999998,0.001000279999999998,0.001000279999999998
2025-06-14T21:17:30Z,40.074296617388704,-75.24102560656216,50.08210066193715,2.4625645821506623,-30.936525841942057,-3.888761181238806,0.2863833310693735,-0.591157148250204,-1.4127818214619765,0.0010000000026195721,0.000999999999393708,0.0009999999977736707,0.000999999999308443,0.0010000000009426913,0.0009999999993510755,4.108848195265436e-6,4.108848202496139e-6,1.2662366879733054,1.4236932531036437,0.7670981524634369,0.07319128059600069,0.00023387728019922118,0.00010592237204754275,0.0003384899334045128,0.0010289999999999945,0.0010289999999999945,0.0010289999999999952,0.0010002899999999979,0.0010002899999999979,0.0010002899999999979
2025-06-14T21:17:31Z,40.07429535173598,-75.24138566558716,47.62713580019772,3.8045177859894466,-33.88808335410431,-4.090446641319431,0.17134895861636323,-0.5172854760021437,-1.3016759013407864,0.001000000003017476,0.0009999999992231778,0.0009999999975605078,0.0009999999997205578,0.0010000000008147936,0.0009999999990988329,5.108848442094887e-6,5.10884844818546e-6,1.5265612426196655,1.638884663948009,0.8239512668502746,0.07846517640996925,0.0002194313042044347,0.00011072088490572346,0.0003415395323255972,0.0010299999999999938,0.0010299999999999938,0.0010299999999999938,0.0010002999999999985,0.0010002999999999985,0.0010002999999999985
2025-06-14T21:17:32Z,40.07435396446406,-75.24003144217949,58.814630694221705,1.0622809874039376,-18.1475022865925,-0.8029683140048292,0.1051588167083537,-0.5776973526226357,-1.270795444957912,0.0010000000029464218,0.000999999999393708,0.0009999999973331342,0.0009999999995216058,0.0010000000009071641,0.0009999999991308073,1.1087747677744508e-6,1.1087747708538232e-6,0.4421037528483658,0.5400468258728297,0.3712030385925144,0.03172949519737514,0.0001646051418672152,0.00008749766711491032,0.00028114430065014556,0.0010309999999999946,0.0010309999999999946,0.0010309999999999946,0.001000309999999999,0.001000309999999999,0.001000309999999999
2025-06-14T21:17:33Z,40.07436802254751,-75.24025594546157,57.886514455545694,1.9387761167890858,-19.98814896750264,-0.7064878422024776,0.4005992271086143,-0.5132122712311684,-1.2308189900359139,0.0010000000029606326,0.000999999999308443,0.0009999999974610319,0.0009999999995216058,0.0010000000005803145,0.0009999999993866027,2.108774810217462e-6,2.108774820732852e-6,0.6056807937921069,0.6221914874391202,0.4245296657497079,0.03600069016409811,0.000162226946597544,0.0000966635551986133,0.0002981819299512431,0.0010319999999999936,0.0010319999999999936,0.0010319999999999939,0.0010003199999999986,0.0010003199999999986,0.0010003199999999986
2025-06-14T21:17:34Z,40.07439538499236,-75.24050696742002,56.86793940188363,3.933377096836921,-22.653630495769903,-1.098452000427642,0.6506044024063158,-0.5717658973371726,-1.4413601283886237,0.001000000003031687,0.0009999999992515995,0.0009999999974041884,0.0009999999994647624,0.0010000000004097842,0.0009999999993546282,3.1087748849880603e-6,3.108774908369004e-6,0.8000936506710551,0.7178876164295662,0.48914292458908704,0.043370648037976245,0.00018290064936820426,0.0001057061071894615,0.00030204930652168237,0.0010329999999999936,0.0010329999999999936,0.0010329999999999938,0.001000329999999998,0.001000329999999998,0.001000329999999998
2025-06-14T21:17:35Z,40.074441862295224,-75.24078463728814,55.52515428932384,6.336491889960598,-24.644575539277866,-1.5815647742711008,0.3276196811020782,-0.4907016037068388,-0.9403038377859048,0.001000000003031687,0.000999999999507395,0.0009999999974326101,0.0009999999993368647,0.001000000000622947,0.00099999999913436,4.108774991449813e-6,4.108775039573809e-6,1.012486729454309,0.8254546613787055,0.5647413353281037,0.04957420236488114,0.0001745487749051769,0.00011392618502413893,0.00032835169075558994,0.001033999999999994,0.001033999999999994,0.0010339999999999941,0.0010003399999999971,0.0010003399999999971,0.0010003399999999971
2025-06-14T21:17:36Z,40.07450119080912,-75.24108625450653,54.416487612295896,8.234273551031947,-27.22707468504086,-1.1546524995210348,0.36822240893161506,-0.6880222462641541,-1.32681727684394,0.001000000003116952,0.000999999999208967,0.0009999999971768148,0.0009999999994647624,0.001000000000622947,0.000999999999184098,5.108775111534071e-6,5.108775220142545e-6,1.2226148582377807,0.9605358956973593,0.6559698452162571,0.05592961781520702,0.00024034384426369185,0.00011755230062617414,0.0003148823089769383,0.0010349999999999945,0.0010349999999999945,0.0010349999999999947,0.0010003499999999975,0.0010003499999999975,0.0010003499999999975
2025-06-14T21:17:37Z,40.07440476816483,-75.24000757820556,63.61338022723794,7.58921483962331,-18.26340096979402,0.5724991663810215,0.41211260927593685,-0.7352222263798467,-1.4113201580912573,0.0010000000029890543,0.0009999999991237019,0.0009999999970204954,0.0009999999993368647,0.0010000000003813625,0.0009999999989140917,1.0988248771458198e-6,1.098824881442242e-6,0.3959135782588644,0.6048314858432766,0.4462295556664839,0.027347766819958767,0.00019230226766676876,0.00010013775145750627,0.0003071243610157759,0.0010359999999999935,0.0010359999999999935,0.0010359999999999955,0.0010003599999999983,0.0010003599999999983,0.0010003599999999983
2025-06-14T21:17:38Z,40.07448553648579,-75.24022950515896,63.591805898584425,9.767797854030505,-19.10060103237629,0.47500467983991257,0.29302330595601234,-0.7054204150263104,-1.1994080847944133,0.0010000000028753675,0.0009999999989531716,0.0009999999969920736,0.0009999999991947561,0.00100000000009004,0.0009999999987577723,2.09882492431099e-6,2.0988249414482006e-6,0.5381922026250389,0.6975720350304472,0.5304205895940407,0.032153076992767135,0.00019904744520646685,0.00010592502221740093,0.00031793785171924484,0.001036999999999994,0.0010369999999999939,0.0010369999999999952,0.0010003699999999991,0.0010003699999999987,0.001000369999999999
2025-06-14T21:17:39Z,40.07459036221376,-75.2404686076369,63.276284077204764,11.842553636641242,-20.654495793627575,0.3226530489810102,0.1507435778330546,-0.642718003160553,-1.033904883894138,0.0010000000025769396,0.0009999999992515995,0.000999999997148393,0.0009999999990810693,0.0010000000003316245,0.0009999999990810693,3.098825007775603e-6,3.098825051007006e-6,0.7115440826130697,0.8017190707873345,0.6289653332507998,0.037427745553137604,0.00019421744510766178,0.00011216439001094055,0.0003402051436889666,0.0010379999999999944,0.0010379999999999944,0.0010379999999999944,0.0010003799999999986,0.0010003799999999986,0.0010003799999999984
2025-06-14T21:17:40Z,40.07472598882654,-75.24072847999305,62.63860549824312,14.291325079393573,-22.001346588833258,0.16118752099282574,0.1479872136042104,-0.6445245078284643,-1.0225424329837551,0.001000000002719048,0.0009999999992942321,0.000999999997347345,0.000999999998811063,0.0010000000000189857,0.0009999999991983088,4.098825124347769e-6,4.098825220338961e-6,0.9041028014266844,0.9181160872992211,0.7430708834998212,0.04248544311972896,0.00020589445718546595,0.00011925203034370487,0.00034919747691143714,0.0010389999999999933,0.0010389999999999933,0.0010389999999999933,0.001000389999999999,0.001000389999999999,0.001000389999999999
2025-06-14T21:17:41Z,40.07489860701683,-75.24100673683057,61.74668122222647,16.751693201251328,-23.24347564415075,0.004346511784660834,0.13770513947019936,-0.6512657329221838,-0.889641444584413,0.0010000000026764155,0.0009999999996352926,0.0009999999970062845,0.0009999999988394848,0.001000000000573209,0.0009999999990881747,5.098825246451409e-6,5.098825460241166e-6,1.0971723527624289,1.0440546084253672,0.8695467212879222,0.04634029825879167,0.00022145344154802794,0.0001236099033130285,0.00036337592904954057,0.0010399999999999925,0.0010399999999999925,0.0010399999999999925,0.001000399999999999,0.0010003999999999987,0.001000399999999999
2025-06-14T21:17:42Z,40.07510985929837,-75.24130271280629,60.66256296355277,19.44559357408434,-24.74771133135073,-0.2317820652242517,0.15125137262657518,-0.6943662025951198,-0.785122243607475,0.0010000000027616807,0.0010000000000616183,0.0009999999971768148,0.0009999999990242259,0.0010000000006868959,0.000999999998800405,6.098825299813946e-6,6.0988257825242555e-6,1.2738210120113838,1.1718694376408931,1.007659532084557,0.05029214367418301,0.00025018490986429716,0.0001271226256608416,0.00037473042110251363,0.0010409999999999916,0.0010409999999999914,0.0010409999999999914,0.0010004099999999982,0.0010004099999999982,0.0010004099999999985
2025-06-14T21:17:43Z,40.07535296300651,-75.24161400584806,59.52053358172998,22.003229210153222,-26.04076224914752,-0.3937398699526966,0.10427835436530586,-0.6007974398889928,-0.9009964915021555,0.001000000002918,0.0010000000001610942,0.0009999999972336582,0.0009999999989958042,0.0010000000007011067,0.0009999999985410568,7.098825146303237e-6,7.09882620134978e-6,1.4222515484142018,1.303716134872022,1.1577158648741759,0.05263373448103648,0.00022602452900173897,0.0001320146819642426,0.00038464085958936866,0.0010419999999999922,0.0010419999999999924,0.0010419999999999922,0.001000419999999998,0.001000419999999998,0.001000419999999998
2025-06-14T21:17:44Z,40.07561901938526,-75.24193751268882,58.41219849837944,24.395977444015443,-27.247404172318056,-0.5338295443580137,0.059572264387043106,-0.7065780065240688,-0.7239829354221001,0.0010000000029748435,0.0010000000000474074,0.0009999999970773388,0.0009999999989247499,0.0010000000006442633,0.0009999999981396002,8.098824578605345e-6,8.098826733911096e-6,1.5351676405711956,1.4359079870136584,1.3200803964939152,0.05370615463595487,0.00028020851777330947,0.00013248315671372793,0.0003938663623006454,0.0010429999999999916,0.0010429999999999916,0.0010429999999999916,0.0010004299999999983,0.0010004299999999983,0.0010004299999999983
2025-06-14T21:17:45Z,40.07589522433122,-75.24227268304476,57.4208073313348,26.86294660321437,-28.684685295680538,-0.6386819469335023,0.011565863472696947,-0.5846779992789379,-0.7911895962970448,0.0010000000028895784,0.000999999999706347,0.0009999999973331342,0.0009999999991805453,0.0010000000009782184,0.0009999999977878815,9.09882332705162e-6,9.098827401756167e-6,1.615799436737987,1.5649426183082376,1.4992039145165132,0.05530401524850704,0.0002420160499909663,0.00013566757624778765,0.0004062445719566122,0.0010439999999999913,0.0010439999999999913,0.0010439999999999913,0.0010004399999999976,0.0010004399999999974,0.0010004399999999976
2025-06-14T21:17:46Z,40.07617056633213,-75.24261863062544,56.612257165368646,28.97174152149819,-29.756940824212506,-0.637274763379537,0.035570962174460874,-0.5412435996840941,-0.8398248510129633,0.001000000003031687,0.0009999999997347686,0.000999999997148393,0.0009999999991379127,0.0010000000006868959,0.0009999999976244567,0.000010098821067105353,0.000010098828230199466,1.669066627513988,1.6977758094235769,1.6960871402784563,0.055096662773189586,0.00023693121365745147,0.0001391107612209505,0.00041713611294258467,0.0010449999999999912,0.0010449999999999912,0.001044999999999991,0.0010004499999999978,0.0010004499999999978,0.0010004499999999978
2025-06-14T21:17:47Z,40.07443718821801,-75.23987311552638,70.75100968405604,7.725724034069572,-8.364529548562132,3.185983250121353,0.1174834837383969,-0.7417114338968531,-1.1708489795128116,0.0010000000030885303,0.00100000000009004,0.0009999999969210194,0.0009999999993510755,0.001000000001106116,0.0009999999977026164,1.090664239745771e-6,1.0906642507627857e-6,0.34810109282729024,0.35050811778766705,0.3606395459517105,0.016620806492456383,0.0001315877793057497,0.00009421982903251703,0.00042744449648325037,0.0010459999999999907,0.0010459999999999907,0.0010459999999999907,0.0010004599999999982,0.001000459999999998,0.0010004599999999982
2025-06-14T21:17:48Z,40.07451664711367,-75.23997366571602,73.0567029202357,8.394434285815805,-8.419756371411495,3.3652883805625606,0.06438609293854825,-0.8110930590701173,-1.843374899806804,0.0010000000029748435,0.0010000000001184617,0.000999999997148393,0.0009999999995784492,0.00100000000100664,0.000999999997546297,2.0906642641242654e-6,2.09066429907902e-6,0.43350318030177454,0.4089686823308091,0.42662881099932876,0.017723694636283236,0.00017844390765557846,0.00009586394752144862,0.0005875554961983451,0.001046999999999991,0.0010469999999999913,0.0010469999999999913,0.0010004699999999977,0.0010004699999999977,0.0010004699999999977
2025-06-14T21:17:49Z,40.07462011088925,-75.2400743876609,75.01159531250596,10.192032055929303,-7.894799647852778,3.318853545031743,-0.1975666546222783,-0.7146238988207188,-1.3773037921637297,0.001000000003116952,0.0010000000002605702,0.000999999996963652,0.0009999999994505515,0.0010000000008503207,0.0009999999974006357,3.0906643087196744e-6,3.0906643883894995e-6,0.5338611880309813,0.4854724678012139,0.5036643731057843,0.019729870865494756,0.00014627652198918344,0.0001122102377998788,0.00048666368450103856,0.0010479999999999901,0.001047999999999991,0.0010479999999999908,0.0010004799999999967,0.0010004799999999967,0.001000479999999997
2025-06-14T21:17:50Z,40.074769617577005,-75.24017652533591,76.63931483030319,11.511914867558517,-7.957181476405822,3.7029914625745732,0.09894069398706051,-0.603695226891432,-0.6917255591033609,0.0010000000033727474,0.0010000000002321485,0.0009999999970062845,0.00099999999959266,0.0010000000010990107,0.000999999997670642,4.090664369060064e-6,4.090664528996439e-6,0.6433836600573898,0.5767660671536994,0.6057447676446759,0.020688895459476872,0.0001478484482391708,0.00011178306035840504,0.00046959027321223136,0.0010489999999999894,0.0010489999999999903,0.0010489999999999903,0.0010004899999999958,0.0010004899999999958,0.0010004899999999967
2025-06-14T21:17:51Z,40.07499963078404,-75.24028567996308,77.55860890634358,14.238844609586522,-8.298836006433703,2.9896822423906997,0.16050538393756142,-0.5964743325748714,-0.2710974911460653,0.0010000000036853862,0.001000000000473733,0.000999999996949441,0.0009999999994647624,0.0010000000011416432,0.0009999999974752427,5.090664416626846e-6,5.090664732835573e-6,0.7564938511332597,0.6675444625428361,0.7084481270085187,0.023232299953878516,0.00017615847110590685,0.00010809482361516055,0.000501339234831827,0.0010499999999999887,0.0010499999999999913,0.0010499999999999913,0.0010004999999999962,0.0010004999999999962,0.0010004999999999962
2025-06-14T21:17:52Z,40.074466289059394,-75.23980043804474,72.55869726464152,9.695580990053713,-5.034170217171777,2.5265979416144546,0.15146712764544645,-0.7553586515787174,-0.12323839352029609,0.0010000000034295908,0.0010000000002037268,0.0009999999971768148,0.0009999999996779252,0.0010000000013832278,0.0009999999971448403,1.0869255185798188e-6,1.0869255279777954e-6,0.319472546540311,0.3905407152855042,0.42160046251888755,0.013384514438140111,0.00017791804588258237,0.00008643134615832341,0.00047601713985967475,0.001050999999999988,0.0010509999999999916,0.0010509999999999918,0.0010005099999999963,0.0010005099999999961,0.0010005099999999963
2025-06-14T21:17:53Z,40.07456271545562,-75.23986116769791,74.21504688728601,10.258170442655683,-5.0984575094189495,2.816510679986095,0.1740969146212592,-0.7064179530352703,-0.11678828104322747,0.0010000000031311629,0.001000000000487944,0.000999999997347345,0.0009999999994363407,0.00100000000175271,0.000999999996590617,2.0869255485348753e-6,2.0869255851518534e-6,0.3975500741089745,0.4693955731912221,0.5121652505442436,0.014282189427237468,0.0001742076869417306,0.00009604474448505279,0.0004935998164000135,0.0010519999999999874,0.001051999999999991,0.001051999999999991,0.0010005199999999956,0.0010005199999999956,0.0010005199999999956
2025-06-14T21:17:54Z,40.074676631705145,-75.23991816459267,75.598387574777,10.74258438416291,-4.234062377363443,2.701072338153608,0.04483871479396839,-0.6595915469515603,0.004221635861426876,0.0010000000033443257,0.0010000000006584742,0.0009999999973757667,0.000999999999507395,0.0010000000015253363,0.0009999999968108852,3.0869256037602424e-6,3.0869256929212403e-6,0.48496636676639354,0.5712032463420703,0.6205919014747692,0.015002351158242472,0.00017557671256056702,0.00010383810082459775,0.0005227298239858437,0.0010529999999999869,0.0010529999999999906,0.0010529999999999904,0.0010005299999999945,0.0010005299999999962,0.0010005299999999962
2025-06-14T21:17:55Z,40.074824979045,-75.23996539478382,76.53024106658995,10.931286366307177,-3.367492777033476,2.711249227053486,-0.09176215401021182,-0.5891053181185271,0.5293049803294707,0.0010000000030885303,0.0010000000005305765,0.0009999999972336582,0.000999999999990564,0.0010000000014116495,0.000999999996466272,4.086925682739406e-6,4.0869258660729814e-6,0.5750743205558845,0.6940099155694266,0.7584338453827818,0.015282950753006591,0.00017574823575574935,0.00010932945784089429,0.0006125553710588838,0.0010539999999999862,0.0010539999999999896,0.0010539999999999896,0.0010005399999999953,0.001000539999999996,0.001000539999999996
2025-06-14T21:17:56Z,40.075037462794974,-75.24000080804734,77.0179871218279,11.884356648195535,-2.4617041671299376,2.603655322396662,-0.10521195821547735,-0.3786142228200333,1.0584052827907726,0.0010000000027048372,0.0010000000001326725,0.0009999999971341822,0.0009999999999052989,0.001000000001702972,0.000999999996665224,5.086925761855132e-6,5.086926122003345e-6,0.6625932159034732,0.8357704034133973,0.9125177529090216,0.01601533665040479,0.00014729001910736744,0.00012261263968410554,0.000686577420382499,0.0010549999999999859,0.0010549999999999895,0.0010549999999999898,0.0010005499999999955,0.0010005499999999955,0.0010005499999999955
2025-06-14T21:17:57Z,40.07448980827219,-75.23975957530412,73.02378783095628,12.120300212060101,0.5733761569063063,1.882913872381323,-0.4186744868165988,-0.3960455080414249,0.9307347855137778,0.0010000000024206201,0.0009999999999337206,0.0009999999972052365,0.0009999999994363407,0.0010000000016461286,0.0009999999963525852,1.0892225253121352e-6,1.0892225446652856e-6,0.33630573472907144,0.8082932654664238,0.879278013032271,0.013294206517314645,0.00014411612316281126,0.00011629436652981024,0.0006407426638014607,0.0010559999999999847,0.0010559999999999892,0.0010559999999999892,0.0010005599999999945,0.0010005599999999947,0.001000559999999995
2025-06-14T21:17:58Z,40.07460796796016,-75.23973939239528,73.83435271400958,12.250653465162031,2.496994929155335,1.9329454859398538,-0.3820671732100891,-0.5966548155556666,0.06344961965714901,0.0010000000022927225,0.0009999999999763531,0.0009999999966936457,0.0009999999995500275,0.0010000000014898092,0.0009999999960221828,2.0892225885115575e-6,2.0892226639329297e-6,0.41261476724017854,0.9890344162364966,1.0534995636575917,0.016350008200691865,0.00019199315800085576,0.00012453203120607348,0.0005593486575695252,0.0010569999999999855,0.0010569999999999892,0.001056999999999989,0.0010005699999999938,0.001000569999999994,0.0010005699999999938
2025-06-14T21:17:59Z,40.074740773117846,-75.23969430330834,74.4097537137568,12.593587875482626,3.7208378203213215,2.009046889957972,-0.47166877156632836,-0.6986217457961175,-0.7951150111402967,0.0010000000024916744,0.001000000000175305,0.0009999999966936457,0.0009999999998484554,0.0010000000014116495,0.0009999999958623107,3.0892227072261954e-6,3.0892228859270766e-6,0.503575529800154,1.180071173768867,1.2523965609280663,0.018250854937260974,0.00021982507923765503,0.00014300321855246505,0.0005575820773808284,0.001057999999999985,0.0010579999999999884,0.0010579999999999884,0.0010005799999999927,0.0010005799999999929,0.001000579999999993
2025-06-14T21:18:00Z,40.074908426247525,-75.23961558187635,74.5629503633827,13.729180511436425,6.099522154952865,1.7843692072056,-0.20589238162392576,-0.7731689369466039,-1.0080816932750167,0.0010000000025627287,0.0010000000005874199,0.0009999999967504891,0.0010000000001610942,0.0010000000011842758,0.000999999995833889,4.089222887415671e-6,4.089223232920313e-6,0.6082332734491962,1.4132577403677957,1.4533494455421876,0.022104120926060983,0.0002579297380842019,0.00015339138434770105,0.000591690329481694,0.0010589999999999849,0.0010589999999999883,0.0010589999999999886,0.0010005899999999937,0.001000589999999994,0.001000589999999994
2025-06-14T21:18:01Z,40.07513748938125,-75.23948577743288,74.11799460276961,15.5342215456767,9.359580319956876,1.4490945196448592,-0.008168750118443313,-0.7143547421728726,-0.6273175475434982,0.001000000002335355,0.001000000000871637,0.000999999996864176,0.0009999999999621423,0.0010000000012269084,0.000999999995958234,5.089223117205525e-6,5.0892237229141745e-6,0.7298046392639571,1.6914528530834991,1.6546762844386138,0.02814777543450686,0.00024105473321313578,0.00016040596201043035,0.0005646054330860236,0.0010599999999999843,0.0010599999999999878,0.0010599999999999883,0.001000599999999994,0.001000599999999994,0.001000599999999994
2025-06-14T21:18:02Z,40.074464884168194,-75.23965417177816,73.24171695206314,7.060166908486281,5.570755082007963,1.7158306638448266,-0.06215850865646644,-0.6285993621859234,0.2402953580422036,0.001000000002434831,0.001000000001056378,0.0009999999970347062,0.0010000000002605702,0.0010000000014329657,0.0009999999957521766,1.1144360494842958e-6,1.114436064560085e-6,0.34530667530073816,0.821265096815199,0.7836243119640388,0.015509833655978196,0.00015281125440639857,0.0000982941726844245,0.0005349617239722431,0.001060999999999985,0.0010609999999999884,0.0010609999999999884,0.0010006099999999947,0.0010006099999999947,0.0010006099999999947
2025-06-14T21:18:03Z,40.07453113583587,-75.23957131988264,73.80148495361209,6.228533111687284,7.330912892357446,1.7019617079204181,0.08745095292397309,-0.5689394791334053,1.0227096925664227,0.0010000000026053613,0.0010000000011842758,0.0009999999968073325,0.0010000000001042508,0.0010000000014471766,0.0009999999955034866,2.11443611535164e-6,2.1144361715641507e-6,0.43361213115009617,0.9682739768584618,0.9175067283880989,0.017925663830502515,0.00016809637809838074,0.00009589145447781008,0.0005931118909561095,0.001061999999999985,0.0010619999999999885,0.0010619999999999885,0.001000619999999995,0.001000619999999995,0.001000619999999995
2025-06-14T21:18:04Z,40.074599285148885,-75.23944983889845,73.95041830651462,5.21781692514196,10.371302824351005,1.5230392448866041,-0.10241602244695969,-0.4857333418876806,0.5955638659870601,0.0010000000029037892,0.0010000000011132215,0.000999999997063128,0.0010000000004453113,0.0010000000012411192,0.0009999999958480998,3.1144362363069494e-6,3.114436364831834e-6,0.541349129802773,1.1535290393998372,1.0705215848231857,0.022729130275783077,0.00015871572565861008,0.00010899968065076086,0.0005740456067170705,0.0010629999999999852,0.0010629999999999889,0.0010629999999999889,0.0010006299999999958,0.001000629999999996,0.0010006299999999958
2025-06-14T21:18:05Z,40.07468421144755,-75.23928240254725,73.79712137300521,4.780229850905016,12.461343100410886,1.7887884195806691,0.11691175902615214,-0.6792614902951755,-0.03855123544235539,0.0010000000027616807,0.0010000000011132215,0.000999999997148393,0.001000000000473733,0.00100000000150402,0.000999999996292189,4.114436419791712e-6,4.114436659010728e-6,0.6658458245301624,1.3536553804039557,1.238078159497966,0.02522826425663237,0.0001907688343472295,0.00013295048238019984,0.0005660906827507885,0.0010639999999999844,0.0010639999999999881,0.001063999999999988,0.001000639999999995,0.001000639999999995,0.001000639999999995
2025-06-14T21:18:06Z,40.07480785729821,-75.239058421201,72.89128162991256,4.579974754014984,16.388476446969435,0.7649392246894422,0.2492183323156496,-0.6862916710451827,-0.3341639011487132,0.0010000000028043132,0.0010000000011274324,0.0009999999976031404,0.0010000000006016307,0.0010000000015466526,0.000999999996281531,5.114436658888e-6,5.114437063341798e-6,0.8030899999529184,1.5865722110181175,1.3840107356606874,0.03117726579103832,0.00019233391589388454,0.00014688320843677914,0.0005853555293845393,0.001064999999999984,0.0010649999999999876,0.0010649999999999867,0.001000649999999995,0.001000649999999995,0.001000649999999995
2025-06-14T21:18:07Z,40.074405218397025,-75.23965818134599,69.41709714755416,-0.5749816187599208,12.523513973574154,0.44385693916046876,-0.03264066785959585,-0.8825448453935678,0.3592689031538612,0.001000000002932211,0.0010000000009284804,0.000999999997844725,0.0010000000008290044,0.0010000000011771704,0.0009999999961394224,1.1145664772655647e-6,1.1145664885724565e-6,0.3829478201469658,0.8713371260301347,0.7523718016621792,0.02089606383427644,0.00022545361199143588,0.00010704636038024899,0.0005548451527906469,0.0010659999999999834,0.0010659999999999869,0.001065999999999987,0.0010006599999999944,0.0010006599999999944,0.0010006599999999946
2025-06-14T21:18:08Z,40.07439313216385,-75.23948000779066,68.77771569788456,-2.688153867115034,16.50715502910316,0.25744305818807334,-0.1437466384977597,-0.4230085691488057,0.985419758464559,0.0010000000026622047,0.0010000000006300525,0.0009999999974752427,0.0010000000010279564,0.0010000000008645316,0.0009999999962140294,2.114566548225787e-6,2.1145665902809792e-6,0.5007635073921862,1.0426003261069556,0.8842036775742769,0.030556833053120697,0.0001401881842525411,0.00009919075577184665,0.0005570045373824509,0.001066999999999984,0.0010669999999999874,0.0010669999999999874,0.0010006699999999934,0.001000669999999993,0.001000669999999994
2025-06-14T21:18:09Z,40.07437274665052,-75.23924955560724,67.64548207446933,-3.2137252374377567,19.840043196221814,-0.07906945955164701,0.008035828954234603,-0.31844758709485177,1.0269964913168224,0.0010000000026622047,0.001000000000487944,0.0009999999974894536,0.0010000000006584742,0.0010000000011132215,0.0009999999960150774,3.1145666793091125e-6,3.1145667711085207e-6,0.6590246813564236,1.2287664346231684,1.0014928495148459,0.03722422739805312,0.00013973471807109594,0.00010765450921743731,0.0005729968932851201,0.0010679999999999832,0.0010679999999999871,0.0010679999999999871,0.0010006799999999942,0.0010006799999999934,0.0010006799999999942
2025-06-14T21:18:10Z,40.074354745283415,-75.23897113701965,66.08711393922567,-4.295572716568131,22.773840863490477,-0.18756738777301507,-0.20154816262038366,-0.33102585505184834,0.852673006891564,0.0010000000027474698,0.0010000000003032028,0.0009999999972905016,0.0010000000006584742,0.0010000000008645316,0.000999999995968892,4.114566882362096e-6,4.114567038380123e-6,0.8464961419488636,1.4359017391098279,1.1320801348729355,0.04284832196833213,0.00014368339191652392,0.0001217007796263575,0.0005783841971309859,0.0010689999999999825,0.001068999999999988,0.0010689999999999877,0.001000689999999995,0.0010006899999999922,0.0010006899999999933
2025-06-14T21:18:11Z,40.07433943280304,-75.2386409550697,64.02186985500157,-5.994581015256699,27.052957721985877,-0.9004377578603453,-0.1643358756609814,-0.4532311293478415,0.8123143431075732,0.0010000000029464218,0.0010000000001184617,0.0009999999970347062,0.0010000000009000587,0.0010000000006584742,0.0009999999962531092,5.114567163313707e-6,5.114567394463558e-6,1.0535028466483063,1.6847669656966202,1.2592050836035908,0.05274509678741969,0.0001630911834833349,0.000132320657855283,0.0005810199394295672,0.0010699999999999829,0.0010699999999999874,0.0010699999999999874,0.0010006999999999946,0.0010006999999999928,0.0010006999999999937
2025-06-14T21:18:12Z,40.074391224513356,-75.23971087018563,66.45249808672816,-6.844386454264168,17.621388888452202,0.13388225132075604,-0.18399570578367275,-0.40169435304778744,1.028354651061818,0.0010000000027048372,0.0010000000001042508,0.0009999999971910256,0.001000000001553758,0.0010000000004524168,0.0009999999959795502,1.1179309637044298e-6,1.1179309701311614e-6,0.4535962124712211,0.8763301945472148,0.6668937478183933,0.029275931430155916,0.00011871198970577912,0.00010721531216253136,0.0005077349725211066,0.0010709999999999834,0.0010709999999999871,0.0010709999999999871,0.001000709999999994,0.0010007099999999936,0.0010007099999999943
2025-06-14T21:18:13Z,40.07432337910708,-75.23948408155827,65.64046042598784,-8.207925839815289,19.841009262017906,0.07480124198173144,-0.18859413565223804,-0.22416428059295868,1.1822563483583508,0.0010000000025200961,0.000999999999990564,0.000999999996949441,0.0010000000019658728,0.0010000000003103082,0.0009999999956917804,2.117931035365089e-6,2.1179310595272257e-6,0.6059407239186129,1.0117255905493143,0.7662979403950531,0.03422248436467934,0.00012106339591550737,0.00011130499693384066,0.0005347271205297927,0.001071999999999983,0.0010719999999999868,0.0010719999999999868,0.0010007199999999931,0.0010007199999999931,0.0010007199999999931
2025-06-14T21:18:14Z,40.074245790342566,-75.23922109926491,64.44211075548083,-9.321662290836684,22.631439393619075,-0.27731340549871675,-0.1427296603214927,-0.2429673482893122,1.016204920830205,0.0010000000029464218,0.0010000000003600462,0.0009999999967220674,0.0010000000023637767,0.0010000000000829345,0.0009999999952192695,3.1179311647909985e-6,3.1179312159868362e-6,0.7861032231628127,1.168614058477139,0.8676339432143608,0.039292824571888374,0.00012416378240319358,0.0001269306696278377,0.0005428306964549234,0.0010729999999999817,0.0010729999999999863,0.0010729999999999863,0.001000729999999993,0.0010007299999999933,0.001000729999999993
2025-06-14T21:18:15Z,40.074165763237204,-75.23892169402063,63.01571533456445,-10.061714918585494,25.00827810075134,-0.2070630870093737,-0.06821642219438218,-0.2767522639260278,1.0067367162118899,0.001000000002818524,0.0010000000001468834,0.0009999999967362783,0.001000000002136403,0.0010000000001113563,0.0009999999952547967,4.117931363002575e-6,4.117931444854616e-6,0.9757410599206603,1.3463920250216057,0.9728392301147305,0.04178371973386998,0.0001332995874894489,0.00013665373146806882,0.0005480899239942626,0.0010739999999999819,0.0010739999999999858,0.0010739999999999858,0.0010007399999999935,0.0010007399999999935,0.0010007399999999935
2025-06-14T21:18:16Z,40.07408708557779,-75.23858894908221,61.75015783915296,-11.212158821057528,27.626777142984793,0.027766699316771337,-0.1795710827664152,-0.23500422749748395,0.9364320057575242,0.0010000000029748435,0.0009999999998058229,0.0009999999967789108,0.001000000001937451,0.0010000000000616183,0.0009999999953222982,5.117931636435535e-6,5.117931750088676e-6,1.1538631241309472,1.5520824085894285,1.08765287892786,0.04448748826770055,0.00013357300544983874,0.00014875991383772158,0.0005620322625371366,0.0010749999999999822,0.001074999999999986,0.001074999999999986,0.0010007499999999936,0.0010007499999999936,0.0010007499999999936
2025-06-14T21:18:17Z,40.074314109326416,-75.23987938459283,67.58697860315442,-8.460533621604554,16.808817873010412,1.115188939278596,-0.10936550122187327,-0.2847011658741394,0.9324947907443857,0.0010000000031453737,0.001000000000288992,0.0009999999970062845,0.0010000000022785116,0.0009999999999479314,0.0009999999954182215,1.1073749004082555e-6,1.1073749055244795e-6,0.43764485383256485,0.7255333429815676,0.5504772538279001,0.02207242362996,0.00010442841092410193,0.00012535608908418526,0.0005285054500476091,0.0010759999999999808,0.0010759999999999852,0.0010759999999999856,0.0010007599999999927,0.0010007599999999925,0.0010007599999999925
2025-06-14T21:18:18Z,40.074231410009595,-75.2396635874674,67.7618365176022,-9.8341218350688,18.96359639777802,1.1529389281495241,-0.2768064989177219,-0.3301870907416742,0.7662831795460079,0.0010000000033869583,0.0010000000005447873,0.0009999999967362783,0.0010000000024206201,0.0010000000001255671,0.0009999999951233463,2.1073749597567353e-6,2.1073749795371408e-6,0.5616099488938859,0.8387427831086737,0.6424802785815019,0.026165469385324325,0.00011190514010515,0.00013971471001439866,0.0005426586975628015,0.00107699999999998,0.0010769999999999849,0.0010769999999999847,0.0010007699999999933,0.0010007699999999933,0.0010007699999999933
2025-06-14T21:18:19Z,40.07413791053952,-75.23941834682385,67.57243027165532,-11.392876812722534,20.675581708317623,0.9209566669087508,-0.17763073224159598,-0.2670038019423373,0.8993569519370794,0.0010000000033301149,0.0010000000004168896,0.0009999999965515372,0.0010000000022074573,0.0010000000000189857,0.0009999999951659788,3.1073750665853913e-6,3.107375111891272e-6,0.7048695277097183,0.9656514373889507,0.7475010830707564,0.02930567793728145,0.00012022511695256968,0.00014603428342160305,0.0005510438996974659,0.0010779999999999798,0.001077999999999985,0.001077999999999985,0.001000779999999994,0.001000779999999994,0.001000779999999994
2025-06-14T21:18:20Z,40.07404082713779,-75.23914132645736,66.98689934704453,-12.790959584293887,22.94757152465172,0.8725470139906975,-0.2369844648110302,-0.14754547852862743,1.006569963763468,0.0010000000038274948,0.001000000000487944,0.0009999999962246875,0.0010000000025200961,0.0009999999999692477,0.0009999999951588734,4.107375229228781e-6,4.107375311215693e-6,0.8570708038319571,1.1180765871090805,0.8655939590201467,0.032704281147410766,0.0001266435664308517,0.00015173213132518935,0.0005717953662283295,0.00107899999999998,0.0010789999999999847,0.0010789999999999845,0.001000789999999993,0.0010007899999999932,0.0010007899999999932
2025-06-14T21:18:21Z,40.07394974766578,-75.23882646073972,66.08787494897842,-14.231118191615678,25.739819339709356,0.6528004820575006,-0.24133989698930236,-0.17752320958061318,0.9821575475507416,0.001000000003500645,0.0010000000007295284,0.000999999995883627,0.0010000000025485178,0.0010000000003174137,0.0009999999953791416,5.107375449604929e-6,5.107375585963038e-6,1.009301796865579,1.2914995941632996,0.9916310767263067,0.03667025242710163,0.00013452932488395398,0.00016200329601593304,0.0005769891734862335,0.0010799999999999805,0.0010799999999999853,0.0010799999999999853,0.0010007999999999933,0.0010007999999999933,0.0010007999999999935
2025-06-14T21:18:22Z,40.0742568635533,-75.23977485985341,69.49616070929915,-14.702928771148436,25.98635619902052,1.0861206198460422,-0.2321804025250458,-0.16216922234707454,0.9493702137115179,0.0010000000037280188,0.0010000000005874199,0.000999999995784151,0.001000000002434831,0.00100000000033873,0.0009999999954182215,1.1694853164738718e-6,1.169485321344778e-6,0.4684579459305395,1.4225954986409957,0.98050005779626,0.024449276423405206,0.00012705252415683269,0.00016961910985510603,0.0005870840502692528,0.0010809999999999798,0.001080999999999986,0.0010809999999999863,0.0010008099999999941,0.0010008099999999941,0.0010008099999999943
2025-06-14T21:18:23Z,40.07411783768744,-75.23944563172871,69.35563218127936,-16.00519227120094,28.336820476455614,1.0496194928273326,-0.23604907225126226,-0.1334328071843629,0.9074626616129535,0.0010000000038559165,0.0010000000007011067,0.000999999995499934,0.0010000000024206201,0.001000000000040302,0.0009999999953720362,2.169485436348297e-6,2.1694854562052114e-6,0.6036106776523124,1.6408154173417766,1.1394939334266438,0.029174765086221605,0.00013300216484662546,0.00018134830437483107,0.0006008906552544402,0.0010819999999999808,0.0010819999999999853,0.0010819999999999873,0.0010008199999999947,0.0010008199999999947,0.0010008199999999947
2025-06-14T21:18:24Z,40.073968050438324,-75.23907421017711,68.77991616819054,-17.54710994870402,31.32679595402442,0.8158687583127175,-0.358295824702509,-0.25859606706217164,0.7609949006291572,0.0010000000036569645,0.0010000000002463594,0.0009999999956988859,0.001000000002150614,0.0010000000002605702,0.0009999999953471672,3.1694856495467757e-6,3.169485693698253e-6,0.7630405384902899,1.88400862298207,1.3105228521592656,0.03517366254871311,0.00014157625488843339,0.0001967963836311639,0.0006045758672199518,0.001082999999999981,0.0010829999999999844,0.0010829999999999883,0.0010008299999999942,0.0010008299999999942,0.0010008299999999942
2025-06-14T21:18:25Z,40.07381214753521,-75.2386566531656,67.70458070933819,-19.487153974128887,34.07807381777093,0.5772261097154114,-0.12340986621529737,-0.4997463251420413,0.5328220765659353,0.001000000003713808,0.0010000000006300525,0.0009999999956420424,0.001000000001837975,0.0010000000002818865,0.0009999999949172889,4.169485973713499e-6,4.1694860471250385e-6,0.9380796375950865,2.1513144164104667,1.49370106004566,0.040399783801202405,0.00017250078949108453,0.00021038715987248082,0.000634449077102129,0.001083999999999981,0.0010839999999999845,0.0010839999999999882,0.0010008399999999935,0.0010008399999999937,0.0010008399999999935
2025-06-14T21:18:26Z,40.073655897786544,-75.2381929882084,66.10588757228106,-21.580730417044833,37.341860856860876,0.06973603700134845,0.05442888768220655,-0.74884173656028,0.03630933321392149,0.001000000003713808,0.0010000000006442633,0.0009999999955567773,0.001000000002036927,0.001000000000324519,0.000999999994718337,5.169486421491259e-6,5.169486526268493e-6,1.1164511017245173,2.438750304492923,1.6755946061676594,0.04646879827467312,0.0002833650470133116,0.00020136671695664005,0.0008089647336119427,0.0010849999999999807,0.0010849999999999846,0.0010849999999999883,0.001000849999999994,0.001000849999999994,0.001000849999999994
2025-06-14T21:18:27Z,40.07350448011324,-75.23768963778437,64.26560486946255,-23.10962533368729,39.93444213317707,0.02273242634851158,0.21480719895225775,-0.8543948114383966,-0.6210812128629186,0.0010000000036285428,0.001000000000388468,0.0009999999958409944,0.001000000002235879,0.0010000000005945253,0.000999999994480305,6.169486991060708e-6,6.169487139554381e-6,1.2805854128502898,2.759975298766073,1.8598953559423845,0.048259375618817296,0.00047946859380770617,0.00015284057310137916,0.0011145616492281203,0.0010859999999999817,0.0010859999999999835,0.0010859999999999871,0.001000859999999994,0.001000859999999994,0.001000859999999994
2025-06-14T21:18:28Z,40.07335199689041,-75.23715211890546,62.356563887093216,-25.717429192969576,43.409140991512686,-0.4953038621097221,0.5365851859751274,-0.8995390635172953,-1.15934792754706,0.0010000000038417056,0.0010000000005447873,0.0009999999956420424,0.001000000002335355,0.0010000000002818865,0.0009999999941392446,7.169487652817067e-6,7.16948789656493e-6,1.4235490329456197,3.0956396286591588,2.041790387004143,0.05491339653037533,0.0005800171380035504,0.0001373979035779489,0.0012847274818684634,0.0010869999999999823,0.0010869999999999823,0.0010869999999999862,0.0010008699999999942,0.001000869999999994,0.001000869999999994
2025-06-14T21:18:29Z,40.073188399185554,-75.23659261702268,60.485648441594094,-27.52009099838324,44.80496039474383,-0.516861864765815,0.7727749310506624,-0.4387616988569789,-0.6931530743313488,0.0010000000036711754,0.0010000000002037268,0.0009999999952725602,0.001000000002051138,0.001000000000537682,0.0009999999940646376,8.169488343792155e-6,8.16948881097652e-6,1.5354898539395343,3.45259202794146,2.224217160135108,0.05266890810334482,0.00026409864739857815,0.00015099012554480368,0.0008039306259793749,0.001087999999999983,0.0010879999999999829,0.0010879999999999868,0.001000879999999993,0.001000879999999993,0.0010008799999999933
2025-06-14T21:18:30Z,40.073006980623354,-75.23602003672838,59.00513019831851,-28.559218551265076,47.53835580730811,-0.4982066976081114,0.339991941156768,-0.6093301971777692,-0.09465244753573643,0.0010000000038274948,0.0010000000002037268,0.00099999999510203,0.0010000000017953425,0.0010000000004311005,0.0009999999938692383,9.169488973701584e-6,9.169489903506092e-6,1.6082094060806253,3.84756777892108,2.3998929465236474,0.05286196285989361,0.00024756584618498275,0.00020742867970129737,0.0008090150700280935,0.0010889999999999834,0.0010889999999999834,0.001088999999999987,0.0010008899999999921,0.0010008899999999921,0.0010008899999999921
2025-06-14T21:18:31Z,40.07280547753639,-75.23545050634031,58.19724455336109,-27.584984968416393,46.52151189884171,-0.009114131621743127,0.3270084049909201,-0.589307394104253,-0.9983195927197812,0.0010000000038417056,0.0010000000001610942,0.0009999999945478066,0.0010000000016816557,0.0010000000006016307,0.0009999999940077942,0.000010169489411874241,0.000010169491198861944,1.6243355225076608,4.252272179844466,2.5717644518383582,0.03882762320870878,0.0003522766004302746,0.00013761499549154598,0.0009250817185668296,0.0010899999999999827,0.0010899999999999827,0.0010899999999999864,0.0010008999999999916,0.0010008999999999916,0.0010008999999999916
2025-06-14T21:18:32Z,40.0726146399499,-75.23487762922626,57.392024165485054,-25.861979620764032,48.84123997902498,-0.768982349189173,0.06265949684984662,-0.11987440049688303,-1.36922239807609,0.0010000000039411816,0.0010000000000758291,0.0009999999947893912,0.0010000000012411192,0.001000000000672685,0.0009999999940646376,0.000011169489423003311,0.000011169492721923938,1.590373222958675,4.658788067321897,2.7185557304541255,0.03589485560156522,0.00024664146300138915,0.00014856724938765528,0.0007446369789190059,0.0010909999999999824,0.0010909999999999824,0.001090999999999986,0.0010009099999999911,0.0010009099999999914,0.0010009099999999914
2025-06-14T21:18:33Z,40.07241610339285,-75.23426382600556,56.390268440824,-25.25176208629273,54.63320182450116,-0.8272506389403134,-0.7602167143413681,0.12218405539351807,-1.4207238209201023,0.001000000003998025,0.001000000000288992,0.0009999999947325477,0.001000000001070589,0.0010000000008645316,0.0009999999941392446,0.000012169488563140478,0.000012169494499758087,1.572657068055223,5.192848072853444,2.919214588800093,0.05043777740384389,0.00025167106950825914,0.00015610995282217127,0.0007137639272277741,0.0010919999999999825,0.0010919999999999825,0.001091999999999986,0.0010009199999999902,0.0010009199999999904,0.0010009199999999904
2025-06-14T21:18:34Z,40.07217210255537,-75.23357682836996,55.20490448223427,-27.482645333511755,62.56468219589442,-1.5982955940708052,-0.2249733945081971,-0.6719615199253894,-1.2247019942005863,0.0010000000040832902,0.0010000000001042508,0.0009999999943630655,0.0010000000008432153,0.0010000000008574261,0.0009999999942280624,0.000013169486219111403,0.000013169496541487545,1.6311453625192085,5.8324042186655065,3.1162927324520684,0.08358995577504776,0.00043409603473357845,0.00014738884157508708,0.0010333454747481693,0.0010929999999999814,0.0010929999999999814,0.0010929999999999848,0.0010009299999999906,0.0010009299999999906,0.0010009299999999906
2025-06-14T21:18:35Z,40.07186367765943,-75.23283676336617,52.62743876315653,-23.427624906646088,65.74042326025665,-4.228977685794234,-0.30133150345864124,-0.05613684025911425,-0.6118965236528311,0.0010000000039411816,0.0009999999999195097,0.000999999994121481,0.0010000000011274324,0.0010000000005874199,0.000999999994270695,0.000014169481974129401,0.000014169498790041198,1.747443856006853,6.32712521574349,3.171592087796962,0.1026777899776605,0.00025340539218204634,0.00017283667655990063,0.0007606591707059907,0.0010939999999999808,0.0010939999999999808,0.0010939999999999837,0.0010009399999999903,0.0010009399999999903,0.0010009399999999903
2025-06-14T21:18:36Z,40.07137138460463,-75.23213285534278,50.400315672624856,-22.381789070321247,62.84549714950845,-2.471742206980707,-0.32675076791565516,0.20350162249451387,-0.3129063874403073,0.001000000003998025,0.0010000000003458354,0.0009999999942920113,0.0010000000008858478,0.0010000000006584742,0.0009999999938941073,0.000015169475494751512,0.000015169501182610973,1.830121027118266,6.957207506105626,3.335952524018284,0.07891257590425005,0.00022473369913525185,0.00021829909405570713,0.0007555439479519343,0.0010949999999999816,0.0010949999999999795,0.0010949999999999825,0.0010009499999999898,0.0010009499999999898,0.0010009499999999898
2025-06-14T21:18:37Z,40.07068189735175,-75.23149584181861,49.846457669045776,-20.007223947905004,61.00808973191306,-2.151366103673354,-0.10056772006555548,0.3313369218194566,-0.021470750265507377,0.0010000000041685553,0.0009999999999763531,0.0009999999941356918,0.0010000000007863719,0.001000000000438206,0.0009999999936809445,0.000016169466054494727,0.00001616950371637003,1.845146170301943,7.5842773378915656,3.388169653551524,0.07405599570183707,0.00019316706805582075,0.00026633630887450626,0.0007780303625255262,0.0010959999999999818,0.0010959999999999783,0.001095999999999982,0.0010009599999999893,0.0010009599999999893,0.0010009599999999891
2025-06-14T21:18:38Z,40.069890365805335,-75.23089354703312,49.82606480270624,-18.205837945453823,59.397292552515864,-1.711203019003733,0.24306125561088265,-0.17207066131049942,0.6745699611710734,0.0010000000041401336,0.001000000000175305,0.0009999999942778004,0.001000000000672685,0.001000000000040302,0.0009999999941427973,0.000017169452558135997,0.00001716950641719434,1.8390802097150054,8.244007502294806,3.413474226516653,0.0735292362097176,0.00016540945502528908,0.0002839399707425001,0.0007794149256486445,0.0010969999999999812,0.0010969999999999776,0.0010969999999999815,0.0010009699999999895,0.0010009699999999895,0.0010009699999999895
2025-06-14T21:18:39Z,40.06901725927195,-75.23030835773602,49.85840980755165,-15.712883949861862,59.07098704809323,-2.0887196789262816,-0.06214275315142004,-0.2064959022027324,0.052199978497355914,0.0010000000045238266,0.001000000000288992,0.000999999994419909,0.0010000000007863719,0.0009999999997347686,0.0009999999940291104,0.000018169433504660834,0.000018169509297164766,1.8512163502554213,8.854414364172714,3.4043676324506835,0.08775940697739151,0.00016685052126977104,0.0002882768053927277,0.0008088055429011892,0.001097999999999981,0.0010979999999999772,0.0010979999999999812,0.001000979999999989,0.001000979999999989,0.001000979999999989
2025-06-14T21:18:40Z,40.06805304241731,-75.22974568255002,49.71792200533673,-12.78403351502493,56.60340580204502,-2.1840883943950757,-0.15488660851951863,-0.14844722801353782,-0.6619709808728658,0.0010000000045096158,0.0010000000000758291,0.0009999999941925353,0.001000000000971113,0.0009999999995784492,0.0009999999938763438,0.000019169407406996254,0.000019169512345808817,1.8972238787908764,9.373860038209093,3.4118496287370617,0.10284611354445683,0.00025009221264866104,0.00020559572599977084,0.0008281390426564274,0.0010989999999999817,0.0010989999999999778,0.0010989999999999815,0.001000989999999989,0.001000989999999989,0.001000989999999989
2025-06-14T21:18:41Z,40.06698532843656,-75.22921840061724,50.009200152009726,-12.043086048564874,53.95058395480737,-1.402786463891971,-0.17471275657590013,-0.642865806541522,-1.488929518367513,0.0010000000044669832,0.0010000000004453113,0.0009999999943630655,0.0010000000007295284,0.0009999999994221298,0.000999999993737788,0.000020169372795347177,0.000020169515574722973,1.9565798163663628,9.833280875054838,3.4152646927507213,0.10462113544751325,0.0004486922413424642,0.0001588839007845157,0.0010812247537508074,0.0010999999999999823,0.0010999999999999766,0.0010999999999999803,0.001000999999999988,0.001000999999999988,0.001000999999999988
2025-06-14T21:18:42Z,40.065858647378306,-75.22872017200132,50.596724261995405,-11.168708787416108,50.657121929805726,-1.564340976139647,-0.3529299147739948,-0.7055654848736594,-1.5331553945870837,0.001000000004594881,0.0010000000007153176,0.0009999999945620175,0.0010000000009284804,0.0009999999994789732,0.000999999993574363,0.00002116932852496882,0.000021169519043788605,2.0126448547513967,10.028045567456038,3.423302432911671,0.10977742106226789,0.00047939747447867055,0.0001634957290236126,0.0011359523272920166,0.0011009999999999824,0.001100999999999976,0.0011009999999999794,0.0010010099999999888,0.0010010099999999888,0.0010010099999999888
2025-06-14T21:18:43Z,40.06479493712904,-75.22821357406914,51.89123926218599,-11.65986113564577,51.39804948819801,0.4819669655007601,-0.052203298845142854,0.161071686192372,-1.973289581714198,0.0010000000047085678,0.0010000000009569021,0.0009999999947893912,0.0010000000008432153,0.000999999999059753,0.000999999993499756,0.00002216927407377721,0.000022169522861732613,2.069664834165388,10.27227863451787,3.526955017574184,0.10553517190699341,0.000258316611924759,0.00018573443006113209,0.0008308812134415731,0.0011019999999999812,0.0011019999999999765,0.0011019999999999804,0.0010010199999999894,0.0010010199999999892,0.0010010199999999894
2025-06-14T21:18:44Z,40.063965135429065,-75.22764711943398,53.03991631930694,-10.084940508939326,55.11479613324627,-0.893380417044682,-0.12585828558985668,-0.05806880594400354,-1.88198169656971,0.001000000004296453,0.001000000001170065,0.000999999994803602,0.0010000000007437393,0.0009999999988892228,0.000999999993887002,0.000023169211045950577,0.000023169527095860666,2.142394694199436,10.13879450118461,3.6462531180354167,0.11810189720079893,0.0002510274280743808,0.00017975402833787722,0.0008560569796348702,0.0011029999999999805,0.0011029999999999768,0.0011029999999999805,0.001001029999999989,0.0010010299999999883,0.001001029999999989
2025-06-14T21:18:45Z,40.063262691077206,-75.22702664277163,53.12793004279956,-9.305358372977935,58.167147430125624,-1.2680076371034374,-0.017897394300007363,0.1005660535329298,-1.6754758700408274,0.0010000000041543444,0.0010000000014258603,0.0009999999947751803,0.001000000000971113,0.0009999999985339514,0.00099999999368805,0.000024169144934695222,0.000024169531736257437,2.219787380792097,9.964804111870036,3.8367050131871676,0.11916127204056241,0.00024308860720749904,0.00018192198910258145,0.000851202451469269,0.001103999999999981,0.0011039999999999772,0.001103999999999981,0.0010010399999999886,0.0010010399999999886,0.0010010399999999886
2025-06-14T21:18:46Z,40.06259726123134,-75.22635945118385,52.598984429147094,-9.420787196140736,62.67897713975981,-2.160323223390151,-0.04706764416550868,0.13125581054009672,-1.517275609614444,0.0010000000039411816,0.0010000000014684929,0.0009999999951162408,0.0010000000011416432,0.0009999999982426289,0.0009999999933860693,0.00002516908186966841,0.000025169536786483348,2.2657633999712083,9.767746579199631,4.028194738504627,0.11872922664999626,0.00022465126040211667,0.00019459543171006992,0.0008596712720976187,0.0011049999999999816,0.0011049999999999782,0.0011049999999999816,0.0010010499999999877,0.0010010499999999877,0.0010010499999999877
2025-06-14T21:18:47Z,40.06192445841638,-75.22566213239203,51.46985605219379,-7.998115185066126,64.16647436935455,-2.7684088933456223,-0.24173636198975146,0.37393469833841664,-0.8170960763454787,0.001000000003998025,0.0010000000015679689,0.0009999999949172889,0.0010000000013121735,0.0009999999979584118,0.0009999999933860693,0.000026169025761936604,0.000026169542250485937,2.2924444208557904,9.484009961487363,4.3177639658546525,0.11868981299428255,0.00020253814052424477,0.00023359865008966866,0.000885790608932009,0.0011059999999999813,0.0011059999999999774,0.0011059999999999813,0.0010010599999999879,0.0010010599999999879,0.0010010599999999879
2025-06-14T21:18:48Z,40.06116658214352,-75.22495353444995,50.19358193175867,-7.490400632552337,67.26559828687459,-3.2601444363826886,0.06088686049770331,0.45988107039011084,-1.327671553575783,0.0010000000037280188,0.0010000000014400712,0.0009999999949172889,0.0010000000012126975,0.0009999999981857854,0.000999999993887002,0.000027168977696200727,0.00002716954815363006,2.3117259537560106,9.372284157635184,4.615290767887288,0.12140677355701424,0.00022684826510535624,0.00022300458230052936,0.0008998618898406873,0.001106999999999982,0.0011069999999999784,0.001106999999999982,0.0010010699999999885,0.0010010699999999885,0.0010010699999999885
2025-06-14T21:18:49Z,40.060379204406004,-75.22421309842147,48.64193723211065,-10.313587015960366,71.79278007987887,-3.9288481251278426,0.3761558273108676,-0.021586217203321212,-1.690210270389798,0.0010000000040122359,0.0010000000013974386,0.0009999999952299277,0.0010000000008432153,0.0009999999984842134,0.0009999999941925353,0.000028168937418440254,0.000028169554524344954,2.3078490939493994,9.469202398038904,4.800868447900004,0.12063918272089974,0.00020462245070643968,0.00020012995403605863,0.0008967552584195285,0.001107999999999982,0.0011079999999999788,0.0011079999999999825,0.0010010799999999888,0.001001079999999989,0.001001079999999989
2025-06-14T21:18:50Z,40.05954567328267,-75.22347888310118,47.30366437276825,-13.2444987638155,69.78003726620227,-3.587109014770249,-0.019354527805489852,-0.2162412831112306,-2.048094748373842,0.0010000000040690793,0.0010000000014827037,0.000999999995499934,0.0010000000008858478,0.0009999999984202645,0.0009999999944376725,0.000029168903965456684,0.000029169561350606577,2.2464379259716925,9.322606827706386,5.032555612386112,0.08851470181247598,0.00025193586330587086,0.00016615759121164903,0.0009300274109801134,0.001108999999999983,0.0011089999999999791,0.001108999999999983,0.0010010899999999883,0.0010010899999999883,0.0010010899999999883
2025-06-14T21:18:51Z,40.05857506688278,-75.22277759726346,46.765795171260834,-13.87216700159479,71.0863811513409,-3.4247561225492973,0.03519397473473873,0.2223823674248706,-1.3316147928708233,0.0010000000039411816,0.001000000001155854,0.0009999999951730842,0.0010000000009142695,0.0009999999986973762,0.0009999999946828098,0.000030168873082721158,0.000030169568696684686,2.1611831802542554,9.584298811799565,5.332811899912825,0.08660655883906843,0.00017445047887860407,0.00024611039474425753,0.0009133743082334199,0.0011099999999999827,0.001109999999999978,0.0011099999999999825,0.0010010999999999887,0.0010010999999999887,0.0010010999999999887
2025-06-14T21:18:52Z,40.05756762065031,-75.22207038920483,46.35395997343585,-12.192202919512056,71.11673159431666,-3.470215297798859,0.044995096848197136,0.23049193060251127,-1.3314661493204767,0.0010000000037564405,0.0010000000008432153,0.0009999999950167648,0.0010000000012126975,0.0009999999989815933,0.0009999999948604454,0.00003116884168414852,0.00003116957665971494,2.1067874489559353,9.895557306279665,5.700425653722096,0.08262101169249658,0.00017607673970976265,0.0002509911403456216,0.0009233576419685661,0.0011109999999999824,0.0011109999999999777,0.0011109999999999814,0.0010011099999999882,0.0010011099999999882,0.0010011099999999882
2025-06-14T21:18:53Z,40.056550758311715,-75.22136408661318,45.98493382940069,-10.323821895290166,70.92809807881713,-3.465202626743121,0.05387662541170357,0.23918903868798225,-1.3309800205024658,0.0010000000039553925,0.0010000000007153176,0.0009999999953294036,0.0010000000012837518,0.0009999999988821173,0.0009999999946117555,0.00003216881016290359,0.00003216958529153343,2.0667702014429663,10.3035515118942,6.085047452782872,0.07974653847037347,0.00017961631588293934,0.00025503698912354315,0.0009333160083309594,0.0011119999999999834,0.001111999999999977,0.0011119999999999804,0.0010011199999999873,0.0010011199999999873,0.0010011199999999873
2025-06-14T21:18:54Z,40.05553172818847,-75.2206554970087,45.72910563880578,-8.373409154359251,70.6105445921421,-3.406485070445342,0.0632947612193675,0.24339186132419854,-1.3290702085505472,0.0010000000037848622,0.0010000000006868959,0.0009999999951304517,0.0010000000013974386,0.0009999999988679065,0.0009999999942031934,0.000033168778936328604,0.000033169594676309776,2.0328861242044862,10.77660309031639,6.501906266635689,0.07850221868694943,0.00018332094570681627,0.00025925048533507534,0.0009431517487735799,0.0011129999999999827,0.0011129999999999762,0.00111299999999998,0.0010011299999999868,0.0010011299999999866,0.0010011299999999868
2025-06-14T21:18:55Z,40.054532278996945,-75.219937037314,45.55937299365178,-6.345166374463588,70.11354881804436,-3.322642512532184,0.07241967597929033,0.24090655992768006,-1.3294379809958627,0.0010000000037280188,0.001000000000871637,0.0009999999952157168,0.0010000000015679689,0.000999999998661849,0.0009999999942635895,0.00003416874802673585,0.0000341696049093855,2.0046536085241904,11.279083165032297,6.968677113631868,0.07861318998799607,0.00018682920775652163,0.0002638043117314532,0.0009528684915320073,0.001113999999999983,0.0011139999999999755,0.0011139999999999794,0.0010011399999999865,0.0010011399999999865,0.0010011399999999865
2025-06-14T21:18:56Z,40.05354706297916,-75.21920083596946,45.08257846022025,-4.282657018105965,69.80068396683782,-4.044463453639764,-0.06324717487223097,0.2177521805242577,-1.3193402601609705,0.00100000000391276,0.0010000000010137455,0.0009999999951588734,0.0010000000015679689,0.0009999999984984242,0.0009999999940077942,0.00003516871715031682,0.000035169616077702974,1.9859444153668866,11.769539114649717,7.4577997594227,0.08112542215166885,0.00018654897586328976,0.0002710164609480066,0.000962571067177487,0.0011149999999999838,0.0011149999999999765,0.0011149999999999782,0.0010011499999999854,0.0010011499999999856,0.0010011499999999854
2025-06-14T21:18:57Z,40.05257657705807,-75.2184389380392,44.29811608232558,-2.314232130360324,69.23034199234098,-3.9090189598791767,-0.052780266893933,0.22469328309125558,-1.3184879095497308,0.00100000000391276,0.001000000000672685,0.0009999999952299277,0.0010000000012269084,0.00099999999842737,0.0009999999936916026,0.000036168685880230226,0.00003616962826977472,1.9787316492796136,12.284951425379155,8.065376100963993,0.08421534290886609,0.00018945907970326786,0.0002781733485620683,0.0009725276580632522,0.001115999999999984,0.0011159999999999775,0.0011159999999999775,0.001001159999999985,0.0010011599999999853,0.0010011599999999853
2025-06-14T21:18:58Z,40.051496058140145,-75.21764696793328,44.05910864425823,-0.7509528757364023,68.66795427445322,-3.67032410678803,-0.040300105317783164,0.23032666581821104,-1.317685956179048,0.001000000004296453,0.0010000000007153176,0.0009999999950451866,0.0010000000009284804,0.0009999999987968522,0.0009999999938656856,0.000037168653578409716,0.000037169641574023084,1.9827030379228217,12.792162352040608,8.752118297801694,0.08804590108744317,0.00019107196720341292,0.0002864988791353232,0.0009824799488978785,0.001116999999999984,0.0011169999999999767,0.0011169999999999767,0.0010011699999999853,0.001001169999999985,0.001001169999999985
2025-06-14T21:18:59Z,40.05035709866627,-75.21680773011686,44.199814669787884,0.42733591859359876,68.30985963437706,-3.362538705463521,-0.026080553962628983,0.2341918867368804,-1.316779513435904,0.001000000004495405,0.0010000000005163656,0.0009999999949599214,0.001000000000573209,0.000999999998960277,0.000999999994331091,0.00003816861936484413,0.00003816965603848002,1.997581123155775,13.273226481294483,9.519783914626958,0.09183857224451644,0.00019113090996073303,0.0002958132560811555,0.000992434280730869,0.0011179999999999842,0.0011179999999999769,0.0011179999999999769,0.001001179999999984,0.0010011799999999841,0.0010011799999999841
2025-06-14T21:19:00Z,40.04918516010089,-75.21591222995117,44.6361492741853,1.2472579971217783,68.26018372178078,-3.0057363982487004,-0.011103679202278727,0.23561273858467757,-1.315950855248957,0.0010000000041827661,0.0010000000002463594,0.000999999994704126,0.0010000000005589982,0.0009999999989744879,0.0009999999939509507,0.00003916858231804306,0.00003916967167484847,2.020347208990422,13.710577814060228,10.363791629171311,0.09483415762356906,0.0001895493697377934,0.00030569222471514736,0.0010023932827100224,0.0011189999999999852,0.001118999999999976,0.0011189999999999779,0.0010011899999999825,0.0010011899999999847,0.0010011899999999845
2025-06-14T21:19:01Z,40.04799270262005,-75.21495784274927,45.332778519019485,1.7551700508629438,68.55225054826587,-2.61552118792315,0.004357475769040775,0.23505033829314925,-1.315470181129058,0.0010000000046375135,0.0010000000000616183,0.000999999994903078,0.0010000000007579501,0.0009999999992160724,0.0009999999942671423,0.000040168541512556156,0.00004016968846159768,2.0460503232733984,14.088948001059256,11.274422429443046,0.09644927746370172,0.00018653454620220947,0.0003156173279543178,0.0010123572314663049,0.001119999999999986,0.0011199999999999758,0.0011199999999999789,0.001001199999999982,0.0010011999999999847,0.0010011999999999847
2025-06-14T21:19:02Z,40.04679082694868,-75.21394735328066,46.232456787955016,1.9938226783415303,69.17930558789521,-2.2708521471067797,-0.02006204104236531,0.2957662407134194,-1.3355221400270239,0.0010000000047512003,0.0009999999999195097,0.0009999999949599214,0.0010000000012411192,0.0009999999993155484,0.0009999999940504267,0.00004116849606369425,0.000041169706356326205,2.068800881608545,14.394887574616945,12.231535023686185,0.09616477562927936,0.00019219171683275546,0.00032166826906892344,0.0010227403998383307,0.0011209999999999855,0.0011209999999999768,0.0011209999999999777,0.0010012099999999816,0.0010012099999999842,0.0010012099999999844
2025-06-14T21:19:03Z,40.045619699218136,-75.21289379660118,47.21502694673836,2.2732107498741243,69.96102684177458,-1.903599314726307,-0.005371420595736254,0.29253625660567195,-1.3341193000669591,0.0010000000044527724,0.0010000000000616183,0.0009999999952725602,0.0010000000012126975,0.0009999999989389607,0.0009999999938195003,0.000042168445142716816,0.00004216972532585257,2.085088762834639,14.622191544935209,13.245396252852466,0.09545527585473307,0.00018659007585118933,0.0003307799485481381,0.0010325956304035706,0.0011219999999999856,0.0011219999999999763,0.001121999999999978,0.0010012199999999806,0.0010012199999999839,0.001001219999999984
2025-06-14T21:19:04Z,40.04449520053539,-75.21180844185596,48.261166873853654,2.536729070590809,70.94794527906924,-1.5530999120237539,0.007459655877653404,0.2883183843223378,-1.3330457383417524,0.001000000004296453,0.0010000000001610942,0.0009999999955425665,0.0010000000011274324,0.0009999999989815933,0.000999999993773315,0.00004316838796937077,0.000043169745354228126,2.093318647115241,14.783063228498097,14.291232098348242,0.09329722837113275,0.00018067701792596073,0.00033911237260834725,0.0010424631429667578,0.0011229999999999862,0.001122999999999975,0.0011229999999999788,0.0010012299999999801,0.0010012299999999827,0.0010012299999999836
2025-06-14T21:19:05Z,40.04344862412248,-75.21070607500384,49.2992635560222,2.887512894842075,72.05627181753516,-1.2334702047664905,0.01824903571082359,0.28363656825604266,-1.3320548655465245,0.00100000000458067,0.0010000000003032028,0.0009999999953578254,0.0010000000008858478,0.0009999999987186925,0.000999999993624101,0.000044168323846540636,0.000044169766445897326,2.0915565673292886,14.88460538942593,15.362568290551991,0.08998819956298915,0.00017483588264728697,0.0003466656727790959,0.001052347401145545,0.0011239999999999872,0.001123999999999975,0.0011239999999999798,0.0010012399999999799,0.0010012399999999835,0.0010012399999999835
2025-06-14T21:19:06Z,40.04249098691113,-75.20959693299092,50.30698793567717,3.3805899080762174,73.22774042095989,-0.9461579943308607,0.027331266535611576,0.27922420738832443,-1.3314194034901448,0.0010000000048648872,0.001000000000487944,0.0009999999950878191,0.0010000000006300525,0.0009999999985979002,0.0009999999935033088,0.00004516825216408981,0.000045169788649120815,2.0795270731068003,14.939648875515697,16.458356421350295,0.08592524366456605,0.00016950774224684556,0.00035348136634269105,0.0010622522357598635,0.0011249999999999882,0.001124999999999974,0.0011249999999999806,0.0010012499999999792,0.0010012499999999826,0.0010012499999999844
2025-06-14T21:19:07Z,40.04164287701916,-75.20849290778354,51.240637509617954,4.064392703643534,74.39203999564052,-0.7005896173577639,0.0352195913255855,0.2753290139080491,-1.33076759854157,0.0010000000047512003,0.0010000000005021548,0.0009999999949883431,0.0010000000008005827,0.0009999999988039576,0.0009999999941641136,0.00004616817237616245,0.000046169812057996636,2.058265722754774,14.961201019910101,17.580409472609876,0.08147956329375317,0.00016487858884527945,0.0003597817635821035,0.0010721755288008027,0.0011259999999999877,0.0011259999999999727,0.00112599999999998,0.001001259999999978,0.0010012599999999815,0.0010012599999999839
2025-06-14T21:19:08Z,40.0409038275391,-75.20739909284184,52.09907082980499,4.939332778623793,75.50987489521503,-0.49202506614892627,0.04158060852023482,0.27186251794046257,-1.3303833925601793,0.0010000000048648872,0.0010000000003316245,0.000999999994704126,0.0010000000010990107,0.0009999999989247499,0.0009999999945584648,0.00004716808397425899,0.0000471698368103058,2.029621726022861,14.962644092488143,18.73509330632934,0.07698803853590908,0.00016110717188089435,0.0003657400333444556,0.0010821119590295836,0.0011269999999999878,0.0011269999999999726,0.0011269999999999802,0.0010012699999999782,0.0010012699999999816,0.0010012699999999825
2025-06-14T21:19:09Z,40.04027745950507,-75.20632029064261,52.873220529872924,6.006109160196502,76.55394918192178,-0.3201203280768823,0.04658393654108295,0.2688931920383766,-1.3299665828089928,0.0010000000047654112,0.0010000000003174137,0.0009999999946472826,0.0010000000008005827,0.000999999998910539,0.0009999999947574167,0.00004816798644542368,0.000048169863080685024,1.9958373405418994,14.955749507332449,19.931001765980362,0.07270889435127276,0.00015819700750021034,0.0003716012863877232,0.0010920605469828166,0.0011279999999999867,0.0011279999999999717,0.001127999999999979,0.0010012799999999775,0.001001279999999981,0.0010012799999999829
2025-06-14T21:19:10Z,40.03978211154145,-75.20526405174651,53.53077408950776,7.276498142105993,77.49736654013395,-0.18066170235579193,0.050518339929567446,0.2665267320116982,-1.3295674425899051,0.0010000000048506763,0.0010000000005305765,0.000999999994505174,0.001000000000487944,0.0009999999991663344,0.0009999999951553207,0.00004916787926070387,0.00004916989107445034,1.9591308452669838,14.950475513482608,21.178216298873043,0.0687910521697967,0.000156126668071962,0.00037754109260311133,0.0011020190870257474,0.0011289999999999857,0.0011289999999999727,0.00112899999999998,0.0010012899999999783,0.001001289999999982,0.0010012899999999828
2025-06-14T21:19:11Z,40.03939887056093,-75.20422663422374,54.104419162962586,8.70990222308319,78.35084752738476,-0.06719807364333974,0.05367431241302256,0.2647510431597766,-1.3293454097147333,0.001000000004481194,0.0010000000007011067,0.0009999999942778004,0.0010000000006158416,0.0009999999989318553,0.0009999999954821703,0.00005016776188392464,0.00005016992102504736,1.92150465360087,14.953836223261904,22.487279087538695,0.0653544148488518,0.00015483753822057017,0.00038369167673887525,0.001111984926050612,0.001129999999999985,0.0011299999999999737,0.0011299999999999802,0.0010012999999999786,0.001001299999999982,0.0010012999999999828
2025-06-14T21:19:12Z,40.03912595356065,-75.20320807809495,54.597657026257366,10.28631371713709,79.1169006517157,0.022714808069849823,0.056079107628193015,0.2634629681997467,-1.3293123240728164,0.0010000000046517243,0.0010000000009142695,0.0009999999942351678,0.0010000000004595222,0.0009999999991023856,0.0009999999956171735,0.000051167633802139874,0.000051169953191670726,1.8846425626994012,14.970804374481448,23.86761698050024,0.06242923504676223,0.000154214453991335,0.0003901606420561425,0.0011219558401661283,0.0011309999999999844,0.0011309999999999734,0.0011309999999999808,0.001001309999999979,0.0010013099999999825,0.0010013099999999836
2025-06-14T21:19:13Z,40.03895836754892,-75.20220663495843,54.9410615763627,11.99458769953344,79.86927684117109,-0.06084250308231276,0.05694934739631208,0.26076160773300217,-1.3277773413574323,0.0010000000047938329,0.0010000000007011067,0.0009999999943914872,0.0010000000004026788,0.0009999999989247499,0.0009999999956242789,0.00005216749458241546,0.00005216998785087019,1.849771530273785,15.00452439560502,25.308572662102524,0.060010712134282274,0.00015391645558234562,0.000397089666368414,0.0011319386983464743,0.0011319999999999848,0.0011319999999999735,0.0011319999999999813,0.0010013199999999796,0.0010013199999999833,0.001001319999999983
2025-06-14T21:19:14Z,40.03885570543678,-75.20121139335353,55.19224774930626,13.765812832280062,80.54706350062042,0.004377779784874747,0.057952095231485146,0.2623171584600641,-1.327872535403003,0.0010000000051633151,0.001000000000672685,0.000999999994704126,0.0010000000004026788,0.0009999999993723918,0.0009999999958516526,0.00005316734401384214,0.00005317002532194307,1.8178958238282958,15.062147100015329,26.858954473965333,0.058117420991537105,0.0001544452876319093,0.00040437412801977516,0.0011419159609244193,0.001132999999999985,0.0011329999999999739,0.0011329999999999815,0.0010013299999999793,0.0010013299999999826,0.0010013299999999828
2025-06-14T21:19:15Z,40.03883594357842,-75.20022653376958,55.40452846838161,15.615772791090421,81.16119631566107,0.05109737877637599,0.05870655744593023,0.2619128841033671,-1.3277807089471025,0.0010000000049927849,0.0010000000006584742,0.0009999999947893912,0.0010000000000189857,0.0009999999993155484,0.000999999996032841,0.000054167182088044,0.000054170065961131446,1.7897830841214066,15.139280876338777,28.504749123998906,0.05669143460252585,0.0001550886870569133,0.0004121221711373513,0.0011518967937608584,0.0011339999999999846,0.0011339999999999734,0.0011339999999999807,0.0010013399999999786,0.001001339999999982,0.0010013399999999823
2025-06-14T21:19:16Z,40.03889001187949,-75.19924920056717,55.58326769154519,17.524788744514808,81.74007492791861,0.08557670218124258,0.059253929392525606,0.26170534348420915,-1.3277364699024474,0.0010000000050922608,0.0010000000008432153,0.00099999999460465,0.0010000000002321485,0.0009999999993510755,0.0009999999959759975,0.00005516700892344592,0.0000551701101223086,1.7657837350602363,15.238204648223258,30.250985997807057,0.055653621364439354,0.00015593860232176877,0.00042030374316554355,0.0011618789445928725,0.0011349999999999832,0.001134999999999973,0.0011349999999999796,0.0010013499999999796,0.001001349999999983,0.001001349999999983
2025-06-14T21:19:17Z,40.0389908651421,-75.1982725960739,55.75646066199988,19.46001703198999,82.29949432332069,0.11410383114798606,0.05968963041414099,0.2614492824031913,-1.3275883527385304,0.0010000000049643631,0.001000000000971113,0.000999999994903078,0.0010000000000616183,0.0009999999990881747,0.0009999999957877037,0.0000561668248603904,0.00005617015817276271,1.745930532090034,15.35858188028131,32.10066735904549,0.05493331879650193,0.00015689300493523678,0.0004288815572554655,0.0011718629461642547,0.0011359999999999819,0.0011359999999999736,0.0011359999999999801,0.0010013599999999807,0.0010013599999999833,0.0010013599999999833
2025-06-14T21:19:18Z,40.03914612104487,-75.19729770162922,55.920381389092654,21.449732802575454,82.840920814313,0.15035592628009908,0.05975614596491141,0.2624869390274398,-1.327536431068438,0.0010000000047512003,0.0010000000005589982,0.000999999994618861,0.0009999999999479314,0.0009999999987826413,0.0009999999955461192,0.000057166630496071206,0.00005717021049158258,1.7302543656739486,15.500678353678635,34.062423943029124,0.05457445429367341,0.00015798993370116546,0.00043780452705283727,0.0011818446502542884,0.0011369999999999816,0.0011369999999999738,0.0011369999999999807,0.001001369999999981,0.0010013699999999836,0.0010013699999999836
2025-06-14T21:19:19Z,40.039387250401454,-75.19632979412121,56.040414868853986,23.479719605995342,83.35931346286088,0.1682831975249428,0.05964933604855105,0.2619278879283229,-1.3273692025832133,0.001000000004879098,0.0010000000008432153,0.0009999999945904392,0.0009999999998626663,0.0009999999984202645,0.0009999999958516526,0.00005816642675908202,0.00005817026746181216,1.7185017802505154,15.662811696829529,36.126925335416566,0.054366659617611224,0.00015892970337169334,0.0004470195956824009,0.0011918308615062657,0.0011379999999999806,0.001137999999999973,0.0011379999999999806,0.0010013799999999805,0.0010013799999999832,0.0010013799999999834
2025-06-14T21:19:20Z,40.039691473964,-75.19536326732528,56.1351973884739,25.544162632664666,83.87525334954262,0.1883592453395977,0.05933473276081713,0.262602647406311,-1.3274713847204112,0.0010000000050496283,0.001000000001056378,0.0009999999943630655,0.0010000000002605702,0.0009999999982639451,0.0009999999957628347,0.00005916621484834002,0.00005917032946119482,1.7101489602071964,15.845751658914953,38.29935671246134,0.05432942175386046,0.00015990274432592537,0.00045647198954535594,0.0012018131791077956,0.0011389999999999814,0.0011389999999999736,0.0011389999999999814,0.0010013899999999798,0.0010013899999999835,0.0010013899999999835
2025-06-14T21:19:21Z,40.0400275314441,-75.1943918513412,56.23698725691065,27.612433726200834,84.3879488967359,0.20593268855554925,0.05869678543467671,0.26241672711330466,-1.3274255790602183,0.0010000000047654112,0.0010000000010990107,0.000999999994220957,0.0010000000004311005,0.0009999999982710506,0.0009999999961891604,0.000060165996121717823,0.00006017039686257447,1.7047175169987807,16.047258986567915,40.575566288526495,0.05438262793784887,0.0001607075033752035,0.0004661083396300948,0.001211798609708109,0.001139999999999982,0.0011399999999999737,0.0011399999999999822,0.0010013999999999809,0.0010013999999999843,0.0010013999999999843
2025-06-14T21:19:22Z,40.04040646353575,-75.19341677013354,56.32743040891364,29.701207300880924,84.90824822802097,0.21153484046044468,0.05843131964911663,0.26266136416234076,-1.327311030108831,0.001000000004481194,0.0010000000012837518,0.0009999999941641136,0.0010000000007153176,0.00099999999817868,0.000999999996192713,0.00006116577206951502,0.00006117047002671408,1.7017188664109044,16.26752472972475,42.95364589585173,0.054533863726051846,0.0001614334663365115,0.00047587961447224415,0.001221783285028742,0.0011409999999999812,0.0011409999999999738,0.0011409999999999812,0.0010014099999999812,0.001001409999999985,0.001001409999999985
2025-06-14T21:19:23Z,40.04083892239919,-75.19243886496947,56.391107943374664,31.812648913823068,85.42454822082072,0.2198306371228682,0.05793203514758716,0.2621303226223972,-1.3273261607828317,0.0010000000045664592,0.001000000001170065,0.000999999994022005,0.0010000000010279564,0.0009999999984700025,0.000999999996256662,0.00006216554424678037,0.00006217054930106263,1.7006860997992328,16.504874306074136,45.43383502547848,0.05471685357629141,0.0001619686486001996,0.0004857454253505173,0.0012317698655842455,0.00114199999999998,0.0011419999999999727,0.00114199999999998,0.0010014199999999812,0.0010014199999999846,0.0010014199999999846
2025-06-14T21:19:24Z,40.04130051378701,-75.19145407292035,56.44444306800142,33.93861921876669,85.95846996456385,0.2116299490480742,0.05707064989974242,0.26335085280879866,-1.3275182691868395,0.0010000000041685553,0.0010000000009853238,0.0009999999937093662,0.0010000000011274324,0.0009999999981999963,0.000999999996665224,0.00006316531421055972,0.00006317063501618774,1.701192581842672,16.75987133854612,48.010814968414316,0.05496084357561515,0.00016252260551470398,0.0004956711746031624,0.0012417495526549835,0.0011429999999999795,0.0011429999999999722,0.0011429999999999795,0.0010014299999999803,0.0010014299999999837,0.0010014299999999855
2025-06-14T21:19:25Z,40.04180141044557,-75.19046307350325,56.46293985331431,36.080983134452254,86.50854165572673,0.19316824573070335,0.056175115313635615,0.263062927104329,-1.3274805851833662,0.0010000000045522484,0.0010000000012837518,0.0009999999941072701,0.0010000000012269084,0.0009999999978376195,0.0009999999971093132,0.0000641650834703338,0.00006417072749020393,1.7028878960391582,17.031715362332434,50.683309602360595,0.05522284063523719,0.00016282998768087081,0.0005056227183013969,0.0012517353673117675,0.0011439999999999803,0.001143999999999971,0.0011439999999999805,0.0010014399999999793,0.0010014399999999845,0.0010014399999999854
2025-06-14T21:19:26Z,40.04232631948793,-75.18946360305077,56.45198227325454,38.230551997665316,87.07677921280265,0.16761496756407723,0.05562534009686715,0.26236736320061027,-1.3274067755410215,0.0010000000044669832,0.001000000001454282,0.0009999999943914872,0.0010000000013405952,0.0009999999983136831,0.0009999999974930063,0.00006516485346162119,0.0000651708270357723,1.7054194950339323,17.32011104628172,53.45023409850397,0.055491487372196446,0.00016299431268197584,0.0005155823199775956,0.0012617229905701947,0.0011449999999999813,0.001144999999999971,0.0011449999999999794,0.0010014499999999788,0.0010014499999999851,0.0010014499999999851
2025-06-14T21:19:27Z,40.042857591811995,-75.18845375724744,56.43216563342139,40.3794589699246,87.66158797871321,0.15624726303940406,0.05535451759124044,0.26173353935519117,-1.327376186309266,0.001000000004481194,0.0010000000012126975,0.000999999994505174,0.001000000001354806,0.0009999999983065777,0.0009999999974823481,0.0000661646254500241,0.00006617093396401966,1.7085158656802535,17.625541893150327,56.316163186389055,0.05576909398088392,0.00016306617634762163,0.0005255371396609194,0.0012717103793782776,0.0011459999999999819,0.0011459999999999706,0.001145999999999978,0.0010014599999999783,0.0010014599999999844,0.0010014599999999846
2025-06-14T21:19:28Z,40.043390354904886,-75.18743342020018,56.41270443703979,42.511255845893174,88.25021552760154,0.13968542515067384,0.055008446722695226,0.2611634831118863,-1.3273565628187498,0.0010000000041543444,0.001000000001454282,0.0009999999948746563,0.0010000000010279564,0.0009999999980720986,0.000999999997844725,0.000067164400505617,0.00006717104858716042,1.711845547015893,17.945469325012134,59.272974327949136,0.05597449397341259,0.00016305831004665008,0.0005354774109377012,0.0012816975960656268,0.0011469999999999825,0.0011469999999999712,0.0011469999999999768,0.0010014699999999791,0.0010014699999999835,0.0010014699999999852
2025-06-14T21:19:29Z,40.04395228428959,-75.18640468882376,56.36106237396598,44.65942344767973,88.85038680862635,0.12328956768578792,0.05455720467170977,0.26091270307369996,-1.3271990110370098,0.0010000000039411816,0.0010000000016816557,0.0009999999952157168,0.0010000000013405952,0.0009999999977594598,0.0009999999976386675,0.00006816417939591023,0.00006817117122199999,1.7151423199079432,18.280080769406517,62.32707155947766,0.056171208073824364,0.00016300943331902813,0.0005453956800814649,0.0012916840740359059,0.0011479999999999835,0.00114799999999997,0.0011479999999999765,0.001001479999999979,0.0010014799999999826,0.0010014799999999862
2025-06-14T21:19:30Z,40.04449527640785,-75.18536482587315,56.332361738197505,46.77617428870872,89.46327872946858,0.11155856779168971,0.054225017901899264,0.2600325476669241,-1.3271701134945033,0.001000000004381718,0.0010000000017953425,0.00099999999510203,0.0010000000017100774,0.0009999999977594598,0.0009999999980614405,0.00006916396257547965,0.00006917130219393324,1.718242155876977,18.631008280344865,65.47478788782878,0.05631251322095232,0.00016285187117999388,0.0005552935585140942,0.0013016730944324017,0.0011489999999999845,0.0011489999999999693,0.001148999999999977,0.00100148999999998,0.0010014899999999836,0.0010014899999999868
2025-06-14T21:19:31Z,40.045058245078536,-75.18431609334829,56.28050292422995,48.90758998086676,90.08264722768217,0.08934532268085604,0.05340569993632016,0.26030346821062267,-1.3269235930638388,0.001000000004395929,0.0010000000018806077,0.000999999995386247,0.0010000000014827037,0.0009999999978518304,0.0009999999979868335,0.00007016375025236808,0.00007017144184068069,1.7210663037041467,18.995342957763423,68.7199072950281,0.05646089543072663,0.00016275552059631,0.0005651665521675972,0.0013116574007671616,0.0011499999999999855,0.0011499999999999685,0.001149999999999978,0.0010014999999999803,0.0010014999999999837,0.0010014999999999872
2025-06-14T21:19:32Z,40.04562405980033,-75.1832580059989,56.22326246416196,51.036669578868896,90.69700731057674,0.07266146387610206,0.052860304721889406,0.26042250388127286,-1.327059164410457,0.0010000000041401336,0.0010000000020085054,0.0009999999956420424,0.0010000000016958666,0.0009999999977097218,0.000999999997780776,0.00007116354242730866,0.00007117159052236705,1.7236344056584592,19.37298754525903,72.06663451535294,0.0565885160255164,0.00016261472883180307,0.0005750212731491564,0.001321640484611026,0.0011509999999999852,0.0011509999999999687,0.0011509999999999773,0.0010015099999999806,0.0010015099999999843,0.001001509999999986
2025-06-14T21:19:33Z,40.04619425052895,-75.18219116913716,56.154467256274074,53.17457214696333,91.30648547410965,0.03969028382880424,0.052148145450246375,0.26124465200700797,-1.32704782676592,0.00100000000391276,0.001000000001653234,0.0009999999955283556,0.0010000000021079813,0.000999999997880252,0.0009999999976919582,0.00007216333894488455,0.00007217174861527102,1.7260028962651737,19.76271173786201,75.51330771545287,0.05674332863679554,0.00016251599996658034,0.0005848547493443605,0.0013316206860058656,0.0011519999999999842,0.001151999999999969,0.0011519999999999766,0.0010015199999999808,0.0010015199999999845,0.001001519999999987
2025-06-14T21:19:34Z,40.04673332646087,-75.18110592945128,57.699991528410465,51.71423093928024,93.64272913802415,3.221833060058998,-0.1412681301790144,1.4616703255451284,-1.3678830568824196,0.0010000000042253987,0.0010000000015395472,0.0009999999952441385,0.0010000000020653488,0.0009999999981360475,0.0009999999980756513,0.00007316313910066622,0.00007317191646656957,1.7075012624323185,20.56009364678299,79.20578024692834,0.04993181405452385,0.012186695203763063,0.0005949857991616185,0.012639281635907582,0.001152999999999983,0.001152999999999968,0.0011529999999999754,0.0010015299999999816,0.001001529999999985,0.0010015299999999877
2025-06-14T21:19:35Z,40.0476503077049,-75.17996563637296,50.37078714882955,55.72086472949013,97.9999517025426,-16.78890272299759,-3.094167548668338,0.43597469889573404,1.7975485614006175,0.0010000000040122359,0.0010000000018095534,0.000999999995585199,0.001000000002235879,0.0009999999982923669,0.0009999999982674979,0.0000741629352921682,0.00007417209166544144,1.7091214272527748,20.582666223561926,76.73262190115268,0.07611905477970693,0.00017617673045913684,0.0006058987709739038,0.0014386849108838783,0.001153999999999983,0.0011539999999999676,0.0011539999999999751,0.0010015399999999822,0.0010015399999999857,0.0010015399999999868
2025-06-14T21:19:36Z,40.04697111617845,-75.17898397010254,27.15746577945538,61.7743020337075,99.87345585227013,-32.79433287261054,-2.7548979780694935,0.23005076335721242,1.972903697984293,0.0010000000042822421,0.0010000000017669208,0.0009999999959404704,0.0010000000018806077,0.0009999999980863095,0.0009999999983634211,0.00007516273972060661,0.00007517227056744932,1.8075960239415672,20.78258763047273,76.12375721915127,0.11206259828658513,0.0001689097457291463,0.0005992353941339821,0.0014067135185722806,0.0011549999999999822,0.0011549999999999668,0.0011549999999999744,0.0010015499999999808,0.0010015499999999847,0.0010015499999999873
2025-06-14T21:19:37Z,40.04321419405423,-75.17983702170974,-4.72306431515608,67.83549798093736,92.96893722284585,-47.85123619856313,-2.716834879684029,0.2767557323386427,1.968638063990511,0.0010000000040122359,0.0010000000013121735,0.0009999999960967898,0.001000000002036927,0.0009999999983136831,0.0009999999985694785,0.0000761625929611745,0.00007617244756437108,2.0006657253632913,20.974613266362084,75.3203577924271,0.14755264252948558,0.00017347871769553402,0.0006030707247769468,0.00142401056377932,0.0011559999999999828,0.0011559999999999676,0.0011559999999999754,0.0010015599999999816,0.0010015599999999851,0.001001559999999988
2025-06-14T21:19:38Z,40.04179764016781,-75.18536854112253,-39.39428080106154,76.30685442499816,71.55129360500723,-60.05396015243605,-2.8074036857287865,0.2003658755475044,1.9258596258878242,0.0010000000037848622,0.0010000000016106014,0.0009999999959973138,0.0010000000016390231,0.0009999999983918428,0.0009999999985552677,0.00007716249497272755,0.00007717261476338341,2.262676013579302,21.34069879229118,74.61170155072712,0.1911665465813697,0.0001661611777508905,0.0006045102889308156,0.0014284082060104211,0.0011569999999999833,0.0011569999999999682,0.0011569999999999755,0.001001569999999981,0.0010015699999999846,0.001001569999999988
2025-06-14T21:19:39Z,40.05335752022712,-75.1981618756392,-69.81355745717883,90.00543272588402,33.05514646274969,-67.40661303978413,-2.9669550699472893,0.08212283711327473,1.8509082810633117,0.0010000000032022172,0.0010000000021932465,0.0009999999960257355,0.0010000000018663968,0.0009999999983136831,0.000999999999010015,0.00007816237578144066,0.00007817276673010394,2.579136577689307,21.92513164164501,74.53544818577619,0.24530016142850525,0.00015574054436276,0.0006030312591501334,0.0014342642680420662,0.001157999999999984,0.0011579999999999687,0.001157999999999976,0.0010015799999999815,0.0010015799999999852,0.0010015799999999887
2025-06-14T21:19:40Z,40.088197354688,-75.21947130962631,-89.30464652553201,110.74769100081176,-21.271627269452438,-68.43559192772955,3.097985776286805,-0.09276636254435289,1.753486812041956,0.0010000000028895784,0.0010000000030743195,0.0009999999965799589,0.001000000001837975,0.0009999999979086738,0.0009999999993226538,0.00007916212084581376,0.00007917289975846007,2.920478551227402,22.566080972783787,75.4746666796723,0.2977587856526493,0.00014314971676977756,0.0005984082600362739,0.001439669059173279,0.0011589999999999847,0.0011589999999999697,0.0011589999999999762,0.001001589999999982,0.0010015899999999854,0.0010015899999999888
2025-06-14T21:19:41Z,40.14897236416568,-75.24839433930622,-94.06411385070533,137.970526561141,-86.6274663778022,-63.116406217217445,2.849581087619299,-0.3029677135309612,1.64386750353151,0.0010000000018663968,0.0010000000040690793,0.0009999999974752427,0.0010000000024774636,0.0009999999976813,0.0009999999997631903,0.00008016162921342624,0.00008017301250811209,3.2168554407776857,22.972410284915618,77.4851175725144,0.32334704254010843,0.00012960947439753895,0.0005914529605019249,0.0014456264656196036,0.001159999999999985,0.0011599999999999707,0.0011599999999999755,0.0010015999999999827,0.0010015999999999847,0.0010015999999999884
2025-06-14T21:19:42Z,40.227137060283106,-75.28154942573276,-85.51523530390114,167.82838257588446,-155.14070180244744,-53.773913220036775,2.608119447802892,-0.526044129706861,1.544670253773802,0.001000000001354806,0.0010000000051633151,0.0009999999983847374,0.0010000000032590606,0.000999999997546297,0.0010000000003316245,0.0000811608882530353,0.00008117310993606758,3.3760795371541783,22.880639617649074,80.23161140543725,0.30295041965919217,0.00011811308114733714,0.0005831263524851345,0.0014520523625209483,0.001160999999999985,0.0011609999999999709,0.0011609999999999748,0.001001609999999983,0.001001609999999984,0.0010016099999999874
2025-06-14T21:19:43Z,40.3081081733249,-75.31436468606896,-69.83760313689709,195.04110518097878,-217.81326623260975,-44.18668932421133,2.3986681161622982,-0.7250210790443816,1.4678051373339258,0.001000000000672685,0.0010000000056322733,0.000999999999393708,0.0010000000038274948,0.000999999997063128,0.0010000000007011067,0.00008215999624055424,0.00008217320553362616,3.3493800870864776,22.252611945306466,83.29532530305903,0.25119523547859224,0.00010989671573243514,0.0005766193397469738,0.001459341301111796,0.0011619999999999844,0.00116199999999997,0.0011619999999999758,0.0010016199999999822,0.001001619999999983,0.0010016199999999867
2025-06-14T21:19:44Z,40.380800292511026,-75.34338959662477,-53.720770076382905,215.90001991204917,-267.76942483335733,-36.832132630515844,2.2302745030028746,-0.870979269813688,1.4110849619028158,0.0009999999997489795,0.0010000000061864966,0.001000000000388468,0.0010000000043390855,0.0009999999970418116,0.0010000000009782184,0.0000831590939423579,0.00008317331738043827,3.1803598095491363,21.31163875920957,86.5260033145235,0.20667958031371242,0.00010496390254572211,0.0005753377034924195,0.0014672988311498192,0.0011629999999999837,0.0011629999999999703,0.001162999999999975,0.0010016299999999817,0.0010016299999999825,0.001001629999999986
2025-06-14T21:19:45Z,40.441280536220454,-75.36722984248298,-40.77301745861769,229.1540962550789,-302.27676521986723,-32.022662648931146,2.0962459082948044,-0.9523027099203318,1.3692854416876798,0.0009999999989673825,0.0010000000068544068,0.001000000001070589,0.0010000000046659352,0.000999999997063128,0.0010000000015430999,0.00008415828436739926,0.00008417346079209493,2.973845051051011,20.260225438686405,89.92212933179411,0.19672119973596763,0.00010265517149486024,0.0005807551793835022,0.0014756690954200848,0.0011639999999999843,0.00116399999999997,0.0011639999999999739,0.0010016399999999814,0.0010016399999999816,0.001001639999999985
2025-06-14T21:19:46Z,40.489870056746305,-75.38568446583785,-31.274919379269704,234.83959049545228,-320.7010880187154,-28.7103159672115,1.983997116156388,-0.9664470202333177,1.3372306771780131,0.0009999999987684305,0.0010000000070959914,0.0010000000015821797,0.0010000000050069957,0.000999999997112866,0.0010000000019445565,0.00008515761649583856,0.00008517364464128181,2.838404898167368,19.23120748276902,93.43805397000894,0.22821801566831057,0.00010198750474815423,0.0005905511913148599,0.0014843679293435102,0.001164999999999984,0.0011649999999999688,0.0011649999999999727,0.001001649999999981,0.001001649999999981,0.0010016499999999844
2025-06-14T21:19:47Z,40.52759916628028,-75.39869100781107,-23.36945964396,233.38361940719187,-322.7572068423033,-25.514834401430562,1.8840416073799133,-0.912055868182506,1.314444640171132,0.000999999998327894,0.001000000007124413,0.001000000002036927,0.0010000000053338454,0.0009999999966083806,0.001000000002136403,0.00008615710755106958,0.00008617387068625027,2.8503829687398183,18.260318547003656,96.83987729216348,0.288889988356885,0.0001015930711261832,0.0005977536417596785,0.0014937509380751422,0.0011659999999999828,0.0011659999999999674,0.0011659999999999733,0.0010016599999999802,0.0010016599999999802,0.0010016599999999837
2025-06-14T21:19:48Z,40.55459983871803,-75.40609406158869,-14.505004444392398,225.94085385277867,-309.0015119872987,-21.31805052072741,1.7997194877680158,-0.7963130539792473,1.28839167219121,0.0009999999982852614,0.0010000000074086302,0.0010000000020085054,0.001000000005461743,0.000999999996565748,0.001000000002633783,0.00008715675717044939,0.00008717413152433528,3.0192045769644076,17.31624501589251,99.71598905702376,0.3484615346782356,0.00010291577141476243,0.0005910853262441536,0.0015025878862798825,0.001166999999999982,0.0011669999999999667,0.0011669999999999743,0.0010016699999999793,0.0010016699999999793,0.0010016699999999827
2025-06-14T21:19:49Z,40.57083596877247,-75.40834967986875,-3.102959032636136,215.03049403242767,-283.1714463979006,-16.030192587524652,1.7299266145564616,-0.6410341101218364,1.2699534373241477,0.0009999999984842134,0.0010000000073802084,0.0010000000016674448,0.0010000000057317493,0.000999999996068368,0.0010000000030885303,0.00008815654046411033,0.00008817441005775942,3.2563437922306244,16.376246760584117,101.52361167705638,0.36980632030579796,0.00010532440242043006,0.0005622629726930013,0.0015118149545692082,0.0011679999999999818,0.0011679999999999666,0.001167999999999974,0.0010016799999999792,0.0010016799999999792,0.0010016799999999827
2025-06-14T21:19:50Z,40.57781689484803,-75.40717479311625,10.293850351125002,203.4481488149613,-252.54502788558602,-10.31725320208352,1.6945444168377435,-0.470703808034159,1.221318077587057,0.0009999999983705266,0.0010000000075365278,0.0010000000013832278,0.0010000000062291292,0.0009999999962744255,0.0010000000034580125,0.00008915640270548704,0.00008917468763879088,3.4094604768127432,15.50324746214773,101.70344779377287,0.3349442936532634,0.00010784598565400154,0.0005133372893052379,0.0015202306999208199,0.0011689999999999815,0.0011689999999999659,0.0011689999999999737,0.0010016899999999787,0.0010016899999999787,0.0010016899999999822
2025-06-14T21:19:51Z,40.57871489005046,-75.40493169629383,23.34721191227436,195.48516055941582,-224.92470184527338,-5.730216667812783,1.6852843762317207,-0.2946062240807805,1.0355753069161437,0.0009999999980863095,0.0010000000076786364,0.0010000000013263843,0.0010000000065559789,0.0009999999965444317,0.0010000000036676227,0.00009015628010188163,0.00009017495743647061,3.3792981622456333,14.787224931129453,101.32500916751995,0.2618234437281326,0.000114981692210353,0.00045192508193994007,0.001529909437089567,0.0011699999999999818,0.0011699999999999664,0.0011699999999999742,0.0010016999999999782,0.0010016999999999782,0.0010016999999999817
2025-06-14T21:19:52Z,40.57692263365465,-75.40335475635888,33.78182171517983,192.13685565441847,-204.78593555279076,-3.0206879353208933,1.6504272949096048,-0.11050435427296179,0.7203659608712769,0.000999999998029466,0.0010000000073944193,0.0010000000009853238,0.0010000000063996595,0.0009999999968925977,0.0010000000041578971,0.00009115612568289776,0.00009117522718943177,3.187856464335387,14.254806562787419,101.20253660396266,0.19060697279500236,0.0001531149158246441,0.0003657468069825882,0.0015436299436411922,0.0011709999999999809,0.0011709999999999657,0.0011709999999999735,0.0010017099999999775,0.0010017099999999773,0.001001709999999981
2025-06-14T21:19:53Z,40.574681993932735,-75.40298872508718,40.91631798213348,192.10459814034402,-192.08310971967876,-1.8444905232317979,1.5340064833144424,0.026782234694337603,0.29584609089943115,0.0009999999979868335,0.0010000000070107262,0.0010000000008147936,0.0010000000062717618,0.0009999999965231154,0.0010000000042573731,0.00009215591770799177,0.00009217550930596373,2.9239365275120566,13.880101755323446,101.64790004915075,0.14072760426772943,0.00023577460238935943,0.00025114546724898146,0.0015562506488404058,0.0011719999999999814,0.0011719999999999663,0.0011719999999999738,0.001001719999999978,0.001001719999999978,0.0010017199999999816
2025-06-14T21:19:54Z,40.57284124627873,-75.40362948721128,45.34972749883309,193.60896643064916,-185.77093726955354,-1.47039226932975,1.3995486717758467,0.08971361177464132,-0.12846205715140968,0.000999999997731038,0.0010000000073375759,0.0010000000005874199,0.00100000000624334,0.0009999999966439077,0.001000000004271584,0.00009315564950243142,0.00009317581190446085,2.6789767379042893,13.537962555765814,102.55360713399338,0.11935043618928184,0.0003106227412545586,0.00016092191971077947,0.001566348297630699,0.0011729999999999816,0.0011729999999999662,0.001172999999999974,0.001001729999999977,0.0010017299999999785,0.0010017299999999806
2025-06-14T21:19:55Z,40.57157613674603,-75.40493082501115,48.03762056166306,194.6625526174903,-182.94167604111135,-1.1263130835432094,1.3406559305876726,0.08984090982175985,-0.2739150767229148,0.0009999999979726226,0.001000000007024937,0.001000000000388468,0.0010000000061154424,0.0009999999963596906,0.001000000004495405,0.00009415531954550466,0.00009417613599846069,2.492709525014356,13.279854420054374,103.21624085984419,0.10673357405906772,0.00031850393707677884,0.0001465170255758562,0.0015754158174087023,0.0011739999999999808,0.0011739999999999652,0.001173999999999973,0.0010017399999999775,0.0010017399999999775,0.001001739999999981
2025-06-14T21:19:56Z,40.570749336594034,-75.40659600878904,49.797908483073115,196.3173796441406,-181.9494450688362,-0.9792077922684257,1.3238982376788044,0.08368039749620948,-0.2776797102233104,0.0009999999977594598,0.0010000000070959914,0.0010000000001610942,0.0010000000063143943,0.000999999996217582,0.0010000000042325041,0.000095154925522747,0.00009517647901453672,2.355815328957725,13.102203859508798,104.34896972595719,0.09907038467155058,0.000310598603304612,0.00015463871517065053,0.001584993747528802,0.0011749999999999812,0.0011749999999999658,0.0011749999999999736,0.001001749999999978,0.001001749999999978,0.0010017499999999814
2025-06-14T21:19:57Z,40.57027648940131,-75.40846785248006,50.91225584316999,198.58511457405984,-181.17990250326693,-0.9634340104457806,1.3214181715011364,0.0785084539820673,-0.2901256571894919,0.0009999999977026164,0.0010000000072381,0.0010000000005021548,0.001000000006342816,0.0009999999963099526,0.0010000000042502677,0.00009615446382352833,0.00009617683909009444,2.24861857214237,13.039330378073574,105.99005774861398,0.09160415379249043,0.00030924622890156594,0.00016069075837825248,0.001594659849638303,0.0011759999999999804,0.001175999999999965,0.0011759999999999729,0.001001759999999977,0.0010017599999999772,0.001001759999999981
2025-06-14T21:19:58Z,40.57007693023353,-75.41046718775509,51.507010569330305,201.0905052255839,-180.06630164943635,-1.0839443453005515,1.313116285178694,0.07626209812497109,-0.351163343348162,0.0009999999977878815,0.0010000000072949433,0.0010000000003032028,0.0010000000062291292,0.0009999999962602146,0.0010000000042147406,0.00009715393255483869,0.00009717721559409201,2.154297779181424,13.078258934713144,107.94260219319582,0.0848327202075948,0.0003199788460666391,0.00015785190022877082,0.0016043006604331805,0.00117699999999998,0.0011769999999999647,0.0011769999999999723,0.0010017699999999776,0.0010017699999999774,0.0010017699999999813
2025-06-14T21:19:59Z,40.56992689243854,-75.41256479371083,51.78718043817207,203.60606982000172,-178.89662983827293,-1.1678794462786755,1.3138578986981884,0.07805445215035434,-0.417018373231258,0.0009999999980010443,0.0010000000073659976,0.0010000000005305765,0.001000000005959123,0.0009999999964733775,0.00100000000458067,0.00009815332357704494,0.00009817760800456395,2.0715830167245852,13.179355738157218,110.14386254209627,0.08180111994553313,0.00033488538151917914,0.0001533966730140589,0.0016140391411021754,0.0011779999999999805,0.0011779999999999653,0.001177999999999973,0.0010017799999999784,0.0010017799999999775,0.0010017799999999819
2025-06-14T21:20:00Z,40.56972076988586,-75.4147744766342,51.84095017937943,206.18636374175549,-178.10405041463673,-1.3056116488733096,1.3123216187668731,0.07714431936256005,-0.42412931169747026,0.000999999997944201,0.0010000000071954673,0.0010000000007295284,0.001000000006143864,0.0009999999967931217,0.0010000000049110724,0.00009915262047397446,0.00009917801413806293,2.0103886196404437,13.306836886628696,112.64536813994627,0.08344981211694608,0.00034367988257348717,0.00015652988915842232,0.001623934866942503,0.0011789999999999802,0.0011789999999999646,0.0011789999999999724,0.0010017899999999792,0.0010017899999999764,0.0010017899999999827
2025-06-14T21:20:01Z,40.56934515158656,-75.4171188390152,51.615098778158426,209.87057548947632,-176.87908322550356,-1.6713974743470317,1.301598618796561,0.05169324725147817,-0.5111935754175647,0.0009999999980720986,0.0010000000072949433,0.0010000000008290044,0.0010000000061722858,0.0009999999969778628,0.001000000004605539,0.00010015180739260734,0.00010017842980461059,1.9844928921933416,13.48325267749553,116.10571855159057,0.09708612246197973,0.00036405038151882596,0.0001475954700679148,0.0016335804162022304,0.0011799999999999795,0.001179999999999964,0.0011799999999999719,0.001001799999999979,0.0010017999999999755,0.0010017999999999824
2025-06-14T21:20:02Z,40.568687531601775,-75.41965651776107,51.03500484768301,213.68007560819387,-177.62224104441702,-2.1335286997491494,1.2051108566811308,-0.019053571593985907,-0.9609734018522431,0.000999999997944201,0.0010000000071954673,0.0010000000006868959,0.0010000000061864966,0.0009999999972336582,0.0010000000042929003,0.0001011508801694857,0.00010117884773521235,2.0141452683307,13.578924513893444,119.91088585868206,0.11367224549008675,0.0003764680278586237,0.00014579756483710284,0.0016455670289659305,0.0011809999999999787,0.0011809999999999633,0.0011809999999999711,0.001001809999999978,0.0010018099999999763,0.0010018099999999832
2025-06-14T21:20:03Z,40.5674899027039,-75.42250520940426,50.34841340081766,217.14055922441185,-179.3517238870263,-2.388740818016231,1.1646771661471575,-0.12702902018827444,-1.4490060419630026,0.0009999999978731466,0.0010000000074086302,0.0010000000008574261,0.001000000006058599,0.0009999999972905016,0.0010000000039163126,0.00010214987326375464,0.00010217925932987294,2.093596554101494,13.642129509616144,123.7522453085403,0.12671633066547824,0.00028638421449804323,0.0002482836938287621,0.0016645395421925062,0.0011819999999999793,0.001181999999999964,0.0011819999999999717,0.001001819999999977,0.001001819999999976,0.0010018199999999831
2025-06-14T21:20:04Z,40.56574929377733,-75.42572173074663,49.88027800945565,219.65020138211548,-181.09608803503215,-2.425734964199364,1.1612472251144936,-0.17711273688655638,-1.724856011889642,0.0009999999980010443,0.001000000007522317,0.0010000000006442633,0.001000000006158075,0.0009999999971412876,0.001000000003575252,0.00010314886437827743,0.0001031796627441856,2.189283258149533,13.70652928913662,127.14880194291123,0.13150867803501606,0.00021397178681306514,0.0003262146546909871,0.001677326996917807,0.0011829999999999788,0.0011829999999999634,0.0011829999999999712,0.0010018299999999766,0.0010018299999999757,0.0010018299999999826
2025-06-14T21:20:05Z,40.56379684685049,-75.4292340671484,49.78008117387071,221.66137810237706,-182.4202889930457,-2.2666440221946687,1.1789602059143363,-0.1760838279606105,-1.7764624734263634,0.000999999997944201,0.0010000000076075821,0.0010000000005874199,0.0010000000064280812,0.0009999999969210194,0.0010000000033123513,0.00010414792128724912,0.00010418006262504067,2.27110920601301,13.776578239175741,130.31017096410363,0.13294530612722705,0.0001945419238458345,0.00034478185514499226,0.0016860198532207007,0.0011839999999999785,0.001183999999999963,0.0011839999999999709,0.0010018399999999756,0.0010018399999999748,0.0010018399999999817
2025-06-14T21:20:06Z,40.56190759418121,-75.43294926483759,50.08419118868187,223.25692614354193,-184.1213464681059,-2.0337212570011616,1.1915022679022513,-0.15243858052053838,-1.7423065043840325,0.0009999999978731466,0.0010000000073375759,0.0010000000003600462,0.0010000000063996595,0.0009999999971057605,0.0010000000033123513,0.00010514706850693816,0.00010518046419724121,2.325817038500971,13.815190361090645,133.20753580976546,0.12956348950188418,0.0001909585553168278,0.0003440827081707174,0.0016936305575023323,0.001184999999999977,0.0011849999999999636,0.0011849999999999714,0.0010018499999999762,0.0010018499999999752,0.0010018499999999808
2025-06-14T21:20:07Z,40.56028170858706,-75.43677060726833,50.69401533110067,224.48138526640832,-186.32725153304636,-1.7989686876971973,1.2076265898067504,-0.14761006318622094,-1.7329784954054048,0.0009999999977026164,0.0010000000071670456,0.0010000000003032028,0.0010000000064138703,0.0009999999970915496,0.001000000003266166,0.00010614630113927433,0.0001061808712563017,2.3456725628666155,13.816969561059098,135.8001755344168,0.1211980996078944,0.00018271126660722388,0.00034779673462515166,0.001702876396869391,0.001185999999999978,0.0011859999999999625,0.0011859999999999703,0.0010018599999999757,0.0010018599999999755,0.00100185999999998
2025-06-14T21:20:08Z,40.5589300677613,-75.44064641778968,51.59533161530271,225.440793113783,-188.8597664590925,-1.4630971374717774,1.2180011866730638,-0.1494800306900288,-1.7393167371483287,0.0009999999974326101,0.0010000000074796844,0.0010000000004168896,0.0010000000065844006,0.0009999999970702333,0.001000000003216428,0.00010714560244146698,0.00010718128833648993,2.3296812159583307,13.797756468926178,138.17110782029047,0.11010792196190644,0.00017258544983747665,0.00035372425936533284,0.001712600614175133,0.0011869999999999787,0.001186999999999963,0.0011869999999999708,0.0010018699999999763,0.0010018699999999763,0.0010018699999999798
2025-06-14T21:20:09Z,40.55792711134434,-75.44447274862641,52.7492252108641,226.08838183246553,-191.4921787213534,-1.0176097524235956,1.234809162793681,-0.1344781245370541,-1.7537599990755552,0.0009999999974183993,0.0010000000078349558,0.0010000000004168896,0.0010000000069680937,0.0009999999975889295,0.0010000000029251055,0.0001081449500224754,0.00010818171996627289,2.281718241156243,13.770711439171725,140.27428053954134,0.09698424170356285,0.00016223056751624819,0.0003603070446007913,0.0017212354805946684,0.0011879999999999781,0.0011879999999999627,0.0011879999999999705,0.0010018799999999767,0.0010018799999999767,0.0010018799999999804
2025-06-14T21:20:10Z,40.5573088599963,-75.44815583392108,53.95044010085985,226.91494651138783,-193.9729633461684,-0.8259328990316135,1.2378406001080293,-0.12397200307168532,-1.7626274953508982,0.0009999999971341822,0.0010000000078633775,0.0010000000007011067,0.0010000000070107262,0.0009999999977168272,0.001000000002683521,0.00010914431759403934,0.00010918216969068056,2.212182141260122,13.738332859116724,142.4180360576725,0.08596484254024112,0.00015520838644671216,0.0003658915637056366,0.001730411325974292,0.0011889999999999785,0.0011889999999999633,0.0011889999999999711,0.0010018899999999769,0.0010018899999999767,0.0010018899999999806
2025-06-14T21:20:11Z,40.55689045171244,-75.451736062003,55.21454175468534,227.68735005892813,-196.29729144461453,-0.4845104855230602,1.2580439330777153,-0.12978995974117424,-1.7714035608805716,0.0009999999970204954,0.0010000000075933713,0.0010000000009284804,0.0010000000070675696,0.0009999999977097218,0.0010000000027474698,0.00011014367959295342,0.0001101826396629843,2.1324743423031465,13.719765887420563,144.55736463868269,0.0760623106800401,0.0001509276094610624,0.0003717237311856877,0.0017405587996290718,0.0011899999999999778,0.0011899999999999643,0.0011899999999999717,0.0010018999999999764,0.0010018999999999755,0.00100189999999998
2025-06-14T21:20:12Z,40.556700661332684,-75.4551654906471,56.482362234033644,228.37601857073605,-198.2479698676616,-0.2760674100500182,1.2528015202988172,-0.12100377833849052,-1.767318128622719,0.000999999996864176,0.0010000000073659976,0.001000000000871637,0.0010000000072807325,0.0009999999980152552,0.001000000002310486,0.00011114301308040297,0.00011118313069499977,2.048291823921253,13.715195746832217,146.63117646417768,0.0672521743827415,0.0001490697161285169,0.0003769470939692469,0.0017500603348986465,0.0011909999999999783,0.0011909999999999638,0.0011909999999999714,0.0010019099999999757,0.0010019099999999757,0.0010019099999999791
2025-06-14T21:20:13Z,40.55668760543276,-75.45845328291237,57.79710746742785,229.17156662978232,-199.78912254981697,0.11743442029001017,1.2665923302120063,-0.12278258698097488,-1.7598117913730675,0.0009999999966794348,0.0010000000072523108,0.001000000001155854,0.0010000000073091542,0.000999999997894463,0.0010000000020724542,0.00011214229173188696,0.00011218364268610572,1.9651377533869667,13.73628014833135,148.85628411293735,0.060375781551900654,0.0001490896073569231,0.0003828184558353985,0.001760124831758394,0.0011919999999999774,0.0011919999999999628,0.0011919999999999706,0.0010019199999999765,0.0010019199999999765,0.00100191999999998
2025-06-14T21:20:14Z,40.5567616377798,-75.4616369081227,59.16112856566906,229.829738965258,-200.97155687399209,0.21577688565776043,1.2669961397332372,-0.1282968055420497,-1.7520234463590896,0.0009999999967078566,0.001000000007039148,0.001000000001070589,0.0010000000069823045,0.0009999999976386675,0.0010000000023175915,0.00011314148573207203,0.00011318417454813748,1.8859294957121324,13.770539776531376,151.00090003220538,0.054149962860670864,0.0001502332419963365,0.00038952787664522595,0.0017703862188294694,0.0011929999999999784,0.001192999999999963,0.0011929999999999703,0.0010019299999999773,0.0010019299999999773,0.0010019299999999799
2025-06-14T21:20:15Z,40.55701084546925,-75.4646922238272,60.41715254727751,230.80587484501302,-202.21714373491704,0.3700678260247514,1.2636821249616332,-0.13070986273487506,-1.7422605864558136,0.0009999999969778628,0.0010000000069965154,0.0010000000008147936,0.0010000000071954673,0.000999999997496559,0.0010000000022287736,0.00011414055977622688,0.00011418472468577033,1.8127680381691311,13.817030387824458,153.4481175559835,0.04988940711520001,0.00015219640879641873,0.0003967897287619008,0.0017805300468436995,0.0011939999999999778,0.0011939999999999627,0.0011939999999999703,0.0010019399999999772,0.0010019399999999772,0.0010019399999999807
2025-06-14T21:20:16Z,40.55756442346359,-75.467596433269,61.59295934392139,231.77587386779487,-203.26930275000632,0.5709985626526759,1.2717379595997045,-0.10512480542092817,-1.742096702582785,0.0009999999969068085,0.0010000000072949433,0.001000000000772161,0.0010000000072807325,0.0009999999972336582,0.0010000000024312783,0.00011513947908773218,0.00011518529247326078,1.7471697060955393,13.882595111363248,155.9371778254579,0.04625804039071402,0.00015317203873363523,0.0004052634393274089,0.001789488531619523,0.0011949999999999775,0.001194999999999962,0.0011949999999999697,0.0010019499999999767,0.0010019499999999767,0.0010019499999999802
2025-06-14T21:20:17Z,40.55824383218538,-75.47042774428188,62.75477526290342,232.82660419121385,-204.24711278639734,0.6107282610610127,1.267676081333775,-0.0993972437318007,-1.7326286100433208,0.0009999999966936457,0.0010000000074512627,0.001000000000871637,0.0010000000070959914,0.0009999999970844442,0.0010000000025627287,0.00011613821333503995,0.00011618587839933612,1.6891070802071235,13.961421218396282,158.54959573839488,0.043710894639191256,0.0001559800071616706,0.00041363785820181285,0.0017993455222619864,0.0011959999999999766,0.0011959999999999612,0.001195999999999969,0.0010019599999999756,0.0010019599999999756,0.001001959999999979
2025-06-14T21:20:18Z,40.55899679884289,-75.47321249795061,63.91805712133646,233.66555415280163,-205.34698822535574,0.7556394793718937,1.2699422711739317,-0.0911329299224235,-1.7308191639749566,0.0009999999968073325,0.0010000000073091542,0.001000000001170065,0.0010000000071954673,0.0009999999973189233,0.0010000000027616807,0.00011713673073460797,0.00011718648323327069,1.637674553537371,14.059579396202967,161.12029832215808,0.04143344642218777,0.00015861494676625557,0.0004229176920481338,0.0018091085951652448,0.0011969999999999774,0.001196999999999962,0.0011969999999999696,0.0010019699999999757,0.0010019699999999757,0.0010019699999999792
2025-06-14T21:20:19Z,40.56010943932673,-75.47588699308953,64.99719040002674,234.4981017243117,-206.12970612756908,0.7727460294918274,1.2646483160206117,-0.09602581945364363,-1.731500472087646,0.0009999999967647,0.0010000000073375759,0.001000000001056378,0.001000000007039148,0.0009999999969565465,0.0010000000028043132,0.00011813499622695507,0.00011818710843783321,1.5919327562091055,14.17945726688398,163.72721843355416,0.03953174174630297,0.00016178934082199855,0.00043268308195711455,0.001819309477551686,0.0011979999999999775,0.0011979999999999621,0.0011979999999999697,0.0010019799999999757,0.0010019799999999757,0.0010019799999999794
2025-06-14T21:20:20Z,40.56154495882754,-75.4784779326367,66.02946678176522,235.4192713368684,-206.95440369285643,0.9072552468860522,1.2666940195631469,-0.09818700851246831,-1.7356512826954713,0.0009999999968783868,0.0010000000074370519,0.001000000001269541,0.0010000000066128223,0.0009999999966936457,0.001000000002918,0.00011913296502200303,0.00011918775548838327,1.5528567964820614,14.3263920885051,166.4997738883893,0.038593809767008325,0.00016497133890140423,0.00044284017699400827,0.0018294020505619352,0.0011989999999999785,0.001198999999999963,0.0011989999999999698,0.0010019899999999748,0.0010019899999999748,0.0010019899999999782
2025-06-14T21:20:21Z,40.56339036513413,-75.48098601611953,67.00700683146715,236.58570896275342,-207.79157140664756,0.9035019406946958,1.251432490782463,-0.09598826191631815,-1.746380756245344,0.000999999997063128,0.0010000000076360038,0.0010000000010990107,0.0010000000067549308,0.000999999996899703,0.0010000000027901024,0.00012013059315662855,0.00012018842579727429,1.52280497733452,14.496268298619036,169.49100762789712,0.03887107150576263,0.0001679347196072719,0.000453336069879574,0.001839307426775154,0.001199999999999979,0.0011999999999999635,0.00119999999999997,0.0010019999999999758,0.0010019999999999756,0.0010019999999999784
2025-06-14T21:20:22Z,40.56565919481099,-75.48342713089822,67.83971401955932,237.74416243471205,-208.63356541469693,0.8181515382893849,1.2436791750515113,-0.09231641628502985,-1.7588233686692547,0.0009999999969352302,0.001000000007522317,0.0010000000010421672,0.001000000006925461,0.0009999999967718054,0.0010000000032270862,0.0001211278571211094,0.00012118912141201584,1.5026496017052489,14.693213888957134,172.49100827401256,0.039462489163843095,0.00017097003738718512,0.0004636812640876396,0.0018491370982469234,0.0012009999999999783,0.001200999999999963,0.0012009999999999708,0.001002009999999975,0.001002009999999975,0.0010020099999999777
2025-06-14T21:20:23Z,40.56837423502671,-75.48581301802794,68.61082132160664,238.97541124932468,-209.36621045134962,0.9582244235352846,1.2410264317732072,-0.09546233323180786,-1.7624762972991448,0.0009999999967789108,0.0010000000071670456,0.0010000000011984866,0.001000000006939672,0.0009999999966225914,0.0010000000033940637,0.0001221247547493006,0.0001221898445094513,1.4910168567572137,14.930041433380724,175.60421758468007,0.03993319873144563,0.00017466450500858,0.00047321922905367705,0.0018592182176912525,0.0012019999999999785,0.001201999999999964,0.0012019999999999718,0.0010020199999999754,0.0010020199999999754,0.0010020199999999772
2025-06-14T21:20:24Z,40.57160456474041,-75.48814813981,69.3488722378388,240.2761185783893,-210.15031796507537,0.9349976117446204,1.2369179658708163,-0.07579853801053105,-1.744777765663457,0.0009999999966368023,0.0010000000069965154,0.0010000000013263843,0.001000000007024937,0.0009999999965373263,0.0010000000033336676,0.00012312129785620817,0.00012319059669213282,1.4862546683982139,15.193823019081739,178.70159342101837,0.040471399806490505,0.00017883923099731646,0.00048097466295597647,0.0018684785696033335,0.001202999999999979,0.0012029999999999634,0.0012029999999999712,0.0010020299999999747,0.0010020299999999747,0.0010020299999999773
2025-06-14T21:20:25Z,40.575525570653504,-75.49042496319275,69.93985000997782,241.67368477396667,-210.99134763143957,0.8969615938040079,1.2263701184856473,-0.07427156849098537,-1.721348381965072,0.000999999996665224,0.001000000007223889,0.0010000000011842758,0.001000000007124413,0.000999999996381007,0.0010000000032768241,0.00012411751770274667,0.00012419137890251692,1.4866166770751439,15.490410853306496,181.79753631286573,0.04083779339191862,0.0001844739848474251,0.0004870020894244383,0.0018783663410599837,0.0012039999999999787,0.0012039999999999623,0.00120399999999997,0.0010020399999999753,0.0010020399999999753,0.0010020399999999762
2025-06-14T21:20:26Z,40.579791163445535,-75.49269869998366,70.45913225971162,243.2834903653711,-212.14033126831055,0.8879176486007054,1.2262850764673203,-0.08198533357335691,-1.7205872374761384,0.0009999999964520612,0.0010000000072949433,0.0010000000012979626,0.0010000000068970394,0.0009999999965231154,0.0010000000031489265,0.00012511346501635853,0.0001251921918764056,1.4925166551065885,15.823887851254234,185.00189252528915,0.04243449216809281,0.00018887744912295462,0.0004936191094925144,0.0018885704105213869,0.0012049999999999778,0.001204999999999961,0.001204999999999969,0.0010020499999999742,0.0010020499999999742,0.0010020499999999768
2025-06-14T21:20:27Z,40.58429203841193,-75.49498767129809,70.87210965529084,244.76720576919615,-213.36089430563152,0.7491100019178702,1.2253580780234188,-0.09331102872874908,-1.7245924232556717,0.0009999999963241635,0.0010000000071812565,0.0010000000011274324,0.0010000000067122983,0.0009999999967789108,0.001000000003092083,0.00012610922544856003,0.00012619303649559745,1.5036592374376498,16.186312680682764,187.98853025207822,0.0435313987126682,0.00019292708517544639,0.0004997961438280541,0.0018990002184077878,0.0012059999999999781,0.00120599999999996,0.0012059999999999695,0.001002059999999974,0.001002059999999974,0.0010020599999999774
2025-06-14T21:20:28Z,40.589038988202084,-75.49729639863452,71.1588586345315,246.38846579380333,-214.78210210613906,0.716313598844863,1.2245074917009333,-0.09711507606061787,-1.7316926981002325,0.000999999996068368,0.001000000006939672,0.0010000000014969146,0.0010000000065133463,0.0009999999966510131,0.0010000000031489265,0.00012710490201189043,0.00012719391366945886,1.5187078615260756,16.590805833982014,191.01853387449523,0.04521851551191047,0.00019625936572613675,0.0005054922408114959,0.0019091291991121537,0.0012069999999999791,0.0012069999999999596,0.0012069999999999702,0.0010020699999999736,0.0010020699999999734,0.001002069999999977
2025-06-14T21:20:29Z,40.59378710025832,-75.49965044767785,71.37220831308514,247.71426733396947,-216.2827537562698,0.6112591981291189,1.216747795639094,-0.09452643014537898,-1.740789199466235,0.000999999996167844,0.0010000000069112502,0.0010000000016674448,0.0010000000067691417,0.000999999996416534,0.0010000000029037892,0.00012810059917535196,0.00012819482371624665,1.5359400089741448,17.029105261637866,193.69389368869145,0.04606749663662113,0.00019889556469849116,0.0005107097272497987,0.0019189306570961118,0.001207999999999978,0.0012079999999999585,0.0012079999999999702,0.0010020799999999727,0.0010020799999999727,0.0010020799999999764
2025-06-14T21:20:30Z,40.59841488692633,-75.50205936835323,71.6314020678401,248.84061376936734,-217.83371934853494,0.7842599715004326,1.2254447903833352,-0.08455967946792953,-1.7364753039146308,0.000999999996167844,0.0010000000067265091,0.0010000000018237643,0.0010000000068828285,0.0009999999962602146,0.0010000000032057699,0.0001290964032368444,0.00012919576622517744,1.5517590993941848,17.52214155130698,196.18607976865357,0.04636633411165836,0.00020270493280851988,0.0005136315779663271,0.0019283385959902068,0.0012089999999999775,0.0012089999999999582,0.0012089999999999699,0.001002089999999973,0.001002089999999973,0.0010020899999999768
2025-06-14T21:20:31Z,40.60319953615905,-75.5045066037885,71.86832561716437,249.975867819041,-219.43980048783123,0.6500730650441255,1.2101400588144315,-0.06353669476902724,-1.7249975768354489,0.0009999999961252115,0.0010000000068259851,0.0010000000017242883,0.0010000000069680937,0.000999999996615486,0.0010000000029783962,0.0001300923485739452,0.0001301967403082274,1.5644280312201229,18.039632132332834,198.48181439113688,0.04625323535223269,0.0002075144626377154,0.0005145247079734113,0.0019371840275173218,0.001209999999999977,0.0012099999999999574,0.0012099999999999691,0.0010020999999999732,0.0010020999999999732,0.0010020999999999767
2025-06-14T21:20:32Z,40.607996696427364,-75.50700429524524,72.02839270886034,250.66606845334172,-221.34224052540958,0.6629644379063393,1.2130909580737352,-0.06288930995106057,-1.723689923659549,0.0009999999962104766,0.001000000006939672,0.0010000000019232402,0.0010000000072949433,0.0009999999965231154,0.00100000000295708,0.00013108844577041653,0.00013119774440687699,1.5733482686631364,18.619048071286972,200.33144170298732,0.04626791127535401,0.00021184405659863375,0.0005158569636850706,0.0019470611086623952,0.0012109999999999762,0.001210999999999957,0.0012109999999999684,0.0010021099999999732,0.0010021099999999732,0.0010021099999999766
2025-06-14T21:20:33Z,40.612775994983934,-75.5095574611449,72.15913887415081,251.1784577704966,-223.4048359338194,0.6090750615112484,1.2068228417192586,-0.06407985833629937,-1.7472079482249683,0.0009999999959120487,0.0010000000067833525,0.0010000000018095534,0.0010000000073802084,0.0009999999963881123,0.0010000000031702427,0.00013208467134449844,0.00013219877687449552,1.5796301462919238,19.250825200921376,201.8796107543395,0.046792799570142485,0.00021237736192441286,0.0005204283833225242,0.0019570559944909463,0.0012119999999999768,0.0012119999999999555,0.0012119999999999692,0.0010021199999999731,0.0010021199999999731,0.0010021199999999766
2025-06-14T21:20:34Z,40.617435403793635,-75.51217255564939,72.25725308060646,251.91523207351565,-225.63818067125976,0.5644075644595432,1.2017241069552256,-0.06875097666579677,-1.7890588034206303,0.0009999999958694161,0.0010000000067975634,0.0010000000015821797,0.0010000000076644255,0.0009999999962957418,0.0010000000033620893,0.0001330809711259938,0.00013319983670709995,1.5877637725748497,19.949506239153823,203.43403151597036,0.0487746072862284,0.00021034265095730228,0.0005268873209807219,0.0019672902512746187,0.0012129999999999762,0.0012129999999999557,0.0012129999999999687,0.0010021299999999722,0.0010021299999999722,0.0010021299999999757
2025-06-14T21:20:35Z,40.622074203641425,-75.51485334987024,72.3227110542357,251.66087474673986,-228.24093084596097,0.5518223658145871,1.1848655602079816,-0.09585882472765661,-1.9185750428732717,0.0009999999960257355,0.0010000000066554549,0.0010000000019232402,0.0010000000076360038,0.0009999999961536332,0.001000000003589463,0.00013407733121377605,0.00013420092191316214,1.6010105571441724,20.731705081437553,203.92197439438345,0.05263756649663831,0.00019960724838282882,0.0005416312875302842,0.0019791526868592345,0.001213999999999977,0.0012139999999999564,0.0012139999999999692,0.0010021399999999721,0.0010021399999999721,0.001002139999999976
2025-06-14T21:20:36Z,40.62670002721369,-75.517605665143,72.46442531235516,251.17859772406518,-230.45645340532064,0.7277467234889627,1.1715600495663239,-0.1325466288399184,-2.103512619039975,0.000999999996068368,0.0010000000063996595,0.0010000000019232402,0.0010000000072665216,0.000999999996231793,0.0010000000035290668,0.00013507371504559125,0.00013520202936499856,1.6166891714657383,21.57543096154178,203.91153218549346,0.054304464487192394,0.00019790547454853513,0.0005463364845242496,0.0019924121579376263,0.0012149999999999767,0.0012149999999999572,0.001214999999999969,0.0010021499999999719,0.001002149999999972,0.0010021499999999755
2025-06-14T21:20:37Z,40.63158250314814,-75.52043147248415,72.73166211694479,251.2291436623782,-232.1242180764675,0.906810922009754,1.1553012936929008,-0.1588677592590102,-2.2637817030772567,0.0009999999960115247,0.001000000006158075,0.0010000000020937705,0.0010000000075791604,0.000999999996217582,0.0010000000033798528,0.0001360699983992678,0.00013620315692709404,1.6240700817082876,22.440965412400377,203.8448087429255,0.04990197272464569,0.00021076274523924689,0.0005342396197040278,0.0020056351891537772,0.0012159999999999777,0.0012159999999999582,0.00121599999999997,0.0010021599999999711,0.0010021599999999711,0.0010021599999999748
2025-06-14T21:20:38Z,40.63686400612105,-75.52331928597013,73.19029397144914,251.24887339398265,-233.5043662916869,1.2395215880533215,1.1525980636361055,-0.16582542690412083,-2.3184243007854093,0.0009999999958409944,0.0010000000061722858,0.0010000000021790356,0.001000000007707058,0.0009999999964307449,0.0010000000032697187,0.0001370660530220092,0.0001372043045991871,1.609094321704722,23.339728998628022,203.3217805918872,0.041997023113092835,0.00021618935912672606,0.0005263959432153011,0.0020169709828247655,0.0012169999999999772,0.0012169999999999577,0.0012169999999999696,0.0010021699999999702,0.0010021699999999702,0.0010021699999999741
2025-06-14T21:20:39Z,40.642973446499134,-75.52626127989836,73.64187869336456,252.52948964759707,-236.6372794881463,1.1303549538570223,1.1524078348156763,-0.1620204384034878,-2.3190621042449493,0.0009999999957699401,0.0010000000058312253,0.00100000000225009,0.0010000000079344318,0.000999999996949441,0.0010000000032484024,0.00013806172677465847,0.00013820547639552518,1.586049896883014,24.318456820103204,203.4569052608238,0.04163198238383048,0.0002148729222672794,0.0005240404204049896,0.0020270039478228964,0.0012179999999999767,0.0012179999999999567,0.0012179999999999685,0.001002179999999971,0.001002179999999971,0.0010021799999999745
2025-06-14T21:20:40Z,40.649846902566324,-75.52924789850734,73.87707887310535,253.69115771725774,-240.1115364599973,1.0061625565140275,1.1487156279035844,-0.1569947315438185,-2.3186560293543153,0.0009999999954430905,0.0010000000057743819,0.0010000000024064093,0.001000000007721269,0.0009999999972762907,0.0010000000028895784,0.00013905708336967672,0.00013920667502895182,1.5716539859548937,25.34351975252407,203.40596531586712,0.04179851682545688,0.0002146371476892677,0.0005211847817995637,0.002036972987102873,0.001218999999999976,0.0012189999999999567,0.0012189999999999682,0.0010021899999999718,0.0010021899999999716,0.0010021899999999753
2025-06-14T21:20:41Z,40.6570670132455,-75.53228552175405,73.92267138790339,254.77172502875328,-243.78357756324112,0.8643852661407436,1.1445577461417997,-0.1520257399733964,-2.317998116835952,0.0009999999954146688,0.0010000000055327973,0.001000000002136403,0.0010000000077639015,0.000999999997247869,0.0010000000027261535,0.00014005245110509788,0.00014020789970485936,1.5633849698753648,26.42216102802949,203.27812483278353,0.042561869771969074,0.0002150460548469058,0.0005184797411119524,0.002046982785248859,0.0012199999999999748,0.0012199999999999561,0.001219999999999967,0.0010021999999999726,0.0010021999999999718,0.0010021999999999763
2025-06-14T21:20:42Z,40.664172821225854,-75.53537649001215,73.82105891499668,255.8570657670498,-247.5183982718736,0.7244333517737687,1.1407528155832551,-0.14668554316449445,-2.3174796540406533,0.000999999995286771,0.0010000000056464842,0.001000000001951662,0.001000000007621793,0.0009999999971839202,0.001000000002559176,0.0001410480925903487,0.00014120914988772926,1.5613734557804937,27.56952081762983,203.20482203067127,0.044125525992450676,0.0002156415677633557,0.000516488612668378,0.002056938206261486,0.0012209999999999756,0.0012209999999999567,0.0012209999999999658,0.001002209999999973,0.0010022099999999713,0.0010022099999999765
2025-06-14T21:20:43Z,40.67082088855431,-75.53852395574077,73.55070730205625,257.3552215099335,-251.61826187558472,0.46638492004785803,1.143136718441383,-0.15089088478998747,-2.3399934307672083,0.0009999999950167648,0.0010000000057175384,0.001000000002051138,0.0010000000076786364,0.0009999999972905016,0.0010000000028540512,0.00014204420132651703,0.00014221042546381515,1.5718360461571264,28.817331482122256,203.543647114336,0.04921396238548792,0.00021728850407128612,0.0005150092273273347,0.002068021597599679,0.001221999999999976,0.0012219999999999573,0.001221999999999965,0.0010022199999999738,0.0010022199999999712,0.0010022199999999773
2025-06-14T21:20:44Z,40.67677896628747,-75.54175043471855,72.859688218683,259.3512940518558,-257.30639580637217,-0.20309491621082998,1.1657600944745354,-0.19674703243254044,-2.5234833625436295,0.0009999999953151928,0.0010000000055043756,0.0010000000020795596,0.0010000000074086302,0.0009999999973899776,0.0010000000027226008,0.00014304097980611332,0.00014321172583016013,1.6197514344828587,30.26683816841079,204.34146998917532,0.06648726442114938,0.00023353791969367156,0.0005032147137466629,0.0020854195634402205,0.0012229999999999754,0.0012229999999999557,0.0012229999999999648,0.0010022299999999742,0.0010022299999999707,0.0010022299999999777
2025-06-14T21:20:45Z,40.68108894238577,-75.54503836705607,71.925886541605,259.33506290987134,-262.22968999296427,-0.478240665364865,1.1979129028040916,-0.27870021758644725,-2.929317283706041,0.0009999999953578254,0.0010000000057885927,0.0010000000018663968,0.0010000000071812565,0.000999999997148393,0.0010000000029997125,0.00014403874654864287,0.0001442130421304803,1.7148958508108925,31.882502338191514,203.546204748834,0.08223741601018308,0.00032700970638150425,0.00042507477990505417,0.00211581461792582,0.0012239999999999758,0.0012239999999999558,0.001223999999999965,0.0010022399999999746,0.001002239999999971,0.001002239999999978
2025-06-14T21:20:46Z,40.684117249161076,-75.5483508820715,71.07119690999389,258.56475092470646,-265.9314654916525,-0.5171906514806324,1.2401041503617307,-0.34025619186650147,2.9328943426080514,0.0009999999951446625,0.0010000000061154424,0.001000000001951662,0.001000000006925461,0.0009999999971057605,0.0010000000029499745,0.00014503746273581867,0.00014521435481912168,1.8314571163768456,33.56924555984567,202.0148383254719,0.09442161814848893,0.0004693454475472843,0.00030695742991889644,0.0021527244680601926,0.001224999999999975,0.0012249999999999553,0.0012249999999999661,0.001002249999999974,0.0010022499999999704,0.0010022499999999776
2025-06-14T21:20:47Z,40.17770802846646,-75.2456087260275,79.72817349154502,183.46069148927927,-88.96823543962091,0.6384994352629292,1.2219971923041157,-0.23795198096740933,3.0698819020472,0.0009999999941783244,0.0010000000064565029,0.001000000002733259,0.0010000000073659976,0.0009999999967718054,0.001000000003365642,0.000013584045466353063,0.00001358576000824774,0.7168568069928772,20.276822809970334,43.43171055261751,0.0667370418112892,0.0003902636558960696,0.00021094132546948648,0.0015820737875572482,0.0012259999999999756,0.001225999999999956,0.001225999999999967,0.0010022599999999736,0.0010022599999999701,0.0010022599999999773
2025-06-14T21:20:48Z,40.17927091782183,-75.24662184435188,78.92050741706043,183.68218136765063,-92.80043256562203,0.18080937086961058,1.2177548251638655,-0.22592547898057092,3.0398353732016403,0.0009999999941641136,0.0010000000066980874,0.0010000000025058853,0.0010000000072665216,0.0009999999964307449,0.0010000000038346002,0.000014584000384822722,0.000014585792776101742,0.9871021900016306,20.93321334887117,43.91388023825702,0.08889699990295347,0.0003980567899567979,0.00021289093255318255,0.0015766518278991877,0.0012269999999999757,0.001226999999999957,0.001226999999999968,0.0010022699999999744,0.0010022699999999707,0.0010022699999999779
2025-06-14T21:20:49Z,40.18063358891953,-75.24771389088156,77.4427045872435,183.85703768394887,-96.5594381839037,-0.19970863777234626,1.2084113472810714,-0.2263241377640952,3.049296153796604,0.0009999999943914872,0.001000000006925461,0.0010000000025058853,0.0010000000073944193,0.0009999999963596906,0.001000000003639201,0.000015583952229956307,0.000015585829568829873,1.3261969665323388,21.616518001807364,44.41848140081432,0.1060001398731985,0.00039338401853415185,0.00022070838940539258,0.0015714764401878344,0.001227999999999976,0.0012279999999999566,0.0012279999999999683,0.0010022799999999746,0.0010022799999999709,0.0010022799999999782
2025-06-14T21:20:50Z,40.1819127761291,-75.24888635388406,75.54032562300563,184.132196335122,-100.25880119483918,-0.6631890319913509,1.1983177677466301,-0.23018268843043188,3.0694404261594173,0.0009999999944625415,0.0010000000066128223,0.001000000002534307,0.0010000000074086302,0.0009999999961607386,0.0010000000038417056,0.000016583898639313374,0.00001658587038465517,1.6740592407703878,22.29986926594195,44.875859106950166,0.11618958108648397,0.00037703985875041704,0.00023070309165043192,0.0015609849073293597,0.0012289999999999747,0.001228999999999956,0.0012289999999999677,0.0010022899999999734,0.00100228999999997,0.0010022899999999788
2025-06-14T21:20:51Z,40.18323995183758,-75.25012047201703,73.47919671237469,184.63950609602034,-103.71208214387298,-1.0290928520698799,1.187607220490463,-0.22266262791890767,3.0976907801814377,0.0009999999942351678,0.0010000000064280812,0.0010000000023211442,0.001000000007422841,0.0009999999961607386,0.001000000003500645,0.000017583838986127463,0.00001758591512301872,1.9637170674410556,22.993923465024707,45.255313868688155,0.11871844298030676,0.0003481641951691624,0.00024352110979205282,0.0015388049258710102,0.0012299999999999753,0.0012299999999999566,0.001229999999999968,0.0010022999999999742,0.001002299999999969,0.0010022999999999786
2025-06-14T21:20:52Z,40.1847423566662,-75.2513817533254,71.72401371691376,185.2937081810087,-106.4487430928275,-1.2621947402803926,1.184055223086034,-0.23022368499732693,3.112356830300996,0.0009999999943914872,0.0010000000060017555,0.0010000000025200961,0.001000000007621793,0.0009999999961607386,0.001000000003699597,0.000018583774687876746,0.000018585963652031506,2.1532755354816144,23.70472896086098,45.516898737909116,0.11316154250012955,0.0003198415660964965,0.00025528330628705716,0.0015243069550562212,0.0012309999999999758,0.0012309999999999563,0.0012309999999999682,0.0010023099999999737,0.0010023099999999694,0.001002309999999978
2025-06-14T21:20:53Z,40.186420756843454,-75.25264610455037,70.39410907402635,185.9069269299507,-108.5920253675431,-1.3969121300178813,1.184791042804136,-0.23338284663805098,3.097721190977609,0.0009999999943488547,0.001000000006257551,0.0010000000026622047,0.0010000000075649496,0.000999999996231793,0.0010000000040903956,0.000019583708388518074,0.00001958601589095976,2.2396356008234135,24.455641635274247,45.6597045098438,0.10377384135753293,0.00029757368427280485,0.00026189679426706576,0.001510794609175169,0.0012319999999999755,0.001231999999999956,0.0012319999999999677,0.0010023199999999743,0.001002319999999969,0.0010023199999999787
2025-06-14T21:20:54Z,40.188230445979784,-75.2539037764973,69.50061986222863,186.8551861885935,-110.28364304546267,-1.3876742481515976,1.1860988883854588,-0.22937705816184462,3.090424748370424,0.000999999994306222,0.0010000000059022796,0.0010000000028469458,0.0010000000077781124,0.000999999996082579,0.0010000000041685553,0.000020583642872816192,0.00002058607186638913,2.2479016309135176,25.269175055887526,45.80407698540125,0.0932900244530866,0.00027586639028906945,0.0002707343733350004,0.0014978000637554932,0.0012329999999999744,0.0012329999999999555,0.0012329999999999661,0.0010023299999999751,0.001002329999999968,0.0010023299999999788
2025-06-14T21:20:55Z,40.19011640945275,-75.25515313832517,69.01649967487901,188.10097644664347,-111.40987503062934,-1.2991541827068431,1.1915781128045637,-0.21635882622467761,3.0861733889614698,0.000999999994405698,0.001000000005660695,0.0010000000028895784,0.0010000000079912752,0.0009999999960115247,0.0010000000043675072,0.00002158357995794937,0.000021586131683473468,2.204602706076915,26.13149073492036,45.978737661677144,0.08169203737151243,0.0002566751871086044,0.00028061602345033615,0.0014863642723377955,0.0012339999999999745,0.0012339999999999548,0.0012339999999999662,0.0010023399999999753,0.0010023399999999683,0.0010023399999999788
2025-06-14T21:20:56Z,40.192017276862046,-75.25639990214651,68.87797456048429,189.38254032097757,-112.10328584071249,-1.0314858322963119,1.1991093781980453,-0.2080856085904088,3.093371039372869,0.0009999999946899152,0.0010000000053480562,0.001000000002733259,0.0010000000083181249,0.0009999999961607386,0.0010000000046375135,0.000022583520300526327,0.00002258619546135701,2.128933530980251,27.057030647448435,46.17075754700123,0.07037493943808387,0.00023984323809989866,0.0002931045494085341,0.001480402236011374,0.0012349999999999753,0.0012349999999999555,0.0012349999999999664,0.0010023499999999744,0.0010023499999999674,0.001002349999999978
2025-06-14T21:20:57Z,40.19389009939122,-75.25765334774715,68.88144524022937,190.6485762502998,-112.82582960091531,-1.0291612923465436,1.1988377068482805,-0.24007295580122445,3.1019505930598825,0.0009999999946472826,0.0010000000054901648,0.0010000000026053613,0.0010000000084744443,0.0009999999961252115,0.0010000000044527724,0.000023583463908219196,0.000023586263314717057,2.038904247748459,28.035971404624497,46.375556806436386,0.06172659393388791,0.00023076343353248423,0.0003057669128492054,0.0014874029427148297,0.0012359999999999747,0.001235999999999955,0.0012359999999999659,0.001002359999999975,0.0010023599999999678,0.0010023599999999786
2025-06-14T21:20:58Z,40.19572695128608,-75.25891520852105,69.04712875187397,192.1327564585954,-113.5700158784166,-0.7290757162481896,1.214129386949935,-0.23779477311472874,3.11492305516731,0.0009999999943630655,0.0010000000052343694,0.0010000000026906264,0.0010000000085454985,0.0009999999962602146,0.001000000004445667,0.00002458341025774482,0.000024586335366387555,1.948455446361119,29.1308936068126,46.67063722578514,0.05530755846595542,0.0002202796339442957,0.0003192770323323807,0.0014877771225591649,0.001236999999999974,0.0012369999999999545,0.0012369999999999653,0.0010023699999999753,0.0010023699999999682,0.0010023699999999788
2025-06-14T21:20:59Z,40.197517999141965,-75.26019027026969,69.31517135724425,193.82708163373172,-114.16940720099956,-0.7223240148523473,1.210360998127726,-0.23456847447960172,-3.1250562184432056,0.0009999999944341198,0.0010000000050496283,0.0010000000025769396,0.0010000000087728722,0.0009999999963596906,0.0010000000048115965,0.00002558335837722179,0.000025586411741012655,1.8629763960440895,30.263432895853548,47.04121464852031,0.050172585352413146,0.00020603789033518197,0.0003387597625895699,0.0014885051135913763,0.0012379999999999728,0.0012379999999999533,0.001237999999999965,0.0010023799999999748,0.0010023799999999677,0.0010023799999999783
2025-06-14T21:21:00Z,40.199266556751205,-75.26148109514777,69.52547992113978,195.97903150506318,-114.8474436905235,-0.6789133220954682,1.2070185786142247,-0.22848596373842156,-3.062457918887958,0.000999999994306222,0.0010000000051348934,0.0010000000028043132,0.0010000000087160288,0.000999999996281531,0.0010000000048435709,0.00002658330709055149,0.000026586492578302876,1.7859987667410209,31.492606002487683,47.56684541984836,0.047766836555807546,0.00019090396291311396,0.000360941802712091,0.0014896464479381673,0.0012389999999999728,0.001238999999999953,0.0012389999999999647,0.0010023899999999746,0.0010023899999999674,0.001002389999999978
2025-06-14T21:21:01Z,40.200976928000095,-75.26278505429954,69.66484657581896,197.89375167898834,-115.35109289828688,-0.7910584374985774,1.1975605208135676,-0.2134199566226016,-3.00123355325195,0.0009999999942778004,0.0010000000053338454,0.0010000000027474698,0.0010000000084460225,0.0009999999964236395,0.0010000000044882995,0.00002758325517777765,0.000027586577999350056,1.720958058969373,32.7781515226718,48.09827099140096,0.04661930268490028,0.00017895644206516258,0.00038126783805699936,0.0014916856681975645,0.0012399999999999725,0.0012399999999999519,0.0012399999999999636,0.0010023999999999745,0.0010023999999999673,0.001002399999999978
2025-06-14T21:21:02Z,40.20264424204328,-75.26410247122517,69.682571798563,199.550960727036,-116.11531538609415,-0.902127156194183,1.187437557586236,-0.2066412692583981,-2.956185363815166,0.0009999999944625415,0.0010000000056038516,0.001000000002719048,0.0010000000083323357,0.0009999999965231154,0.00100000000458067,0.00002858320140876887,0.00002858666808685674,1.6713579560916763,34.179081924756275,48.64579147837038,0.047241138273973415,0.0001731448971487571,0.0003978091293627516,0.0014971226244724703,0.0012409999999999732,0.0012409999999999507,0.0012409999999999626,0.001002409999999974,0.001002409999999967,0.0010024099999999777
2025-06-14T21:21:03Z,40.204264043249545,-75.2654390738787,69.67689893115312,200.66141384094954,-117.15888381842524,-0.7912736448997748,1.1929223819752224,-0.19672093741792196,-2.942560836469056,0.0009999999941783244,0.0010000000054333213,0.0010000000026053613,0.0010000000081618055,0.000999999996665224,0.0010000000044847468,0.000029583144257131507,0.000029586762905893144,1.6393209251253196,35.71536179245574,49.158318717133454,0.047768603860309344,0.00017301229162165714,0.00040948444310756225,0.0015047991512243514,0.0012419999999999725,0.0012419999999999508,0.0012419999999999638,0.0010024199999999733,0.0010024199999999664,0.001002419999999977
2025-06-14T21:21:04Z,40.20582349750001,-75.26679693416199,69.79770684055984,201.28853522241116,-118.17612487170845,-0.6516602613555733,1.1960054647206562,-0.17407118688606715,-2.9484082263952587,0.0009999999941641136,0.0010000000056891167,0.00100000000225009,0.0010000000083465466,0.000999999996999179,0.0010000000041365809,0.00003058308187352219,0.00003058686248372176,1.6197679443148214,37.311506545588166,49.6388207601588,0.04708036169114116,0.0001754855199545696,0.0004180484537068307,0.001513177437897448,0.0012429999999999718,0.001242999999999951,0.0012429999999999627,0.0010024299999999726,0.0010024299999999652,0.001002429999999976
2025-06-14T21:21:05Z,40.20733710310516,-75.2681780656135,70.07178171630949,202.19166639633477,-119.14363092184067,-0.3804519092045666,1.2056097239837982,-0.16689078491071996,-2.9424094441055786,0.0009999999944483307,0.0010000000059449121,0.0010000000021790356,0.0010000000082186489,0.00099999999701339,0.001000000004395929,0.00003158301188940122,0.00003158696689469039,1.6080599288041053,38.96155567074343,50.260094756182376,0.0475891133979891,0.00017786779393022203,0.00042738853753193716,0.0015224772398901344,0.0012439999999999708,0.0012439999999999502,0.0012439999999999621,0.0010024399999999734,0.0010024399999999656,0.0010024399999999769
2025-06-14T21:21:06Z,40.20882710445365,-75.26958213639539,70.4112116061151,202.52364543639123,-120.13620482478291,-0.34456656559268595,1.2048761100159027,-0.16086570069637673,-2.9396002874418627,0.0009999999941925353,0.0010000000058454361,0.001000000002036927,0.0010000000082328597,0.0009999999971768148,0.001000000004530932,0.00003258293171687231,0.000032587076184852695,1.600280634668921,40.60097116097536,50.79324276905957,0.04618274301072001,0.00018105615730522147,0.0004355272339649554,0.001532115428664878,0.001244999999999971,0.0012449999999999512,0.0012449999999999612,0.0010024499999999746,0.0010024499999999664,0.001002449999999978
2025-06-14T21:21:07Z,40.21031691070152,-75.27100721884688,70.70327434595674,203.00844909623265,-121.13123144302517,-0.25903416240180377,1.2070668137748726,-0.1557151632023306,-2.938338766223751,0.000999999994220957,0.001000000005660695,0.0010000000017811317,0.0010000000082754923,0.0009999999975676133,0.0010000000045131685,0.000033582838564738086,0.000033587190368755904,1.5924320909086989,42.26434240147565,51.411630861867316,0.04531161965396946,0.0001847201776648933,0.00044274797464897053,0.0015418866600267677,0.0012459999999999713,0.0012459999999999518,0.0012459999999999605,0.0010024599999999748,0.0010024599999999668,0.0010024599999999785
2025-06-14T21:21:08Z,40.21185978723577,-75.27244910079564,70.99954602960497,203.56602698192,-122.11968171130866,-0.02032585594702141,1.2107230707333656,-0.18024372224135732,-2.9303663849423174,0.000999999994220957,0.0010000000056749059,0.0010000000017953425,0.001000000008588131,0.000999999997645773,0.001000000004420798,0.00003458272935139984,0.00003458730951583881,1.5845479999195053,43.971078760692365,52.08629145974797,0.04442141929192056,0.00018919648998633607,0.0004505340858761423,0.0015530015572161665,0.0012469999999999723,0.0012469999999999504,0.0012469999999999615,0.0010024699999999736,0.0010024699999999667,0.0010024699999999782
2025-06-14T21:21:09Z,40.21342684874283,-75.27390490659194,71.37935959268361,204.28037624247372,-122.89301208313555,0.0679119222013469,1.2194398172869114,-0.17146160374977626,-2.9093943363113794,0.0009999999943630655,0.001000000005660695,0.0010000000016674448,0.0010000000088155048,0.0009999999977523544,0.0010000000045593538,0.00003558260129173354,0.00003558743369420421,1.575968922924914,45.649143947151856,52.82474106548675,0.04348583593673161,0.00018946637797951577,0.0004601074958461251,0.0015617087429721913,0.001247999999999972,0.0012479999999999495,0.0012479999999999603,0.0010024799999999742,0.001002479999999967,0.0010024799999999775
2025-06-14T21:21:10Z,40.2150597108516,-75.27536856310373,71.79733227845281,205.2457808945328,-123.51906713377684,0.2707917466359504,1.220098339676042,-0.16499327260862628,-2.886374404974049,0.0009999999941925353,0.0010000000058170144,0.0010000000019232402,0.0010000000090428784,0.0009999999979157792,0.0010000000047831747,0.000036582451621477266,0.00003658756299547571,1.567091602506778,47.35109423652618,53.660457992147336,0.043009150502680726,0.00018956692664926408,0.0004698375299923508,0.0015704847513120107,0.0012489999999999717,0.0012489999999999492,0.0012489999999999598,0.0010024899999999744,0.0010024899999999672,0.0010024899999999779
2025-06-14T21:21:11Z,40.21678246890535,-75.27683702792862,72.22032488510013,205.978695968166,-124.36121014039963,0.29732462398533244,1.2171111036004731,-0.16171173330803867,-2.8706681993498933,0.0009999999942493787,0.0010000000059733338,0.0010000000016958666,0.001000000008986035,0.0009999999977736707,0.001000000004445667,0.00003758227752627305,0.000037587697452499865,1.5577870723396414,49.05293348683655,54.456540901640544,0.041909361012085755,0.00019103868670338774,0.00047821844591271174,0.0015796327033919888,0.0012499999999999727,0.001249999999999949,0.00124999999999996,0.0010024999999999756,0.0010024999999999665,0.0010024999999999772
2025-06-14T21:21:12Z,40.2185954609951,-75.27830982999033,72.36794111784548,206.54253425262868,-125.25098925735801,-0.09828097959325532,1.1890646041283617,-0.17573842869751388,-2.8549444656528067,0.0009999999940646376,0.0010000000060159664,0.0010000000015963906,0.001000000009085511,0.000999999997596035,0.0010000000046481716,0.00003858207630337129,0.000038587837025101494,1.5457549074984083,50.67679105926544,55.210442914195944,0.04006407906054699,0.00019366318232241233,0.00048629052096331823,0.0015894975007431922,0.0012509999999999715,0.0012509999999999488,0.0012509999999999594,0.0010025099999999767,0.001002509999999966,0.0010025099999999764
2025-06-14T21:21:13Z,40.22040876282793,-75.27979414048724,72.23588670883328,207.35448301024735,-126.15672995150089,-0.26312800089726807,1.1714951111207483,-0.16039975034254894,-2.8538262381625827,0.0009999999941499027,0.0010000000059022796,0.0010000000015395472,0.0010000000089576133,0.0009999999977878815,0.001000000004395929,0.0000395818450353365,0.00003958798176393237,1.5321231745579362,52.35456255553955,56.087893086286975,0.039304562568240886,0.00019679031673703042,0.000491969348358294,0.0015984545272077736,0.0012519999999999717,0.0012519999999999491,0.0012519999999999597,0.001002519999999976,0.0010025199999999655,0.0010025199999999762
2025-06-14T21:21:14Z,40.222298087200855,-75.28128354527807,71.96921851485968,207.95098025538027,-127.22421656735241,-0.2527537312525965,1.1653263731132029,-0.161457282030824,-2.849549092439702,0.000999999994306222,0.0010000000061012315,0.001000000001553758,0.0010000000091707761,0.0009999999979868335,0.0010000000041436863,0.00004058158126704917,0.00004058813175412427,1.5182045781900686,54.10410440084053,56.957714503798265,0.038046392301267495,0.00020060155761078473,0.0004980437518033536,0.001607996293231669,0.0012529999999999714,0.0012529999999999486,0.0012529999999999592,0.0010025299999999752,0.0010025299999999646,0.001002529999999975
2025-06-14T21:21:15Z,40.224392398123925,-75.28276457491629,71.55332794040442,208.79058513231575,-128.24089021235704,-0.28238337653965573,1.1635384929249994,-0.1471623933466617,-2.8448901266092435,0.0009999999944767524,0.001000000005859647,0.0010000000014116495,0.0010000000088723482,0.0009999999979228846,0.001000000004296453,0.00004158128352062701,0.000041588287092452976,1.5036368667657887,55.8682570445622,57.89747265888486,0.03715289467008642,0.00020340285183977435,0.0005042809690987232,0.0016167732984221069,0.001253999999999972,0.0012539999999999494,0.0012539999999999583,0.0010025399999999754,0.001002539999999965,0.0010025399999999754
2025-06-14T21:21:16Z,40.22668240622304,-75.28423896112832,71.03804076183587,209.6522759012878,-129.62714870460331,-0.22533428656242904,1.1613661125593353,-0.16540193705623096,-2.8487363450985868,0.000999999994405698,0.0010000000056180625,0.0010000000014684929,0.0010000000087728722,0.0009999999982142072,0.0010000000041614499,0.000042580950575241624,0.00004258844793936947,1.4903087004867084,57.74447960834945,58.86661531324891,0.036932162168548555,0.0002097269332738811,0.0005092647234404516,0.0016273052888424564,0.001254999999999973,0.001254999999999949,0.0012549999999999569,0.0010025499999999758,0.0010025499999999651,0.0010025499999999758
2025-06-14T21:21:17Z,40.22912822259313,-75.28571313973329,70.48525479435921,210.53721771761775,-131.04574130102992,-0.20726391684365808,1.1618045105860801,-0.14960767852244317,-2.860631210845895,0.0009999999944625415,0.00100000000557543,0.0010000000014116495,0.0010000000087160288,0.0009999999985055297,0.0010000000039198653,0.000043580582855535625,0.00004358861449630739,1.4793265321796991,59.68408540441125,59.86269669900207,0.036936030607590986,0.00021542997117483822,0.0005129558799055418,0.001636349520554459,0.001255999999999974,0.00125599999999995,0.0012559999999999562,0.0010025599999999748,0.0010025599999999644,0.0010025599999999748
2025-06-14T21:21:18Z,40.231724568261704,-75.28718899587007,69.92845348920673,211.63642041385174,-132.51381831988692,-0.10281901296639262,1.166536622782587,-0.14551832040160662,-2.856030443072086,0.000999999994320433,0.0010000000055470082,0.0010000000013832278,0.0010000000090428784,0.0009999999984984242,0.0010000000039660506,0.00004458018264522685,0.00004458878709737954,1.4721279866860328,61.741554436678115,60.947180659000885,0.03764520289031803,0.00021835784508888924,0.000520445722323478,0.0016455316317367462,0.001256999999999974,0.0012569999999999502,0.0012569999999999554,0.0010025699999999759,0.0010025699999999652,0.0010025699999999759
2025-06-14T21:21:19Z,40.234550461063606,-75.28866091497642,69.20964778214693,212.50906215794384,-134.20907734706998,-0.31661214443374774,1.1556349311285885,-0.1510919331358309,-2.8525053760095034,0.0009999999948604454,0.0010000000055043756,0.0010000000014258603,0.0010000000089291916,0.0009999999983847374,0.0010000000039092072,0.000045579753696545914,0.000045588966056479093,1.4691234892544787,63.863440369515544,61.95457495465526,0.03855170348133874,0.0002216038988045433,0.0005284560188014858,0.001655297750771812,0.0012579999999999733,0.0012579999999999495,0.0012579999999999545,0.0010025799999999752,0.0010025799999999647,0.0010025799999999752
2025-06-14T21:21:20Z,40.23745667237115,-75.29014932925642,68.39208426326513,213.36254258826375,-136.10721740871668,-0.25180627776353504,1.1669105372420745,-0.15321850715918117,-2.859041058080038,0.0009999999946472826,0.0010000000055043756,0.001000000001269541,0.0010000000087444505,0.0009999999985339514,0.0010000000038701273,0.00004657930115015233,0.00004658915172185884,1.4711221685360332,66.2033826972493,63.01276661198334,0.040509796285537636,0.00022625451184077116,0.0005350183886375397,0.0016652337965446132,0.0012589999999999728,0.0012589999999999487,0.0012589999999999548,0.0010025899999999757,0.0010025899999999651,0.0010025899999999757
2025-06-14T21:21:21Z,40.240314173557636,-75.29167006520554,67.70303365215659,214.02361716888845,-137.86685175448656,-0.13713977088445972,1.1720394467702135,-0.1507283597238711,-2.874142633168958,0.000999999994718337,0.001000000005262791,0.0010000000013832278,0.001000000008801294,0.0009999999985552677,0.0010000000037209134,0.00004757883185200998,0.000047589344562405044,1.478641093367973,68.681464099425,64.05399334305332,0.04211324816841522,0.0002319803460116495,0.0005402236347236415,0.001675210803827572,0.0012599999999999723,0.0012599999999999474,0.0012599999999999554,0.001002599999999975,0.0010025999999999644,0.001002599999999975
2025-06-14T21:21:22Z,40.24328894689104,-75.29320843108017,67.11785275861621,214.60146842710674,-139.63418245501816,0.06988814276701305,1.1798288682621205,-0.1655775886047195,-2.894375778880203,0.0009999999949741323,0.0010000000052343694,0.001000000001354806,0.001000000008986035,0.0009999999983136831,0.0010000000038949963,0.00004857835331187088,0.00004858954500045659,1.490017904066739,71.3287855290005,65.07963262565006,0.04352446280614819,0.00023959013346765433,0.0005445397233087721,0.0016866663454326363,0.0012609999999999724,0.0012609999999999468,0.0012609999999999546,0.0010026099999999758,0.001002609999999965,0.0010026099999999758
2025-06-14T21:21:23Z,40.24618041059286,-75.29478400614457,66.89822453912348,215.12324400432408,-141.31812567263842,0.5037519192264881,1.2004822438466363,-0.16350844595217495,-2.913737249764381,0.0009999999950309757,0.0010000000050922608,0.0010000000014116495,0.0010000000092702521,0.0009999999983207886,0.0010000000041898716,0.0000495778714869788,0.000049589753384383574,1.5038745118563894,74.1657512520509,66.10380590186537,0.04439354812795926,0.00024502329641513937,0.0005491780186802375,0.0016969902773674148,0.0012619999999999715,0.0012619999999999465,0.0012619999999999546,0.0010026199999999754,0.0010026199999999639,0.0010026199999999756
2025-06-14T21:21:24Z,40.24921375996877,-75.29638018683579,66.54085261747241,215.2655249480158,-143.15137242339551,-0.04530462265438473,1.1730725088855252,-0.1440889394343685,-2.939395770052215,0.0009999999950167648,0.0010000000047938329,0.0010000000016958666,0.0010000000095118367,0.0009999999986334274,0.0010000000040584212,0.0000505773917489813,0.000050589969833230536,1.5184795047705981,76.86941084313423,66.86939815272567,0.045444292239923634,0.00025023164009281123,0.0005519596304032652,0.0017060871599650067,0.0012629999999999716,0.0012629999999999456,0.0012629999999999536,0.001002629999999975,0.0010026299999999636,0.001002629999999975
2025-06-14T21:21:25Z,40.252150983937,-75.29801718190937,66.14680979773402,215.2113007940352,-145.16868800856173,0.34108567939620116,1.1955188242573058,-0.15667020707041956,-2.96137095472659,0.000999999995201506,0.0010000000043248747,0.0010000000018663968,0.0010000000095260475,0.0009999999986476382,0.0010000000045131685,0.00005157691783812774,0.000051590194383944005,1.5351174509730459,79.94661701162002,67.63865688394115,0.04760809698397617,0.0002560697601241622,0.0005554434183333402,0.0017177810246287737,0.0012639999999999715,0.0012639999999999464,0.0012639999999999527,0.001002639999999974,0.0010026399999999633,0.001002639999999974
2025-06-14T21:21:26Z,40.25507253648975,-75.29969161712513,66.05582724884152,215.6774793062359,-147.13786619342864,0.5624258127136272,1.2078823440388078,-0.15426847349954187,-2.965226343483664,0.0009999999955141448,0.0010000000045664592,0.0010000000017811317,0.0010000000093270955,0.0009999999986192165,0.0010000000041365809,0.00005257645390640474,0.00005259042726990551,1.5541653108830098,83.02022072020551,68.43324396579096,0.04791582017915086,0.00025424942412931263,0.000563927164458593,0.0017277038926353052,0.0012649999999999719,0.0012649999999999452,0.001264999999999953,0.001002649999999973,0.0010026499999999626,0.001002649999999973
2025-06-14T21:21:27Z,40.25795377491814,-75.30140516834734,66.11342614144087,215.87206035479903,-149.2702857553959,0.6203691201881156,1.2094241574814077,-0.1706322856971383,-2.9696323300304357,0.0009999999953720362,0.0010000000047654112,0.0010000000016674448,0.0010000000095544692,0.0009999999986334274,0.0010000000044136925,0.00005357600785922143,0.000053590668520559616,1.5731784997853977,86.08640042269562,69.0338114813593,0.04882176768747393,0.0002531209846558415,0.000571701015723771,0.0017394602040818928,0.0012659999999999727,0.0012659999999999458,0.0012659999999999538,0.0010026599999999736,0.001002659999999963,0.0010026599999999736
2025-06-14T21:21:28Z,40.26084546707112,-75.3031563539786,66.25803854689002,216.18070654384792,-151.43052693642676,0.7893593788394355,1.2156998825521441,-0.16709018345864024,-2.969454171921825,0.000999999995485723,0.00100000000507805,0.001000000001837975,0.0010000000093981498,0.0009999999983207886,0.001000000004545143,0.00005457558829554211,0.0000545909180189703,1.5905359820850744,89.18423604657193,69.58340803851519,0.04876931008528251,0.0002482779835771403,0.0005802076169571245,0.001749117885451228,0.001266999999999972,0.001266999999999945,0.0012669999999999528,0.0010026699999999738,0.001002669999999963,0.0010026699999999738
2025-06-14T21:21:29Z,40.26371132256614,-75.30494514483715,66.49570751748979,216.52357027865946,-153.54200717248023,0.825886982238444,1.2176617509976495,-0.16999780823061883,-2.961915354622761,0.0009999999957699401,0.0010000000051206825,0.0010000000019232402,0.0010000000094976258,0.0009999999981857854,0.001000000004754753,0.000055575201914655794,0.00005559117570480222,1.6026307503825679,92.2329498135253,70.04180110319467,0.04787781724261231,0.0002414954163867688,0.0005902029308013421,0.0017591427675417172,0.0012679999999999716,0.0012679999999999434,0.0012679999999999517,0.0010026799999999737,0.0010026799999999629,0.0010026799999999737
2025-06-14T21:21:30Z,40.26650568243903,-75.30676869862384,66.78927811328322,216.6270913463086,-155.66795030795038,0.8649769479452516,1.224036272498779,-0.171712534092876,-2.9682219157984946,0.0009999999956278316,0.0010000000051348934,0.0010000000021790356,0.001000000009582891,0.0009999999982710506,0.0010000000049572577,0.0000565748518209231,0.00005659144144451864,1.608931225118343,95.32472888435596,70.37666932830713,0.047300452379145486,0.00023843451632925972,0.0005961911624425908,0.001769458664109989,0.0012689999999999718,0.0012689999999999438,0.0012689999999999529,0.0010026899999999734,0.0010026899999999628,0.0010026899999999736
2025-06-14T21:21:31Z,40.26911738394367,-75.30862095387927,67.17256323248148,216.79515802301466,-157.57650706917048,0.8078868746524677,1.2193509351927787,-0.1759947044101864,-2.9662321184005123,0.0009999999955425665,0.0010000000052059477,0.001000000001951662,0.0010000000096255235,0.0009999999983847374,0.0010000000047760693,0.000057574537091279594,0.00005759171514744332,1.6102657191841498,98.44061220135569,70.66135865011648,0.04629699388634256,0.00023344648037945673,0.0006044633103285177,0.001779686911039552,0.0012699999999999725,0.0012699999999999446,0.0012699999999999528,0.0010026999999999723,0.0010026999999999619,0.0010026999999999725
2025-06-14T21:21:32Z,40.31424475728495,-75.25094567176032,62.25712330127135,112.9769631177187,-122.3196336524561,0.17631813277876063,1.1743494350957917,0.03618631366680347,-2.873054016934475,0.0009999999950593974,0.001000000004879098,0.001000000002150614,0.00100000001006606,0.0009999999989318553,0.0010000000044243507,0.000047089844278417946,0.00004710231475938566,0.7646864175347119,34.016799426397384,27.527359472961752,0.03416694700251116,0.0001902814651394207,0.0003933009575580714,0.0016537657020935731,0.0012709999999999716,0.0012709999999999438,0.0012709999999999516,0.0010027099999999727,0.0010027099999999622,0.0010027099999999733
2025-06-14T21:21:33Z,40.31449183137405,-75.25257779598856,62.86792761320248,112.10523874685168,-123.79917908832431,0.02109421822638069,1.170531671086792,0.01220914753002944,-2.8701625561807305,0.0009999999951304517,0.0010000000047512003,0.001000000001951662,0.0010000000101371143,0.0009999999990313313,0.0010000000041614499,0.00004808972711008309,0.00004810241869507123,0.9073557427389126,35.21375314828582,27.707864577440734,0.042231797281109595,0.00019541521646381196,0.00040361448870925617,0.0016668636842826655,0.0012719999999999709,0.0012719999999999427,0.001271999999999951,0.0010027199999999722,0.0010027199999999617,0.0010027199999999722
2025-06-14T21:21:34Z,40.31466804766997,-75.2542458112267,63.30712091829628,111.24805253464729,-125.00557853560895,-0.2984719148516888,1.1605539799347753,0.018539873055260614,-2.864015542814741,0.0009999999949314997,0.0010000000047512003,0.0010000000022074573,0.0010000000100092166,0.0009999999987044816,0.001000000004047763,0.000049089588012956316,0.00004910252419671236,1.0688466255776594,36.42652985600985,27.864079651331682,0.05080606854574071,0.00019806393194207432,0.00041383252090625134,0.001674059377731739,0.0012729999999999703,0.0012729999999999424,0.0012729999999999506,0.0010027299999999717,0.0010027299999999608,0.0010027299999999717
2025-06-14T21:21:35Z,40.31478957200985,-75.25594281224689,63.67122237663716,110.65929103177041,-126.09689970314503,-0.29501884285127744,1.1595061225089012,0.01864696313168679,-2.8628263616992626,0.0009999999950593974,0.0010000000047227786,0.001000000002051138,0.0010000000097960537,0.000999999998562373,0.0010000000040371049,0.000050089432837455935,0.00005010263175337819,1.240789408794392,37.693498150618616,28.004111303991095,0.05933233324408982,0.00019876438281681737,0.00042216029001233255,0.0016808457707382786,0.0012739999999999698,0.0012739999999999418,0.0012739999999999494,0.0010027399999999707,0.00100273999999996,0.0010027399999999705
2025-06-14T21:21:36Z,40.31491638907932,-75.25765150929901,64.0063842907548,110.08264359924942,-127.15692290849984,-0.481504511746607,1.154296299762791,0.027493910255998344,-2.8604435106099118,0.00099999999510203,0.0010000000047085678,0.001000000002036927,0.0010000000097392103,0.00099999999842737,0.001000000003674728,0.00005108927028171361,0.000051102742146283054,1.4139463165430914,38.906861205426104,28.059164360043162,0.06832688421356176,0.0001973740550855717,0.00042811082228608145,0.0016848975799024267,0.0012749999999999695,0.0012749999999999415,0.0012749999999999496,0.0010027499999999713,0.001002749999999959,0.0010027499999999694
2025-06-14T21:21:37Z,40.31508676653067,-75.2593614578299,64.21941978763789,109.92628371994942,-128.29174617677927,-0.6436927383765578,1.1450330387015129,0.012863308405030693,-2.8674460809852462,0.0009999999951446625,0.001000000004680146,0.001000000001852186,0.0010000000098386863,0.0009999999985694785,0.0010000000035219614,0.000052089111258155624,0.000052102856303490765,1.578791731815582,40.04858154396441,28.05163639269669,0.07562138409208263,0.00019521945586261591,0.00042982728325968267,0.001689936767886599,0.0012759999999999688,0.001275999999999941,0.0012759999999999488,0.001002759999999972,0.0010027599999999576,0.0010027599999999685
2025-06-14T21:21:38Z,40.31537003928835,-75.26105537309202,64.26453431975096,109.78366136550903,-129.40798217244446,-0.8190904434231925,1.1383828220859868,0.014779811254925335,-2.8679241597710643,0.000999999995300982,0.001000000004694357,0.0010000000020085054,0.0010000000099807949,0.0009999999985197405,0.0010000000031986644,0.00005308896724169738,0.000053102975101892366,1.7245858514577415,41.06673192227157,27.95100765488525,0.0812292401974995,0.00019226294417913669,0.000427997358718724,0.0016916543231418465,0.0012769999999999698,0.0012769999999999418,0.0012769999999999498,0.0010027699999999727,0.0010027699999999586,0.0010027699999999693
2025-06-14T21:21:39Z,40.315805468016755,-75.26272446221732,64.16318848729134,109.60008213110268,-130.70573485642672,-0.8358517623637454,1.1342312122578733,0.01163620064096449,-2.878062168514589,0.000999999995499934,0.0010000000046517243,0.00100000000175271,0.0010000000100376383,0.0009999999986334274,0.0010000000036782808,0.00005408884675787373,0.00005410309910820327,1.8453329954567754,41.98058832869603,27.7788624875407,0.08576632341232832,0.00018992898033184577,0.00042212794123462594,0.0016929198108833845,0.0012779999999999688,0.001277999999999943,0.0012779999999999508,0.001002779999999973,0.0010027799999999588,0.0010027799999999694
2025-06-14T21:21:40Z,40.31637456985047,-75.2643751051628,63.854652155190706,109.4673570767045,-132.07979074120522,-1.1309632451157086,1.1297531717136735,0.01881554066062563,-2.877001143526286,0.0009999999957273076,0.0010000000047654112,0.0010000000016674448,0.0010000000100092166,0.000999999998825274,0.0010000000034082746,0.000055088753225188864,0.00005510322848499718,1.938251364222469,42.723401008838714,27.547702445804596,0.08775193122159497,0.00018839868819135695,0.00041342297079891054,0.0016934306347381892,0.0012789999999999687,0.0012789999999999419,0.0012789999999999518,0.001002789999999974,0.0010027899999999596,0.0010027899999999704
2025-06-14T21:21:41Z,40.317094446109074,-75.26600505160123,63.15288497135043,109.59181755967438,-133.52872474491596,-1.373735200977535,1.1139185733482009,0.010549615423769865,-2.8610387643275317,0.0009999999958267836,0.0010000000048506763,0.001000000001369017,0.00100000001006606,0.000999999999010015,0.0010000000031489265,0.00005608868575098666,0.00005610336309329802,1.997754690208465,43.36602689237344,27.318302400256595,0.08503436096617017,0.00018906097449015714,0.00040170445764799916,0.0016949277353850221,0.0012799999999999695,0.0012799999999999424,0.0012799999999999502,0.0010027999999999745,0.0010027999999999602,0.0010027999999999708
2025-06-14T21:21:42Z,40.317881105142604,-75.26763705243248,62.157282202504575,109.30547806341201,-135.293557792902,-1.7074559739412507,1.1031426250119694,0.0015265806451481012,-2.8672030194138642,0.0009999999954430905,0.0010000000047512003,0.0010000000011274324,0.001000000010165536,0.0009999999991876507,0.0010000000030494505,0.00005708863994626126,0.00005710350255148714,2.0305885946184796,43.96507720312256,27.05306384882531,0.08531522913165834,0.00019039238616290553,0.0003900210755009203,0.0016967937414917192,0.0012809999999999686,0.0012809999999999417,0.0012809999999999495,0.0010028099999999747,0.0010028099999999606,0.0010028099999999712
2025-06-14T21:21:43Z,40.31871980935049,-75.26927642539907,60.967793461401016,109.01765214279294,-137.03512807376683,-1.799377836243366,1.096622554861824,-0.006869097689673254,-2.8734291783475783,0.0009999999954288796,0.0010000000046233026,0.0010000000009000587,0.001000000010250801,0.0009999999992800213,0.0010000000025129907,0.00005808861059496018,0.00005810364640218368,2.048419981820004,44.592887766364925,26.80712742447948,0.08458270496270198,0.00019273677606787288,0.00037891674721075933,0.0016994275183141582,0.0012819999999999687,0.0012819999999999416,0.0012819999999999496,0.0010028199999999742,0.0010028199999999599,0.0010028199999999705
2025-06-14T21:21:44Z,40.319620788174994,-75.27091958365116,59.64445141097531,108.64273957069963,-138.52290426194668,-1.8806371838436462,1.0918895658833208,-0.009728447145789687,-2.895515686745057,0.0009999999953436145,0.001000000004779622,0.001000000001056378,0.0010000000102081685,0.0009999999993013375,0.0010000000023531186,0.000059088592525117954,0.00005910379424994408,2.0511275890256973,45.21050590993188,26.582642953953307,0.08179109301429183,0.00019395820275140832,0.0003707457110571381,0.0017030538352578574,0.001282999999999969,0.001282999999999941,0.001282999999999949,0.0010028299999999737,0.0010028299999999587,0.0010028299999999693
2025-06-14T21:21:45Z,40.32056305495942,-75.27256894009983,58.25503055891022,107.9606463899836,-139.90602206997573,-1.8675079987151548,1.0858274980564602,-0.012564599922257003,-2.9263260677689686,0.0009999999951162408,0.0010000000048648872,0.0010000000008858478,0.0010000000101513251,0.0009999999995216058,0.0010000000026408884,0.00006008858063425478,0.00006010394572119579,2.0415689810191213,45.86570147757339,26.372856915504244,0.07958234454898955,0.00019418326016640728,0.0003655471781931996,0.0017076785506773458,0.0012839999999999683,0.0012839999999999404,0.0012839999999999482,0.0010028399999999745,0.0010028399999999593,0.0010028399999999701
2025-06-14T21:21:46Z,40.32150897904668,-75.27422847679871,58.05881230114028,108.03122320305556,-140.5267767086625,-1.6537070120248245,1.0918368031852879,-0.02515253863361977,-2.9800437157973647,0.000999999995201506,0.0010000000051348934,0.0010000000010990107,0.0010000000100802708,0.000999999999443446,0.0010000000024277256,0.00006108857157728443,0.00006110410051009229,2.029763542443299,46.568397845599435,26.166646083538375,0.08012274155426696,0.00019169483431367783,0.0003650102487921044,0.0017132212490088734,0.0012849999999999687,0.0012849999999999407,0.0012849999999999487,0.0010028499999999749,0.0010028499999999597,0.0010028499999999712
2025-06-14T21:21:47Z,40.32250635008312,-75.27588077726567,58.417357756756246,108.60833604261279,-141.06953069381416,-1.334244340789155,1.100668424158357,-0.04411649890971603,-3.018662998423679,0.0009999999954430905,0.0010000000050354174,0.0010000000014116495,0.0010000000100376383,0.0009999999995855546,0.0010000000022039046,0.00006208856414196508,0.00006210425847923492,2.020207107877583,47.318218103761474,26.016768381338515,0.07981501130177754,0.00019129844231529445,0.00036393830059406484,0.0017193475215719414,0.0012859999999999697,0.0012859999999999413,0.0012859999999999493,0.0010028599999999757,0.0010028599999999587,0.0010028599999999705
2025-06-14T21:21:48Z,40.32350715622445,-75.27754156711083,58.16384770581499,108.73595885839313,-142.14739283174276,-1.3344816927565262,1.101774727954762,-0.05110163008657764,-3.0520094013772905,0.0009999999954146688,0.0010000000054333213,0.0010000000011274324,0.0010000000103076445,0.0009999999994008135,0.0010000000024241729,0.0000630885582397214,0.00006310441965018156,2.00691364856677,48.049183484520945,25.93438124205839,0.07667482049955138,0.00019137114358921218,0.00036327250462331155,0.0017261900133207385,0.0012869999999999692,0.0012869999999999399,0.001286999999999948,0.0010028699999999754,0.0010028699999999578,0.0010028699999999708
2025-06-14T21:21:49Z,40.32449606331248,-75.27922134424823,57.57277851784602,108.72045216150582,-143.8443420305848,-1.2759946268051863,1.1054262631951133,-0.05747582495860115,-3.0676205819181632,0.0009999999952725602,0.0010000000051491043,0.0010000000010137455,0.0010000000104213314,0.0009999999992160724,0.0010000000022145628,0.00006408855401617617,0.00006410458409472607,1.986496802796793,48.87283079012504,25.918234682597475,0.07324347529922276,0.00019420320327206663,0.00036082813883481164,0.001733387039169441,0.00128799999999997,0.0012879999999999392,0.0012879999999999472,0.0010028799999999751,0.0010028799999999573,0.0010028799999999708
2025-06-14T21:21:50Z,40.32547594116056,-75.28092153107808,56.7957801730372,108.53535548783839,-145.18780925124884,-1.2230933901155367,1.1080677483550971,-0.0600937946041995,-3.074540666100802,0.0009999999951588734,0.0010000000052485802,0.0010000000007011067,0.0010000000104071205,0.0009999999992515995,0.0010000000020333744,0.00006508855157281699,0.00006510475187601787,1.9569483792801685,49.67406677140562,25.954280675439723,0.06793703401095191,0.0001986006895342149,0.0003579447235506673,0.0017410826169750016,0.0012889999999999703,0.001288999999999939,0.001288999999999947,0.0010028899999999757,0.0010028899999999581,0.0010028899999999714
2025-06-14T21:21:51Z,40.32644548117716,-75.28263896596987,56.036985381972045,108.38790282048285,-146.48189092986286,-1.1550665393442614,1.1075442191358889,-0.05616292575314219,-3.0772639259521384,0.000999999995187295,0.001000000005362267,0.0010000000006442633,0.0010000000105350182,0.0009999999990526476,0.0010000000020475852,0.00006608855096835077,0.00006610492303606921,1.9172886408204544,50.5453106106555,26.03822918941676,0.06264559759758309,0.00020384317382753702,0.0003555118393787039,0.001749460304407737,0.0012899999999999698,0.0012899999999999396,0.0012899999999999477,0.0010028999999999759,0.001002899999999958,0.0010028999999999724
2025-06-14T21:21:52Z,40.327390080414496,-75.28437386570207,55.59771623881534,108.28604754898697,-147.5606149211526,-0.747577788970375,1.1224180332792457,-0.06979269559542445,-3.088939318433404,0.000999999995485723,0.0010000000056464842,0.0010000000007011067,0.0010000000105065965,0.0009999999992302833,0.0010000000018735022,0.00006708855180783152,0.00006710509762374802,1.871150806933969,51.53759721661623,26.170954187897163,0.05775891828584434,0.00020796516302442914,0.00035620857788993925,0.0017576718246803467,0.0012909999999999695,0.0012909999999999382,0.0012909999999999465,0.0010029099999999762,0.0010029099999999585,0.0010029099999999728
2025-06-14T21:21:53Z,40.32830497349827,-75.28612608103101,55.56171845458448,108.0714747114107,-148.55669031850994,-0.26250632893061265,1.1410498820623616,-0.06676171798972064,-3.0827025526959915,0.0009999999954715122,0.001000000005760171,0.0010000000006016307,0.0010000000101229034,0.0009999999992729158,0.0010000000016319177,0.00006808855275192626,0.00006810527566351896,1.8222981473591564,52.638682240385116,26.342937111387606,0.053543242003028846,0.00021533335568983236,0.0003548027234982084,0.001766717734049204,0.0012919999999999696,0.0012919999999999388,0.0012919999999999466,0.0010029199999999753,0.0010029199999999575,0.0010029199999999718
2025-06-14T21:21:54Z,40.3293306332906,-75.28787569168334,55.3125072340481,107.19954419974238,-149.61303658783436,0.22016215688927332,1.1596886187035125,-0.06109431069535276,-3.0757509739196394,0.000999999995485723,0.0010000000057033276,0.0010000000007579501,0.0010000000101086925,0.0009999999992373887,0.0010000000017065247,0.00006908855089308716,0.00006910545714399133,1.7720234968884505,53.82366859303809,26.560149935659787,0.04913560450683785,0.00022299373446080104,0.00035452198730130614,0.0017760948948557266,0.0012929999999999697,0.0012929999999999376,0.0012929999999999457,0.0010029299999999761,0.0010029299999999566,0.001002929999999971
2025-06-14T21:21:55Z,40.331004423173546,-75.28954330338003,53.55802004178986,104.37954535614699,-151.6314751803875,0.31052494428877253,1.1653390002902597,-0.05367801834427155,-3.088040435919538,0.0009999999955425665,0.0010000000056464842,0.0010000000009426913,0.0010000000100234274,0.0009999999990526476,0.0010000000020333744,0.00007008854086482611,0.00007010564197591853,1.723601225418735,55.1236060352126,26.797096798203572,0.04653711386921677,0.00022614042843175416,0.0003600899025995976,0.0017855792448413237,0.0012939999999999699,0.0012939999999999386,0.0012939999999999456,0.001002939999999975,0.0010029399999999565,0.0010029399999999704
2025-06-14T21:21:56Z,40.33291502310216,-75.2911881016446,51.96400922955945,101.82415804918855,-153.460036912933,0.341028841186926,1.1713967154501006,-0.04925466501617848,-3.0850080864911433,0.0009999999951162408,0.0010000000053338454,0.0010000000008005827,0.00100000001006606,0.0009999999987968522,0.0010000000021328503,0.0000710885150138398,0.00007110582997907893,1.679373838554247,56.49043423600988,27.073882072139686,0.043894637770879874,0.00023301254626114255,0.0003629557028859553,0.0017950008872982216,0.0012949999999999698,0.0012949999999999375,0.0012949999999999457,0.0010029499999999756,0.001002949999999956,0.0010029499999999695
2025-06-14T21:21:57Z,40.33489471949892,-75.29283302997622,50.78943012468517,99.66928885597736,-154.87317864224315,0.4260700388804253,1.168261825470836,-0.04515396517672343,-3.079509568720823,0.0009999999951730842,0.0010000000055470082,0.0010000000009995347,0.001000000010265012,0.0009999999987826413,0.001000000002335355,0.00007208846436349928,0.00007210602095386434,1.6373080989583173,57.903837424573766,27.3901940254577,0.041155941784732475,0.000240777580266938,0.00036562238819982316,0.0018045780280867363,0.0012959999999999684,0.0012959999999999363,0.0012959999999999445,0.0010029599999999764,0.0010029599999999551,0.0010029599999999694
2025-06-14T21:21:58Z,40.336221752216986,-75.29459422160114,50.73481862572953,98.16296979691833,-156.07870177924633,0.4367720981281309,1.1640630701440386,-0.05008424926973021,-3.10013887079549,0.0009999999952583494,0.001000000005959123,0.0010000000012126975,0.0010000000102223794,0.0009999999990029096,0.0010000000019694255,0.00007308837670277613,0.00007310621454082615,1.6005139674418367,59.413970350974395,27.72097024158592,0.04054575665720428,0.0002423882486624995,0.0003751048659845567,0.0018140703873555314,0.001296999999999968,0.0012969999999999356,0.0012969999999999438,0.0010029699999999767,0.0010029699999999555,0.0010029699999999696
2025-06-14T21:21:59Z,40.33742446998932,-75.29638647090998,50.92928463127464,96.96704848948866,-157.191882872954,0.529351366123592,1.170005681924522,-0.036410702698049136,-3.103014062246075,0.0009999999950451866,0.0010000000059307013,0.0010000000014684929,0.0010000000102792228,0.0009999999987471142,0.0010000000019587674,0.0000740882395715802,0.00007410641036395207,1.5715001404959845,60.99898078064889,28.103267928849608,0.03994278577479626,0.00024823430820218655,0.00038029044903254095,0.0018246043171865336,0.001297999999999967,0.0012979999999999348,0.0012979999999999426,0.0010029799999999767,0.0010029799999999554,0.0010029799999999697
2025-06-14T21:22:00Z,40.33882606366038,-75.29815558828909,51.151026245672256,96.01830308046192,-158.37356882542372,0.7098975511325989,1.1841970897949068,-0.04889577599124095,-3.0933600099233445,0.0009999999949883431,0.0010000000055896408,0.0010000000016106014,0.00100000001006606,0.0009999999988181685,0.0010000000017811317,0.00007508804421322622,0.00007510660820938023,1.5466912283712126,62.659593098179364,28.54987214213064,0.03859583012802381,0.00025818273800725213,0.00038202540625085433,0.0018336244879550655,0.0012989999999999675,0.0012989999999999352,0.0012989999999999432,0.0010029899999999762,0.001002989999999955,0.0010029899999999693
2025-06-14T21:22:01Z,40.340478986948554,-75.29989006613704,51.47911382140592,94.64168284460902,-159.2586419414729,0.9695539105960052,1.1953155889059417,-0.035244571467046626,-3.0952577684947755,0.0009999999948604454,0.00100000000557543,0.0010000000019090294,0.0010000000101371143,0.0009999999985410568,0.0010000000018344224,0.00007608778372413536,0.0000761068078975173,1.5244010876525411,64.3219583049446,29.034162345654018,0.03779596856137313,0.00026463352207471057,0.00038674705265150414,0.0018441973103018481,0.0012999999999999668,0.0012999999999999347,0.0012999999999999425,0.001002999999999976,0.0010029999999999544,0.0010029999999999688
2025-06-14T21:22:02Z,40.34256585653394,-75.30155511317774,51.868672772776335,93.00928472261876,-160.26330139487982,1.2128680320020067,1.2085549848125083,-0.02885414460956781,-3.1004898756509647,0.0009999999953151928,0.0010000000054048996,0.0010000000018948185,0.0010000000100944817,0.000999999998228418,0.001000000001926793,0.0000770874492809727,0.00007710700912986359,1.5060159852323738,66.04412164716254,29.564104656332628,0.037606511795102104,0.0002704014906890997,0.00039233508809211867,0.0018543576622597306,0.001300999999999967,0.0013009999999999357,0.0013009999999999428,0.001003009999999976,0.0010030099999999548,0.0010030099999999691
2025-06-14T21:22:03Z,40.34524358625768,-75.30311914562263,52.29097877256572,91.07404960412532,-161.05090156383812,1.489749951811973,1.2204578369273804,-0.02226172294376738,-3.1071637567074504,0.0009999999952583494,0.0010000000052201585,0.0010000000016674448,0.0010000000101086925,0.00099999999792999,0.0010000000021967992,0.00007808703125154097,0.0000781072115139636,1.4913858764446588,67.7517008856751,30.14836205870299,0.03741978284908609,0.0002758713216174099,0.00039810390374705546,0.0018644898612671598,0.0013019999999999664,0.001301999999999936,0.0013019999999999423,0.0010030199999999758,0.0010030199999999537,0.0010030199999999689
2025-06-14T21:22:04Z,40.34835350470554,-75.30460493188062,52.69094964908436,88.72876771818846,-161.85087689198554,1.388994295950397,1.2154119689657819,-0.03493482823478189,-3.116341638698941,0.000999999995201506,0.0010000000053480562,0.0010000000016390231,0.00100000001006606,0.000999999998128942,0.001000000002076007,0.00007908651975975715,0.00007910741450020638,1.4817036526812648,69.39571740541395,30.756613433436357,0.038607965875378736,0.0002810549552550123,0.0004041423468018358,0.0018734129593757445,0.0013029999999999667,0.0013029999999999372,0.0013029999999999422,0.001003029999999976,0.0010030299999999545,0.0010030299999999686
2025-06-14T21:22:05Z,40.35190493626968,-75.30600589022403,52.933930506464094,86.34039990138263,-162.68064921163023,1.3692863510368625,1.215329353857669,-0.0245641246381183,-3.119629648543196,0.000999999995300982,0.0010000000052059477,0.0010000000017242883,0.0010000000099950057,0.0009999999978163032,0.0010000000018841604,0.00008008590539790338,0.00008010761739189771,1.4782216722658907,71.04100783051452,31.438059625585122,0.039533137371241756,0.00028795060464412256,0.00040758499883177516,0.0018836598543503415,0.0013039999999999673,0.001303999999999938,0.001303999999999943,0.0010030399999999755,0.001003039999999954,0.001003039999999968
2025-06-14T21:22:06Z,40.3557327474532,-75.30734826251977,53.09276783512905,83.67769216001034,-163.60689229518175,1.2751334700151347,1.2091952143819071,-0.023361040483223405,-3.1220647746522445,0.0009999999953151928,0.001000000005461743,0.00100000000175271,0.0010000000101371143,0.0009999999978660412,0.0010000000015111254,0.00008108518640922924,0.00008110781964723104,1.4811815837003361,72.63914659916257,32.17789383141957,0.04128340114516116,0.00029563123095483325,0.0004095199859166797,0.0018933391002677832,0.0013049999999999676,0.0013049999999999373,0.0013049999999999436,0.0010030499999999763,0.001003049999999955,0.001003049999999969
2025-06-14T21:22:07Z,40.359846665355946,-75.30862807755314,53.03327283915132,80.85977726150304,-164.8379061371088,1.0203105236723786,1.2011913092137547,-0.010262275809168386,-3.118855136417551,0.000999999995485723,0.001000000005859647,0.00100000000175271,0.0010000000100376383,0.0009999999980010443,0.0010000000013334898,0.00008208437261850437,0.00008210802106441293,1.4916370079978414,74.18640195413255,32.973322172973305,0.04302597767728811,0.0003053522772077695,0.00040819557195928926,0.0019036703568352385,0.0013059999999999673,0.0013059999999999379,0.0013059999999999433,0.001003059999999977,0.0010030599999999539,0.0010030599999999682
2025-06-14T21:22:08Z,40.363948536629266,-75.3099045075074,52.75689994590357,77.85604147706181,-166.4058957863599,0.7709428424495854,1.1960251718992367,-0.004966182497298632,-3.118301703594625,0.0009999999954288796,0.0010000000060728098,0.0010000000018663968,0.001000000010165536,0.000999999997695511,0.0010000000012837518,0.00008308349436101826,0.00008310822228526922,1.5097404695824264,75.71073575768183,33.834191457491706,0.045523570411550196,0.0003146047906125557,0.0004061271814545828,0.0019135198855804608,0.0013069999999999686,0.001306999999999937,0.0013069999999999443,0.0010030699999999762,0.0010030699999999547,0.0010030699999999688
2025-06-14T21:22:09Z,40.367821586560225,-75.31122547709855,52.26249018358067,74.81196674332023,-168.334357438609,0.44407469525322085,1.1903922372148372,-0.004884955839600025,-3.1247199618665036,0.0009999999954715122,0.0010000000059875447,0.0010000000019232402,0.0010000000102792228,0.0009999999975818241,0.0010000000012588828,0.0000840826062857054,0.00008410842518929188,1.535886959240137,77.20907417414081,34.75203670770641,0.04882432294040018,0.0003217160743562288,0.00040498363627436,0.001923064057703446,0.0013079999999999693,0.001307999999999937,0.0013079999999999453,0.001003079999999977,0.0010030799999999555,0.0010030799999999687
2025-06-14T21:22:10Z,40.37110243607828,-75.31267447605106,51.56808731285855,71.96143236290663,-170.74275768361986,0.054662607869886415,1.1831998525303788,0.0007958444379880802,-3.1345165591919795,0.0009999999954430905,0.0010000000057033276,0.0010000000020653488,0.001000000010250801,0.0009999999975534024,0.0010000000012375665,0.00008508178159466064,0.00008510863287143443,1.570295465406898,78.7482147953922,35.7257034942178,0.053546870751207565,0.00032761629151032356,0.00040406891851971173,0.0019329893008462038,0.0013089999999999688,0.0013089999999999363,0.0013089999999999445,0.001003089999999976,0.0010030899999999548,0.001003089999999969
2025-06-14T21:22:11Z,40.373525493210856,-75.31432168389163,50.64769731974229,69.44923563394696,-173.7407868783921,-0.48633148007138516,1.1709340138040716,-0.007669379478784322,3.133500413503498,0.0009999999951588734,0.0010000000058454361,0.0010000000020085054,0.0010000000100802708,0.0009999999977168272,0.0010000000014684929,0.00008608109909416331,0.00008610884931203792,1.6157017880864097,80.40939915374238,36.74241146022986,0.06129730140825407,0.00033133710423737016,0.00040479956504480745,0.0019422461540289176,0.0013099999999999677,0.0013099999999999356,0.0013099999999999434,0.0010030999999999768,0.0010030999999999556,0.00100309999999997
2025-06-14T21:22:12Z,40.37470141883246,-75.31626606665958,49.59876369172707,67.68438091129065,-176.73011237941682,-1.0961308137193555,1.1465603465330787,-0.019829898210900865,3.1263832120748702,0.0009999999953720362,0.0010000000060870207,0.001000000002235879,0.0010000000099807949,0.000999999997844725,0.0010000000017065247,0.00008708062829324466,0.00008710907876012065,1.6752994899051088,82.16905366232838,37.80032690146868,0.07043933296104998,0.0003370182305562958,0.0004035764480864393,0.0019515755230659045,0.0013109999999999663,0.0013109999999999361,0.001310999999999942,0.0010031099999999772,0.0010031099999999557,0.001003109999999971
2025-06-14T21:22:13Z,40.37506774358884,-75.31842150744222,48.40543777914718,66.57805025950074,-179.72184291481972,-1.5775761703989701,1.1336051028774818,-0.002035086858171553,3.114368738635676,0.0009999999955567773,0.0010000000061154424,0.0010000000018095534,0.0010000000101371143,0.0009999999983349994,0.0010000000019978472,0.00008808039940608547,0.00008810932402298284,1.7488420714745492,84.18200493811574,38.90461691668899,0.08040959860698393,0.0003390825937369736,0.0004058009297112769,0.001962377596254876,0.0013119999999999655,0.0013119999999999371,0.001311999999999941,0.0010031199999999763,0.0010031199999999568,0.001003119999999972
2025-06-14T21:22:14Z,40.37497669913489,-75.32071105071827,47.22363935736939,65.98537490982562,-182.42860312759876,-1.9848645251477137,1.122650679666549,-0.027355041248483758,3.1198977578023914,0.0009999999955283556,0.001000000006357027,0.0010000000016106014,0.0010000000101513251,0.0009999999984913188,0.001000000002200352,0.00008908038849991996,0.0000891095851804193,1.8331008519238796,86.45297978767738,40.01598581632929,0.08959175981364553,0.0003454622047432615,0.0004040301376143279,0.0019712925179282107,0.0013129999999999646,0.0013129999999999362,0.0013129999999999403,0.0010031299999999754,0.0010031299999999576,0.0010031299999999719
2025-06-14T21:22:15Z,40.374881838129305,-75.32302067685158,46.20691729756072,65.69120911043137,-184.31645675189793,-2.213032093277434,1.113039083968033,-0.01952578552322848,3.1301489086763468,0.0009999999953720362,0.0010000000064707137,0.0010000000015253363,0.0010000000100376383,0.0009999999981715746,0.0010000000021790356,0.00009008053164722591,0.0000901098596811412,1.9174591241297854,88.90679415707747,41.10028994195538,0.09397482308217198,0.00035035960550071056,0.00040281987685319894,0.0019817280557564852,0.0013139999999999643,0.0013139999999999359,0.00131399999999994,0.0010031399999999747,0.0010031399999999584,0.001003139999999971
2025-06-14T21:22:16Z,40.37519268177266,-75.3252388091325,45.30428692093119,65.22790403105319,-185.67506323568523,-2.4866068744449876,1.0984248112654313,-0.0015052847242742473,3.1329220905608963,0.0009999999952157168,0.0010000000065844006,0.0010000000016674448,0.0010000000103360662,0.00099999999817868,0.0010000000020440325,0.0000910807490902387,0.00009111014321951924,1.989186442797316,91.55056906807786,42.08859341724088,0.0954482129919505,0.0003491563447737277,0.00040687095809049186,0.0019929064263111977,0.0013149999999999644,0.001314999999999936,0.0013149999999999401,0.001003149999999974,0.0010031499999999588,0.0010031499999999705
2025-06-14T21:22:17Z,40.37602522947215,-75.32732513343666,44.372985587920994,64.19053107406944,-186.5661923903972,-2.6497023281408474,1.0903596126881894,-0.021175080825742043,3.123324693675386,0.0009999999952583494,0.0010000000065559789,0.0010000000016816557,0.0010000000103929096,0.000999999998079204,0.0010000000023921984,0.00009208097788772213,0.00009211043168008013,2.041570466685529,94.34924359240947,42.986112455964125,0.09399722880682004,0.0003401389002146313,0.0004181477708098455,0.0020019550180100073,0.0013159999999999648,0.0013159999999999364,0.0013159999999999405,0.0010031599999999728,0.0010031599999999587,0.0010031599999999691
2025-06-14T21:22:18Z,40.37735622923612,-75.32927294964199,43.597017583902925,62.945804730057716,-187.11365205049515,-2.6174198493827134,1.0940160184691194,-0.03257665607497984,3.119749536534073,0.0009999999951730842,0.0010000000063712378,0.0010000000014116495,0.001000000010250801,0.000999999997844725,0.0010000000023140387,0.00009308118478456386,0.00009311072247516094,2.071164549839327,97.29554369627435,43.79525947205135,0.09101352929243833,0.0003315897884291545,0.0004283278374165998,0.002011506687974627,0.0013169999999999638,0.0013169999999999352,0.001316999999999939,0.001003169999999972,0.0010031699999999582,0.0010031699999999686
2025-06-14T21:22:19Z,40.3790673988134,-75.33110834120039,43.03966317093,61.63030109554529,-187.24067396856844,-2.4098834597389214,1.103840545634739,-0.01265356956935193,3.1147145690920297,0.000999999995400458,0.0010000000063143943,0.0010000000016390231,0.0010000000100376383,0.0009999999979655172,0.0010000000022891697,0.00009408136122765369,0.00009411101472063322,2.076747472061648,100.28445663974705,44.53205254099517,0.0857897098579199,0.00032101825117332715,0.000439920625424982,0.0020225611595277577,0.0013179999999999644,0.001317999999999936,0.001317999999999938,0.0010031799999999733,0.001003179999999959,0.0010031799999999677
2025-06-14T21:22:20Z,40.3808467264582,-75.33291680970721,42.464974300935864,60.16024406859651,-187.43545530550182,-2.2864040700660553,1.1118285874836147,-0.022345100297798126,3.1112189164559823,0.0009999999954146688,0.0010000000064849246,0.0010000000015963906,0.00100000001006606,0.000999999997894463,0.001000000002125745,0.00009508151799218797,0.00009511130885238448,2.0615073187341486,103.30579356276692,45.1979274828611,0.08049042660979056,0.00031139706884511184,0.0004513633607994856,0.002032035928583747,0.0013189999999999645,0.001318999999999936,0.0013189999999999372,0.0010031899999999737,0.0010031899999999598,0.0010031899999999668
2025-06-14T21:22:21Z,40.382625001476804,-75.33470777752181,41.9406743501313,58.5729630026035,-187.48464038036764,-2.1598726536903996,1.1229462385963416,-0.027113242519362757,3.124200978461886,0.0009999999953436145,0.0010000000069112502,0.001000000001837975,0.0010000000099523731,0.0009999999976670892,0.0010000000022323263,0.00009608167551579886,0.00009611160606234277,2.0310438559886643,106.32298837583375,45.8241689112917,0.074625386356727,0.00030953597108392995,0.00045570933414834137,0.002041738624349074,0.0013199999999999655,0.001319999999999935,0.0013199999999999382,0.0010031999999999747,0.0010031999999999606,0.0010031999999999676
2025-06-14T21:22:22Z,40.38435456804187,-75.33648468558545,41.520268925931305,56.87461772467941,-187.43474548123777,-2.0754379887657706,1.12990094529232,-0.025526138584382352,3.1294920323125552,0.0009999999952157168,0.0010000000068117743,0.0010000000016106014,0.001000000009966584,0.0009999999979726226,0.0010000000025378597,0.00009708185333567509,0.00009711190777625026,1.990045534148912,109.35626310929875,46.423261478190206,0.06917857151581752,0.0003050521782293684,0.0004634694167585859,0.002051742530481832,0.0013209999999999667,0.0013209999999999342,0.0013209999999999383,0.0010032099999999749,0.0010032099999999614,0.0010032099999999675
2025-06-14T21:22:23Z,40.385900928873056,-75.33828408691609,41.236136502120644,54.87985010771081,-187.20163727737963,-1.734423340880312,1.1467639182810672,-0.032804793709601654,3.1232813217502553,0.0009999999953578254,0.001000000007024937,0.0010000000016674448,0.0010000000100802708,0.0009999999978660412,0.0010000000026764155,0.00009808206548866484,0.00009811221537031987,1.941665912519394,112.44301943448401,47.067785448053485,0.06328448078191207,0.0002965874316346949,0.0004763518501531452,0.002061365870219655,0.001321999999999967,0.0013219999999999346,0.0013219999999999385,0.0010032199999999753,0.001003219999999962,0.0010032199999999664
2025-06-14T21:22:24Z,40.38703336123074,-75.34020352098402,40.735080229118466,53.163554451428354,-187.1396059151739,-1.6791928071033908,1.1475334239075892,-0.03388279367209179,3.1212571573851164,0.000999999995499934,0.0010000000068828285,0.0010000000018095534,0.00100000001006606,0.0009999999977736707,0.0010000000027403644,0.00009908231743193666,0.00009911253006390738,1.8867216958486592,115.46000447269732,47.70028446574636,0.05736247712179654,0.0002911098978736435,0.0004873020095618106,0.002071257018536172,0.001322999999999967,0.0013229999999999345,0.0013229999999999386,0.0010032299999999752,0.001003229999999961,0.0010032299999999654
2025-06-14T21:22:25Z,40.38779471638107,-75.34225586526382,39.896709580440074,51.66880848584697,-187.42615329660475,-1.472872260506847,1.1556681990623474,-0.04135310327501429,3.1223465253133327,0.0009999999955994099,0.0010000000067975634,0.001000000001553758,0.0010000000099381623,0.000999999997546297,0.001000000002733259,0.00010008260800146242,0.00010011285294674442,1.8275245495665737,118.60143435204469,48.417499923714985,0.052194357916884315,0.00028857710148806165,0.0004968392665873971,0.0020809198103381075,0.0013239999999999678,0.0013239999999999353,0.0013239999999999392,0.001003239999999976,0.0010032399999999617,0.0010032399999999652
2025-06-14T21:22:26Z,40.38836704988144,-75.34438078113732,39.13856259873137,50.756925847847015,-188.17979560233653,-1.0939977066736901,1.174195549741853,-0.013523054923666677,3.141079568886198,0.0009999999954288796,0.001000000007323365,0.0010000000015253363,0.001000000009867108,0.0009999999975320861,0.0010000000027012845,0.00010108293018951773,0.00010111318477877062,1.7700938051023574,122.03157278460057,49.2118818352006,0.048737353130714256,0.0002948734943578146,0.0004984965295764436,0.002091981155958968,0.0013249999999999673,0.0013249999999999345,0.0013249999999999389,0.0010032499999999764,0.001003249999999962,0.0010032499999999658
2025-06-14T21:22:27Z,40.388818218810805,-75.34654807386565,38.79091050848365,50.15846344130114,-188.73618262074888,-0.5213631729202461,1.1936439766432159,0.003016558036421202,-3.098276302800514,0.0009999999956136207,0.0010000000074370519,0.0010000000017242883,0.0010000000096255235,0.0009999999972691853,0.0010000000025200961,0.00010208327118008885,0.00010211352557117499,1.7161403666676711,125.58177259831304,50.098534316067344,0.04483141357114262,0.0003147144184953671,0.0004883272500288296,0.002102807029852045,0.0013259999999999659,0.0013259999999999334,0.0013259999999999375,0.0010032599999999759,0.0010032599999999618,0.0010032599999999653
2025-06-14T21:22:28Z,40.389177199362926,-75.3487573432424,38.81505098938942,49.512375166174024,-189.32486557401717,-0.0847368982331318,1.2125769799749833,0.011632972068014169,-3.0647844148334116,0.0009999999955994099,0.0010000000075365278,0.0010000000018237643,0.0010000000095402584,0.0009999999973047125,0.0010000000023424604,0.00010308361160491584,0.00010311387476977893,1.6639444402067685,129.20022764117724,51.046467384291276,0.041441140395079956,0.0003315950439253037,0.00048217878352565244,0.002113305861483915,0.0013269999999999658,0.001326999999999933,0.0013269999999999374,0.0010032699999999754,0.0010032699999999613,0.001003269999999965
2025-06-14T21:22:29Z,40.389534227658224,-75.35099566093345,39.0450201369822,49.47100146440789,-190.066125780344,0.24410594169967226,1.231822071771603,0.011572273932756616,-3.0096069810388144,0.0009999999959404704,0.001000000007621793,0.0010000000017811317,0.001000000009469204,0.000999999997496559,0.0010000000022749589,0.00010408392311184888,0.00010411423158075514,1.613970547250052,132.91986170665257,52.00829629990379,0.03834426082481668,0.00036063476579095916,0.00046460043646606584,0.0021232635240227013,0.001327999999999966,0.0013279999999999336,0.0013279999999999384,0.0010032799999999747,0.0010032799999999606,0.001003279999999964
2025-06-14T21:22:30Z,40.39010722816925,-75.35323313318848,39.377910499460995,49.46539922291413,-191.04691598564386,0.677164688531775,1.2529190637287684,0.028348700080414346,-2.9523033704899717,0.000999999995684675,0.0010000000075081061,0.0010000000018095534,0.0010000000093413064,0.0009999999975391916,0.0010000000025449651,0.00010508416682708466,0.00010511459497332909,1.5669591893011285,136.80745643241798,53.04187926330775,0.035985881945207576,0.00039272456851232137,0.0004447861627749148,0.0021345909326674264,0.0013289999999999663,0.0013289999999999346,0.0013289999999999385,0.0010032899999999748,0.001003289999999961,0.0010032899999999644
2025-06-14T21:22:31Z,40.391076902421744,-75.355433691406,39.798232439905405,49.55970427254215,-191.97610359452665,0.8947569611555082,1.2634152314421954,0.0285765374494531,-2.8866226665850263,0.0009999999956420424,0.001000000007223889,0.001000000001454282,0.0010000000091991978,0.000999999997546297,0.0010000000022820643,0.00010608429123531089,0.00010611496379166291,1.522210859849603,140.63546631842124,54.075342025348554,0.03329504573125208,0.0004300434515386578,0.00041981750547635165,0.002144605988288547,0.0013299999999999668,0.0013299999999999339,0.001329999999999938,0.001003299999999975,0.0010032999999999618,0.0010032999999999652
2025-06-14T21:22:32Z,40.39240478140959,-75.35759310590466,40.221529921516776,49.08305557677522,-193.22792134992778,0.865620201380807,1.262800268290448,0.03350842985446434,-2.841445930796908,0.0009999999957273076,0.0010000000071102022,0.0010000000014400712,0.0010000000092986738,0.0009999999974255047,0.001000000002285617,0.00010708423511441022,0.00010711533665795792,1.4808776014302374,144.55529095010837,55.13242623095042,0.031739179276132234,0.00045735001130828886,0.00040516997057259396,0.0021550138883134526,0.0013309999999999665,0.001330999999999934,0.001330999999999938,0.001003309999999976,0.0010033099999999626,0.0010033099999999663
2025-06-14T21:22:33Z,40.39424054190825,-75.35968752688449,40.61349745467305,48.65886211954057,-194.67915499210358,1.0533507113868836,1.2728948778676568,0.03375424310161179,-2.809098738391185,0.0009999999958125727,0.0010000000071954673,0.0010000000016106014,0.0010000000092134087,0.000999999997645773,0.0010000000021896938,0.00010808394515357983,0.00010811571200705537,1.4456085048623892,148.69591974807346,56.24588496471447,0.030913624508741466,0.0004781391381086178,0.00039709455189318823,0.0021649114235585023,0.0013319999999999667,0.001331999999999934,0.001331999999999938,0.0010033199999999768,0.0010033199999999625,0.001003319999999966
2025-06-14T21:22:34Z,40.396471407005805,-75.36172494013063,41.10305846622214,48.03695816034451,-196.03010529093444,1.138188455341151,1.279336812265683,0.03502503371964849,-2.7821795966883656,0.0009999999956420424,0.001000000007024937,0.0010000000019658728,0.0010000000089434025,0.0009999999978163032,0.0010000000022785116,0.00010908339420353077,0.00010911608831214036,1.415859513044565,152.87127645811518,57.40090846032172,0.03035895531165822,0.0004965465886767967,0.0003916710592704298,0.0021748850264215777,0.0013329999999999675,0.0013329999999999347,0.0013329999999999386,0.0010033299999999776,0.0010033299999999616,0.001003329999999967
2025-06-14T21:22:35Z,40.39917599099565,-75.36368527112349,41.57375601353124,47.03039390547201,-197.76989704556763,1.130786650799564,1.2750393165479181,0.0362059274357307,-2.7825958101602737,0.0009999999952441385,0.0010000000073091542,0.0010000000018948185,0.0010000000089576133,0.0009999999975889295,0.001000000001976531,0.00011008257159685678,0.0001101164637119171,1.3940600212714922,157.289695839107,58.636161873104925,0.0320077286915984,0.0005012333293824869,0.0004002507436969271,0.0021847556370501726,0.0013339999999999682,0.0013339999999999355,0.0013339999999999396,0.0010033399999999776,0.0010033399999999626,0.0010033399999999672
2025-06-14T21:22:36Z,40.40213028626799,-75.36559262145954,42.06506742583588,46.12490165187046,-199.21567954681814,1.1808016013819724,1.2759258666774258,0.03477158444002271,-2.7768597924150527,0.0009999999952157168,0.0010000000075081061,0.0010000000017811317,0.0010000000090570893,0.0009999999977878815,0.00100000000150402,0.00011108150322263464,0.00011111683631131703,1.3821257388005346,161.79454373902996,59.9556611858819,0.03342637780850721,0.0005099220493855161,0.0004050107433344884,0.0021943688035137884,0.001334999999999968,0.0013349999999999354,0.0013349999999999395,0.0010033499999999775,0.0010033499999999632,0.0010033499999999667
2025-06-14T21:22:37Z,40.405938316416595,-75.36732380760988,42.37844461062923,44.79459528950974,-200.93630048446357,1.104112529894337,1.2767613523319596,0.02954755040832424,-2.777458061114885,0.0009999999951304517,0.001000000007806534,0.0010000000016816557,0.0010000000088297156,0.000999999997596035,0.0010000000015573107,0.00011208023798016297,0.00011211720435746392,1.3810771648289124,166.4749223338762,61.395386310175496,0.03676018438109263,0.0005161172932206748,0.0004121422208332326,0.0022035631418005916,0.0013359999999999685,0.001335999999999936,0.00133599999999994,0.0010033599999999766,0.0010033599999999625,0.0010033599999999662
2025-06-14T21:22:38Z,40.41050542178971,-75.36886888694683,42.40717087360099,43.255782262887806,-203.01036527380347,0.9076444667152828,1.2742376895039342,0.02133883178976248,-2.782014522497775,0.0009999999946330718,0.0010000000075791604,0.0010000000018663968,0.0010000000087728722,0.0009999999977168272,0.0010000000014400712,0.00011307883884756832,0.00011311756620116663,1.3953854297052186,171.34007381845075,62.93468688586705,0.040878782892895926,0.0005210941550654146,0.0004199873286013102,0.0022125111487282917,0.0013369999999999673,0.0013369999999999346,0.0013369999999999387,0.0010033699999999759,0.0010033699999999618,0.001003369999999967
2025-06-14T21:22:39Z,40.41503899486936,-75.37036990105821,42.31325328955427,41.395953272935,-204.81500485353172,0.8472521094154217,1.2747628386860015,0.02883330357849445,-2.782819765357999,0.0009999999946330718,0.0010000000077496907,0.0010000000018095534,0.0010000000084744443,0.000999999997794987,0.0010000000012837518,0.00011407740695305501,0.00011411792264897842,1.4243901036596525,176.2154705730508,64.61717436401818,0.04489628787433764,0.0005293212696500167,0.0004238568030173276,0.0022227141379217168,0.0013379999999999664,0.0013379999999999334,0.0013379999999999378,0.001003379999999975,0.0010033799999999609,0.0010033799999999678
2025-06-14T21:22:40Z,40.4187346987551,-75.37200990018107,42.27370329434052,39.39240609621629,-206.34993684478104,0.6883055506259552,1.272301399774733,0.027547968959197533,-2.7832163026032504,0.0009999999943488547,0.001000000007806534,0.0010000000017242883,0.0010000000080481186,0.0009999999978873575,0.0010000000015253363,0.0001150760513290145,0.00011511827687090735,1.464111674851468,180.9049998648877,66.38689837558745,0.048625603809960505,0.0005380701578859387,0.0004251594708916055,0.002232254947684726,0.0013389999999999672,0.0013389999999999325,0.0013389999999999385,0.0010033899999999756,0.0010033899999999617,0.0010033899999999686
2025-06-14T21:22:41Z,40.42210073553974,-75.37368057679176,42.09791032830253,37.181135315448046,-207.77218789048493,0.5254637623365852,1.271322784901713,0.03324710769447847,-2.778078933362849,0.0009999999945762283,0.0010000000078775884,0.0010000000015395472,0.0010000000078775884,0.0009999999981573637,0.0010000000015395472,0.00011607486515794137,0.00011611863256728187,1.510670758494161,185.39296234515254,68.25067642317428,0.051996518992667995,0.0005505217956751805,0.0004207923067141949,0.002242322373529824,0.0013399999999999677,0.0013399999999999317,0.001339999999999939,0.001003399999999976,0.0010033999999999627,0.0010033999999999688
2025-06-14T21:22:42Z,40.424717515913684,-75.37550223793569,41.91705036582425,34.73740165075287,-209.20013372786343,0.4199386655636772,1.2719357581954682,0.03789961103939277,-2.783221404388314,0.000999999994704126,0.001000000007806534,0.0010000000013263843,0.001000000008005486,0.0009999999986547436,0.0010000000017384991,0.00011707392035729669,0.00011711899407322983,1.562825985467486,189.67331166971547,70.2353441926188,0.05650590388066734,0.0005574062460482903,0.0004196354677716756,0.0022523194944961042,0.0013409999999999683,0.0013409999999999314,0.0013409999999999397,0.0010034099999999765,0.0010034099999999633,0.0010034099999999676
2025-06-14T21:22:43Z,40.42676265606146,-75.37744276538201,41.79898340580985,32.311603675596416,-210.2568438332528,0.4761430641883635,1.2786422112258151,0.024031516028344413,-2.7884036016184837,0.000999999994718337,0.0010000000079912752,0.0010000000014400712,0.0010000000073802084,0.0009999999988679065,0.0010000000018699495,0.00011807327569525896,0.00011811936633036667,1.6180132076004696,193.56327987264365,72.32646292123916,0.05994580663840654,0.0005636835854165018,0.0004160738303012558,0.0022610848653176197,0.0013419999999999693,0.0013419999999999303,0.0013419999999999407,0.0010034199999999765,0.0010034199999999624,0.001003419999999967
2025-06-14T21:22:44Z,40.42854111284047,-75.37941263462733,41.54525052988902,29.857291686581448,-211.17748458497226,0.1670746621748549,1.2703774279361824,0.06007954646838698,-2.7797555023862515,0.000999999994505174,0.0010000000081618055,0.0010000000015253363,0.0010000000074086302,0.0009999999989247499,0.0010000000015111254,0.00011907295720144711,0.00011911975283535881,1.669814060071849,196.84937087709926,74.40054100427083,0.061884845361063534,0.0005800590360758205,0.00040237023385416405,0.0022735098025784633,0.0013429999999999694,0.0013429999999999295,0.0013429999999999406,0.0010034299999999766,0.0010034299999999634,0.0010034299999999666
2025-06-14T21:22:45Z,40.429471593546516,-75.38164438226336,41.32903734780848,27.80492089712061,-212.24900995753706,0.027671112518873997,1.271675076073734,0.047841718420386314,-2.782198061613599,0.0009999999945762283,0.001000000008104962,0.0010000000013121735,0.0010000000076786364,0.0009999999992302833,0.0010000000013583588,0.00012007294250652272,0.0001201201550828776,1.7152431414093823,199.82155362186487,76.5647720268342,0.06363960363594201,0.0005875410261295395,0.00039296763922309035,0.0022821909816010625,0.0013439999999999687,0.0013439999999999297,0.00134399999999994,0.0010034399999999757,0.001003439999999964,0.0010034399999999657
2025-06-14T21:22:46Z,40.42985355470032,-75.38409162270122,41.30579873826355,26.37875406211242,-213.4517863932997,0.08773087835379556,1.273501488394686,0.046227168234963756,-2.7919726269028615,0.0009999999944909632,0.001000000008019697,0.0010000000012979626,0.0010000000075791604,0.0009999999993226538,0.001000000001369017,0.00012107318969255323,0.00012112057471555346,1.7518935695969609,202.47851024573546,78.79128252021496,0.0636455365204579,0.0005915552247510156,0.0003862206778457906,0.0022919181931368164,0.0013449999999999675,0.0013449999999999307,0.001344999999999939,0.001003449999999976,0.0010034499999999637,0.0010034499999999663
2025-06-14T21:22:47Z,40.43027179956657,-75.38650823150823,41.21937886206433,24.726316617801785,-214.645281849429,0.03135106598756465,1.2695355492032832,0.04071930699501536,-2.7930886411631946,0.0009999999945762283,0.0010000000075933713,0.0010000000012979626,0.0010000000077923232,0.00099999999959266,0.0010000000009817711,0.00012207364704800396,0.00012212101377382138,1.77799296706139,204.75242052717928,81.05362624773616,0.06349178140551237,0.0006000400311083582,0.00037388490789150725,0.0023013713703231085,0.0013459999999999685,0.0013459999999999315,0.0013459999999999377,0.0010034599999999754,0.0010034599999999639,0.0010034599999999673
2025-06-14T21:22:48Z,40.430641032906316,-75.38893123111113,41.07455737842247,22.99919405183755,-215.7917171213776,0.01471681281873316,1.2732234948052792,0.06049075228520451,-2.7903326630184893,0.000999999994618861,0.0010000000076502147,0.001000000001070589,0.001000000007621793,0.0009999999992444941,0.0010000000010030874,0.00012307425977441908,0.00012312147382679463,1.7947963194636434,206.81400907211727,83.38673694122609,0.06292427422584079,0.0006119874490205774,0.0003594338463763287,0.0023127386042917173,0.001346999999999968,0.00134699999999993,0.0013469999999999383,0.0010034699999999746,0.0010034699999999632,0.0010034699999999666
2025-06-14T21:22:49Z,40.4308773902185,-75.39144624066591,41.08664103411138,21.355427582748234,-217.04126272909343,0.1315576731612964,1.2773933659482282,0.06319161185365374,-2.7879242745693773,0.0009999999945904392,0.0010000000071954673,0.0010000000009853238,0.0010000000074796844,0.0009999999991805453,0.0010000000007153176,0.0001240749796015954,0.0001241219554873925,1.805447426242817,208.84206622941255,85.84841007684152,0.06318611283948428,0.0006226413335166302,0.00034571683214997006,0.0023228531924221903,0.001347999999999968,0.0013479999999999309,0.001347999999999939,0.0010034799999999746,0.0010034799999999637,0.0010034799999999674
2025-06-14T21:22:50Z,40.431003568625265,-75.39414277633837,41.38583341380581,20.307174482615665,-218.28262872435153,0.036762219831871334,1.2744173434912227,0.06568255361526099,-2.7710249681549612,0.000999999994704126,0.0010000000074370519,0.0010000000011984866,0.0010000000073802084,0.0009999999993652864,0.00100000000079703,0.0001250757676598377,0.00012512245860858993,1.8130097081817014,210.63579916809232,88.34076762266429,0.06340205481421657,0.0006409761036214584,0.0003251685233154828,0.0023331736874716595,0.001348999999999968,0.0013489999999999312,0.0013489999999999394,0.001003489999999975,0.0010034899999999645,0.001003489999999968
2025-06-14T21:22:51Z,40.431179265486634,-75.3968887741864,41.61503040604293,19.694064852781594,-219.5322906281799,-0.1736964903157059,1.2616268120327732,0.06325909565930488,-2.765166128432611,0.0009999999950451866,0.001000000007707058,0.0010000000013832278,0.0010000000072523108,0.0009999999995642384,0.0010000000009497967,0.00012607659245389766,0.0001261229820465863,1.8148414070271897,212.3266624211397,90.83425932196948,0.061741015447646874,0.0006528557916611275,0.0003113516819163269,0.002343025088834434,0.0013499999999999684,0.0013499999999999315,0.0013499999999999398,0.0010034999999999745,0.0010034999999999636,0.001003499999999967
2025-06-14T21:22:52Z,40.431415440204646,-75.39963721996355,41.59563116868958,19.047106433892623,-220.91346692293882,-0.4534566271213407,1.246597656630911,0.03217821785074193,-2.759571187052643,0.0009999999949741323,0.0010000000076502147,0.0010000000016390231,0.001000000006925461,0.0009999999998058229,0.0010000000010741417,0.00012707743081891352,0.00012712352412597012,1.809572043276744,214.0518192720953,93.3906407187326,0.06021710604117325,0.0006626488432844331,0.00029859116027437923,0.0023506429385686902,0.0013509999999999694,0.0013509999999999323,0.0013509999999999406,0.0010035099999999735,0.0010035099999999631,0.0010035099999999666
2025-06-14T21:22:53Z,40.43163246296217,-75.40231714707055,41.12540608597919,17.565008610254154,-222.2022108603269,-0.7596745591363288,1.2315817305934615,0.05002320188714293,-2.7663844999624416,0.0009999999948604454,0.0010000000078349558,0.0010000000012411192,0.001000000007124413,0.000999999999656609,0.0010000000008183463,0.00012807827191946384,0.0001281240839460164,1.8048517857279969,215.85069328535414,96.12658480890211,0.061497961167336856,0.000669088356900211,0.0002929351679372558,0.002361848011324201,0.0013519999999999687,0.0013519999999999316,0.0013519999999999398,0.0010035199999999726,0.0010035199999999626,0.0010035199999999663
2025-06-14T21:22:54Z,40.43183931547464,-75.4049931121342,40.451519661117345,16.366583524039015,-223.59026041813195,-0.7898752774999593,1.232570456864778,0.053970100022070255,-2.7624292925174814,0.0009999999950309757,0.0010000000079628535,0.0010000000013263843,0.0010000000072665216,0.0009999999996708198,0.001000000000573209,0.00012907910860462233,0.00012912466112131825,1.8015369389752371,217.90319230736824,98.96235878232345,0.06052912484974515,0.0006800891775113304,0.00028282468323601175,0.0023721363737335926,0.0013529999999999682,0.0013529999999999313,0.0013529999999999393,0.0010035299999999721,0.0010035299999999617,0.001003529999999966
2025-06-14T21:22:55Z,40.432096982526794,-75.40771198099112,39.76680243201554,15.307996743824333,-224.9627055581659,-0.9220105510103167,1.2305935075273737,0.06429965039569652,-2.756090723996749,0.0009999999948462346,0.0010000000078775884,0.00100000000175271,0.001000000007039148,0.0009999999999550369,0.0010000000002925447,0.00013007993554385624,0.0001301252557126202,1.7951897272893498,219.95770150704726,101.86790136344578,0.05958740790766137,0.0006927274586791004,0.0002723559947040582,0.0023831328761346024,0.0013539999999999687,0.0013539999999999316,0.0013539999999999397,0.0010035399999999725,0.0010035399999999617,0.0010035399999999653
2025-06-14T21:22:56Z,40.43240887337689,-75.41046444300622,39.10255534527823,14.489236424560659,-226.2189877871424,-0.8662687574906158,1.2320678371324902,0.05794055419073629,-2.7500624682579655,0.0009999999951446625,0.001000000007621793,0.001000000001837975,0.001000000006925461,0.0010000000000331966,0.0010000000000793818,0.00013108075594621792,0.0001311258680591823,1.7852934970288379,222.16219160012517,104.91563182833114,0.05784796194951769,0.0007038791650219884,0.00026293855992723917,0.0023925260655251585,0.001354999999999968,0.0013549999999999311,0.0013549999999999394,0.0010035499999999724,0.0010035499999999616,0.0010035499999999653
2025-06-14T21:22:57Z,40.43270253149056,-75.41321641643601,38.50642018625513,13.645809568231925,-227.56091219373047,-0.7288234005900449,1.2383399589598412,0.058833143999891035,-2.730213028291473,0.0009999999955425665,0.0010000000074796844,0.0010000000016390231,0.0010000000068686177,0.000999999999940826,0.001000000000164647,0.00013208158017065442,0.0001321264979236713,1.7713658225242503,224.6467043535422,108.10540846805114,0.056113971957854836,0.0007215829674980136,0.00024858501929719254,0.002402663280982013,0.0013559999999999666,0.0013559999999999304,0.0013559999999999389,0.001003559999999971,0.0010035599999999607,0.0010035599999999641
2025-06-14T21:22:58Z,40.433038238790076,-75.41600026213648,37.990791549906135,12.910076129483059,-228.82089701481164,-0.8215044230164494,1.2410050135222264,0.07784373508548015,-2.7052156625723,0.0009999999953151928,0.001000000007820745,0.0010000000016248123,0.0010000000064991355,0.0010000000000047748,0.0009999999998271392,0.00013308242241090272,0.00013312714508292454,1.7546626998088415,227.20820222002362,111.3527224563453,0.054403071088561794,0.0007427305220196642,0.00023377367423863657,0.002415006838904165,0.0013569999999999657,0.0013569999999999292,0.001356999999999938,0.0010035699999999717,0.001003569999999961,0.0010035699999999645
2025-06-14T21:22:59Z,40.433412884504456,-75.41881893246357,37.64575431868434,12.513741688686423,-230.17895537801087,-0.5268037576024653,1.2569507727603195,0.08702558740787936,-2.6733923335559666,0.00099999999510203,0.0010000000076075821,0.0010000000019232402,0.001000000006257551,0.0009999999999692477,0.0009999999998697717,0.00013408329561641282,0.00013412780960748833,1.7345441749540238,230.2292859280468,114.8111596831076,0.05207426458305131,0.0007649408797759995,0.00021840931813815346,0.0024265530964794964,0.0013579999999999645,0.0013579999999999285,0.001357999999999939,0.0010035799999999725,0.0010035799999999618,0.0010035799999999636
2025-06-14T21:23:00Z,40.43376977481192,-75.42165720206518,37.3915759511292,12.018238286487758,-231.4178893584758,-0.6897897072776686,1.2612589768250473,0.09480918022381957,-2.6234443173743784,0.0009999999953578254,0.0010000000078917992,0.0010000000017811317,0.0010000000062859726,0.0009999999998129283,0.0010000000001326725,0.00013508421186869096,0.00013512849167302286,1.7120582275612006,233.30067063940453,118.28477773204969,0.05035793809895728,0.0007914213966797041,0.0002000451692704002,0.0024381639564810347,0.0013589999999999653,0.0013589999999999282,0.0013589999999999395,0.0010035899999999718,0.0010035899999999611,0.0010035899999999635
2025-06-14T21:23:01Z,40.43403832539366,-75.42448787941792,37.01857929863036,11.38826234138105,-232.50430187024176,-0.6493389984243549,1.2708431360224495,0.11128918521080777,-2.560987858014414,0.0009999999954715122,0.0010000000078917992,0.00100000000175271,0.0010000000066270331,0.0009999999999834586,0.0010000000004772858,0.00013608517743881834,0.00013612919150159239,1.6894948199199222,236.72429608003503,121.9735841426254,0.04869656304748682,0.0008190998360841753,0.0001833234935935059,0.0024516216615387857,0.001359999999999964,0.0013599999999999272,0.0013599999999999396,0.001003599999999972,0.0010035999999999615,0.0010035999999999622
2025-06-14T21:23:02Z,40.434235760132474,-75.42732337175389,36.5338556971401,10.616857047658414,-233.73693971522152,-0.8599063435394783,1.266279254865367,0.09576811690931208,-2.527219003532082,0.0009999999957130967,0.0010000000081618055,0.0010000000016958666,0.00100000000674072,0.0010000000003529408,0.0010000000006122889,0.00013708619036346877,0.0001371299089586649,1.6686430299162969,240.43294109212147,125.7213647982799,0.047959979790986984,0.0008321793613676372,0.000176728392851867,0.0024588886666077497,0.0013609999999999642,0.0013609999999999272,0.0013609999999999395,0.001003609999999972,0.0010036099999999623,0.0010036099999999625
2025-06-14T21:23:03Z,40.43436095011282,-75.43015503044607,35.861112291458994,10.01538520178292,-235.00568303652108,-0.9041690061130794,1.2750434409244917,0.09487744292255229,-2.483705822523916,0.0009999999953436145,0.0010000000079628535,0.0010000000012979626,0.0010000000067122983,0.001000000000473733,0.0010000000005270238,0.00013808724175390992,0.00013813064429721335,1.6494743751456014,244.52032392270326,129.58050800345282,0.046924130641971096,0.0008472075920466587,0.00017137160558038884,0.0024688865999499795,0.001361999999999964,0.0013619999999999269,0.001361999999999939,0.0010036199999999711,0.0010036199999999631,0.001003619999999963
2025-06-14T21:23:04Z,40.43443443050854,-75.432988268286,35.18106214655563,9.426423239521682,-236.0593784917146,-0.801996499991219,1.2783250409993343,0.0938371159027156,-2.4479456815461162,0.000999999995499934,0.001000000007920221,0.0010000000012126975,0.0010000000066838766,0.0010000000008503207,0.0010000000006797904,0.00013908831908488874,0.00013913139878839084,1.6301827946948049,248.8441903409166,133.58156199377134,0.04554029819174954,0.0008593331915317941,0.00016947876873798506,0.002478792755204701,0.0013629999999999638,0.0013629999999999266,0.001362999999999939,0.00100362999999997,0.0010036299999999629,0.0010036299999999629
2025-06-14T21:23:05Z,40.434426691517345,-75.43585469407513,34.60916082561016,8.403684461605735,-237.4063684977591,-0.8264433546646615,1.288168248909642,0.09289176730817417,-2.4220128890592605,0.0009999999954288796,0.0010000000082897031,0.0010000000010137455,0.0010000000068686177,0.0010000000010350618,0.0010000000009178223,0.00014008940349079962,0.00014013217346054127,1.6155426637095642,253.57158681623477,137.7321264799939,0.04666356132882721,0.0008698432251047067,0.0001697540572731358,0.0024887503602328332,0.0013639999999999642,0.0013639999999999271,0.0013639999999999395,0.0010036399999999689,0.001003639999999962,0.001003639999999962
2025-06-14T21:23:06Z,40.43443451054982,-75.43869356065127,33.72700118646026,7.009638060641009,-239.04905641824007,-1.1290747177408775,1.274913015877246,0.09048744689516752,-2.4243897616688628,0.0009999999952583494,0.001000000008104962,0.0010000000014116495,0.0010000000066838766,0.0010000000007508447,0.0010000000007259757,0.00014109047420819733,0.0001411329693662862,1.6126526156032153,258.5872448147304,141.88717367884647,0.0496196077289629,0.0008793701234530317,0.00017085257945825065,0.002498317113811013,0.001364999999999965,0.0013649999999999277,0.0013649999999999398,0.0010036499999999682,0.001003649999999961,0.0010036499999999627
2025-06-14T21:23:07Z,40.43441536651008,-75.44154588500126,32.682771211024374,5.926318171725143,-240.5257642250508,-1.1403809159382945,1.2765353685681475,0.09907591643150226,-2.405838356964523,0.0009999999954430905,0.0010000000082470706,0.0010000000010990107,0.0010000000066980874,0.0010000000006584742,0.001000000000622947,0.00014209152720500058,0.00014213378849051942,1.6197257158794833,263.8525023294107,146.0811883940517,0.05156184396690866,0.0008905592308956301,0.00017181946440656513,0.0025099199604825925,0.001365999999999965,0.0013659999999999278,0.00136599999999994,0.0010036599999999677,0.0010036599999999605,0.001003659999999963
2025-06-14T21:23:08Z,40.43432511913387,-75.44441921351698,31.55425644107163,4.676484180439729,-242.09726030938327,-1.3904143519612262,1.2806475654360838,0.08538806898013718,-2.3995087281800807,0.0009999999951162408,0.0010000000082897031,0.001000000001070589,0.0010000000064991355,0.001000000000573209,0.0010000000003174137,0.000143092565924512,0.00014313463211607154,1.6342167110866157,269.2583617577422,150.17409354007623,0.054539037207102736,0.0008976441574609153,0.00017254964584281657,0.002517458813595188,0.0013669999999999635,0.0013669999999999282,0.0013669999999999388,0.0010036699999999687,0.0010036699999999613,0.0010036699999999624
2025-06-14T21:23:09Z,40.434101254097605,-75.44730890880679,30.3668531680014,3.0844705633062404,-243.38299474306405,-1.4463536908879178,1.2774550504400395,0.08623446073306695,-2.401085501536727,0.0009999999952441385,0.0010000000085739202,0.0010000000007863719,0.001000000006342816,0.0010000000003529408,0.0010000000005554455,0.00014409359420021277,0.00014413550027980994,1.655952625414733,274.77026420251593,154.3296781489683,0.056839821284239256,0.0009065772898218371,0.0001728220809772932,0.0025277032326087804,0.0013679999999999636,0.0013679999999999272,0.0013679999999999398,0.0010036799999999682,0.0010036799999999613,0.0010036799999999613
2025-06-14T21:23:10Z,40.433615434798156,-75.4501987950284,29.414555199677125,1.4812953264918178,-244.42449361644685,-1.3279445682856021,1.2869832443393534,0.08613443890772032,-2.399498613202013,0.000999999995386247,0.001000000008588131,0.0010000000009995347,0.0010000000061012315,0.0010000000001255671,0.0010000000007082122,0.00014509462911813144,0.00014513639193829722,1.681421643902005,280.44598232720114,158.39373201740065,0.05888989139167722,0.0009146367523158943,0.00017274870282078556,0.0025379437961531113,0.0013689999999999623,0.0013689999999999282,0.0013689999999999406,0.001003689999999968,0.0010036899999999608,0.0010036899999999608
2025-06-14T21:23:11Z,40.43338573341861,-75.45308073548551,28.425084376940504,-0.32055002833294566,-245.57329049147666,-1.0617361995537067,1.2995356881729094,0.09045549063830549,-2.3993366435170174,0.0009999999957130967,0.001000000008602342,0.0010000000006868959,0.0010000000059164904,0.0010000000002676757,0.0010000000007615029,0.00014609569118757484,0.00014613730577539864,1.707252939479738,286.19243238101654,162.4983003168369,0.060219481577811984,0.0009225530892280012,0.00017229531151123352,0.0025487972944855486,0.0013699999999999626,0.0013699999999999275,0.0013699999999999398,0.0010036999999999685,0.0010036999999999616,0.0010036999999999614
2025-06-14T21:23:12Z,40.43307540128906,-75.45595582074056,27.57755384570919,-2.1579616685048677,-246.65704947710037,-1.1926502451387933,1.2933443561632885,0.10008785493664618,-2.401897740084678,0.000999999995883627,0.0010000000086165528,0.001000000000871637,0.0010000000058738578,0.0010000000004524168,0.001000000000821899,0.00014709679870429605,0.00014713824074586319,1.7312827800621455,291.8462767608667,166.36071032665336,0.06152504203443765,0.000931101870820389,0.00017158300578457966,0.0025608289510161003,0.0013709999999999623,0.001370999999999928,0.0013709999999999406,0.0010037099999999684,0.0010037099999999615,0.001003709999999961
2025-06-14T21:23:13Z,40.43261485377292,-75.45880460243018,26.827736400300637,-4.040587323717773,-247.34520311653614,-1.2216789884114405,1.2941425564931706,0.09071387289077393,-2.4029574549058452,0.0009999999957130967,0.0010000000083891791,0.0010000000007579501,0.0010000000057317493,0.0010000000003671516,0.001000000000537682,0.00014809796687640143,0.00014813919674868067,1.751208212397654,297.5593131717597,170.27247818446057,0.06175206518793275,0.0009365570178436607,0.0001706119671683171,0.0025692708503813563,0.001371999999999962,0.0013719999999999277,0.0013719999999999403,0.0010037199999999686,0.0010037199999999623,0.0010037199999999614
2025-06-14T21:23:14Z,40.43235141957983,-75.46168530224746,25.853953179204836,-5.803105608269107,-248.32589283026755,-1.2742201545624994,1.2962963543250225,0.08465066193821258,-2.4020093322906177,0.0009999999957699401,0.0010000000084176008,0.0010000000005874199,0.0010000000059164904,0.0010000000001824105,0.00100000000033873,0.00014909920003594896,0.0001491401748801844,1.7657673924679753,303.44409790271806,174.29989122789382,0.06197052306930517,0.0009430722652328422,0.00016937596707262235,0.0025782681860125624,0.0013729999999999626,0.0013729999999999261,0.0013729999999999398,0.0010037299999999683,0.0010037299999999631,0.0010037299999999603
2025-06-14T21:23:15Z,40.4320887616204,-75.46457276805414,24.834498300217092,-7.6293871575035155,-249.2600753493607,-1.3896495983499335,1.2977004520362243,0.08236544746887375,-2.4089785367250443,0.0009999999957130967,0.0010000000082612814,0.0010000000007011067,0.0010000000058738578,0.0010000000002037268,0.001000000000562551,0.00015010049492797468,0.0001501411767703539,1.7762795780259966,309.4461677197535,178.5094619616887,0.06229534369525458,0.0009504675390051749,0.00016851878621146647,0.002588011158319119,0.001373999999999963,0.0013739999999999263,0.0013739999999999389,0.0010037399999999687,0.0010037399999999624,0.0010037399999999607
2025-06-14T21:23:16Z,40.43191584744413,-75.467495641288,23.52757117920555,-9.323691648198292,-250.3905903790146,-1.6168275869567879,1.293286524422001,0.0723054145455535,-2.408603212534217,0.000999999995883627,0.001000000008019697,0.001000000000871637,0.001000000005760171,0.0010000000002818865,0.0010000000001184617,0.00015110184640101837,0.00015114220396069889,1.7839380855792684,315.58088178275835,182.88946365278434,0.06249674562314855,0.0009578212763687837,0.00016721036038304732,0.002596355804382918,0.0013749999999999637,0.0013749999999999262,0.0013749999999999386,0.001003749999999969,0.001003749999999962,0.0010037499999999608
2025-06-14T21:23:17Z,40.43168146615103,-75.47041677946036,22.31277984753251,-10.919348728959449,-251.15764488466084,-1.6632288117398275,1.292384497297462,0.05842125845947521,-2.4162926542339846,0.000999999995968892,0.0010000000079770643,0.0010000000008432153,0.0010000000055327973,0.0010000000002605702,0.001000000000150436,0.00015210324761817223,0.00015214325754843032,1.787880773004099,321.8065560750812,187.57067029904815,0.061914258604989114,0.0009649906763095523,0.0001665801808733253,0.002604475779695946,0.001375999999999963,0.0013759999999999257,0.0013759999999999383,0.0010037599999999681,0.0010037599999999612,0.0010037599999999603
2025-06-14T21:23:18Z,40.4314585415998,-75.47336556939347,21.291868874104694,-12.369668247527443,-251.82818607613444,-1.5497600558010163,1.2949459495284827,0.059418245640245004,-2.4136633574671578,0.000999999996182055,0.0010000000082186489,0.0010000000008574261,0.0010000000055896408,0.0010000000005163656,0.000999999999816481,0.0001531046905221449,0.0001531443381592893,1.7874603702673038,328.1488621020787,192.56182366056765,0.06123616544733068,0.000975339216061022,0.0001651203131442182,0.002614910457053671,0.001376999999999963,0.001376999999999926,0.0013769999999999384,0.0010037699999999677,0.0010037699999999607,0.0010037699999999596
2025-06-14T21:23:19Z,40.43128569829342,-75.47636845722624,20.326786492951214,-13.589451223961078,-252.55993666872382,-1.5380909780651564,1.2951626367430435,0.04988547231778284,-2.410678047250258,0.0009999999962957418,0.0010000000080907512,0.0010000000009284804,0.00100000000557543,0.0010000000008503207,0.0009999999998235864,0.00015410616880084759,0.00015414544529257097,1.783292000166148,334.4024405453155,197.70705385875317,0.06015638818517843,0.0009847095319312493,0.00016375278266567015,0.002623870938927637,0.0013779999999999637,0.0013779999999999264,0.0013779999999999387,0.0010037799999999667,0.0010037799999999594,0.0010037799999999594
2025-06-14T21:23:20Z,40.43114241940083,-75.4794373849508,19.408542536199093,-14.514049592777155,-253.38282619044185,-1.4656132105883444,1.297796698883758,0.046653516216338176,-2.413448724342743,0.000999999996182055,0.0010000000078917992,0.0010000000007011067,0.0010000000059164904,0.0010000000009000587,0.0009999999997845066,0.00015510767901704745,0.00015514657683783487,1.7750709340945332,340.59224166157264,203.0280663505272,0.058421638844624924,0.0009940094948330867,0.00016307828449224607,0.002633706568594999,0.0013789999999999642,0.001378999999999927,0.0013789999999999393,0.0010037899999999658,0.0010037899999999589,0.0010037899999999589
2025-06-14T21:23:21Z,40.43100207368762,-75.48258746953003,18.59918773546815,-15.246398955234326,-254.52294804528356,-1.3626179917628178,1.2979428008547984,0.045548892418537434,-2.4231659643992316,0.000999999996381007,0.0010000000077639015,0.0010000000011132215,0.001000000005959123,0.001000000001170065,0.0009999999997702957,0.00015610922040888202,0.0001561477294497287,1.763709677521439,346.77322904302105,208.5039582645257,0.0568168079659791,0.0010023371766182917,0.0001632958632689664,0.002643828919743861,0.001379999999999964,0.0013799999999999266,0.001379999999999939,0.0010037999999999666,0.0010037999999999597,0.0010037999999999597
2025-06-14T21:23:22Z,40.43083417418088,-75.48584288843287,18.000955038703978,-15.715495888260193,-255.55830742418766,-1.1906575136817992,1.2936509836436016,0.04309206013567746,-2.4339215436193626,0.0009999999961536332,0.0010000000080907512,0.0010000000009142695,0.001000000005959123,0.001000000001205592,0.000999999999468315,0.00015711079314600037,0.0001571489001118582,1.7496012419322577,352.66809472061,214.10210054729433,0.05494378815670642,0.0010097736874344228,0.00016394918471474002,0.002653812739572493,0.0013809999999999645,0.0013809999999999268,0.0013809999999999394,0.0010038099999999674,0.00100380999999996,0.00100380999999996
2025-06-14T21:23:23Z,40.43061435539804,-75.48916926059479,17.646426556399092,-16.005227049114183,-256.75264478102326,-0.8139703246197314,1.2981929330999264,0.027986500665519998,-2.442677539307624,0.0009999999960399464,0.0010000000086165528,0.0010000000011274324,0.0010000000063001835,0.001000000001120327,0.0009999999995500275,0.0001581123963539246,0.00015815008637929897,1.7322888259732878,358.55832866159216,219.86166029766613,0.05279701363416811,0.0010158968262165952,0.0001646962239829741,0.002662233155687588,0.0013819999999999638,0.001381999999999926,0.0013819999999999388,0.0010038199999999678,0.0010038199999999609,0.0010038199999999609
2025-06-14T21:23:24Z,40.43035507042815,-75.49247055232208,17.354834642261267,-16.579799882369116,-257.9037733376026,-0.6880008952939534,1.3020103021408431,0.010172852318191872,-2.4341929546790197,0.0009999999962246875,0.0010000000086449745,0.001000000001269541,0.0010000000063143943,0.0010000000010919052,0.000999999999418577,0.00015911402581976472,0.00015915128560205943,1.7134240423061036,364.13069808168973,225.61682361987795,0.051375717774309604,0.0010235522873545042,0.00016394316025756725,0.0026706795429664557,0.001382999999999964,0.0013829999999999262,0.0013829999999999387,0.0010038299999999686,0.0010038299999999612,0.0010038299999999614
2025-06-14T21:23:25Z,40.430080395021015,-75.49572350411924,17.01080755633302,-17.21217294386588,-258.7639527618885,-0.6004002472036518,1.302935498766601,0.029378970523794123,-2.4280550744442735,0.0009999999964946937,0.0010000000085597094,0.0010000000011842758,0.001000000006143864,0.0010000000011771704,0.0009999999991876507,0.00016011567349313857,0.000160152495784718,1.69337165009341,369.4028126127217,231.3837034294963,0.049382218991138704,0.0010316904375846593,0.00016396411435079674,0.0026825921228045024,0.001383999999999964,0.0013839999999999265,0.001383999999999939,0.0010038399999999685,0.0010038399999999616,0.0010038399999999616
2025-06-14T21:23:26Z,40.42972871948627,-75.4990307622569,16.73530717450194,-18.450515794102103,-259.2705889903009,-0.5821526608851855,1.3021506511140615,0.031846179987496726,-2.4321570039901417,0.000999999996381007,0.0010000000083749683,0.0010000000012126975,0.0010000000058880687,0.0010000000009853238,0.000999999999308443,0.00016111732719013844,0.00016115371294900282,1.6776980413720386,374.2409531251839,237.44638981763595,0.05168886129445671,0.001038043988094588,0.00016506161965785512,0.0026929647700863336,0.0013849999999999653,0.0013849999999999256,0.0013849999999999381,0.001003849999999968,0.0010038499999999611,0.0010038499999999611
2025-06-14T21:23:27Z,40.42946776407155,-75.50219631481336,16.286910612136126,-20.23774792975746,-259.53963551297784,-0.5340732231779839,1.2980289570259629,0.03518227203494462,-2.4370247173064854,0.0009999999965799589,0.0010000000081760163,0.0010000000011274324,0.0010000000058312253,0.001000000001155854,0.000999999999567791,0.0001621189811811372,0.00016215492259483695,1.6765228151436704,378.70958853840165,243.63788435633938,0.057333566971335626,0.0010433426812697624,0.00016639344634997763,0.0027033572516568165,0.0013859999999999652,0.0013859999999999244,0.001385999999999937,0.0010038599999999673,0.0010038599999999602,0.0010038599999999602
2025-06-14T21:23:28Z,40.42936194616522,-75.50514142451513,15.62438022182323,-22.76110823242925,-259.5333908125758,-0.5870972933844314,1.298329265715438,0.03847370770336056,-2.4396689088607673,0.000999999996565748,0.0010000000080623295,0.0010000000008147936,0.0010000000057743819,0.001000000001219803,0.0009999999993723918,0.00016312065220142443,0.00016315609451850836,1.6980671173108428,382.30629983157183,249.71352293660124,0.0676451694648611,0.0010460709188724268,0.00016764582797227116,0.0027136287235164963,0.0013869999999999644,0.001386999999999925,0.0013869999999999371,0.0010038699999999681,0.001003869999999961,0.001003869999999961
2025-06-14T21:23:29Z,40.42927993887196,-75.50796608793301,14.914765975554474,-25.614782940596342,-259.02050902321935,-0.49992134518834064,1.3003885164944222,0.04047498704358077,-2.435417868051445,0.000999999996281531,0.0010000000082328597,0.0010000000007863719,0.0010000000055896408,0.0010000000011913812,0.0009999999990135677,0.00016412237130469725,0.00016415718652317568,1.7512267247768547,384.3040276755297,255.3547269436074,0.08309455305193147,0.0010436797087458047,0.00016866894918226715,0.002723664893439459,0.0013879999999999646,0.0013879999999999242,0.0013879999999999368,0.0010038799999999687,0.0010038799999999618,0.0010038799999999618
2025-06-14T21:23:30Z,40.42922140243322,-75.51051614139416,14.155538001679815,-29.151953405002132,-257.80340780317783,-0.4285208840337873,1.307040425905143,0.03764383230372914,-2.4340872783213854,0.0009999999961536332,0.0010000000083607574,0.001000000000672685,0.0010000000054191105,0.0010000000009355858,0.0009999999991769926,0.00016512416714005223,0.0001651581414498992,1.8450793879979204,383.68998839791516,259.8732330134087,0.1049854797400932,0.0010315879485861814,0.0001700090637097446,0.002732942835341184,0.0013889999999999647,0.001388999999999923,0.0013889999999999354,0.0010038899999999687,0.0010038899999999617,0.0010038899999999617
2025-06-14T21:23:31Z,40.42908133227879,-75.51276806443518,13.311794495093636,-33.127980502322316,-256.2654602974653,-0.45990664296550676,1.3118315149476985,0.034534226229880005,-2.422032409347594,0.000999999995983103,0.0010000000082897031,0.001000000000871637,0.0010000000053338454,0.0010000000007934773,0.0009999999988892228,0.00016612604659317347,0.0001661588876450571,1.9778426484684772,379.54934232695047,262.1774802684164,0.12368495011511282,0.0010048616008200646,0.00017239596576023623,0.002742156573738432,0.0013899999999999648,0.001389999999999923,0.0013899999999999358,0.0010038999999999682,0.0010038999999999608,0.0010038999999999628
2025-06-14T21:23:32Z,40.42877418137321,-75.51474481639676,12.338247663807124,-37.80377851007506,-254.45457049831748,-0.5231818418760668,1.3174132283165818,0.03510683284366678,-2.426518721244065,0.0009999999958694161,0.0010000000083749683,0.001000000000871637,0.001000000005177526,0.0010000000006655796,0.0009999999989496189,0.00016712798512485407,0.00016715937645343275,2.130498696913304,371.14997479039147,261.63489611719723,0.13872125768815613,0.0009616011576915534,0.00017495541320421614,0.002751774370535533,0.0013909999999999658,0.001390999999999922,0.0013909999999999368,0.0010039099999999677,0.0010039099999999597,0.0010039099999999634
2025-06-14T21:23:33Z,40.42827707500273,-75.51667922485403,11.325297035742551,-42.378877269569784,-252.71776173636317,-0.5576839302739245,1.3264412631833693,0.03207835909097412,-2.4312709230871405,0.0009999999958267836,0.0010000000084886551,0.0010000000006016307,0.0010000000050212066,0.001000000000772161,0.0009999999988572483,0.00016812993591648097,0.00016815962840632302,2.2727365916096876,358.74828237025383,257.962304707855,0.1432645864168015,0.000902114354029069,0.00017828492896476152,0.0027610397942853626,0.0013919999999999664,0.0013919999999999217,0.0013919999999999373,0.0010039199999999668,0.0010039199999999598,0.0010039199999999633
2025-06-14T21:23:34Z,40.42770725196374,-75.51897603938006,10.423283890355378,-46.48028119793162,-251.14692701026797,-0.639886939774442,1.3268729520059424,0.0354193484854477,-2.4366074501303956,0.0009999999954288796,0.0010000000082754923,0.0010000000006442633,0.0010000000047512003,0.0010000000007579501,0.0009999999985303987,0.00016913184869796284,0.0001691597351469403,2.389486886058493,343.2348183892148,252.02493643211804,0.15124314612671863,0.0008329888377244994,0.00018242841854321828,0.0027709377946805226,0.0013929999999999648,0.0013929999999999219,0.001392999999999938,0.0010039299999999667,0.0010039299999999598,0.001003929999999963
2025-06-14T21:23:35Z,40.427152964436814,-75.52160484678998,9.615432703401893,-49.979150564875454,-249.9611380174756,-0.6708082636687323,1.3275767531158635,0.03595458745576252,-2.4397675606014673,0.000999999995201506,0.001000000008204438,0.0010000000008290044,0.0010000000048364655,0.0010000000007295284,0.0009999999987400088,0.00017013368588655135,0.00017015979857240587,2.4857703879090582,326.3714423976964,244.77770020125845,0.15743666770580356,0.0007597444538593899,0.00018787085980961573,0.002780601473883469,0.001393999999999965,0.0013939999999999229,0.0013939999999999387,0.0010039399999999656,0.0010039399999999586,0.0010039399999999623
2025-06-14T21:23:36Z,40.42667709401826,-75.52452675202461,8.937331349821761,-52.501289386767894,-249.6388878468424,-0.6594108543431503,1.3288775358960265,0.03737069254884773,-2.4393833756039385,0.0009999999954430905,0.001000000008019697,0.0010000000006442633,0.0010000000046090918,0.0010000000009497967,0.0009999999988785646,0.0001711354208010461,0.00017115989099451544,2.543762218825583,309.6309233040162,236.72527044398333,0.1502422787107417,0.0006865017933048028,0.00019506474524625105,0.0027903447154230617,0.0013949999999999646,0.001394999999999923,0.0013949999999999395,0.0010039499999999666,0.0010039499999999592,0.001003949999999963
2025-06-14T21:23:37Z,40.426429671416095,-75.52788305879125,8.512284897849895,-53.75878447154537,-250.4575240816921,-0.6139353242178913,1.3281082215689821,0.03952195106467116,-2.439556638710201,0.0009999999954288796,0.0010000000079344318,0.0010000000005874199,0.0010000000045380375,0.0010000000006371579,0.0009999999990490949,0.000172137058455602,0.0001721600770151394,2.5417654216931598,294.1063052732869,228.70152884586201,0.13350227659905123,0.0006184398782486478,0.00020309660776868433,0.0028001515823932576,0.0013959999999999654,0.0013959999999999236,0.00139599999999994,0.0010039599999999674,0.0010039599999999583,0.001003959999999964
2025-06-14T21:23:38Z,40.4263590549974,-75.53147995797086,8.275736176525243,-53.81625893851742,-252.4739408455789,-0.5641343450697605,1.3297710255574202,0.03916703313916514,-2.4398294375569094,0.0009999999953151928,0.0010000000081760163,0.0010000000004453113,0.0010000000044669832,0.0010000000009071641,0.0009999999988146158,0.00017313864691069112,0.00017316040724715674,2.467517150781297,281.03007041677233,221.36838138381802,0.10589251081079265,0.0005595281468628035,0.00021174552316598135,0.002809824694437076,0.0013969999999999664,0.0013969999999999224,0.0013969999999999393,0.001003969999999967,0.0010039699999999571,0.0010039699999999634
2025-06-14T21:23:39Z,40.42638237660828,-75.53519056662671,8.173452488146722,-53.66478553554043,-254.70674243196845,-0.5027444699444459,1.327157561740023,0.03867766764778935,-2.439747890137369,0.0009999999952299277,0.0010000000082328597,0.0010000000000189857,0.0010000000045522484,0.0010000000007934773,0.000999999998711587,0.00017414026642538377,0.0001741609102166798,2.3398540916229034,270.5477771779614,215.85948019077387,0.08492967951596664,0.0005128443379537312,0.00022082146445779444,0.002819537436401721,0.0013979999999999668,0.0013979999999999217,0.0013979999999999384,0.001003979999999966,0.0010039799999999582,0.0010039799999999642
2025-06-14T21:23:40Z,40.42640585413291,-75.53892701027297,8.169908706098795,-53.48951098555699,-256.95128393545747,-0.42978963016867056,1.3245222592231585,0.03851823636159679,-2.4393489553185645,0.0009999999952583494,0.0010000000080481186,0.0009999999999052989,0.0010000000040548684,0.0010000000007508447,0.0009999999987471142,0.00017514198462997266,0.00017516158537691666,2.1964930044400393,262.71907507804946,212.48412552753496,0.06995153585990455,0.00047902574814765554,0.0002300695379861021,0.0028293104185179926,0.0013989999999999662,0.0013989999999999214,0.0013989999999999378,0.0010039899999999655,0.0010039899999999585,0.0010039899999999648
2025-06-14T21:23:41Z,40.426330633673125,-75.5425961058528,8.200152804609388,-53.523310486692935,-259.03122414276004,-0.3766257424831565,1.3223623628728092,0.03727862814639593,-2.4401553955394775,0.000999999995201506,0.001000000007920221,0.0009999999998768772,0.0010000000039696033,0.0010000000006442633,0.0009999999987471142,0.0001761438258677076,0.0001761624106361614,2.0582470056673423,257.1838488665197,211.11658627166608,0.0598584900354715,0.00045681400087268164,0.00023883833956729627,0.0028390781939842944,0.0013999999999999672,0.0013999999999999224,0.001399999999999938,0.0010039999999999646,0.0010039999999999583,0.0010039999999999643
2025-06-14T21:23:42Z,40.42611890739713,-75.54616940536147,8.229255881160498,-53.79417323600501,-260.85537792369723,-0.32431492687464925,1.32008933108591,0.03555850378916148,-2.4412935838336125,0.0009999999953151928,0.0010000000080339078,0.0009999999998768772,0.0010000000039838142,0.0010000000005803145,0.0009999999987044816,0.0001771457854384157,0.0001771633620376066,1.9352877065841272,253.47789576491448,211.47874351424653,0.05344384812844627,0.0004438541638792387,0.0002471783471985994,0.002848864966336051,0.0014009999999999663,0.0014009999999999236,0.0014009999999999372,0.001004009999999964,0.001004009999999958,0.001004009999999964
2025-06-14T21:23:43Z,40.42578995983379,-75.54970654455467,8.300221279030666,-54.195835509803146,-262.47257309034467,-0.27037208161709714,1.319100947570405,0.03434986416141328,-2.441840251645772,0.000999999995485723,0.0010000000084744443,0.0009999999998768772,0.001000000003898549,0.0010000000005589982,0.0009999999991023856,0.00017814784003320706,0.00017816441983223665,1.832323758704731,251.16497462707144,213.29693425618146,0.04979134815845243,0.000437913918448545,0.00025517569744516765,0.0028586989626482665,0.0014019999999999666,0.0014019999999999224,0.0014019999999999374,0.0010040199999999638,0.0010040199999999577,0.0010040199999999638
2025-06-14T21:23:44Z,40.42532294481553,-75.55316847245948,8.372992411721498,-54.80979931587353,-263.9013309106231,-0.23086439680446347,1.3178552419849439,0.032794789938634494,-2.442806197243044,0.0009999999956562533,0.001000000008602342,0.00099999999959266,0.0010000000037280188,0.0010000000005803145,0.0009999999990206732,0.0001791499531362428,0.00017916556816927623,1.7506810071879584,249.9787149805689,216.29115637671165,0.04818515389542477,0.0004375976833259441,0.00026227003197517917,0.0028685424569153575,0.001402999999999967,0.001402999999999921,0.001402999999999938,0.001004029999999963,0.0010040299999999587,0.001004029999999963
2025-06-14T21:23:45Z,40.42473206508373,-75.55656141228538,8.435669322498143,-55.62889070203528,-265.1426758468151,-0.20095517577101418,1.3180879579595057,0.033569341898328275,-2.4416276723204646,0.000999999995485723,0.0010000000086733962,0.0009999999996495035,0.0010000000036285428,0.001000000000573209,0.0009999999987435615,0.0001801520774555136,0.0001801667952653674,1.690060773294319,249.64734666033578,220.20844021534552,0.048141372192150755,0.0004407068660856132,0.0002690781479447888,0.002878467541070053,0.0014039999999999667,0.0014039999999999207,0.0014039999999999376,0.0010040399999999637,0.0010040399999999585,0.0010040399999999635
2025-06-14T21:23:46Z,40.42402060233085,-75.55991655845345,8.514622167102061,-56.518036742229015,-266.2039578706026,-0.168094159618704,1.3186756149079883,0.03324811185530052,-2.4412435110425577,0.0009999999955994099,0.0010000000088581373,0.0009999999994363407,0.0010000000039269707,0.001000000000523471,0.0009999999992302833,0.00018115415870683489,0.00018116809274902344,1.6490303623413167,249.93562121458908,224.75890044686093,0.04883759685762412,0.0004469930063191504,0.00027432837983151466,0.0028883704627821146,0.0014049999999999655,0.0014049999999999193,0.0014049999999999373,0.0010040499999999638,0.0010040499999999578,0.0010040499999999638
2025-06-14T21:23:47Z,40.42320595636374,-75.56322811630858,8.602570855640806,-57.55780339566991,-267.12253250926733,-0.13609769001959648,1.3178414442809299,0.029991072813572828,-2.4434775260742754,0.0009999999955567773,0.0010000000089291916,0.0009999999994789732,0.0010000000040264467,0.0010000000005661036,0.0009999999991450181,0.00018215613914772583,0.00018216945335030436,1.625470716106251,250.6977670514289,229.73631149972988,0.05023744912552708,0.00045611112436437387,0.00027707396104213213,0.002898197093881475,0.001405999999999966,0.00140599999999992,0.0014059999999999366,0.0010040599999999642,0.0010040599999999568,0.001004059999999964
2025-06-14T21:23:48Z,40.422308677364,-75.56650064903745,8.698437014245428,-58.655181634705514,-267.9262250699103,-0.10598088154347352,1.3186428957997123,0.03192233445588499,-2.440243150223978,0.0009999999956988859,0.0010000000085739202,0.000999999999706347,0.0010000000041543444,0.0010000000006513687,0.0009999999991698871,0.0001831579624449128,0.0001831708702769657,1.61677138890534,251.7953043910445,234.8399185277416,0.05183775040456218,0.0004645218078044173,0.00028003496433202897,0.002908173785578234,0.0014069999999999647,0.0014069999999999194,0.0014069999999999352,0.0010040699999999641,0.001004069999999957,0.0010040699999999641
2025-06-14T21:23:49Z,40.42141608703232,-75.5697291498913,8.76828283444047,-59.855063173454255,-268.6514204926789,-0.0845125598134473,1.3190087913535535,0.030563714436311784,-2.4404884677787777,0.0009999999957130967,0.0010000000085597094,0.00099999999959266,0.0010000000044101398,0.001000000001020851,0.0009999999992551523,0.00018415958018164785,0.0001841723371159802,1.6197714636938347,253.1028358384829,239.86211931566453,0.053500203504988963,0.0004745283815339911,0.0002798553466370884,0.0029180539308307414,0.001407999999999965,0.00140799999999992,0.0014079999999999356,0.0010040799999999636,0.0010040799999999563,0.0010040799999999634
2025-06-14T21:23:50Z,40.42044045554086,-75.57294113055859,8.865578490542248,-61.10429469915107,-269.25241685286164,-0.05486315746429682,1.3197236066771438,0.029019822541158646,-2.4409165730467066,0.000999999995684675,0.0010000000084744443,0.0009999999994221298,0.001000000004381718,0.001000000001056378,0.0009999999989283026,0.00018516095673835921,0.00018517384761208754,1.6309789599761104,254.49446311562636,244.5919354110973,0.05474416958821704,0.0004844683032536622,0.00027773635140692114,0.0029279309623451723,0.0014089999999999656,0.0014089999999999194,0.0014089999999999361,0.001004089999999964,0.0010040899999999569,0.001004089999999962
2025-06-14T21:23:51Z,40.41945985356933,-75.57613470673422,8.968932633288205,-62.40344409504905,-269.8023567683995,-0.027662798255960297,1.3199929084657924,0.02628770548585635,-2.443024828360649,0.0009999999956704642,0.0010000000083323357,0.0009999999990242259,0.0010000000041401336,0.0010000000008574261,0.000999999999059753,0.00018616207633999338,0.0001861753958378439,1.6465985602000022,255.916393860564,248.87221276662308,0.055605314635368996,0.0004944412095213242,0.00027330291482875795,0.002937774132223774,0.0014099999999999666,0.0014099999999999204,0.001409999999999935,0.001004099999999964,0.001004099999999957,0.0010040999999999614
2025-06-14T21:23:52Z,40.41853123048798,-75.57931844617012,9.060829898924567,-63.74440686497837,-270.3967534303665,-0.011806309198163945,1.3214448494109092,0.030059513920377867,-2.438555675558746,0.000999999995485723,0.0010000000086733962,0.0009999999991663344,0.0010000000043532964,0.0010000000010919052,0.0009999999989460662,0.00018716294525298653,0.0001871769767324001,1.6639290192241942,257.3561432891704,252.61803040923564,0.056362504501453414,0.0005015071177482021,0.00026976980783937574,0.0029477884865201317,0.0014109999999999672,0.0014109999999999208,0.0014109999999999344,0.0010041099999999637,0.0010041099999999565,0.0010041099999999609
2025-06-14T21:23:53Z,40.41764710368783,-75.58250066315419,9.143498714431189,-65.0912995133549,-270.98491641134024,0.0013906233953662195,1.3231284794019302,0.03155900196179573,-2.4369976883172058,0.000999999995499934,0.001000000008502866,0.0009999999990242259,0.0010000000044669832,0.0010000000011842758,0.0009999999985659258,0.00018816359310515156,0.00018817858644113632,1.6806428039544439,258.7474671240274,255.79266252464984,0.05656367337289958,0.0005087861075262932,0.0002640758319253093,0.002957737755633599,0.0014119999999999658,0.0014119999999999194,0.0014119999999999352,0.0010041199999999634,0.001004119999999956,0.0010041199999999595
2025-06-14T21:23:54Z,40.41684701272711,-75.58568930678598,9.208829646115191,-66.42341603059322,-271.6260594762862,0.014818139438830258,1.3235484852775699,0.030566096983193347,-2.4374674618884455,0.000999999995485723,0.0010000000083891791,0.0009999999990242259,0.0010000000044669832,0.0010000000013121735,0.0009999999986476382,0.00018916406737840024,0.00018918022230845474,1.6945508374351457,260.1065473539435,258.42854568252915,0.0563812006988611,0.0005159498868233559,0.0002569667031409197,0.002967602112939493,0.0014129999999999648,0.0014129999999999206,0.001412999999999934,0.0010041299999999627,0.0010041299999999558,0.0010041299999999584
2025-06-14T21:23:55Z,40.41609310808586,-75.58888669326001,9.26971856597811,-67.74216704443097,-272.2811270393431,0.027181754648609058,1.324509422192932,0.03190847072437464,-2.435524440719746,0.0009999999954146688,0.0010000000083749683,0.0009999999994789732,0.001000000004680146,0.0010000000012766463,0.0009999999988217212,0.0001901644231902994,0.0001901818830090143,1.7042849291658875,261.431339562473,260.60777072331535,0.05574880385005909,0.0005218534597111673,0.0002502755198293381,0.0029775309057387405,0.001413999999999965,0.0014139999999999199,0.0014139999999999333,0.0010041399999999624,0.0010041399999999555,0.001004139999999959
2025-06-14T21:23:56Z,40.415343778303985,-75.59209188042372,9.331861520069651,-69.11267776414752,-273.00860265269876,0.027455582070160744,1.3252772092673695,0.03304678510812664,-2.433746236638399,0.0009999999953720362,0.0010000000083607574,0.0009999999996495035,0.0010000000045664592,0.001000000001170065,0.000999999998612111,0.0001911647159672255,0.00019118356852771215,1.7101996863163278,262.8078354376188,262.48014810785406,0.05539323480539138,0.0005274974016300953,0.00024347286737556943,0.002987450249487923,0.0014149999999999655,0.0014149999999999191,0.0014149999999999328,0.0010041499999999613,0.0010041499999999541,0.0010041499999999578
2025-06-14T21:23:57Z,40.414714472087994,-75.59531814429056,9.365225828252733,-70.3858180558309,-273.7265508361161,0.04006616289143494,1.3250615898723481,0.030031794278556845,-2.43630415192456,0.000999999995485723,0.001000000008303914,0.0009999999997774012,0.0010000000048364655,0.0010000000011274324,0.0009999999988217212,0.00019216500409365963,0.00019218527946733465,1.7117639857724305,264.14043769153704,264.09523377922034,0.05411316575669978,0.0005340950959580413,0.00023565606910042045,0.002997236973229018,0.0014159999999999668,0.0014159999999999182,0.0014159999999999327,0.0010041599999999617,0.0010041599999999545,0.001004159999999958
2025-06-14T21:23:58Z,40.41409088882348,-75.59855486021446,9.40888381167315,-71.6332093551755,-274.4552287608385,0.057195258872070553,1.3242740863206564,0.024870906544492755,-2.4408672988647595,0.000999999995784151,0.001000000008019697,0.0009999999996779252,0.0010000000052485802,0.0010000000009142695,0.0009999999989034336,0.00019316533532482465,0.00019318701722860788,1.70795782628929,265.5321818502457,265.6020914822239,0.05271414411673714,0.0005411089853088136,0.00022785281981935998,0.0030069851709840253,0.0014169999999999671,0.0014169999999999177,0.0014169999999999337,0.0010041699999999605,0.0010041699999999536,0.001004169999999957
2025-06-14T21:23:59Z,40.4135167960825,-75.60180801711739,9.443408764200285,-72.94256297126412,-275.3135062903166,0.05485630823977772,1.3249507416621782,0.0274598890021025,-2.4380144212627783,0.0009999999957983619,0.00100000000790601,0.0009999999994505515,0.0010000000050922608,0.0010000000009569021,0.0009999999986725072,0.00019416573491200557,0.00019418878441987306,1.70112749751845,267.0743103509351,267.18548772496973,0.05195223128156323,0.0005466236093072247,0.00022260305180538063,0.003016919749640129,0.0014179999999999672,0.001417999999999917,0.0014179999999999336,0.0010041799999999613,0.0010041799999999542,0.0010041799999999578
2025-06-14T21:24:00Z,40.412946882163304,-75.60507303430364,9.471416271291673,-74.22373613715172,-276.1523609906435,0.05345976916987638,1.3250401319673983,0.02645993019746129,-2.439047700725496,0.0009999999958409944,0.0010000000081333837,0.0009999999998342446,0.001000000004978574,0.0010000000006797904,0.0009999999986298747,0.0001951662303573786,0.00019519058302264428,1.6928704047319785,268.6987386636239,268.87008845854,0.051003504182737025,0.000553335148792571,0.000217046595437993,0.003026770757013692,0.0014189999999999682,0.0014189999999999177,0.0014189999999999344,0.0010041899999999608,0.0010041899999999539,0.0010041899999999574
2025-06-14T21:24:01Z,40.41243104613346,-75.60835527954151,9.484539254102856,-75.46946027968079,-276.99709574878216,0.06282823410856508,1.324938595891581,0.02517489717524768,-2.4402738041826524,0.0009999999959404704,0.0010000000084176008,0.0010000000000189857,0.0010000000050354174,0.0010000000007934773,0.0009999999988323793,0.00019616684905969406,0.00019619241446957333,1.6827949594290121,270.41087408559287,270.7278161147397,0.04988195700998421,0.0005604376717990632,0.0002121276939342887,0.0030366163595767913,0.0014199999999999669,0.0014199999999999172,0.0014199999999999333,0.00100419999999996,0.001004199999999953,0.0010041999999999562
2025-06-14T21:24:02Z,40.411904237778245,-75.61164647856374,9.51072427618783,-76.65429424121976,-277.7776129543781,0.08178988971030776,1.3264139465318294,0.025811021588879157,-2.4398361280327663,0.000999999996167844,0.0010000000081333837,0.0010000000002463594,0.001000000004779622,0.0010000000008432153,0.0009999999985836894,0.00019716760222350437,0.00019719428050797864,1.6703671651220011,272.20119061159016,272.7811010030156,0.04844297238687845,0.0005676623747171511,0.00020821481417041766,0.003046502184224246,0.0014209999999999679,0.0014209999999999173,0.001420999999999934,0.0010042099999999598,0.0010042099999999527,0.0010042099999999562
2025-06-14T21:24:03Z,40.41135568028977,-75.6149457384098,9.540713164722547,-77.7346451273188,-278.80869295448065,0.06576177188981092,1.3290745538979536,0.027091292647355658,-2.439434875152074,0.000999999995883627,0.0010000000079770643,0.0010000000002037268,0.0010000000048933089,0.0010000000008147936,0.000999999998526846,0.00019816848333935086,0.00019819618309867865,1.6576111506697428,274.3241331205766,275.0210127522421,0.04787768364715772,0.0005753822584345832,0.00020492827474481625,0.003056401705515748,0.0014219999999999686,0.001421999999999918,0.0014219999999999348,0.0010042199999999591,0.001004219999999952,0.0010042199999999557
2025-06-14T21:24:04Z,40.410800743678095,-75.61825864862905,9.552182602114044,-78.32870083022863,-280.3584277331829,0.04711478884837561,1.3332695073913783,0.025927777987135414,-2.439573184819892,0.0009999999960115247,0.0010000000078917992,0.0010000000003032028,0.0010000000050069957,0.0010000000010421672,0.0009999999987648778,0.0001991694763701655,0.00019919812269224413,1.64859864333676,276.99068530827026,277.1601874322695,0.04851601993162746,0.0005835041572683604,0.00020211411739069714,0.003066251145694993,0.0014229999999999675,0.0014229999999999167,0.0014229999999999336,0.0010042299999999584,0.001004229999999953,0.0010042299999999565
2025-06-14T21:24:05Z,40.41024368680628,-75.62159281981312,9.535784940584563,-78.36809256393462,-282.5443795770407,0.011292351949350632,1.333498687381507,0.03222293090357198,-2.439535103534581,0.0009999999957273076,0.001000000007422841,0.001000000000274781,0.001000000004978574,0.0010000000012482246,0.0009999999985694785,0.0002001705405260334,0.00020020009690094827,1.6480752948018145,280.2782672762953,278.9869307555181,0.052793955861688335,0.0005918659526422581,0.00019971555587257867,0.0030762649188742926,0.0014239999999999678,0.0014239999999999173,0.0014239999999999342,0.001004239999999958,0.0010042399999999536,0.001004239999999957
2025-06-14T21:24:06Z,40.40959825352315,-75.62494476516379,9.506876217667013,-78.6472666412592,-284.51269955560565,-0.0307387974833091,1.3324003685993375,0.037750928224340896,-2.4473693534964696,0.0009999999956420424,0.0010000000076502147,0.0010000000003600462,0.0010000000049927849,0.0010000000012979626,0.0009999999984948715,0.00020117158910740158,0.00020120210060431317,1.6610025967589246,283.4897717014501,280.76711841544324,0.058570374085198273,0.000600746986873961,0.00019616730092073898,0.0030863021224427464,0.0014249999999999673,0.001424999999999917,0.0014249999999999335,0.0010042499999999574,0.001004249999999954,0.0010042499999999577
2025-06-14T21:24:07Z,40.40886384727106,-75.62830896016524,9.489358492195606,-79.00159648153931,-286.11271108314395,-0.01677532329256337,1.3393494750926038,0.03443773391427385,-2.4504209206206724,0.000999999995883627,0.0010000000076928472,0.001000000000274781,0.0010000000049643631,0.001000000001319279,0.0009999999982177599,0.00020217254909255173,0.00020220412577960002,1.686282914477216,286.4282190910706,282.01845003391725,0.06297623018079412,0.0006064691340652483,0.00019341979050793302,0.0030960729332718847,0.0014259999999999661,0.0014259999999999156,0.0014259999999999325,0.001004259999999958,0.0010042599999999546,0.0010042599999999582
2025-06-14T21:24:08Z,40.408043189036604,-75.63167935169574,9.497488262946717,-79.6525290645659,-287.80207657441497,-0.025271305076557837,1.3428059544676216,0.026548880966174693,-2.4555067552719265,0.0009999999959404704,0.0010000000074796844,0.0010000000004168896,0.0010000000051064717,0.0010000000017384991,0.000999999998576584,0.00020317338827907194,0.00020320616405215095,1.722870401508321,289.39288792622483,282.62191096894225,0.068521975625359,0.000609222435675194,0.00019050039160334147,0.0031057686888041895,0.0014269999999999648,0.001426999999999916,0.001426999999999933,0.0010042699999999582,0.0010042699999999545,0.0010042699999999577
2025-06-14T21:24:09Z,40.407016815959736,-75.6350269389655,9.525183173827827,-80.07018499169499,-289.16966551169753,-0.08956274800584652,1.3430702023470076,0.03400524762628265,-2.4461902398616076,0.0009999999960541572,0.0010000000072381,0.0010000000004453113,0.0010000000050354174,0.0010000000015892851,0.0009999999985730312,0.0002041741343402299,0.0002042082064562522,1.7677823631293077,292.06545944480683,281.9847536888533,0.07258661999270632,0.0006072719835340687,0.00018924537950125344,0.0031157963500117888,0.0014279999999999642,0.0014279999999999165,0.0014279999999999334,0.0010042799999999573,0.0010042799999999538,0.0010042799999999566
2025-06-14T21:24:10Z,40.406132656225935,-75.63841227903868,9.505631829611957,-81.031568643637,-290.415225610137,-0.037272987105097855,1.3567605592688778,0.06820861702726688,-2.4146951439324766,0.0009999999958694161,0.001000000007323365,0.0010000000005874199,0.0010000000049359414,0.0010000000012482246,0.0009999999985303987,0.00020517483156126993,0.00020521024559237437,1.8108851991546462,294.3560370030049,280.8315693577765,0.07258423431506422,0.0006014745394432018,0.0001898209463625386,0.0031271384153865847,0.0014289999999999633,0.0014289999999999167,0.0014289999999999336,0.0010042899999999563,0.0010042899999999526,0.0010042899999999563
2025-06-14T21:24:11Z,40.405295512822995,-75.64182294467288,9.416284780367278,-82.10030271206051,-291.8783100657165,-0.19869495233615453,1.351304583120509,0.05890533924275587,-2.4033127184666228,0.0009999999959120487,0.0010000000070675696,0.0010000000005589982,0.0010000000049501523,0.0010000000013263843,0.000999999998562373,0.0002061755478727544,0.00020621228153622396,1.8459446328262314,296.5741140164563,278.8510989263439,0.07283700806950444,0.0005920403469795867,0.00018819418713203278,0.0031363846144709154,0.0014299999999999636,0.001429999999999917,0.0014299999999999341,0.0010042999999999567,0.0010042999999999532,0.0010042999999999567
2025-06-14T21:24:12Z,40.40378011295917,-75.64505427365194,9.417196806054562,-83.48592622857541,-292.4453096576035,-0.26461055054460303,1.3541913023218513,0.05513884960464566,-2.403237790829735,0.0009999999956278316,0.0010000000069823045,0.0010000000006442633,0.0010000000047654112,0.0010000000013121735,0.000999999998800405,0.000207176425208338,0.00020721431670298157,1.8688908612213972,298.5276356438382,276.3845367789235,0.07040466062073425,0.0005821140928719474,0.00018603741389002157,0.003146056267948436,0.0014309999999999638,0.0014309999999999174,0.0014309999999999343,0.001004309999999957,0.0010043099999999536,0.001004309999999957
2025-06-14T21:24:13Z,40.4023789878631,-75.64830610820623,9.376238944125362,-84.88890354987234,-293.23045483604074,-0.23683623995020753,1.35972670254705,0.04638336785910724,-2.409734310786007,0.0009999999957273076,0.0010000000069680937,0.0010000000005163656,0.0010000000051633151,0.0010000000015324417,0.000999999998910539,0.00020817756688249552,0.00020821635713816835,1.878072564617734,300.633885310797,273.83191111181776,0.0685381315435869,0.0005712697955244017,0.00018451469043596392,0.0031555664290925495,0.001431999999999963,0.0014319999999999166,0.0014319999999999335,0.0010043199999999564,0.0010043199999999531,0.0010043199999999566
2025-06-14T21:24:14Z,40.40122837529609,-75.65163649493856,9.303531928453594,-86.29679728671908,-294.11919552460313,-0.18105906031087216,1.3568433303007623,0.04733529870327402,-2.419689923641272,0.0009999999954573013,0.001000000007039148,0.0010000000006158416,0.001000000005262791,0.0010000000013761223,0.0009999999987293506,0.00020917902054364582,0.00020921841158810635,1.874890778006159,302.7260851958411,271.531373522503,0.0652693925630099,0.0005610038396916724,0.0001842195867099787,0.0031654466880306855,0.0014329999999999619,0.0014329999999999155,0.0014329999999999324,0.0010043299999999552,0.0010043299999999535,0.0010043299999999572
2025-06-14T21:24:15Z,40.39993585704468,-75.65490462789836,9.328095557633787,-87.84278306737542,-294.52894416451454,-0.18266983246758173,1.358273536010529,0.042648773601740686,-2.418642424425343,0.0009999999952725602,0.0010000000066980874,0.0010000000006016307,0.001000000005561219,0.001000000001106116,0.000999999998711587,0.00021018080363791717,0.00021022048835875863,1.8566041166367302,304.74684132682563,269.6171256815954,0.06051074067265094,0.0005520624556959359,0.00018453534911302906,0.0031751500590903553,0.0014339999999999629,0.001433999999999916,0.001433999999999933,0.0010043399999999562,0.0010043399999999534,0.001004339999999957
2025-06-14T21:24:16Z,40.398817594077855,-75.65823914676174,9.320910232956521,-89.26685205195099,-295.0457947999239,-0.12905868911911966,1.3657239333697362,0.03974080686612069,-2.4160602828487754,0.0009999999952441385,0.0010000000065275572,0.001000000000388468,0.0010000000059164904,0.0010000000012766463,0.0009999999988714592,0.00021118288726926614,0.0002112226003440339,1.8248531821069374,306.97268779041514,268.2867538870417,0.056130779569377065,0.0005459092862941706,0.00018518072206576358,0.0031849183671883376,0.0014349999999999617,0.001434999999999915,0.0014349999999999322,0.0010043499999999564,0.001004349999999953,0.0010043499999999566
2025-06-14T21:24:17Z,40.397606162228115,-75.66152960123333,9.385817192029208,-90.90464376658201,-295.473526481539,-0.16772411607053073,1.3651955164241372,0.04104926160971445,-2.413485163124278,0.0009999999953578254,0.001000000006541768,0.0010000000003316245,0.0010000000058880687,0.0010000000012482246,0.0009999999985055297,0.00021218521271617593,0.00021222476134123946,1.7868167452122523,309.5575720730213,267.7716578241314,0.053326299594825155,0.0005431483152361546,0.0001860974061207936,0.0031947998218655065,0.0014359999999999612,0.0014359999999999146,0.0014359999999999315,0.001004359999999956,0.0010043599999999522,0.0010043599999999557
2025-06-14T21:24:18Z,40.39634508602551,-75.66479890896565,9.466292281635106,-92.42462809477001,-295.8943224288523,-0.20911495444306638,1.3678560088010272,0.04250300566991427,-2.415303575573489,0.00099999999510203,0.0010000000062007075,0.0010000000005874199,0.0010000000057033276,0.0010000000014329657,0.0009999999982177599,0.00021318773455924404,0.0002132269793523271,1.7499447929155527,312.561945058731,267.8994026958971,0.05162142815580828,0.0005431947986526088,0.00018762790797848284,0.003204696542793739,0.0014369999999999598,0.0014369999999999151,0.0014369999999999323,0.0010043699999999567,0.0010043699999999515,0.001004369999999955
2025-06-14T21:24:19Z,40.39518933497512,-75.66813208130125,9.481916607008316,-93.76022140216082,-296.6470482684672,-0.2205849696383666,1.3675307305675233,0.030673855165105124,-2.4196928893506993,0.0009999999952725602,0.0010000000063996595,0.0010000000005163656,0.0010000000054901648,0.0010000000013477006,0.0009999999981182839,0.00021419041885874148,0.00021422925613252334,1.7193758656727842,316.0691146992986,268.678230352764,0.050972730533276334,0.0005452046120203991,0.00018958006040433313,0.003214339204525161,0.00143799999999996,0.0014379999999999144,0.0014379999999999315,0.0010043799999999575,0.0010043799999999506,0.001004379999999954
2025-06-14T21:24:20Z,40.39427115894824,-75.67160596370465,9.261367114726454,-95.07200507167727,-297.85613037645817,-0.33407901743703405,1.3630404198629549,0.040257344115161686,-2.4282833425095305,0.0009999999950878191,0.0010000000064707137,0.0010000000004453113,0.0010000000053196345,0.001000000001404544,0.0009999999982674979,0.00021519323327419987,0.00021523158923974345,1.697340914021479,319.889188547226,270.1734623033078,0.05125014614485657,0.0005495532091488948,0.00019217102171062314,0.003224360697331319,0.0014389999999999585,0.001438999999999913,0.0014389999999999319,0.0010043899999999586,0.0010043899999999514,0.001004389999999955
2025-06-14T21:24:21Z,40.393248037965236,-75.67504461043609,9.084893335471861,-96.42527500167489,-298.8332401961088,-0.36864321020038915,1.3651976274559274,0.041805444367128075,-2.43264106856077,0.0009999999951304517,0.0010000000061722858,0.001000000000388468,0.001000000005561219,0.0010000000015324417,0.000999999997869594,0.00021619615807868492,0.0002162339740059251,1.6831330683481676,323.89484016560203,272.2037152433013,0.051665461311504846,0.000555811301665107,0.00019403364028244493,0.0032342590603040046,0.001439999999999958,0.0014399999999999134,0.0014399999999999316,0.001004399999999959,0.001004399999999952,0.0010043999999999552
2025-06-14T21:24:22Z,40.392233943304,-75.67850296983387,8.945619074394926,-97.81369401607662,-299.7219869270921,-0.32571072463179007,1.368436341334018,0.045295648536466615,-2.4402163594495505,0.0009999999953151928,0.0010000000058454361,0.001000000000473733,0.0010000000058738578,0.0010000000013405952,0.0009999999981111785,0.00021719917696498767,0.00021723640651440812,1.6749383859965636,327.997496210145,274.7406426958338,0.05229222395181443,0.0005627865611286085,0.00019617728725113327,0.0032442225794959475,0.001440999999999959,0.0014409999999999135,0.0014409999999999304,0.0010044099999999597,0.0010044099999999508,0.0010044099999999547
2025-06-14T21:24:23Z,40.39127406243554,-75.68200448732271,8.828977986820973,-98.98486734647304,-300.55251874402165,-0.24885535302928474,1.368776072806213,0.05645631998913814,-2.429232184862485,0.0009999999950736083,0.0010000000056038516,0.0010000000007011067,0.0010000000061154424,0.0010000000012411192,0.0009999999981644692,0.0002182022708821303,0.00021823888369810855,1.6699647805168574,332.0666417027657,277.49733486574877,0.05200822380673653,0.0005744546796352417,0.0001945570135520597,0.0032544752262520567,0.0014419999999999574,0.001441999999999914,0.001441999999999931,0.0010044199999999603,0.00100441999999995,0.0010044199999999543
2025-06-14T21:24:24Z,40.39032703236123,-75.68553295037474,8.787671370082535,-100.35844644997269,-301.4193141758442,-0.2678773522893607,1.371313122974243,0.05575464574167199,-2.424432639585575,0.0009999999950309757,0.001000000005376478,0.0010000000005874199,0.0010000000059733338,0.0010000000015679689,0.0009999999982674979,0.00021920541993139495,0.0002192414027551012,1.6678466144403632,336.18190346457266,280.7502142341976,0.05303324175147517,0.0005849563126906754,0.00019356468820664057,0.0032643271309407552,0.0014429999999999578,0.001442999999999915,0.0014429999999999298,0.001004429999999961,0.0010044299999999499,0.0010044299999999546
2025-06-14T21:24:25Z,40.3894053586972,-75.68909838249266,8.715584741323255,-101.92886019777507,-302.21937289461493,-0.14478885523385543,1.3796591757709393,0.05638883034407627,-2.4241586881689727,0.0009999999951162408,0.0010000000054333213,0.0010000000007011067,0.0010000000058170144,0.0010000000013263843,0.0009999999978660412,0.00022020861209741887,0.00022024396017382121,1.670976226038979,340.1609872154662,284.4611699889598,0.055012069423091337,0.0005949773106274996,0.00019294306068951448,0.0032742254383562666,0.0014439999999999573,0.0014439999999999135,0.0014439999999999306,0.0010044399999999602,0.0010044399999999498,0.0010044399999999541
2025-06-14T21:24:26Z,40.38847427017769,-75.69266655852569,8.596768318209797,-103.64307963568717,-303.13715647161007,-0.06471281462063416,1.3869703740492696,0.06786688710508315,-2.430196710396558,0.0009999999951446625,0.0010000000053480562,0.0010000000006584742,0.001000000005461743,0.0010000000013263843,0.0009999999977488017,0.0002212118400086187,0.00022124655089345645,1.6809254989089035,344.0786787504853,288.4137405105437,0.05772891232921984,0.0006045594330721707,0.00019296033103322188,0.003284644489285583,0.0014449999999999563,0.0014449999999999127,0.0014449999999999296,0.0010044499999999597,0.0010044499999999493,0.0010044499999999545
2025-06-14T21:24:27Z,40.38752176394585,-75.69623868826442,8.600216856575571,-105.45519853848964,-303.8956097960472,0.12136909749278857,1.3952360458788462,0.05811395332784741,-2.433786798181245,0.0009999999951304517,0.0010000000053480562,0.0010000000005874199,0.0010000000055043756,0.0010000000010492727,0.0009999999976031404,0.00022221509471801053,0.000222249168144771,1.698368983553779,347.6878395863978,292.5973993729035,0.06105851110653793,0.0006125155815542582,0.00019195738164496328,0.003293997678442711,0.0014459999999999569,0.001445999999999913,0.0014459999999999302,0.0010044599999999605,0.0010044599999999501,0.0010044599999999536
2025-06-14T21:24:28Z,40.38659860201429,-75.69986977090664,8.914651629864238,-107.140489901416,-304.65944243222475,0.34110722168770735,1.411382198552019,0.045267283991051954,-2.434799978713272,0.0009999999949741323,0.0010000000052912128,0.0010000000007437393,0.0010000000056464842,0.001000000001070589,0.0009999999973402396,0.00022321836556395038,0.00022325180367377233,1.7229630936973608,350.98008885759776,296.84070802558557,0.06454917706832808,0.00061992792059226,0.00018988302531261643,0.003303391495665735,0.001446999999999956,0.0014469999999999125,0.0014469999999999295,0.001004469999999961,0.0010044699999999503,0.0010044699999999537
2025-06-14T21:24:29Z,40.38564212123267,-75.70348786851885,9.131629336625338,-108.46206474397331,-305.4217904545367,0.03353742904482715,1.3846219610859407,0.05660115254750053,-2.4222723508428317,0.0009999999951162408,0.0010000000050922608,0.0010000000010137455,0.0010000000058312253,0.0010000000012979626,0.0009999999974183993,0.000224221642743931,0.00022425444679058468,1.7487277291049022,353.68498958511833,300.4880075036426,0.06459382261819913,0.0006293711688303286,0.0001851779608398255,0.0033136586288281746,0.0014479999999999565,0.0014479999999999138,0.0014479999999999296,0.00100447999999996,0.0010044799999999491,0.001004479999999953
2025-06-14T21:24:30Z,40.38463096558716,-75.70706987751922,9.0033882020507,-110.28834186587483,-306.1377027668059,-0.22868041632500535,1.3755296906019794,0.04488920370431515,-2.446988811920164,0.0009999999948604454,0.001000000004978574,0.0010000000010137455,0.0010000000058738578,0.0010000000011913812,0.000999999997819856,0.0002252249311868462,0.0002252570877345455,1.7734566744952398,355.9238237178227,304.38651648308416,0.06714162140605695,0.0006297241061976802,0.0001858574318917749,0.0033231069652770004,0.0014489999999999575,0.001448999999999915,0.0014489999999999289,0.0010044899999999608,0.0010044899999999482,0.0010044899999999534
2025-06-14T21:24:31Z,40.38363124834073,-75.71068924912178,8.808465301757678,-111.63860109448433,-306.6779891811311,-0.1712659401309793,1.3857244200917194,0.03719331306274398,-2.447683380683884,0.0009999999944341198,0.0010000000049927849,0.0010000000011984866,0.0010000000058454361,0.001000000000971113,0.0009999999980614405,0.000226228241933496,0.0002262597196288091,1.7951832583641407,357.5512024244943,307.79412005639233,0.06625949789955932,0.0006322635212475628,0.00018265131605535605,0.0033327801198583273,0.001449999999999956,0.0014499999999999138,0.0014499999999999296,0.0010044999999999603,0.0010044999999999488,0.0010044999999999533
2025-06-14T21:24:32Z,40.382683033488725,-75.71441697660624,8.801527091185562,-113.43297550175339,-307.30308290570974,-0.03554943404287769,1.4068394566274947,0.06041832477467324,-2.4358975121576805,0.0009999999942920113,0.0010000000051491043,0.0010000000014969146,0.0010000000056891167,0.0010000000011345378,0.0009999999976173513,0.00022723159035995978,0.00022726233608051947,1.816003873878055,358.66487166058545,311.63684433455455,0.07009457905227678,0.0006360041109376329,0.00017827100155846514,0.003343413298999335,0.0014509999999999547,0.001450999999999913,0.001450999999999929,0.0010045099999999609,0.0010045099999999476,0.0010045099999999537
2025-06-14T21:24:33Z,40.38167056758415,-75.71808646822365,8.84071238245815,-115.09642778430134,-308.0996795706451,0.04933876620634692,1.4173761490965262,0.06100377314760408,-2.4376119395019487,0.0009999999941783244,0.0010000000050496283,0.0010000000017242883,0.0010000000055043756,0.0010000000010919052,0.0009999999973793194,0.00022823498625164124,0.00022826493003973129,1.8394582053319795,359.5290558230891,314.97585090048864,0.07085990369547235,0.0006345180358795078,0.00017597396607213335,0.003353292053763665,0.001451999999999954,0.0014519999999999134,0.0014519999999999284,0.001004519999999962,0.0010045199999999476,0.0010045199999999537
2025-06-14T21:24:34Z,40.38076363277133,-75.72204212742498,9.130949695128947,-116.37440762948245,-309.3030828535557,0.06264069085318624,1.4204394591070013,0.06322658344652154,-2.425529273226857,0.0009999999942920113,0.00100000000507805,0.0010000000017384991,0.00100000000557543,0.0010000000015182309,0.0009999999976386675,0.00022923842438864845,0.00022926750286985886,1.8601237293425157,359.9424352564516,318.1479551095276,0.07172608552067283,0.0006318831534119522,0.00017336655792114921,0.003363282548461443,0.001452999999999955,0.0014529999999999133,0.0014529999999999294,0.0010045299999999623,0.001004529999999948,0.0010045299999999525
2025-06-14T21:24:35Z,40.37987019033353,-75.72611178124961,9.430670378846116,-117.61450392007828,-310.6139538176358,-0.049052817581014097,1.4219451261451468,0.06780697323119966,-2.4302170955052134,0.000999999994405698,0.0010000000053338454,0.0010000000017669208,0.001000000005959123,0.0010000000016390231,0.0009999999971661566,0.00023024190091530702,0.00023027006730131193,1.879102044354798,359.9119676110133,321.2171802750053,0.07298324949215029,0.0006268281735869967,0.00017232267875573286,0.003373434425692486,0.0014539999999999555,0.001453999999999914,0.00145399999999993,0.0010045399999999613,0.0010045399999999473,0.0010045399999999518
2025-06-14T21:24:36Z,40.37901518980454,-75.73033205275162,9.689764216076583,-118.50291692558676,-312.08847100660205,-0.19090470571973128,1.4190630846424028,0.06883572808237659,-2.430164539400721,0.0009999999940504267,0.0010000000054475322,0.0010000000016958666,0.0010000000056464842,0.0010000000019729782,0.0009999999968854922,0.0002312454086554664,0.0002312726395263205,1.8944134494898122,359.56908027301023,324.02395336043776,0.07265935578166893,0.0006206116839938985,0.00017161643365657425,0.0033834067640871996,0.0014549999999999542,0.0014549999999999147,0.0014549999999999286,0.0010045499999999604,0.0010045499999999461,0.0010045499999999526
2025-06-14T21:24:37Z,40.37820386971934,-75.73468805425307,9.942007005098276,-119.3450655946508,-313.8912039846182,-0.2202835001553467,1.4216711656772532,0.06934966880817228,-2.4353593027044553,0.0009999999941499027,0.001000000005475954,0.001000000001837975,0.001000000005760171,0.0010000000018450805,0.0009999999966971984,0.00023224894430403487,0.00023227523517516598,1.9047729730947498,359.2483404885913,326.97549433892664,0.07266239768034044,0.000613920749906415,0.00017133521010234793,0.003393366896365303,0.001455999999999954,0.0014559999999999155,0.0014559999999999285,0.0010045599999999604,0.001004559999999946,0.0010045599999999532
2025-06-14T21:24:38Z,40.377349290240836,-75.73893327862392,10.06750208453741,-120.22451267112046,-315.30446971207857,-0.2776360223761003,1.4185895589034772,0.07348744674527552,-2.434901215485297,0.0009999999940077942,0.0010000000055470082,0.0010000000019800837,0.0010000000058170144,0.0010000000017171828,0.0009999999967256201,0.0002332525036063673,0.00023327787160587626,1.909443426829375,358.62187964437044,329.7789428237193,0.07126181113925933,0.000607489012621814,0.0001716225319364762,0.0034035255615766304,0.0014569999999999538,0.0014569999999999156,0.0014569999999999282,0.0010045699999999592,0.001004569999999945,0.001004569999999952
2025-06-14T21:24:39Z,40.376625179298294,-75.74344781688683,10.33140434930101,-120.63549080211669,-317.0281334966421,-0.3275371551280841,1.4199056021607248,0.07100833897857228,-2.427395731647266,0.0009999999941641136,0.0010000000056180625,0.001000000001837975,0.0010000000060301772,0.0010000000014613875,0.0009999999968464124,0.00023425608578509348,0.0002342805608888277,1.9068889094452237,357.98273683142065,332.6867542067152,0.06952280809752265,0.0006004578482064895,0.00017300666853093416,0.0034132922235855564,0.001457999999999954,0.0014579999999999153,0.0014579999999999283,0.0010045799999999594,0.001004579999999945,0.0010045799999999522
2025-06-14T21:24:40Z,40.37595337449803,-75.74808881370099,10.603983308305033,-120.87169722281396,-319.0134056210518,-0.4493040800189192,1.40744430590712,0.06508374680834095,-2.4340963752474636,0.0009999999941072701,0.001000000005475954,0.0010000000017242883,0.0010000000061154424,0.0010000000014755983,0.0009999999964556139,0.0002352597011793849,0.0002352833052600149,1.8982488154658503,357.55256940201326,335.7662601296551,0.06757084287326509,0.0005950798228210113,0.0001738140055483293,0.0034228991954796295,0.001458999999999953,0.0014589999999999146,0.0014589999999999272,0.0010045899999999598,0.0010045899999999454,0.0010045899999999526
2025-06-14T21:24:41Z,40.37529211597009,-75.75280783742228,10.741945052170195,-120.68471105676144,-321.1128459610045,-0.7212749655882362,1.3692945008078823,0.07736779275273875,-2.405314579955302,0.0009999999940646376,0.0010000000054901648,0.0010000000017953425,0.0010000000060728098,0.0010000000013334898,0.0009999999964556139,0.0002362633574584697,0.00023628610699194842,1.8809299876965777,357.30420917110416,338.66719729697667,0.0635591057799989,0.0005878347567587315,0.00017947946798691945,0.003433617671804622,0.0014599999999999533,0.0014599999999999147,0.0014599999999999275,0.0010045999999999597,0.0010045999999999454,0.0010045999999999528
2025-06-14T21:24:42Z,40.37463445763219,-75.75768070798634,10.911408072337508,-120.05354973953217,-323.8422606997192,-0.6318724751545233,1.364652066375129,0.07662189596067037,-2.3926782479684334,0.0009999999939509507,0.0010000000054901648,0.0010000000016674448,0.0010000000059875447,0.0010000000015608634,0.0009999999966261441,0.0002372670650604511,0.00023728896870318778,1.8507816461048965,357.88487353733757,341.719099549293,0.05863112656104241,0.0005820626446848182,0.00018446897490261184,0.0034435267069689557,0.0014609999999999528,0.0014609999999999142,0.001460999999999927,0.0010046099999999588,0.0010046099999999445,0.0010046099999999516
2025-06-14T21:24:43Z,40.37386755045186,-75.7625781045324,11.152276000007987,-119.59218332730234,-326.4739495627582,-0.6399993505765451,1.3570643955172272,0.07098709324054653,-2.3945740185445175,0.0009999999939935833,0.0010000000052059477,0.0010000000018095534,0.0010000000059022796,0.0010000000015253363,0.000999999996899703,0.00023827083151972347,0.0002382918989721726,1.8129139599659942,358.76761736303524,345.27605319331644,0.055767889395959,0.0005803789378558134,0.0001873979757184402,0.0034531354694693358,0.0014619999999999531,0.0014619999999999145,0.0014619999999999276,0.0010046199999999594,0.0010046199999999453,0.0010046199999999522
2025-06-14T21:24:44Z,40.37296986666002,-75.76758757971362,11.60409363929648,-118.92075682710856,-329.27582363784313,-0.4764023178759089,1.3502996422612341,0.06922615327766835,-2.3806192810006905,0.000999999993823053,0.0010000000052201585,0.0010000000019232402,0.001000000005859647,0.0010000000015750743,0.0009999999965515372,0.00023927465180394026,0.0002392949094684075,1.7746153784699434,360.30496344698963,349.25282124739897,0.05404098436716498,0.0005784989849987001,0.00019358445808872058,0.00346302285044064,0.0014629999999999528,0.001462999999999914,0.001462999999999927,0.00100462999999996,0.0010046299999999456,0.0010046299999999508
2025-06-14T21:24:45Z,40.3718746293181,-75.7724458560844,12.136084368336014,-118.74382635299116,-331.58865332230926,-0.3420085251746059,1.3580627251067199,0.06784563128803711,-2.374991440679878,0.0009999999941072701,0.0010000000048506763,0.0010000000023211442,0.0010000000058170144,0.0010000000017242883,0.0009999999967007511,0.00024027851527805546,0.00024029800767966271,1.7418276131628312,362.15047795293395,353.9000064213253,0.0539051610056791,0.000580942584905082,0.0001979954369772889,0.0034729512069102473,0.001463999999999953,0.0014639999999999144,0.001463999999999927,0.001004639999999959,0.0010046399999999447,0.0010046399999999512
2025-06-14T21:24:46Z,40.370567651109326,-75.77726913273827,12.866132892319001,-118.44867428671569,-334.0679258108139,-0.2304911609771807,1.3612010096985614,0.06523162669782323,-2.3771966375934426,0.0009999999942920113,0.0010000000048648872,0.0010000000021079813,0.0010000000061296532,0.001000000001305068,0.0009999999965728534,0.0002412824098028609,0.00024130119568710186,1.7178846085370518,364.90340802090566,358.6992173620046,0.05551059930186175,0.0005876591073250103,0.00020003815014268036,0.003482858586022685,0.0014649999999999522,0.0014649999999999139,0.0014649999999999266,0.0010046499999999594,0.001004649999999945,0.0010046499999999522
2025-06-14T21:24:47Z,40.36909250867395,-75.78187860662858,13.651507642120123,-118.41171547677368,-335.66945503279567,-0.05289966086638742,1.3658599385962589,0.08088258640418644,-2.3677060884656385,0.0009999999941641136,0.0010000000050069957,0.0010000000022074573,0.0010000000063143943,0.0010000000012908572,0.000999999996714962,0.00024228632369668437,0.00024230447326320186,1.7027652577510792,367.5790489361541,363.70888737295627,0.055982853059555304,0.0005950058114204176,0.000204177888505544,0.0034942057841405917,0.0014659999999999517,0.0014659999999999131,0.001465999999999926,0.0010046599999999602,0.0010046599999999459,0.001004659999999953
2025-06-14T21:24:48Z,40.36735980757565,-75.78635428318285,14.538749992265366,-118.78524336125702,-337.07687251642346,-0.11442557170812506,1.3639035680826055,0.07740633265621,-2.3634489390533417,0.0009999999940077942,0.0010000000048933089,0.0010000000022927225,0.0010000000061864966,0.0010000000013619115,0.0009999999969316775,0.00024329023698025365,0.00024330783349273412,1.6974902856397818,370.80336182238113,368.9555308933513,0.05836089357798202,0.0006033956970249254,0.00020604658101763395,0.0035040830644419256,0.0014669999999999503,0.0014669999999999117,0.0014669999999999247,0.0010046699999999606,0.0010046699999999465,0.0010046699999999536
2025-06-14T21:24:49Z,40.36551319939923,-75.79060674962196,15.346768759307452,-119.50572430156171,-338.0616761445999,0.1278264483971725,1.3764500000834232,0.0663325926179823,-2.3701543582137674,0.0009999999939651616,0.0010000000047654112,0.0010000000021790356,0.001000000005859647,0.001000000001702972,0.0009999999971554985,0.0002442941218902635,0.0002443112658083521,1.7030838065095562,374.2578956717852,374.23895574926297,0.06045286879752687,0.0006144800038272413,0.00020391486877953394,0.003513289558708847,0.0014679999999999494,0.001467999999999911,0.0014679999999999238,0.00100467999999996,0.001004679999999946,0.0010046799999999531
2025-06-14T21:24:50Z,40.363485057184384,-75.79471493748623,16.168151781894267,-120.44280424620956,-338.71495961770415,-0.012332996126588114,1.3756606420647586,0.06573855486294633,-2.3685412991326302,0.0009999999939367399,0.0010000000047085678,0.0010000000019800837,0.0010000000059449121,0.00100000000150402,0.0009999999973082652,0.00024529795398497766,0.0002453147602050742,1.7164680867144901,377.78993612939064,379.06067101975526,0.06231881347687607,0.0006238095894853201,0.00020289070546906834,0.0035233720019059145,0.0014689999999999484,0.0014689999999999098,0.0014689999999999228,0.001004689999999959,0.0010046899999999455,0.0010046899999999527
2025-06-14T21:24:51Z,40.36109455976035,-75.79869609650515,17.021113261580467,-121.72215111926198,-338.83490104973316,0.0032343394099711986,1.3705697988189058,0.04918042712870374,-2.373911821312504,0.0009999999939509507,0.0010000000043675072,0.001000000002150614,0.001000000005959123,0.0010000000015963906,0.0009999999970951023,0.00024630170449290096,0.0002463183064849158,1.7342337817200326,381.3056144919212,383.61572045314534,0.06326902553068925,0.0006326529322136868,0.00019914669440558157,0.0035322517099260924,0.0014699999999999494,0.0014699999999999106,0.0014699999999999236,0.0010046999999999595,0.001004699999999946,0.0010046999999999535
2025-06-14T21:24:52Z,40.3582808244784,-75.80253308617225,18.06966057466343,-123.31126915477216,-338.376042380929,0.17140015912264062,1.3698484980704961,0.04200646154959031,-2.378927542711608,0.0009999999937662096,0.0010000000045380375,0.0010000000021790356,0.001000000005760171,0.0010000000014471766,0.0009999999971519458,0.00024730534950541134,0.0002473218968684522,1.7517038118146735,384.7256739302225,387.70912108481934,0.06303322500551245,0.0006403519318314635,0.00019491941811170086,0.003541921918799353,0.0014709999999999502,0.0014709999999999114,0.0014709999999999244,0.0010047099999999603,0.0010047099999999462,0.0010047099999999534
2025-06-14T21:24:53Z,40.35553635741984,-75.80629964451612,19.010512199252844,-125.09797848761082,-337.95734990015626,0.10216045895413117,1.380512675488717,0.047336279474166076,-2.3758409788133577,0.0009999999940077942,0.001000000004495405,0.0010000000022074573,0.0010000000058028036,0.0010000000014400712,0.0009999999969174667,0.00024830887509749786,0.00024832552711074116,1.765449076137862,388.05464967906994,391.2244931065649,0.06239443899057562,0.0006450951953533561,0.00019219064076224064,0.00355240046440584,0.0014719999999999508,0.001471999999999912,0.001471999999999925,0.001004719999999961,0.0010047199999999468,0.0010047199999999538
2025-06-14T21:24:54Z,40.35277823998809,-75.8100246205816,19.80821919348091,-127.00801227241755,-337.5338768362999,0.03886738879418772,1.3838608462683624,0.05209306606275277,-2.3738710752222687,0.0009999999941072701,0.0010000000047369895,0.0010000000023495659,0.0010000000059022796,0.0010000000013263843,0.0009999999970169426,0.0002493122827113769,0.0002493291964521061,1.7741786018730026,391.32387415110946,394.2887519150068,0.061397125699907185,0.0006487643650906867,0.00018904729763604748,0.0035628799039023906,0.0014729999999999498,0.0014729999999999112,0.0014729999999999242,0.0010047299999999604,0.0010047299999999463,0.0010047299999999533
2025-06-14T21:24:55Z,40.349786142303415,-75.81369036943542,20.604859354672953,-128.99961139075458,-337.12956250831485,0.0180114114857588,1.3814831055497052,0.07287853961224755,-2.3711968892021105,0.0009999999941356918,0.0010000000049643631,0.001000000002434831,0.0010000000059449121,0.001000000001106116,0.0009999999970418116,0.00025031559509708384,0.00025033290613346544,1.7798560599094708,394.825374160519,396.92701762720884,0.06158409560694322,0.0006528875436652044,0.00018608386182539355,0.0035751498638516887,0.0014739999999999508,0.0014739999999999122,0.0014739999999999248,0.0010047399999999597,0.0010047399999999454,0.0010047399999999524
2025-06-14T21:24:56Z,40.346496333581534,-75.8172839343955,21.430968137690797,-130.64312173984945,-336.39590583741665,-0.0640465979495275,1.378694294820889,0.08230926977466879,-2.359840368066216,0.0009999999942778004,0.0010000000052201585,0.0010000000025058853,0.0010000000061296532,0.001000000000921375,0.000999999997137735,0.00025131885237548296,0.0002513366559119225,1.7829418237136736,398.23024317016154,398.6752318659821,0.060771321214928675,0.0006545861112803174,0.00018467882376536408,0.0035865309838304543,0.001474999999999951,0.0014749999999999124,0.0014749999999999254,0.0010047499999999597,0.0010047499999999454,0.0010047499999999527
2025-06-14T21:24:57Z,40.343057602223105,-75.82083419202088,22.30674556340091,-132.32353875041008,-335.26294296607375,0.08245500697012176,1.3859605398756685,0.07619872667874006,-2.3413222251983825,0.000999999994419909,0.0010000000054475322,0.0010000000023779876,0.0010000000061722858,0.0010000000009071641,0.0009999999969849682,0.00025232205240915506,0.00025234044581924,1.778318929459523,401.3376511902461,400.2338970042955,0.057848656348677197,0.0006535353179721739,0.00018442324727526823,0.0035959198150066585,0.0014759999999999507,0.001475999999999912,0.001475999999999925,0.0010047599999999592,0.0010047599999999449,0.001004759999999952
2025-06-14T21:24:58Z,40.33931810575241,-75.82435468763056,23.302602893672884,-134.30315409600735,-334.132261287421,0.0915872306750316,1.3830790625797817,0.04649776538235528,-2.332903387665283,0.0009999999944909632,0.001000000005376478,0.0010000000024774636,0.0010000000062007075,0.0010000000012269084,0.0009999999973260287,0.0002533251228486007,0.00025334428129337305,1.7664962964279922,404.6264924721045,401.794509891395,0.05605338694553341,0.0006524828024887473,0.0001826667301280444,0.0036028737085309105,0.0014769999999999508,0.001476999999999912,0.0014769999999999248,0.0010047699999999595,0.0010047699999999452,0.0010047699999999524
2025-06-14T21:24:59Z,40.33530153096867,-75.8278876313267,24.255258946446702,-136.22748579271138,-332.9795814752579,-0.02939441007424648,1.3770668368088081,0.03192127674628864,-2.350065269100014,0.0009999999945620175,0.001000000005376478,0.0010000000023779876,0.0010000000059164904,0.001000000000921375,0.0009999999974255047,0.00025432801232765957,0.0002543481673190124,1.7519751542239073,407.97960660173237,403.09448549257274,0.054513776949051684,0.0006563924351030986,0.00017800090734285918,0.0036118082715147046,0.0014779999999999514,0.0014779999999999123,0.0014779999999999253,0.0010047799999999597,0.0010047799999999456,0.0010047799999999526
2025-06-14T21:25:00Z,40.330357902663046,-75.83136653048403,25.340275328839198,-138.65366876497865,-331.3138013780117,-0.058666816732511506,1.372199620178435,0.01894715981029549,-2.3600635010225233,0.0009999999946472826,0.0010000000052485802,0.0010000000025769396,0.0010000000057885927,0.0010000000010919052,0.0009999999971910256,0.0002553307077769883,0.0002553521054215238,1.7365783210626808,411.451368104075,404.6845052327846,0.05331827569606917,0.0006590796019802768,0.00017551662840817195,0.0036210447608826294,0.0014789999999999506,0.0014789999999999116,0.0014789999999999246,0.0010047899999999586,0.0010047899999999462,0.0010047899999999534
2025-06-14T21:25:01Z,40.32480361025564,-75.83484832863644,26.5232700065244,-140.94772864878178,-329.3765311278403,-0.029852440659624335,1.370709186361637,0.01204704048802796,-2.374121539265616,0.0009999999945904392,0.0010000000052059477,0.0010000000026906264,0.0010000000057033276,0.0010000000013477006,0.0009999999970666806,0.0002563332301485558,0.00025635609579810004,1.7207304375709822,414.9865384704433,406.0294668000942,0.05191684349339176,0.0006619722258767624,0.0001738227416943142,0.0036307520314194514,0.0014799999999999512,0.00147999999999991,0.0014799999999999232,0.0010047999999999572,0.0010047999999999468,0.0010047999999999537
2025-06-14T21:25:02Z,40.319592875446354,-75.83842027161216,27.605915419990197,-143.04467666894197,-327.71952199935913,0.06405040435129195,1.37404792138841,0.008699272508124523,-2.3763947199622635,0.0009999999945904392,0.001000000005262791,0.0010000000023779876,0.001000000005561219,0.0010000000012979626,0.0009999999971839202,0.000257335605911968,0.00025736013835042957,1.702616128657016,418.4616790404677,407.5023383622019,0.049785862131041525,0.0006642443253499901,0.0001736342712885973,0.0036406257100630468,0.0014809999999999509,0.001480999999999911,0.0014809999999999238,0.001004809999999958,0.0010048099999999472,0.0010048099999999524
2025-06-14T21:25:03Z,40.31530670037285,-75.84211249161785,28.493312487611547,-144.73445869982243,-326.65871493145823,0.1784533567206381,1.3704501043685013,0.0017753494574037632,-2.372016456705751,0.0009999999946757043,0.0010000000054475322,0.0010000000023211442,0.0010000000057033276,0.0010000000010492727,0.0009999999968286488,0.00025833781274970985,0.00025836423426097425,1.6798720023559435,421.8574547251619,409.07369173962746,0.04696059793777019,0.0006667761134875813,0.0001740781388295411,0.003650201480411372,0.0014819999999999519,0.001481999999999912,0.001481999999999925,0.0010048199999999575,0.0010048199999999471,0.0010048199999999514
2025-06-14T21:25:04Z,40.311308998238886,-75.84588237334233,29.353180427337065,-146.18942570500076,-325.74160090461373,0.2522500805898744,1.3736981219844893,0.0020322756653570195,-2.357429455209058,0.0009999999946614935,0.0010000000055043756,0.0010000000024632527,0.00100000000557543,0.0010000000010421672,0.00099999999651601,0.0002593397943779518,0.00025936838410322086,1.6509900317713098,425.15902958884624,410.7519438728403,0.04361508057269037,0.0006700021443365011,0.00017497933977325873,0.0036601724780885255,0.0014829999999999503,0.0014829999999999106,0.0014829999999999247,0.001004829999999957,0.0010048299999999462,0.0010048299999999505
2025-06-14T21:25:05Z,40.307666766930325,-75.84973401806741,30.154704534681514,-147.59661222621799,-325.328898280859,0.3283114230580395,1.3755348154954845,-0.0027849625199678485,-2.3586354906728957,0.0009999999946330718,0.0010000000055896408,0.001000000002150614,0.0010000000057317493,0.0010000000010137455,0.0009999999964875883,0.00026034144170975594,0.00026037258640404927,1.6189107312879674,428.8240850196624,412.8703459409073,0.041540135862967786,0.0006745702824834952,0.00017591506767434192,0.0036698227781811785,0.00148399999999995,0.001483999999999911,0.001483999999999924,0.0010048399999999565,0.0010048399999999457,0.0010048399999999492
2025-06-14T21:25:06Z,40.305267138964105,-75.85361508963534,30.675785983679816,-148.8100360929966,-325.57162403315306,0.2867150819620292,1.3722674233140424,0.0014884100053649263,-2.361861700192094,0.0009999999948462346,0.0010000000055470082,0.0010000000020937705,0.001000000005859647,0.0010000000009497967,0.0009999999964058759,0.0002613426607519695,0.00026137683557862616,1.5876497072209148,432.5990496260219,415.4299625004793,0.039992158867962035,0.0006801097550036673,0.0001773224672094054,0.0036799252336879597,0.0014849999999999497,0.0014849999999999109,0.0014849999999999237,0.0010048499999999565,0.001004849999999946,0.0010048499999999495
2025-06-14T21:25:07Z,40.30290033834446,-75.85753298019176,31.21539819170721,-150.02252667583525,-325.83646008372307,0.4164015397509502,1.3777676856116159,0.002377006294096873,-2.3637857418507338,0.0009999999948746563,0.0010000000054901648,0.001000000002150614,0.001000000005859647,0.0010000000009640075,0.000999999996466272,0.0002623434295237419,0.0002623811223887468,1.5585033086510682,436.5540503574786,418.4693340537608,0.03893843368418681,0.0006867014621621629,0.0001790806826340649,0.0036898327703994865,0.0014859999999999507,0.0014859999999999117,0.0014859999999999247,0.0010048599999999555,0.001004859999999945,0.0010048599999999486
2025-06-14T21:25:08Z,40.30140208607409,-75.86139031285026,31.625002787448466,-151.0615444947034,-326.28048430755734,0.35582894352046424,1.3758422382525168,-0.001389199874651581,-2.359459192986833,0.0009999999949314997,0.0010000000056464842,0.0010000000021790356,0.0010000000060728098,0.001000000001070589,0.0009999999962744255,0.0002633437534836432,0.00026338543448012927,1.531695973914028,440.4589296358062,421.7784253742543,0.037973531162479035,0.000694541520283541,0.00018086261254270593,0.003699425427212796,0.0014869999999999506,0.0014869999999999118,0.0014869999999999248,0.0010048699999999555,0.001004869999999945,0.0010048699999999485
2025-06-14T21:25:09Z,40.30018610729605,-75.86521477355585,31.906200313940644,-152.145144328475,-326.8082677125931,0.25616591228026664,1.371069198459736,0.0013563801400806597,-2.3527005002833903,0.0009999999951304517,0.0010000000056322733,0.0010000000019232402,0.0010000000058880687,0.0010000000009071641,0.0009999999962104766,0.0002643436121588649,0.00026438975422293185,1.508303119530447,444.5334426402421,425.5635254197329,0.03781948625365217,0.0007034888130725629,0.00018263300860819887,0.00370939533456192,0.00148799999999995,0.0014879999999999115,0.0014879999999999243,0.0010048799999999556,0.001004879999999945,0.0010048799999999485
2025-06-14T21:25:10Z,40.29963716627645,-75.86891644093379,31.9095888719894,-153.21379826404154,-327.47273315116763,-0.000310357575301623,1.3653972016036278,-0.0015008571228207757,-2.3534941481484566,0.0009999999948462346,0.001000000005660695,0.0010000000020085054,0.0010000000058454361,0.001000000001170065,0.0009999999965266682,0.00026534297793374327,0.00026539405870121496,1.4904546466496627,448.712763926589,429.67395090412106,0.03814897227635361,0.0007129877239260621,0.0001846385770131038,0.003719023776456366,0.0014889999999999506,0.001488999999999912,0.0014889999999999246,0.001004889999999955,0.0010048899999999443,0.0010048899999999478
2025-06-14T21:25:11Z,40.298157359352146,-75.87279589500086,31.85512924939394,-154.64053238928318,-327.81647054478526,-0.13342904627461394,1.3625715813686838,-0.0036149675547392235,-2.3650997863151133,0.0009999999946614935,0.0010000000057885927,0.001000000001951662,0.0010000000058028036,0.0010000000009355858,0.0009999999965799589,0.0002663418642074671,0.00026639832401954166,1.4804578717537606,452.803507039965,434.6256277307531,0.04041564930315322,0.0007224320446957084,0.00018704528460929392,0.003728741933909012,0.0014899999999999495,0.0014899999999999113,0.0014899999999999235,0.0010048999999999557,0.0010048999999999451,0.0010048999999999466
2025-06-14T21:25:12Z,40.29668304442688,-75.87667527236171,31.493798680137843,-156.30314578674734,-327.7797520644963,-0.6077969044054043,1.4507016699644737,-0.01078147063947199,-2.3883833378495183,0.0009999999948604454,0.0010000000055896408,0.001000000002036927,0.0010000000054191105,0.0010000000008361098,0.0009999999962602146,0.0002673403747124871,0.00026740252373748765,1.4818650644537492,456.24490324840997,440.0628559785367,0.04514722705051588,0.0007309800830545101,0.00019015982319607152,0.003738218678234877,0.0014909999999999487,0.0014909999999999101,0.0014909999999999227,0.0010049099999999561,0.0010049099999999455,0.0010049099999999453
2025-06-14T21:25:13Z,40.296118273159884,-75.88028549174423,30.901999534340575,-157.88974426314235,-328.1968614757061,-0.3469390364080027,1.4271263138653012,-0.03675477759725254,-2.3900837232358754,0.0009999999949599214,0.0010000000054901648,0.0010000000021221922,0.001000000005475954,0.001000000001155854,0.0009999999959902084,0.0002683386922070464,0.00026840661403821546,1.4984827631433224,460.31870312726153,445.7484580558341,0.049373787540543446,0.0007406287255112247,0.0001917846191590289,0.003747469603233369,0.0014919999999999489,0.0014919999999999103,0.0014919999999999233,0.001004919999999956,0.0010049199999999456,0.0010049199999999456
2025-06-14T21:25:14Z,40.297048251106645,-75.88333344031598,30.206381264841184,-159.5988795105368,-327.8950503319502,-0.4045604795210238,1.4345751557411859,-0.03610260596178705,-2.389544249046594,0.0009999999951304517,0.0010000000054475322,0.0010000000015821797,0.0010000000056891167,0.001000000001319279,0.0009999999957663874,0.00026933705814645,0.00026941055589047193,1.526961172614149,463.1199886791603,451.0585302175228,0.05318572253108467,0.0007473340206467922,0.0001929336569987208,0.003757303342777305,0.001492999999999949,0.0014929999999999113,0.0014929999999999239,0.0010049299999999564,0.0010049299999999456,0.0010049299999999458
2025-06-14T21:25:15Z,40.29653466790531,-75.8868235202395,29.66095164627768,-161.14550946094096,-327.6623860411346,-0.42652815610927064,1.44140985350532,-0.024287372701792265,-2.3994573256059084,0.0009999999952725602,0.0010000000054048996,0.0010000000018095534,0.0010000000058312253,0.001000000001305068,0.0009999999958445471,0.000270335579967207,0.00027041431347539334,1.5644232499818493,465.32960212265846,456.24325603909267,0.05749093931636107,0.0007495286629600536,0.00019434616228086987,0.0037672455690723043,0.0014939999999999496,0.0014939999999999118,0.0014939999999999249,0.0010049399999999555,0.001004939999999945,0.001004939999999945
2025-06-14T21:25:16Z,40.29609871432289,-75.89021867787585,29.041333842789754,-162.9154532495886,-327.3471408970654,-0.5190722612678655,1.4305175474873977,-0.015207832607870841,-2.379649541195249,0.0009999999950878191,0.00100000000557543,0.0010000000017669208,0.0010000000056891167,0.0010000000015324417,0.0009999999959973138,0.00027133424041349356,0.000271417838235928,1.6117794047274436,466.62198850158796,461.1036493128536,0.0626579604869747,0.0007480907865951027,0.0001949327648022811,0.0037773038122591164,0.001494999999999949,0.0014949999999999122,0.0014949999999999254,0.001004949999999956,0.0010049499999999455,0.0010049499999999455
2025-06-14T21:25:17Z,40.296288362546,-75.89322799902645,28.34219784080051,-164.92873857915401,-326.93314963951707,-0.3814563399319013,1.4346560830017552,-0.014613674161410017,-2.3713698028295767,0.00099999999510203,0.0010000000058170144,0.001000000001837975,0.0010000000057459602,0.0010000000015679689,0.0009999999962211348,0.00027233316441240723,0.00027242111117198743,1.6654373202788741,467.12670620068366,465.2302075004754,0.06569807058014676,0.0007401551252463678,0.00019680545270357974,0.003787128856379729,0.0014959999999999483,0.0014959999999999125,0.0014959999999999266,0.001004959999999956,0.0010049599999999454,0.0010049599999999454
2025-06-14T21:25:18Z,40.29595274612669,-75.896423682122,27.739597748965025,-166.85082235746086,-326.6044495292008,-0.4553483631425479,1.4354428427759558,-0.013873863573053313,-2.372592562373029,0.0009999999949741323,0.0010000000055470082,0.0010000000017100774,0.001000000005760171,0.0010000000017598154,0.0009999999962602146,0.0002733325537521333,0.00027342415893603526,1.7182619997668913,466.43015212411285,468.4304506499424,0.06780597567180069,0.000726197690194891,0.0001992021254310598,0.0037969625879107536,0.0014969999999999493,0.0014969999999999114,0.0014969999999999274,0.0010049699999999558,0.001004969999999945,0.001004969999999945
2025-06-14T21:25:19Z,40.29390790446618,-75.90060192361473,27.322265671333298,-167.92051374167204,-326.909955855459,-0.5609458082180936,1.4316348518041195,-0.017635922608405963,-2.3758047121518757,0.0009999999948178129,0.0010000000053196345,0.0010000000015821797,0.0010000000060017555,0.0010000000015466526,0.000999999996540879,0.0002743326024435175,0.0002744270526607844,1.7654685378517596,464.5939114167287,470.70710755603955,0.06892135405929645,0.000707267277389882,0.000202082197442349,0.003806707300263954,0.0014979999999999497,0.001497999999999912,0.001497999999999928,0.0010049799999999548,0.0010049799999999444,0.0010049799999999444
2025-06-14T21:25:20Z,40.29231938147422,-75.904501770699,26.789843493839726,-168.65705553628504,-327.4792117960751,-0.528888341592392,1.4231967269879533,-0.015716372748784124,-2.375349874928361,0.0009999999948320237,0.0010000000052343694,0.0010000000014116495,0.0010000000057743819,0.0010000000017242883,0.0009999999967291728,0.00027533344363123006,0.00027542987712869416,1.7913840161800765,462.5355723840688,471.4626121211963,0.06199569673969185,0.0006840404650972842,0.00020594665209848094,0.0038165861817135755,0.0014989999999999505,0.0014989999999999116,0.0014989999999999286,0.0010049899999999543,0.0010049899999999452,0.0010049899999999435
2025-06-14T21:25:21Z,40.2901382386864,-75.90883789778404,26.44076873990707,-169.28015538305044,-328.0783462487161,-0.4354777966582333,1.4228776405070676,-0.02493404320694026,-2.363053741049953,0.0009999999948462346,0.0010000000052485802,0.0010000000015253363,0.0010000000056749059,0.00100000000150402,0.0009999999966261441,0.0002763350223166944,0.000276432733156624,1.792467008065675,459.58107256575465,472.184568099377,0.05877498793312508,0.0006580307771927972,0.00021225536371362102,0.003826272858075288,0.0014999999999999493,0.00149999999999991,0.0014999999999999274,0.0010049999999999538,0.0010049999999999456,0.001004999999999943
2025-06-14T21:25:22Z,40.28832111988507,-75.9129192226277,26.064246078254655,-170.1246192920953,-328.4582151994109,-0.4400977372242778,1.3788452479202533,-0.026082921271381565,-2.3437027993786614,0.0009999999950309757,0.0010000000051348934,0.001000000001354806,0.0010000000051348934,0.0010000000016177069,0.0009999999967043038,0.0002773371830318348,0.0002774356944578487,1.780754460288149,456.49845471232123,472.7651532427954,0.055405024678579884,0.0006308187579361876,0.000221251313805758,0.0038361251560037808,0.0015009999999999486,0.0015009999999999093,0.0015009999999999269,0.0010050099999999538,0.0010050099999999451,0.0010050099999999434
2025-06-14T21:25:23Z,40.2856750056329,-75.91765761467109,25.944435966433957,-170.0491872932762,-329.5598663389683,-0.303542126002867,1.3811558905726997,-0.020862497034613625,-2.338365994975902,0.0009999999952583494,0.0010000000051917368,0.0010000000014684929,0.0010000000049643631,0.001000000001987189,0.0009999999967966744,0.0002783398115669206,0.0002784387873752311,1.7547188688651956,453.7462561018291,473.10245269966686,0.049883884220773944,0.000607336725419621,0.00022887046536714531,0.0038460296355813657,0.001501999999999948,0.001501999999999908,0.0015019999999999255,0.001005019999999953,0.001005019999999946,0.0010050199999999425
2025-06-14T21:25:24Z,40.28387973393201,-75.92174072460203,25.70445367274806,-170.7526680212468,-330.06303365156054,-0.2940591338847298,1.3879683345003286,-0.019555997819907134,-2.3339604687935207,0.0009999999950736083,0.0010000000054048996,0.0010000000013405952,0.00100000000507805,0.001000000002086665,0.0009999999970418116,0.00027934273988634465,0.00027944202196693025,1.7171660448022033,451.2102583712415,473.90352482360487,0.04597217644380225,0.0005869160182076592,0.00023686937711056615,0.0038558811800961444,0.0015029999999999473,0.001502999999999907,0.0015029999999999243,0.0010050299999999537,0.0010050299999999448,0.0010050299999999413
2025-06-14T21:25:25Z,40.28182335882341,-75.92601931868249,25.57275592442602,-171.10226555727422,-330.70619364082813,-0.2022501415140141,1.3850085019366816,-0.015521102293632794,-2.3211698516097385,0.0009999999951162408,0.0010000000053338454,0.001000000001170065,0.0010000000051491043,0.0010000000024561473,0.0009999999967043038,0.00028034580409092453,0.0002804453987329453,1.6735393602379056,449.0576214655749,474.94836467860944,0.041821555961162216,0.0005676052564387238,0.00024741169284863123,0.003865785310903675,0.001503999999999947,0.0015039999999999067,0.001503999999999924,0.0010050399999999538,0.001005039999999944,0.0010050399999999406
2025-06-14T21:25:26Z,40.27999987465596,-75.93011487086356,25.37167490296997,-171.5138878468424,-331.14154264330864,-0.3196952180187509,1.3786399391392479,-0.03184403737441244,-2.32433719659457,0.0009999999953720362,0.0010000000056322733,0.0010000000014400712,0.0010000000053906888,0.0010000000022714062,0.0009999999965231154,0.0002813488520028078,0.0002814489047674159,1.6250486502884625,447.24440321469575,476.2773806307269,0.03794268063761719,0.0005562468532770674,0.0002541628016846801,0.003875478533454732,0.0015049999999999458,0.0015049999999999068,0.0015049999999999242,0.0010050499999999531,0.0010050499999999434,0.0010050499999999414
2025-06-14T21:25:27Z,40.27922366351067,-75.93349462555621,24.866519827395678,-172.54744578152895,-331.09473073482513,-0.3765798380445631,1.3759987472003559,-0.03961114828416612,-2.301951794885099,0.0009999999952441385,0.0010000000058170144,0.0010000000015111254,0.0010000000054048996,0.0010000000026053613,0.0009999999963845596,0.00028235165511364163,0.00028245251026749,1.5743515746529677,446.00645320835423,478.2012369426514,0.034705661604137794,0.0005408746602893362,0.00026826437439963666,0.0038853932876200714,0.0015059999999999464,0.0015059999999999076,0.001505999999999925,0.0010050599999999524,0.0010050599999999424,0.0010050599999999418
2025-06-14T21:25:28Z,40.27813779683477,-75.93710639490476,24.37609123135917,-173.14077254198492,-331.43239641189575,-0.43207769124637707,1.3625626571738394,-0.035521276084637066,-2.2768830674758647,0.0009999999951446625,0.0010000000055185865,0.0010000000012126975,0.0010000000051917368,0.0010000000028540512,0.0009999999966261441,0.000283353964919603,0.00028345618642465205,1.5217002299566766,445.4635812189947,480.3854637927099,0.031370890268189844,0.000526591705670059,0.00028399189249509973,0.0038952314917128296,0.0015069999999999465,0.0015069999999999084,0.0015069999999999257,0.0010050699999999521,0.0010050699999999422,0.0010050699999999413
2025-06-14T21:25:29Z,40.2769333998631,-75.9408140320281,23.949401224963367,-173.59772177226841,-331.82776794955134,-0.30655500463035423,1.3621315707423491,-0.03851995362629168,-2.2598917661525775,0.0009999999950309757,0.0010000000052912128,0.0010000000015679689,0.0010000000050638391,0.0010000000029464218,0.0009999999965017992,0.0002843554817335908,0.00028445991396923415,1.4682174929205691,445.37471837019996,483.1794377570437,0.028899545730442067,0.0005176814002263713,0.00029763219266374876,0.0039051229082996005,0.0015079999999999473,0.001507999999999908,0.0015079999999999256,0.001005079999999951,0.001005079999999941,0.0010050799999999404
2025-06-14T21:25:30Z,40.275785382801324,-75.94451850752093,23.61875763325952,-174.0853702481836,-332.1808951087296,-0.23976832746302534,1.3640838026767597,-0.03534696927272307,-2.2460737153014634,0.0009999999949172889,0.0010000000051633151,0.001000000001354806,0.0010000000052059477,0.0010000000032022172,0.0009999999963383743,0.0002853557944382361,0.0002854636734656075,1.4180477573709096,445.65805190069796,486.6196929031192,0.0273194740668391,0.0005123147858051221,0.00031029278120353685,0.003914946186165749,0.0015089999999999464,0.0015089999999999073,0.0015089999999999247,0.0010050899999999511,0.0010050899999999414,0.0010050899999999405
2025-06-14T21:25:31Z,40.27387742965439,-75.94858017389288,23.52095299307257,-173.8169994968921,-332.91570253670216,-0.03332145668605335,1.3906013113301015,-0.04861591404915089,-2.2637937636172865,0.0009999999951588734,0.0010000000050354174,0.0010000000010137455,0.0010000000052912128,0.0010000000030956357,0.0009999999965231154,0.0002863544436328312,0.0002864674421409066,1.3699407753281685,446.6775532235964,489.931569067635,0.02567080510109887,0.0005214943657927082,0.00031145128061297743,0.003924972892922827,0.001509999999999946,0.001509999999999907,0.0015099999999999242,0.001005099999999951,0.0010050999999999407,0.0010050999999999407
2025-06-14T21:25:32Z,40.27323803073334,-75.95214244021145,23.49395866203122,-174.78451243974268,-333.2689935788512,0.1621072239795467,1.3996701251744526,-0.036009004252719023,-2.260803907556692,0.0009999999953294036,0.0010000000051633151,0.001000000000971113,0.001000000005277002,0.001000000003315904,0.0009999999968215434,0.00028735067431899053,0.000287471189540423,1.3303484316926137,447.8378858456476,495.1403238020659,0.026193738890511242,0.0005248105246599236,0.0003193292281279746,0.003934602128672629,0.0015109999999999466,0.0015109999999999076,0.001510999999999925,0.0010051099999999512,0.0010051099999999406,0.0010051099999999406
2025-06-14T21:25:33Z,40.273464010610276,-75.9554408637929,23.61592868459411,-175.99410000257194,-333.60017451643944,0.38530274265576736,1.4110648315254366,-0.038578581481033325,-2.266635562729789,0.0009999999957130967,0.0010000000050069957,0.0010000000008858478,0.0010000000054333213,0.0010000000031027412,0.0009999999966723294,0.0002883439753945072,0.000288474916373547,1.3062313400522738,449.3589484394787,501.01346976578634,0.027208681580447425,0.0005340509380564945,0.00032324322501447425,0.003944466372724722,0.0015119999999999468,0.0015119999999999077,0.001511999999999925,0.0010051199999999512,0.0010051199999999406,0.0010051199999999406
2025-06-14T21:25:34Z,40.275438014487925,-75.95822963369957,23.79844465968199,-177.29680682718754,-333.93178218975663,0.5184762616554508,1.4172150709928246,-0.03337451450352091,-2.269771985709667,0.0009999999954573013,0.0010000000049927849,0.0010000000010421672,0.001000000005362267,0.0010000000029535272,0.000999999996615486,0.0002893347335781219,0.00028947867427442175,1.2946657450582353,451.12256835771916,507.0655790542538,0.028227020353066012,0.0005433642500886214,0.0003272094616326273,0.0039542404079046375,0.0015129999999999458,0.0015129999999999087,0.001512999999999926,0.0010051299999999505,0.00100512999999994,0.00100512999999994
2025-06-14T21:25:35Z,40.27940953687032,-75.96049277002355,23.963575151516125,-178.89754851721227,-334.1613695733249,0.6007907910752692,1.4265103413927136,-0.02509046189675246,-2.2654754112591036,0.000999999995400458,0.001000000004779622,0.0010000000010847998,0.0010000000053480562,0.0010000000029606326,0.0009999999961536332,0.0002903235926691101,0.00029048252022448865,1.292730370132942,452.8040551361749,513.5538278312532,0.029134345109873894,0.0005506328391548372,0.0003329403549788491,0.003964022132109386,0.0015139999999999462,0.001513999999999908,0.0015139999999999253,0.0010051399999999495,0.0010051399999999404,0.0010051399999999404
2025-06-14T21:25:36Z,40.28494140354553,-75.96239784835454,24.060374927474186,-180.60063884221017,-334.70585580542684,0.5735650930801057,1.4351794139947742,-0.019254683103099524,-2.266776638221927,0.0009999999955994099,0.0010000000046375135,0.0010000000013832278,0.0010000000056891167,0.001000000003081425,0.0009999999965693007,0.00029131138629490393,0.0002914865014684316,1.2989744280616176,454.82494686836054,520.1794933296084,0.03077478370754816,0.0005605312204358247,0.0003355540544342179,0.003973835196627778,0.0015149999999999463,0.0015149999999999068,0.0015149999999999246,0.0010051499999999504,0.0010051499999999406,0.0010051499999999404
2025-06-14T21:25:37Z,40.29095982740073,-75.96425189786865,24.2175074480474,-182.21740189939737,-335.24829836562276,0.7946595577304834,1.4462906231492525,-0.02262647599468437,-2.2672125901444815,0.0009999999954430905,0.0010000000051064717,0.0010000000012979626,0.0010000000055896408,0.0010000000030956357,0.0009999999968464124,0.000292299209695333,0.00029249066921809523,1.3113158789498405,456.79646780610466,526.8946442554908,0.03197870224348309,0.00057048389336544,0.0003375397559994843,0.003983684300879628,0.0015159999999999458,0.0015159999999999052,0.001515999999999924,0.0010051599999999512,0.0010051599999999403,0.0010051599999999403
2025-06-14T21:25:38Z,40.29797287587596,-75.96590873567564,24.408932051854208,-183.99565094523132,-335.9604134969413,0.8230918520857813,1.4528860447899206,-0.014723004998472788,-2.26657396912924,0.0009999999956136207,0.0010000000055327973,0.0010000000012126975,0.0010000000055327973,0.0010000000029890543,0.0009999999965515372,0.00029328806618025003,0.00029349506364623017,1.3279696929711202,458.82270298801853,533.747447434369,0.03370599061476465,0.0005798389392074662,0.0003390919087303221,0.003993481603588996,0.0015169999999999461,0.0015169999999999058,0.0015169999999999244,0.0010051699999999507,0.00100516999999994,0.0010051699999999403
2025-06-14T21:25:39Z,40.304357911719016,-75.9677787167394,24.585606370819733,-185.7094176840037,-336.6815380640328,0.7529860737922718,1.4615061913937097,-0.019965596012525566,-2.2738643285410944,0.0009999999957130967,0.001000000005561219,0.001000000000871637,0.001000000005277002,0.001000000003017476,0.0009999999961536332,0.0002942787858494333,0.00029449970530355985,1.3483219148567696,460.8326038473469,540.5528522945317,0.03533519988845646,0.0005924551608470147,0.00033691535684077283,0.004003369488908257,0.0015179999999999454,0.001517999999999906,0.0015179999999999233,0.0010051799999999497,0.001005179999999939,0.0010051799999999398
2025-06-14T21:25:40Z,40.309297321182214,-75.9700438782745,24.795504645211622,-187.63904695771635,-337.37933312729,0.770707413823402,1.4667302691523219,0.004561439774761311,-2.2660504914820194,0.0009999999957273076,0.0010000000053196345,0.0010000000006868959,0.0010000000051348934,0.001000000003081425,0.0009999999961536332,0.000295272003470121,0.00029550460490185553,1.3730440215247972,462.92371339413,547.8911933195288,0.03808941373598851,0.0005986748700971355,0.00034021392289579697,0.004013171370277297,0.0015189999999999464,0.0015189999999999048,0.0015189999999999223,0.0010051899999999506,0.0010051899999999397,0.0010051899999999397
2025-06-14T21:25:41Z,40.311905427916265,-75.9729079995418,25.02315465430729,-189.31578811071813,-337.9203864634037,0.5042218458256684,1.463975301667233,-0.01842736462731409,-2.2693301090039313,0.0009999999956278316,0.001000000005475954,0.0010000000006868959,0.001000000005262791,0.0010000000029961598,0.0009999999958907324,0.00029626820669658506,0.0002965097687210477,1.4021665278840523,464.961759278967,554.9736995407111,0.040220332644779755,0.0006092084144594402,0.0003389591195766909,0.004023087785520015,0.0015199999999999452,0.0015199999999999055,0.001519999999999923,0.00100519999999995,0.0010051999999999392,0.0010051999999999392
2025-06-14T21:25:42Z,40.31475595842446,-75.97568763723876,25.027094600023702,-191.27088768035173,-338.35516541078687,0.5420938220704556,1.4686395068856655,-0.016296288248668134,-2.2687141451169737,0.0009999999955425665,0.001000000005262791,0.0010000000009000587,0.001000000004978574,0.0010000000033372203,0.0009999999958480998,0.00029726756950138625,0.00029751519372362415,1.4339811723563585,466.8473761073218,562.6355401898887,0.04283166188093246,0.000617413545002275,0.00033926729952020196,0.004032922446752207,0.0015209999999999445,0.0015209999999999042,0.0015209999999999217,0.0010052099999999504,0.0010052099999999396,0.0010052099999999398
2025-06-14T21:25:43Z,40.31589948733826,-75.97888184290571,25.08735770569183,-193.36699813604355,-338.69534185528755,0.404128892965673,1.4651619950454915,-0.018451844331139,-2.277202435565414,0.000999999995499934,0.0010000000055185865,0.0010000000005589982,0.0010000000047654112,0.001000000003081425,0.000999999996206924,0.0002982698538053141,0.00029852085828492277,1.4701944827567417,468.7036518820905,570.7006926855428,0.046430813419459205,0.0006285557816711237,0.0003360706153116565,0.004042835938340489,0.001521999999999945,0.0015219999999999026,0.0015219999999999212,0.00100521999999995,0.0010052199999999393,0.001005219999999939
2025-06-14T21:25:44Z,40.31677651964626,-75.98207397750454,24.92228870629333,-195.49730463139713,-338.88124042376876,0.3131750486572855,1.458233016252052,-0.01863036580402877,-2.280164735071594,0.000999999995684675,0.0010000000057459602,0.0010000000006442633,0.0010000000049643631,0.0010000000032519551,0.0009999999959653394,0.00029927468879192956,0.0002995267404879872,1.5098610677369957,470.33447746922167,578.7742696269052,0.049097861043179036,0.0006361776975061982,0.00033555149093794233,0.004052727663383705,0.001522999999999945,0.0015229999999999014,0.0015229999999999222,0.0010052299999999503,0.0010052299999999395,0.0010052299999999395
2025-06-14T21:25:45Z,40.31625759118824,-75.98559508009392,24.723200590582564,-197.9353618491441,-338.6555112414062,0.11106174592805473,1.4540274907049024,-0.013643408585608086,-2.2783034875174053,0.0009999999955994099,0.0010000000054048996,0.0010000000005874199,0.0010000000046659352,0.0010000000034082746,0.0009999999956669114,0.0003002814081886261,0.0003005328117867403,1.553256921184888,471.3929442994657,587.5432834873079,0.054177981589282775,0.0006399567786698187,0.00033773841357377887,0.00406245985814024,0.0015239999999999445,0.0015239999999999007,0.0015239999999999228,0.0010052399999999507,0.0010052399999999398,0.0010052399999999398
2025-06-14T21:25:46Z,40.314880699423256,-75.98928044906634,24.3701453988906,-200.6834726948291,-338.04318276420236,-0.06782053862571047,1.452293142428971,-0.020181024078965493,-2.2804779195867013,0.0009999999956704642,0.001000000005760171,0.0010000000008147936,0.0010000000045238266,0.0010000000034580125,0.000999999995549672,0.0003012891889716983,0.0003015390393701864,1.60669271394397,471.8393682790268,596.9018352534288,0.06221814938663506,0.0006434228065488207,0.00033911874308482107,0.004072509187734581,0.0015249999999999442,0.0015249999999999004,0.0015249999999999223,0.001005249999999951,0.0010052499999999402,0.0010052499999999402
2025-06-14T21:25:47Z,40.31279550320087,-75.9930961077325,23.9109361639712,-203.57328961789608,-337.2336125075817,-0.21602569963761198,1.4506399707024684,-0.009948853476544173,-2.2759759504406247,0.0009999999956704642,0.0010000000055327973,0.001000000000871637,0.0010000000043675072,0.001000000003749335,0.0009999999955390138,0.0003022971167471953,0.0003025453955531554,1.6755294383677755,471.79263123183824,606.4888120272799,0.07244801559848713,0.0006400256322876,0.00034487419822049715,0.004082052847383715,0.0015259999999999452,0.0015259999999999014,0.0015259999999999235,0.0010052599999999517,0.001005259999999941,0.001005259999999941
2025-06-14T21:25:48Z,40.31008527088137,-75.99697035244631,23.297155319480225,-206.5964327994734,-335.1501043587923,-0.38088314936248935,1.459358444888494,-0.009835052552716661,-2.2186902487883344,0.0009999999955567773,0.0010000000059449121,0.0010000000009284804,0.0010000000041685553,0.001000000003749335,0.000999999995325851,0.0003033040894543686,0.000303551858910602,1.7663263194101042,469.65896233095935,615.8236696620978,0.09104250845147399,0.0006050766040545872,0.000378943454804107,0.004091892387825189,0.0015269999999999453,0.0015269999999999015,0.0015269999999999236,0.0010052699999999518,0.0010052699999999414,0.0010052699999999414
2025-06-14T21:25:49Z,40.30657101557331,-76.00083416761467,22.493439633399248,-209.18867559731007,-332.23229292035103,-0.46996570784176583,1.4788181772310054,-0.02616391942297014,-2.019687594816787,0.0009999999955283556,0.0010000000061864966,0.0010000000008858478,0.001000000003713808,0.001000000003813284,0.0009999999955745409,0.0003043091023486139,0.0003045584087962188,1.8846191313975122,466.03436048325574,623.2079945068914,0.11250014618663273,0.0004801748085616406,0.0004976375165523718,0.0041024068608546665,0.0015279999999999463,0.0015279999999999025,0.0015279999999999246,0.0010052799999999509,0.0010052799999999403,0.0010052799999999405
2025-06-14T21:25:50Z,40.30354957567276,-76.0046603075196,21.77584988041781,-211.18091446720064,-329.61761616170406,-0.5339605620247312,1.4977137124951696,-0.06246438839298207,-1.733286886519636,0.0009999999957130967,0.001000000006143864,0.0010000000010421672,0.0010000000034295908,0.0010000000039198653,0.0009999999957379657,0.00030531215828036654,0.00030556501931744006,2.0257092377086003,461.50264678831684,628.0501258218937,0.13146626273260054,0.0003083993128447042,0.0006547937212838947,0.004114417227529763,0.0015289999999999469,0.001528999999999901,0.0015289999999999252,0.0010052899999999517,0.001005289999999941,0.001005289999999941
2025-06-14T21:25:51Z,40.30116025635631,-76.00846623533397,21.07804553117603,-213.2517157252878,-327.3300760611892,-0.6801969193038531,1.492512267359416,-0.1146879270527279,-1.3897817208053311,0.0009999999955994099,0.001000000005959123,0.0010000000010137455,0.0010000000031311629,0.001000000003998025,0.0009999999954430905,0.00030631452917173716,0.0003065716154322367,2.1833582723301554,455.78248406450973,630.2709812595768,0.15077629609689536,0.00020008391421204132,0.00073730109856365,0.004128121765202001,0.0015299999999999479,0.0015299999999998997,0.0015299999999999262,0.0010052999999999508,0.00100529999999994,0.00100529999999994
2025-06-14T21:25:52Z,40.299905457974674,-76.01248848137585,20.411104265833274,-215.69122731499374,-326.47208328545094,-0.9531377285456983,1.464355373289436,-0.15168257633922622,-1.0298365136259235,0.0009999999952583494,0.0010000000056891167,0.0010000000008147936,0.001000000002918,0.001000000003863022,0.0009999999953969052,0.00030731751719733925,0.0003075780686940102,2.347011097950425,449.71346942580095,630.3244160596814,0.16354002007925172,0.0002527148783576963,0.00064860167540956,0.0041432697924897845,0.0015309999999999476,0.0015309999999998994,0.0015309999999999259,0.0010053099999999516,0.001005309999999941,0.0010053099999999407
2025-06-14T21:25:53Z,40.299302926817276,-76.0168380854113,19.804435957456008,-217.29952277056873,-328.3024680092931,-0.9483241861598799,1.4575932224834105,-0.17584306388744153,-0.7951849397213664,0.0009999999953294036,0.0010000000054191105,0.0010000000006868959,0.0010000000031027412,0.0010000000041330281,0.0009999999950700555,0.0003083213240365813,0.0003085843264130408,2.4477694683829907,445.46124434511074,626.6007199336926,0.13864979549827938,0.00036127352098478126,0.0004972635394879276,0.00415976401539415,0.0015319999999999483,0.0015319999999999,0.0015319999999999264,0.0010053199999999524,0.001005319999999942,0.001005319999999941
2025-06-14T21:25:54Z,40.29899194977179,-76.02138110252815,19.286105594364926,-217.6574314367026,-331.5926997885108,-0.9774272491413285,1.446807432512287,-0.18059501898642338,-0.8033019787835656,0.0009999999953294036,0.0010000000056180625,0.0010000000007863719,0.0010000000029748435,0.0010000000041756607,0.0009999999954217742,0.00030932538460121464,0.0003095905601058465,2.4110275449227667,442.68668534887036,619.7337008718794,0.09933158126586028,0.00036660076972504344,0.00044492351989985955,0.0041709405513507426,0.0015329999999999487,0.0015329999999999005,0.001532999999999927,0.0010053299999999523,0.0010053299999999417,0.0010053299999999415
2025-06-14T21:25:55Z,40.29911547889558,-76.02600960206381,18.89819338452071,-217.22440028004348,-335.4159867465496,-0.8691772734964616,1.4435994842933724,-0.177075160363529,-0.9728853784108651,0.0009999999955425665,0.001000000005660695,0.0010000000008432153,0.0010000000031595846,0.0010000000044740887,0.0009999999955709882,0.0003103292880056961,0.0003105970027560473,2.2609732540827876,441.11979172856553,613.2611775774802,0.06958380568198264,0.0003059441774514673,0.00046624582071354374,0.004178555232164398,0.0015339999999999488,0.0015339999999999007,0.001533999999999927,0.0010053399999999527,0.001005339999999942,0.001005339999999942
2025-06-14T21:25:56Z,40.299104047166615,-76.03044224475775,18.526452844031155,-217.30942316912115,-339.04249795898795,-0.7890574857810861,1.4424745409778552,-0.1533022157218511,-1.2515769578312756,0.0009999999954430905,0.00100000000557543,0.0010000000008005827,0.0010000000029606326,0.0010000000042609258,0.0009999999959617867,0.0003113330126351224,0.0003116037302606246,2.0701648521240696,440.97431508996624,610.2634560651962,0.0556186220901862,0.00022232014824515405,0.00052374180372848,0.004182741533417931,0.001534999999999949,0.0015349999999999006,0.0015349999999999268,0.0010053499999999518,0.0010053499999999414,0.0010053499999999414
2025-06-14T21:25:57Z,40.29930987915277,-76.03471036843835,18.213461665902287,-217.9770190436393,-342.53862081095576,-0.7395382036920637,1.4572686751635047,-0.1389222524358047,-1.5825949100690195,0.0009999999955994099,0.0010000000055470082,0.0010000000009284804,0.0010000000030743195,0.0010000000042822421,0.0009999999959227068,0.00031233642607158044,0.0003126107088765861,1.8986387904671405,441.99172973925937,611.4184353603467,0.056003818709822295,0.0001738075143833139,0.0005627845610681535,0.004189146679455747,0.0015359999999999482,0.0015359999999999,0.0015359999999999252,0.0010053599999999513,0.0010053599999999424,0.0010053599999999424
2025-06-14T21:25:58Z,40.29977992573449,-76.03871758589628,17.875549452612177,-219.5527987871319,-345.75863137468696,-0.7943096841991064,1.4455175500479527,-0.10385170720746828,-2.0403783477377146,0.0009999999955994099,0.001000000005660695,0.0010000000008147936,0.0010000000028895784,0.0010000000042680313,0.000999999996118106,0.0003133388945652857,0.00031361783300878286,1.7863276856423924,443.9625677964839,616.8510218093367,0.06952752981458354,0.0002290503057903536,0.0005098247017337926,0.00419565136002708,0.0015369999999999488,0.0015369999999999006,0.0015369999999999258,0.0010053699999999514,0.0010053699999999417,0.0010053699999999417
2025-06-14T21:25:59Z,40.30092245413229,-76.04232435516616,17.522366786608472,-221.4120001476258,-347.37082640454173,-0.7990067260252545,1.4215043429721845,-0.08567087545725371,-2.5169524221273605,0.000999999995400458,0.0010000000055896408,0.0010000000007295284,0.0010000000030743195,0.0010000000039838142,0.0009999999958800743,0.00031433910590700627,0.00031462486315048517,1.7542580059342818,444.86891703824267,624.8930795674229,0.08094059053303004,0.00040756290868798097,0.0003408488525398464,0.004204287969658493,0.0015379999999999476,0.0015379999999999012,0.0015379999999999244,0.0010053799999999512,0.0010053799999999405,0.0010053799999999405
2025-06-14T21:26:00Z,40.30347179180763,-76.04527794007215,17.255710885161534,-223.25607982836664,-348.2891745455563,-0.7953567605291028,1.3931274044443853,-0.08836750266436866,-2.9903163083072286,0.0009999999954146688,0.001000000005461743,0.001000000000473733,0.0010000000032732714,0.0010000000038843382,0.0009999999955425665,0.0003153356525362788,0.00031563142789633775,1.7872772410054985,445.86464300980333,633.9518555303171,0.08964371178628272,0.0005698210843632946,0.000189096689706628,0.004214003487213713,0.0015389999999999482,0.001538999999999901,0.001538999999999923,0.001005389999999952,0.0010053899999999416,0.0010053899999999413
2025-06-14T21:26:01Z,40.30826232032245,-76.04723277989974,17.21506651956588,-224.11088269390166,-347.8635899685323,-0.6824540378365782,1.3874040060763946,-0.09664795725529984,2.9426010680908803,0.0009999999955425665,0.0010000000054191105,0.0010000000002321485,0.0010000000033016931,0.0010000000037280188,0.0009999999957166494,0.00031632809314755076,0.0003166372352276112,1.8428715154638644,446.10551412811475,641.1578217442864,0.0847611054648083,0.0005883323075409745,0.0001763308612845972,0.004223610110752058,0.0015399999999999483,0.0015399999999999,0.0015399999999999219,0.0010053999999999528,0.001005399999999942,0.001005399999999942
2025-06-14T21:26:02Z,40.313929748993786,-76.04857588090464,17.372136193327606,-224.0491954665631,-347.0385182648897,-0.5102664156584069,1.3897986757656327,-0.09083329187069467,2.8995791349734645,0.0009999999955994099,0.00100000000557543,0.0010000000004168896,0.001000000003116952,0.0010000000034295908,0.0009999999954679595,0.00031731805920004246,0.0003176423274605099,1.8748717141128783,446.77560704295735,645.6678738400287,0.07508495877755528,0.0005773139872367809,0.00018605860822376737,0.004232730072278507,0.0015409999999999482,0.0015409999999998999,0.001540999999999922,0.0010054099999999523,0.0010054099999999414,0.0010054099999999414
2025-06-14T21:26:03Z,40.318939015734166,-76.04989232983104,17.64310224703513,-223.67614568583667,-346.10017547383904,-0.3862787255384319,1.390301713734516,-0.08616499071376893,3.0976461778918747,0.0009999999956420424,0.0010000000056322733,0.0010000000006442633,0.0010000000031595846,0.0010000000036356482,0.0009999999952796657,0.0003183091977246346,0.00031864714136546656,1.8699190966942012,447.84066401558295,648.328569641894,0.0656788466166911,0.0005895849714055839,0.0001692764654581889,0.004242559039893697,0.0015419999999999494,0.0015419999999998991,0.0015419999999999208,0.0010054199999999518,0.0010054199999999412,0.0010054199999999412
2025-06-14T21:26:04Z,40.3230716445366,-76.05126387217052,18.056914826855063,-223.12936173565686,-344.42461535707116,-0.2239911340202525,1.3979070630011847,-0.09063514868194034,-2.822193327738205,0.0009999999954430905,0.0010000000057885927,0.0010000000007295284,0.0010000000033301149,0.0010000000036853862,0.000999999995684675,0.00031930462415689394,0.00031965215525055197,1.8292454241233393,448.31724980659135,649.5552334967045,0.053693499363931974,0.0005480537073124344,0.00020513867193091946,0.00425312034901317,0.0015429999999999502,0.0015429999999998986,0.0015429999999999207,0.0010054299999999513,0.0010054299999999407,0.0010054299999999407
2025-06-14T21:26:05Z,40.32514555243731,-76.05321059447836,18.511039746925235,-223.5263656359166,-342.51447634771466,-0.09551227838164777,1.407955165792373,-0.09792460150856641,-2.539471626834711,0.0009999999952583494,0.0010000000057317493,0.001000000000871637,0.001000000003514856,0.0010000000038772328,0.0009999999959440231,0.0003203056564391103,0.00032065772813404456,1.7627578058098885,448.4372715968626,651.5916656777251,0.04436050269304015,0.0004656807701651667,0.00028184846519085097,0.0042636148891356685,0.0015439999999999493,0.0015439999999998977,0.0015439999999999217,0.0010054399999999504,0.0010054399999999397,0.0010054399999999395
2025-06-14T21:26:06Z,40.325104793083334,-76.05589738345753,18.912639775313437,-224.49326735921204,-340.86998346820474,-0.024471110781405514,1.416356255489518,-0.10624921997896308,-2.3419347374874633,0.000999999995485723,0.0010000000054333213,0.0010000000009569021,0.0010000000035859102,0.0010000000036214374,0.000999999996093237,0.000321311410550411,0.00032166400668853004,1.6873590801820897,448.5560881547078,654.1946440885491,0.038018729524532,0.0003982037876467979,0.00034559352927409796,0.004274100036717739,0.0015449999999999485,0.0015449999999998967,0.001544999999999922,0.0010054499999999505,0.00100544999999994,0.00100544999999994
2025-06-14T21:26:07Z,40.32364751152594,-76.05916864886615,19.26408165716566,-225.10892503894866,-339.609873380512,0.07907891977538384,1.4218531443475513,-0.10974020616140479,-2.1589070819609333,0.0009999999956704642,0.0010000000054475322,0.0010000000009142695,0.0010000000038701273,0.0010000000033443257,0.0009999999958480998,0.00032231969842599917,0.00032267091473838405,1.6104103708057111,448.77127035260725,656.1609616007989,0.03276483930674845,0.0003364266759563836,0.00040596719431192313,0.0042844469777415075,0.001545999999999949,0.0015459999999998962,0.0015459999999999227,0.0010054599999999507,0.0010054599999999398,0.0010054599999999398
2025-06-14T21:26:08Z,40.32142022327306,-76.06282231482186,19.59698699391447,-225.78794000856578,-338.95504350587726,0.14861974611449114,1.4243845922756009,-0.12515691462613177,-1.9797050522174686,0.0009999999955141448,0.001000000005376478,0.0010000000006868959,0.001000000003699597,0.0010000000031027412,0.0009999999958907324,0.00032332840225599306,0.00032367830670082027,1.5379384216785832,449.4652678519599,658.4959369296942,0.029874443796846784,0.0002830633708029096,0.0004618343801258754,0.004295640194188521,0.00154699999999995,0.0015469999999998974,0.0015469999999999237,0.0010054699999999493,0.001005469999999939,0.0010054699999999387
2025-06-14T21:26:09Z,40.31896731949781,-76.06673080553053,19.883880053646863,-226.909983439371,-339.54924811422825,0.20188602550842916,1.4172023302526213,-0.13162018034927314,-2.033463081344962,0.0009999999954715122,0.001000000005262791,0.0010000000004168896,0.0010000000040690793,0.0010000000032377443,0.0009999999956491479,0.0003243356329948517,0.0003246860183853579,1.4839803377414094,451.53083420827886,662.0244033556557,0.03128090097373326,0.00031187462277406893,0.0004389675294299844,0.0043057105024076146,0.0015479999999999498,0.001547999999999897,0.0015479999999999223,0.0010054799999999497,0.0010054799999999393,0.0010054799999999393
2025-06-14T21:26:10Z,40.31678824944562,-76.07073656973898,20.129297278588638,-228.94871453754604,-340.55931627750397,0.2508965020060714,1.412320125324186,-0.13126877077411336,-2.333675628178753,0.000999999995201506,0.0010000000052485802,0.0010000000000331966,0.0010000000043675072,0.0010000000031098466,0.0009999999957877037,0.0003253401076972493,0.00032569388910668395,1.4587284471126225,453.867019596035,667.4995660433825,0.036088929959759763,0.00043258153675045617,0.000327039847058533,0.0043148571238643615,0.0015489999999999504,0.0015489999999998975,0.0015489999999999218,0.0010054899999999488,0.0010054899999999399,0.0010054899999999384
2025-06-14T21:26:11Z,40.31519929456426,-76.07472884699186,20.331423367373645,-230.90905079245567,-340.2380658723414,0.2773210510968056,1.4108563374174992,-0.11768506364114728,-2.74929837777745,0.000999999994803602,0.001000000005277002,0.0010000000003032028,0.0010000000045522484,0.0010000000029961598,0.000999999995485723,0.0003263419873890713,0.00032670183859293304,1.448865744617369,454.01603190193975,672.8520369731766,0.0362222174958855,0.0005532274999160559,0.00021371089968467521,0.004322793202870002,0.0015499999999999507,0.001549999999999898,0.001549999999999921,0.001005499999999949,0.0010054999999999392,0.0010054999999999392
2025-06-14T21:26:12Z,40.31402958381449,-76.07867680722265,20.51363414991647,-231.9344913046807,-339.96231723204255,0.295109981278074,1.413665749350912,-0.10348742564474378,-3.044040212262189,0.0009999999949172889,0.001000000005277002,0.0009999999999763531,0.0010000000045096158,0.00100000000266931,0.0009999999955994099,0.00032734219504932505,0.00032770984918106756,1.4361301353453235,454.11053944851625,676.5613224199171,0.03480108799617154,0.0005687230117993905,0.00020392896833663167,0.004330863182949049,0.0015509999999999513,0.0015509999999998986,0.0015509999999999205,0.0010055099999999482,0.0010055099999999395,0.0010055099999999395
2025-06-14T21:26:13Z,40.31319817503571,-76.08256417787251,20.69842486665584,-232.56360036320984,-339.9300901480019,0.3353779708231741,1.4100596462521935,-0.10062679447855771,3.035298248374602,0.0009999999948462346,0.0010000000054333213,0.0010000000000189857,0.0010000000046090918,0.001000000002868262,0.0009999999955319083,0.00032834087610835133,0.0003287178907453207,1.4187579146590585,454.53252155876373,679.9586306534856,0.03320597045571183,0.000541212486865614,0.00023902855611893187,0.004339793022401167,0.001551999999999952,0.0015519999999998992,0.0015519999999999213,0.0010055199999999475,0.0010055199999999404,0.0010055199999999404
2025-06-14T21:26:14Z,40.31302146348437,-76.08632719855858,20.860036686295643,-233.17298292182386,-340.22739354893565,0.3442863824420783,1.4061892984464066,-0.09814059491964144,2.906316036154749,0.0009999999949741323,0.0010000000056038516,0.0009999999997774012,0.00100000000458067,0.00100000000266931,0.0009999999952405858,0.00032933743899846813,0.0003297259073432873,1.400472852592229,455.35299864320945,683.8736074342734,0.03207124700577901,0.0005104128143001431,0.00027874431954460387,0.004348977007122272,0.0015529999999999526,0.0015529999999998997,0.0015529999999999218,0.0010055299999999464,0.0010055299999999394,0.0010055299999999412
2025-06-14T21:26:15Z,40.31360300798509,-76.08991091760753,21.007496480597183,-233.45936986990273,-340.2226501144469,0.3936089250528312,1.4008814417611575,-0.09405130435425235,2.843516679829918,0.000999999995485723,0.0010000000054333213,0.0009999999999337206,0.0010000000042253987,0.0010000000026479938,0.0009999999953897998,0.000330331168220445,0.0003307338263885022,1.3800741808648989,455.72971673719735,687.7440964514336,0.030034512072154462,0.0004941818418642474,0.0003050529404698462,0.004358354600582957,0.0015539999999999526,0.001553999999999901,0.001553999999999923,0.0010055399999999472,0.00100553999999994,0.001005539999999941
2025-06-14T21:26:16Z,40.31449729752642,-76.09336173978484,21.189490997465327,-234.1595059633255,-340.67780903354287,0.406046945732669,1.4017233784979908,-0.093684393445983,2.842298709176248,0.0009999999952583494,0.0010000000057033276,0.0009999999999337206,0.001000000003898549,0.0010000000023282496,0.0009999999951837424,0.00033132102690770624,0.0003317415464266353,1.3600849034154923,456.8852420415486,692.8838324954309,0.029349865589223367,0.0004991645420301298,0.0003116526422386293,0.004367923328872566,0.0015549999999999518,0.001554999999999901,0.0015549999999999243,0.001005549999999947,0.0010055499999999397,0.0010055499999999406
2025-06-14T21:26:17Z,40.31626951317005,-76.09656531945285,21.366125146159902,-235.26064091734588,-341.6862672455609,0.44517984761841944,1.417834332343773,-0.09471838747867878,2.8016910740116145,0.0009999999953436145,0.0010000000056891167,0.0009999999999052989,0.00100000000391276,0.001000000002285617,0.000999999995226375,0.0003323061144817711,0.0003327489688421561,1.3479267794998364,458.87565895958613,699.1963845041962,0.029700221755653344,0.0004917356551100677,0.0003313637295622554,0.004377374093030086,0.0015559999999999522,0.0015559999999999001,0.0015559999999999246,0.0010055599999999462,0.0010055599999999392,0.001005559999999941
2025-06-14T21:26:18Z,40.31862794655783,-76.09959000185897,21.547892570728436,-236.12769201397896,-342.52608972787857,0.44392400328433723,1.3991092927317368,-0.09204105123262707,2.7520181422878522,0.0009999999953720362,0.0010000000058454361,0.0009999999996637143,0.0010000000035716994,0.0010000000022643007,0.0009999999951197935,0.00033328700437462613,0.00033375611926470737,1.341745173485176,460.695238054599,705.3102314198633,0.029470233872827545,0.00048022076466549385,0.0003549790015854191,0.00438679475678107,0.0015569999999999517,0.0015569999999999007,0.0015569999999999241,0.0010055699999999457,0.0010055699999999385,0.0010055699999999414
2025-06-14T21:26:19Z,40.321720652795584,-76.10241369561011,21.71610047505237,-236.70603740401566,-342.2617949694395,0.47136755411702325,1.3972322300396627,-0.08988884812788456,2.698602105054306,0.0009999999953720362,0.0010000000060017555,0.0009999999993652864,0.0010000000032022172,0.0010000000026550993,0.0009999999951304517,0.0003342648429636518,0.0003347630992654821,1.3336206280245095,460.9597540519425,711.0331127571753,0.028050428182158416,0.0004662298291913162,0.00038104215046808304,0.004396202062140109,0.001557999999999951,0.0015579999999999013,0.0015579999999999242,0.001005579999999945,0.0010055799999999378,0.0010055799999999404
2025-06-14T21:26:20Z,40.32590703181838,-76.10493982423262,21.864526571705937,-237.34273440018296,-342.28621703386307,0.4869425756878627,1.3993293400126277,-0.08822135857917601,2.6776461939734872,0.0009999999955283556,0.0010000000061154424,0.0009999999992515995,0.0010000000033016931,0.001000000002633783,0.0009999999952086114,0.00033523938750002185,0.0003357698813004077,1.3212508774518092,461.6446502976226,716.9636263880903,0.026965822474886214,0.00046473843706615293,0.0003947565739460205,0.004405678032770254,0.0015589999999999517,0.0015589999999999007,0.0015589999999999252,0.001005589999999944,0.001005589999999937,0.0010055899999999395
2025-06-14T21:26:21Z,40.331462824582886,-76.10707491368622,21.96744167455472,-238.13634423725307,-342.3333432711661,0.4699472917855019,1.4011099535855465,-0.08547426754830667,2.668425981508335,0.0009999999955425665,0.001000000006158075,0.0009999999994505515,0.001000000003699597,0.0010000000027261535,0.0009999999949883431,0.00033620952511215994,0.00033677634138034685,1.3075921853440944,462.40314198147723,723.2675547399842,0.026308216773044735,0.00046825958211575697,0.00040352312881424094,0.004415193280092954,0.0015599999999999527,0.0015599999999998998,0.0015599999999999262,0.001005599999999943,0.0010055999999999358,0.0010055999999999384
2025-06-14T21:26:22Z,40.337877112595365,-76.10893002291353,22.05058420007117,-239.13184924796224,-342.54120914265513,0.4747925589363149,1.4010842638090253,-0.08351740561101906,2.6652472853893414,0.0009999999955425665,0.0010000000064280812,0.0009999999994221298,0.0010000000038559165,0.0010000000027616807,0.0009999999953329564,0.0003371746405245002,0.00033778240512023175,1.2953457242563131,463.48705827980496,730.0765112702771,0.026029467941665163,0.00047482386027590507,0.0004094105468657575,0.0044247064454533535,0.0015609999999999528,0.0015609999999999001,0.0015609999999999264,0.0010056099999999437,0.0010056099999999363,0.0010056099999999372
2025-06-14T21:26:23Z,40.34531007429726,-76.11046161946372,22.11686407844536,-240.18871710449457,-342.64891316369176,0.4775266951728554,1.40144731743203,-0.08149336728729395,2.6573017900518607,0.000999999995585199,0.0010000000066980874,0.000999999999507395,0.0010000000035716994,0.0010000000027616807,0.0009999999957415184,0.00033813486272004663,0.00033878806654324685,1.2855073054584285,464.5203978495809,737.0641114493039,0.025862862040676782,0.00047970756287252225,0.000416952274779349,0.004434201836135532,0.001561999999999952,0.0015619999999999014,0.0015619999999999256,0.0010056199999999437,0.0010056199999999367,0.0010056199999999365
2025-06-14T21:26:24Z,40.35318950917347,-76.11182251381176,22.182288854382932,-241.20525392144918,-342.51907471194863,0.4715192867042788,1.400637219354394,-0.07967066008131951,2.6535762325802352,0.0009999999955283556,0.0010000000064280812,0.0009999999998484554,0.0010000000033301149,0.001000000002967738,0.0009999999958623107,0.000339090906643076,0.0003397933791764609,1.2773539780964327,465.29980193835894,744.0467564714767,0.025688678323179226,0.000486648435265945,0.0004223681035091034,0.004443701441910464,0.001562999999999951,0.0015629999999999024,0.0015629999999999245,0.001005629999999944,0.001005629999999937,0.001005629999999937
2025-06-14T21:26:25Z,40.36186036720685,-76.11292062513587,22.21720810350962,-242.34008437022567,-342.433358296752,0.44753997804946266,1.399614846901386,-0.07578690904028917,2.657090781867737,0.000999999995386247,0.0010000000066980874,0.000999999999692136,0.0010000000034438017,0.0010000000031240575,0.0009999999955532246,0.00034004331798154924,0.00034079837639998,1.2708163811491637,466.2223028660908,751.276323940569,0.02568050125727639,0.0004968303527405742,0.0004242597491327777,0.004453276235431814,0.0015639999999999506,0.001563999999999902,0.0015639999999999242,0.0010056399999999435,0.0010056399999999362,0.0010056399999999362
2025-06-14T21:26:26Z,40.3709240090589,-76.11386302448868,22.23313884693198,-243.54361165128648,-342.2571570388973,0.4380723124522774,1.399236788667622,-0.07294521290077682,2.6578582384681795,0.0009999999952583494,0.0010000000066554549,0.0009999999994789732,0.0010000000034438017,0.0010000000030530032,0.0009999999955709882,0.000340992697525835,0.0003418030965040867,1.2663961914106616,467.0925097807038,758.690894244248,0.025852538908114897,0.0005060782996673171,0.0004269536138318654,0.004462821028554727,0.0015649999999999516,0.001564999999999903,0.001564999999999923,0.0010056499999999441,0.0010056499999999352,0.001005649999999937
2025-06-14T21:26:27Z,40.38032044128947,-76.11466833647535,22.223993480438367,-244.81509096361697,-342.0101120136678,0.4056020109310339,1.3991804603865603,-0.07082495230042696,2.6597848116362,0.000999999995499934,0.0010000000066128223,0.0009999999995784492,0.0010000000034722234,0.0010000000030245815,0.0009999999953578254,0.00034194002708529846,0.0003428076172114798,1.264333942732518,467.9246383747067,766.2560896952651,0.0261825611948151,0.0005160365339050513,0.0004287435083426048,0.004472353254635814,0.0015659999999999513,0.0015659999999999028,0.0015659999999999216,0.001005659999999943,0.001005659999999935,0.0010056599999999358
2025-06-14T21:26:28Z,40.38926196307774,-76.11555881821957,22.20502137974836,-246.10204616002738,-341.7190655730665,0.3777535301014723,1.3992653799359687,-0.06905626139268861,2.658641441492364,0.0009999999956136207,0.0010000000066128223,0.0009999999994221298,0.0010000000032874823,0.0010000000031737954,0.0009999999952228222,0.000342886443107939,0.0003438120278637197,1.2646376428687855,468.7291956032317,773.9433074751316,0.02659295289361252,0.0005247294099524991,0.0004315078778054676,0.004481875241449315,0.0015669999999999517,0.0015669999999999029,0.0015669999999999207,0.0010056699999999436,0.0010056699999999338,0.0010056699999999347
2025-06-14T21:26:29Z,40.3985040473738,-76.11632335334323,22.14791381638497,-247.4547565486282,-341.3629891574383,0.35395280956072384,1.398813716848963,-0.06645419910910277,2.6594862734200433,0.0009999999956704642,0.0010000000064565029,0.0009999999992515995,0.00100000000341538,0.001000000003031687,0.0009999999953045347,0.00034383316575462724,0.0003448164272494154,1.2672098262314573,469.49216079671925,781.7692839741894,0.02711234044403621,0.0005343303326961859,0.0004329664933426902,0.00449143902159327,0.001567999999999952,0.0015679999999999035,0.0015679999999999212,0.0010056799999999446,0.0010056799999999338,0.001005679999999934
2025-06-14T21:26:30Z,40.40737418526423,-76.11715359985594,22.076637722551823,-248.8426677454263,-340.9548216499388,0.33389495015944703,1.3986210872099036,-0.06367930272244848,2.660255878494354,0.0009999999957130967,0.001000000006442292,0.000999999998910539,0.0010000000032590606,0.001000000002918,0.000999999995400458,0.00034478142298540506,0.00034582091788449,1.2720136995787306,470.200942018275,789.7270766605001,0.027731158760224583,0.0005439343813575599,0.00043402298097278575,0.004501024290383461,0.0015689999999999522,0.0015689999999999034,0.001568999999999921,0.001005689999999945,0.0010056899999999341,0.0010056899999999341
2025-06-14T21:26:31Z,40.41559671958561,-76.11813035692788,21.998449014732614,-250.25316616520286,-340.49747993052006,0.3125152273205458,1.398093509778846,-0.05992470076716927,2.663320096064126,0.000999999995983103,0.0010000000063996595,0.0009999999989958042,0.0010000000032448497,0.0010000000029535272,0.0009999999953222982,0.00034573240409843984,0.00034682560055984766,1.2789794990255736,470.83863127541156,797.8086343672453,0.028442506107332677,0.0005545794574830738,0.00043355321750559826,0.0045106738011574145,0.001569999999999951,0.001569999999999902,0.0015699999999999198,0.001005699999999945,0.001005699999999934,0.001005699999999934
2025-06-14T21:26:32Z,40.42282710181209,-76.11935586228569,21.91775805107318,-251.68466635793447,-340.0361298657954,0.28128888747960445,1.3981323766638525,-0.058509438020792004,2.6623081833822653,0.0009999999959262595,0.0010000000062007075,0.0009999999988394848,0.0010000000031880063,0.0010000000030885303,0.0009999999954146688,0.00034668718869583645,0.0003478305675758407,1.2880618726339788,471.4424485646809,806.0369179684183,0.02925929314462883,0.0005635058844279747,0.00043448324728089725,0.004520248035806979,0.0015709999999999503,0.0015709999999999013,0.001570999999999919,0.0010057099999999436,0.001005709999999933,0.0010057099999999332
2025-06-14T21:26:33Z,40.42943819548895,-76.12072204436075,21.81475197826512,-253.14245354384184,-339.5421682484448,0.25588171107301605,1.397917880982277,-0.055688825615561655,2.663021667394787,0.0009999999957273076,0.0010000000061864966,0.0009999999989673825,0.0010000000031453737,0.001000000002882473,0.0009999999952050587,0.00034764674804435336,0.0003488359053425726,1.2991015469980614,471.9872739120847,814.384525510334,0.030116765871024742,0.0005731677910006024,0.00043409830709534384,0.004529902312998385,0.0015719999999999495,0.0015719999999999005,0.0015719999999999183,0.0010057199999999444,0.0010057199999999335,0.0010057199999999335
2025-06-14T21:26:34Z,40.43483842886083,-76.12239757847658,21.719515727600083,-253.89182134717703,-337.2377068065107,0.23890040909645904,1.6486404621537076,0.011082427708629439,2.868199369404465,0.0009999999954430905,0.0010000000063001835,0.0009999999990526476,0.0010000000029748435,0.001000000002719048,0.00099999999510203,0.00034861188262720984,0.0003498416868552827,1.311117685721371,469.8625508271951,821.4520122836863,0.03285103704733838,0.0006699702146418899,0.0003445202191828555,0.004544326492740024,0.0015729999999999497,0.001572999999999901,0.0015729999999999189,0.0010057299999999447,0.0010057299999999322,0.0010057299999999324
2025-06-14T21:26:35Z,40.44007770172125,-76.12402112995028,22.169483886333182,-252.25100356340408,-335.1170717664063,1.365210529867909,1.0782271953648888,0.7618857658162597,3.0420977890316863,0.0009999999954146688,0.0010000000063286052,0.0009999999988536956,0.0010000000030743195,0.0010000000023282496,0.0009999999950842664,0.00034958071854194583,0.00035084758744156403,1.3080222824590277,468.20092054727087,824.3798693784072,0.030581762060896467,0.0013932688021196628,0.000288808933686937,0.005283463974539375,0.0015739999999999502,0.0015739999999999012,0.00157399999999992,0.0010057399999999438,0.001005739999999933,0.001005739999999933
2025-06-14T21:26:36Z,40.446936827481274,-76.1249960710857,22.93942307587713,-250.98306287266314,-332.589600328356,0.9721756249564351,1.2674524780304637,0.5793476484104758,3.0723021064477507,0.0009999999955283556,0.0010000000062007075,0.0009999999990384367,0.0010000000032732714,0.0010000000021292976,0.0009999999951659788,0.00035054408995290845,0.0003518525758190592,1.2894607968435567,466.1171898308051,826.134282423635,0.03535656790679187,0.0010517781601272075,0.0002814714692277448,0.004917149491615414,0.0015749999999999495,0.0015749999999999005,0.0015749999999999204,0.0010057499999999448,0.0010057499999999333,0.0010057499999999333
2025-06-14T21:26:37Z,40.46260384527995,-76.12294988081302,22.971845774678513,-249.67118943668902,-328.95777504891157,0.38682624664215837,1.2761227458831854,0.41944080374378245,2.9140930837893393,0.0009999999954715122,0.0010000000063712378,0.0009999999990668584,0.0010000000033585366,0.001000000002200352,0.000999999994977685,0.0003514871428511401,0.00035285509946367147,1.280955920070986,463.83133242429346,825.5732953855155,0.04592974334204125,0.0008315769883011742,0.00032312044864042135,0.0047402232028387805,0.00157599999999995,0.0015759999999999013,0.0015759999999999201,0.0010057599999999446,0.0010057599999999342,0.0010057599999999342
2025-06-14T21:26:38Z,40.483231719018995,-76.11915620264945,22.152049861615524,-245.2879968546331,-321.91482649743557,-0.7173807134022354,1.8436521700641606,-0.0999726803474914,-2.9936980738129932,0.000999999995585199,0.0010000000063143943,0.0009999999994505515,0.0010000000033869583,0.0010000000025414124,0.0009999999947254423,0.00035239047709833486,0.0003538530436604436,1.3301501906995177,457.6478215014509,816.8260813045462,0.10505216750160917,0.0007508015792615551,0.0002705579229359467,0.004597653046778379,0.0015769999999999489,0.0015769999999998999,0.0015769999999999211,0.0010057699999999452,0.0010057699999999345,0.0010057699999999345
2025-06-14T21:26:39Z,40.50259755897825,-76.11571825961424,20.37828750279732,-247.00668318383396,-316.7843575142324,-1.8455080411076779,1.8015285966685042,-0.4010939229883661,-2.275202077929862,0.000999999995883627,0.001000000006442292,0.0009999999994505515,0.0010000000034438017,0.0010000000024135147,0.0009999999944518834,0.0003532122172240572,0.00035484179311111785,1.5276832378734408,454.0182341933035,816.9422247797852,0.13879860318297121,0.0006014232131019099,0.0004911993300987735,0.004717985542260335,0.0015779999999999477,0.001577999999999899,0.0015779999999999208,0.0010057799999999444,0.001005779999999934,0.001005779999999934
2025-06-14T21:26:40Z,40.50255704975327,-76.11870891363772,18.490983481751755,-246.5448604002595,-314.69647289812565,-1.8353080108790891,2.0091620799794327,0.009121614409650647,-2.5369071573368274,0.0009999999958267836,0.0010000000061012315,0.0009999999995358166,0.0010000000031595846,0.0010000000023993039,0.0009999999945371485,0.0003539340441840689,0.00035581840832148723,1.8260825331982768,451.76884417110546,809.1289759978171,0.15479374677146696,0.0005886201074006287,0.0003789402090500077,0.004610223889214074,0.001578999999999948,0.0015789999999999001,0.0015789999999999214,0.0010057899999999442,0.0010057899999999333,0.0010057899999999333
2025-06-14T21:26:41Z,40.47468584127448,-76.13130634712321,17.584719862788916,-243.177872011438,-315.6418174766004,-1.1779668510280317,1.1277336407802068,-0.04499314442773539,-2.854530319425976,0.000999999995883627,0.0010000000061296532,0.0009999999997347686,0.0010000000031595846,0.0010000000022287736,0.0009999999944163562,0.0003546094345104143,0.0003567876681411739,2.1394117156435426,448.9026931327109,791.2949966109321,0.1780480696764558,0.0006074725820254245,0.0003056836047381936,0.0046232248388541185,0.0015799999999999473,0.0015799999999998994,0.0015799999999999207,0.0010057999999999448,0.001005799999999934,0.001005799999999934
2025-06-14T21:26:42Z,40.439764126252356,-76.14655090079633,16.5076728600543,-244.40626402199268,-314.0423729792237,-2.7503083269984927,0.9211542723714956,0.1982658905635617,-2.944347074982943,0.0009999999960541572,0.0010000000061296532,0.000999999999706347,0.0010000000032874823,0.0010000000020937705,0.0009999999944412252,0.0003552898717300338,0.00035775569452899114,2.505210194954269,441.21106037244596,777.2063642760079,0.24721570385514735,0.0005627129958875497,0.0003031869008463321,0.004639622942838886,0.001580999999999947,0.001580999999999898,0.0015809999999999204,0.0010058099999999447,0.0010058099999999339,0.001005809999999934
2025-06-14T21:26:43Z,40.400912230585504,-76.16377827372675,14.35678063891828,-244.3110701199621,-314.8133149705827,-4.188615059305448,0.8986448780124192,0.4912229057990771,2.7034413567453157,0.000999999995983103,0.0010000000062149184,0.0009999999998484554,0.0010000000033727474,0.00100000000225009,0.000999999994693468,0.0003560495887755228,0.0003587302020574685,2.896941224163821,435.0762657499,758.4931837524481,0.28778542129126355,0.0004925204733261882,0.00038484724579423773,0.004738568048592415,0.0015819999999999474,0.0015819999999998984,0.0015819999999999205,0.001005819999999945,0.0010058199999999344,0.0010058199999999344
2025-06-14T21:26:44Z,40.35790615291735,-76.18455651626483,11.764405993395485,-243.34202116914093,-318.16860419511795,-5.776093622669578,0.7127329696668312,0.2958645956387045,2.6909883111075033,0.000999999995983103,0.0010000000060301772,0.0010000000000331966,0.0010000000031311629,0.0010000000023282496,0.0009999999945762283,0.0003569406348304536,0.00035971758416198166,3.2269612734509514,427.7729051917923,737.8015693145114,0.3300791756657492,0.0003420229662644116,0.0003836990398041828,0.004670494063440939,0.0015829999999999469,0.0015829999999998979,0.0015829999999999202,0.0010058299999999446,0.0010058299999999337,0.0010058299999999337
2025-06-14T21:26:45Z,40.32910995281337,-76.20399293178838,9.242793462355621,-243.29813145846128,-326.7821658551693,-6.625547201663721,0.66619811970304,0.4257456868690497,2.428734175802674,0.000999999996068368,0.0010000000058312253,0.0009999999999337206,0.0010000000031027412,0.0010000000026266775,0.000999999994306222,0.0003579278027346959,0.0003607170584658587,3.4228545054363253,422.7986453172166,721.3679474845418,0.3183515282204189,0.00029986290126982393,0.0003840613111027864,0.004709105572145303,0.0015839999999999472,0.0015839999999998982,0.0015839999999999203,0.0010058399999999437,0.001005839999999933,0.001005839999999933
2025-06-14T21:26:46Z,40.332422391956335,-76.21692395147949,7.654635261686053,-241.66796054318547,-338.1613929569721,-6.482607695797924,0.7020526752530714,0.45275416554432013,2.2545229460520204,0.000999999996281531,0.0010000000058170144,0.0009999999999479314,0.0010000000030458978,0.0010000000024490419,0.0009999999941499027,0.00035894063937178086,0.0003617237585241654,3.4574163167033625,418.2774032921826,706.0426382282357,0.2928780566376646,0.00029707701257643054,0.0003448838351665728,0.00473614437853229,0.0015849999999999473,0.0015849999999998983,0.0015849999999999209,0.001005849999999944,0.0010058499999999332,0.0010058499999999332
2025-06-14T21:26:47Z,40.37516920591556,-76.22003312829487,6.882106209814083,-239.79204095341265,-349.93163998425007,-6.480543473793659,0.6914712618745398,0.4257562392995169,2.226088820025325,0.0009999999962104766,0.0010000000059875447,0.0010000000000758291,0.0010000000029748435,0.001000000002484569,0.000999999993872791,0.0003599201799070359,0.00036273228638739166,3.396657915621223,413.96426436537183,694.5732171993577,0.2664306350225114,0.0002904797884408888,0.0003129743668856541,0.004744438780306956,0.0015859999999999483,0.0015859999999998991,0.0015859999999999215,0.0010058599999999433,0.0010058599999999327,0.0010058599999999327
2025-06-14T21:26:48Z,40.45381740036747,-76.20957428258609,12.187732374485268,-236.24812854376736,-365.65799711614045,-5.1669623059003085,0.6768477714366616,0.39918013800702623,2.2212774394668475,0.000999999996199038,0.0010000000060170317,0.0010000000000376932,0.0010000000029103716,0.0010000000024728245,0.000999999993839108,0.0003598282078040413,0.00036273065991717236,2.022624923960413,413.35122293341345,682.5011919289394,0.18220627974052167,0.0002800415801446446,0.00027849919748337577,0.0047433088197446314,0.0015859999999999483,0.0015859999999998991,0.0015859999999999215,0.0010058599999999433,0.0010058599999999327,0.0010058599999999327
