timestamp,latitude,longitude,altitude,velocity_north,velocity_east,velocity_down,roll,pitch,yaw,acc_bias_x,acc_bias_y,acc_bias_z,gyro_bias_x,gyro_bias_y,gyro_bias_z,latitude_cov,longitude_cov,altitude_cov,velocity_n_cov,velocity_e_cov,velocity_d_cov,roll_cov,pitch_cov,yaw_cov,acc_bias_x_cov,acc_bias_y_cov,acc_bias_z_cov,gyro_bias_x_cov,gyro_bias_y_cov,gyro_bias_z_cov
2025-06-11T20:34:28Z,39.98157397419875,-75.1535540819251,12.624655656865798,-16.434434511698782,-8.101074293721467,-14.082345033297315,0.8598225316818571,-1.132758490377455,0.6066654080641456,0.0010000000007153176,0.0010000000004026788,0.001000000000672685,0.000999999999990564,0.0009999999999834586,0.0009999999999834586,1.9424161331044724e-6,1.942416181811281e-6,5.995234215809414,0.9919641841400502,0.9922895020878024,1.0423055849175982,0.00006197586897286803,0.000015657872487940236,0.00005991363969105669,0.001002,0.0010019999999999994,0.0010020000000000003,0.0010000199999999995,0.0010000199999999995,0.0010000199999999995
2025-06-11T20:34:29Z,39.98138445187391,-75.15366859264788,1.9873978008981794,-25.045699421083555,-11.43103593296837,-19.60418622312136,1.3102953297056956,-1.1739391746814363,0.13943126116828353,0.0010000000006868959,0.0010000000001042508,0.0010000000005874199,0.0010000000000331966,0.0010000000002676757,0.0010000000002676757,2.9424162403371196e-6,2.9424163630698084e-6,4.620839353515042,0.9943411069874177,0.9981565570713983,0.9461821362728372,0.00009981290816678189,0.000023392712339384547,0.00010555904907269493,0.001002999999999999,0.001002999999999999,0.0010029999999999998,0.0010000299999999998,0.0010000299999999998,0.0010000299999999998
2025-06-11T20:34:30Z,39.98110333981389,-75.15382315986214,-7.88760933233425,-33.7881440394558,-14.932558322907425,-23.33020891272463,0.18194927978038322,-1.2807519807829522,1.350516032151063,0.001000000001056378,0.000999999999990564,0.0010000000009995347,0.0010000000000758291,0.0009999999997347686,0.0009999999998520082,3.942416392390509e-6,3.942416624257813e-6,4.616680594165463,0.9983784497447193,1.0111953564470118,0.742997517047355,0.0002605373108548344,0.000027838640348503315,0.00023429890214631474,0.0010039999999999982,0.0010039999999999982,0.001003999999999999,0.001000039999999999,0.0010000399999999987,0.0010000399999999987
2025-06-11T20:34:31Z,39.98071002822304,-75.1540201481207,-15.125945081585087,-42.23256685398519,-18.65466392505914,-25.289965737843886,0.8906599492765963,-1.216891224408755,0.6400867315824144,0.0010000000008290044,0.0009999999997205578,0.0010000000008432153,0.0009999999999052989,0.000999999999692136,0.0010000000001113563,4.942416581621964e-6,4.942416963813533e-6,4.459099726339853,1.0050830674123055,1.0337919518717569,0.5254176013456314,0.00017051873171431393,0.00003996382497435745,0.00016240885968641476,0.0010049999999999987,0.0010049999999999987,0.0010049999999999996,0.0010000499999999997,0.0010000499999999997,0.0010000499999999993
2025-06-11T20:34:32Z,39.98125652173039,-75.15376707760575,-18.006565728224814,-42.034104086924344,-18.91416069190018,-26.026748892152682,0.6334942138928454,-1.3038935273652896,0.9126307931510382,0.0010000000006584742,0.000999999999507395,0.0010000000009284804,0.0009999999997205578,0.0009999999997489795,0.001000000000598078,1.0423246672616698e-6,1.0423246829238414e-6,3.9413581015964985,0.7951271254651467,0.8324888796067532,0.3556311035074949,0.00031307915757498037,0.00004981292320688331,0.0002719456189410047,0.0010059999999999976,0.0010059999999999976,0.0010060000000000002,0.0010000599999999992,0.0010000599999999992,0.0010000599999999984
2025-06-11T20:34:33Z,39.980838675403014,-75.15401317785928,-24.661663403967395,-50.17090581310913,-23.019554652972147,-27.94625833746977,0.8902240041497862,-1.2282641020574374,0.6469872918387409,0.0010000000007011067,0.0009999999992942321,0.001000000000772161,0.000999999999493184,0.0009999999997774012,0.0010000000003032028,2.042324726743136e-6,2.0423247890247015e-6,3.59053704676764,0.808891839347022,0.8760104791544511,0.25973729578623483,0.0002126601885102047,0.00005930419664003563,0.0002030766234519393,0.0010069999999999977,0.0010069999999999977,0.0010069999999999994,0.0010000699999999983,0.0010000699999999983,0.0010000699999999983
2025-06-11T20:34:34Z,39.98033976560246,-75.15430860938756,-31.4462258531712,-58.282735055778176,-27.268935058265924,-29.84785243240185,0.5389570844927221,-1.2534782608709065,1.021864476337214,0.0010000000005021548,0.0009999999991663344,0.0010000000009284804,0.0009999999992373887,0.000999999999507395,0.001000000000150436,3.042324822131513e-6,3.042324966807151e-6,3.2496511743577234,0.8288484324067628,0.9378764362167182,0.20560988149872197,0.0002836842845438043,0.00006753289792067221,0.0002574012819012484,0.0010079999999999985,0.0010079999999999967,0.0010079999999999993,0.0010000799999999985,0.0010000799999999987,0.0010000799999999987
2025-06-11T20:34:35Z,39.97973556108206,-75.15465425848097,-38.588761747349054,-66.16079543810338,-31.50700838211924,-31.703578328248113,1.0167431822192157,-1.2167960217338987,0.5284779372886987,0.0010000000000758291,0.000999999999010015,0.0010000000005874199,0.0009999999989531716,0.0009999999995642384,0.0009999999998377973,4.042324949224049e-6,4.042325219778401e-6,2.975917317858682,0.8556938186083035,1.0197893044324444,0.1805438455914991,0.0002661966272709368,0.00007601514946076948,0.00025642913218027483,0.0010089999999999984,0.0010089999999999958,0.0010089999999999984,0.0010000899999999982,0.0010000899999999982,0.0010000899999999984
2025-06-11T20:34:36Z,39.97898259484143,-75.1550508805291,-45.89010211220011,-73.73528451193124,-35.928819943685085,-33.44192756759003,0.4583780984139594,-1.254010978358565,1.1104613610659726,0.0009999999998342446,0.0009999999992231778,0.0010000000007295284,0.0009999999992373887,0.000999999999258705,0.0009999999997489795,5.042325098441476e-6,5.042325553202936e-6,2.7866744857265378,0.8914048350254805,1.1237730530887011,0.17514403347023877,0.00039740877036879884,0.00008344697187106611,0.000356068849916688,0.0010099999999999977,0.0010099999999999968,0.0010099999999999977,0.0010000999999999977,0.0010000999999999977,0.0010000999999999977
2025-06-11T20:34:37Z,39.980823943638796,-75.15402599113409,-47.98064766265452,-76.70491682272404,-38.13769446359947,-33.21514123491943,0.8979913804141688,-1.104877851321362,0.683329812316515,0.0009999999998484554,0.0009999999989531716,0.0010000000003316245,0.0009999999995216058,0.0009999999995287112,0.0009999999999372733,1.08752369768947e-6,1.0875237254088723e-6,2.55943692336896,0.8764672975444573,1.1535697998418377,0.17856081492717213,0.00022229454386773679,0.00009647425117809635,0.0002284254840414293,0.0010109999999999978,0.0010109999999999974,0.0010109999999999976,0.0010001099999999968,0.0010001099999999968,0.0010001099999999968
2025-06-11T20:34:38Z,39.98010652864953,-75.15449574256358,-54.91124374745414,-83.07939006853849,-42.33600039547309,-33.37249876791611,0.9307258113185526,-1.1337525014969287,0.6573313621556736,0.0010000000000189857,0.000999999998626322,0.0010000000000474074,0.0009999999993510755,0.0009999999993794972,0.0010000000002072795,2.087523763422702e-6,2.0875238761215727e-6,2.5846232693928837,0.9317893045060128,1.2964834646356431,0.19440850581553482,0.00030866271225627216,0.00010304382243507573,0.00028855253727956743,0.0010119999999999966,0.0010119999999999966,0.0010119999999999966,0.0010001199999999976,0.0010001199999999976,0.0010001199999999976
2025-06-11T20:34:39Z,39.979333614204435,-75.15500963175606,-58.42583369137719,-88.51187163684517,-46.488868601154536,-32.54050725745037,0.8003759588682442,-1.0963962736568647,0.8112478419861873,0.001000000000374257,0.0009999999986547436,0.001000000000189516,0.0009999999990384367,0.0009999999995216058,0.0010000000005305765,3.087523869201144e-6,3.0875241385533494e-6,2.652389057177118,1.0001141744022044,1.4627835970967644,0.21042988664343745,0.00034959838210850647,0.0001082544243988275,0.00031994945343752503,0.0010129999999999972,0.0010129999999999972,0.0010129999999999972,0.0010001299999999977,0.0010001299999999977,0.0010001299999999977
2025-06-11T20:34:40Z,39.9784790468155,-75.15556061007635,-58.23860112344846,-92.75464067328721,-50.07883361028507,-29.898150558350608,0.811139040364651,-0.9105124373963918,0.8413978794415016,0.001000000000388468,0.000999999998725798,0.0010000000003174137,0.000999999998825274,0.0009999999996992415,0.0010000000002925447,4.087524013442041e-6,4.087524527911147e-6,2.7399242679831866,1.0833351825411985,1.6568415988788359,0.2200627572804939,0.000262054029853439,0.00011163587687818157,0.0002655867673841474,0.0010139999999999965,0.0010139999999999965,0.0010139999999999965,0.0010001399999999979,0.0010001399999999979,0.0010001399999999979
2025-06-11T20:34:41Z,39.977504057321795,-75.15614147297555,-54.723066770937294,-96.27144875843078,-53.562963725533336,-27.051240946399048,1.0355175380100263,-0.9499849581552553,0.6085330469359178,0.0010000000000474074,0.0009999999988394848,0.0009999999999052989,0.0009999999989247499,0.000999999999606871,0.0010000000006620269,5.08752419275684e-6,5.0875250624228715e-6,2.823463053613512,1.1796544676102652,1.877670679591149,0.22603642866285717,0.0003636649915903052,0.0001122378824714783,0.0003382963084677973,0.0010149999999999966,0.0010149999999999966,0.0010149999999999966,0.0010001499999999978,0.0010001499999999978,0.0010001499999999976
2025-06-11T20:34:42Z,39.98039727734607,-75.15422885242151,-41.37648604204878,-92.76696417480707,-53.33136814599857,-21.396501909010112,1.0452190283103846,-0.7626588720668224,0.6550721652529319,0.0009999999995358166,0.0009999999989673825,0.0009999999998342446,0.0009999999991379127,0.0009999999996495035,0.0010000000005021548,1.1834025635657672e-6,1.1834026223072643e-6,2.6825606264294066,1.1688222281378353,1.8459125024891545,0.2089860761083302,0.00031526508302540487,0.00011089101360500894,0.00030909366205313993,0.0010159999999999965,0.0010159999999999967,0.0010159999999999967,0.0010001599999999978,0.0010001599999999978,0.0010001599999999978
2025-06-11T20:34:43Z,39.979572196414054,-75.15484975680445,-36.29741929098964,-94.51528665889055,-56.11822975752875,-18.267986288759857,1.0541575500974432,-0.7042240524897352,0.6503946304292185,0.0009999999996495035,0.0009999999987542196,0.000999999999706347,0.0009999999992231778,0.0009999999993794972,0.0010000000007828191,2.1834026541436693e-6,2.1834028749099795e-6,2.767211671114782,1.286521261199567,2.0797434520402933,0.20030995036376964,0.0003312099021840871,0.0001112119069495613,0.00032469343866934827,0.0010169999999999962,0.0010169999999999964,0.0010169999999999964,0.0010001699999999986,0.0010001699999999986,0.0010001699999999986
2025-06-11T20:34:44Z,39.97873760432689,-75.15548183444974,-29.777722554979846,-95.64892774727196,-58.114818893838674,-15.182186938007362,1.1542635386431357,-0.566027093991579,0.4867917812698579,0.0009999999999195097,0.0009999999989531716,0.0009999999998058229,0.0009999999995216058,0.000999999999457657,0.0010000000007259757,3.183402802746927e-6,3.183403311400433e-6,2.7849702833702428,1.412618137364305,2.340428189442553,0.18503842859607034,0.0003133165069866381,0.00010838955509014808,0.0003095044601457244,0.001017999999999997,0.001017999999999997,0.001017999999999997,0.001000179999999999,0.0010001799999999992,0.0010001799999999992
2025-06-11T20:34:45Z,39.97786646380743,-75.15611983181465,-22.87148952926509,-96.6130418619141,-59.982485368382186,-12.541574035887606,1.0604969523701584,-0.632741601584712,0.6996019148718915,0.0010000000000189857,0.0009999999989958042,0.0009999999998484554,0.000999999999891088,0.0009999999993226538,0.0010000000005199183,4.18340301305246e-6,4.183403957898782e-6,2.752476876139377,1.5555385406086335,2.6295291207741425,0.17008284733716283,0.0003702407547326226,0.00011346937688817728,0.0003677821907059645,0.0010189999999999965,0.0010189999999999963,0.0010189999999999965,0.001000189999999999,0.001000189999999999,0.001000189999999999
2025-06-11T20:34:46Z,39.976933077853076,-75.15676322362826,-16.54410174698569,-97.20676834601909,-61.397554128896445,-10.207039403612725,1.087914463263587,-0.46999011122170486,0.6726238751507481,0.0010000000001610942,0.0009999999988536956,0.0009999999998058229,0.000999999999706347,0.0009999999995358166,0.0010000000006051835,5.183403287147843e-6,5.1834048428161465e-6,2.68804839550225,1.7158964597733217,2.9450940420119234,0.15361998366504992,0.00033657363333020155,0.00011218940223073179,0.0003339519225018027,0.0010199999999999968,0.0010199999999999968,0.0010199999999999968,0.0010001999999999997,0.0010001999999999977,0.001000199999999998
2025-06-11T20:34:47Z,39.980332923740605,-75.15427791022188,-4.679519493656699,-91.22251314204186,-58.03025659965351,-6.906784259423148,1.1478618204564555,-0.46732106278432184,0.5570247630239464,0.00100000000009004,0.000999999998711587,0.0009999999996779252,0.0009999999994505515,0.0009999999992018616,0.0010000000005874199,1.1314993445240407e-6,1.1314994221860704e-6,2.420302592821078,1.5532440034871222,2.5352661092566504,0.13230847429003878,0.0003448949773091342,0.00010623863035955952,0.00037164933320879567,0.001020999999999997,0.001020999999999997,0.001020999999999997,0.0010002099999999996,0.001000209999999997,0.001000209999999997
2025-06-11T20:34:48Z,39.979513421935884,-75.15494763895146,-1.637510942426161,-92.76113416161388,-60.179018295835704,-6.209935223392677,0.9044080614185077,-0.6399417582142632,1.1608862481225515,0.0009999999998626663,0.0009999999987968522,0.0010000000000474074,0.0009999999991663344,0.0009999999989176445,0.0010000000008787424,2.131499464501733e-6,2.1314997614930318e-6,2.4066567203696376,1.7243185313831897,2.8264744591824793,0.12764905363103904,0.0003518080143908017,0.00017057777093219784,0.0004486050029723918,0.0010219999999999964,0.0010219999999999962,0.0010219999999999962,0.0010002199999999994,0.0010002199999999968,0.0010002199999999968
2025-06-11T20:34:49Z,39.9786832021036,-75.15562768049962,1.017128501625848,-93.42417563870549,-62.36375336535275,-5.440044803952333,0.8004887310453341,-0.4631288919590588,1.76274857694807,0.0009999999996779252,0.000999999999010015,0.0010000000004453113,0.0009999999993510755,0.0009999999988323793,0.0010000000007082122,3.1314996676743002e-6,3.1315003470577356e-6,2.380108556873503,1.9279085759327588,3.1320973172087245,0.12309810562298248,0.00016668348402753137,0.00028113156795098686,0.0003390330098054716,0.0010229999999999961,0.001022999999999996,0.0010229999999999961,0.0010002299999999987,0.001000229999999996,0.001000229999999996
2025-06-11T20:34:50Z,39.9778321123415,-75.15631642820443,3.350278591940878,-93.95190199185163,-64.3362801419571,-4.931503272789996,0.8465011284206412,-0.4042055762729433,1.7873064047744265,0.000999999999706347,0.0009999999994647624,0.0010000000002037268,0.000999999999393708,0.000999999998661849,0.0010000000004701803,4.1314999635536116e-6,4.1315012038950694e-6,2.3485199548767985,2.1568585528686213,3.4489097447386228,0.12017487652809533,0.0001597189697976526,0.00029108076005320135,0.0003394324500496555,0.0010239999999999965,0.0010239999999999967,0.001023999999999997,0.0010002399999999977,0.0010002399999999966,0.0010002399999999969
2025-06-11T20:34:51Z,39.97694705839653,-75.15700881611993,5.311690350237768,-94.2330339839682,-65.60918338224292,-4.299624254286755,0.8170275060765562,-0.2776271377551893,2.113036561058834,0.000999999999393708,0.0009999999997631903,0.000999999999791612,0.0009999999997489795,0.0009999999983634211,0.0010000000007401866,5.131500356752482e-6,5.131502354126443e-6,2.314996382304792,2.41381427675764,3.780432617454814,0.11491983133924602,0.00012386869060835085,0.00032279019500995815,0.00032606749613138015,0.0010249999999999966,0.0010249999999999968,0.0010249999999999968,0.0010002499999999964,0.0010002499999999966,0.0010002499999999966
2025-06-11T20:34:52Z,39.98025474675607,-75.15427784518833,12.189781538792886,-87.88498251419514,-61.35109273903072,-2.527429624693468,0.8643778820187435,-0.16332563527430466,2.1166432284226175,0.0009999999997205578,0.0009999999997489795,0.0009999999997347686,0.001000000000189516,0.0009999999980223606,0.0010000000005838672,1.147923851383131e-6,1.14792394218169e-6,2.037887374608707,2.104637728162055,3.047142917231228,0.0963965554141849,0.00011853086272906808,0.00028844306679017315,0.0003235745635378259,0.001025999999999996,0.0010259999999999963,0.0010259999999999963,0.0010002599999999972,0.0010002599999999974,0.0010002599999999974
2025-06-11T20:34:53Z,39.979458861297566,-75.15498629055173,12.825247136875987,-88.47062026243657,-62.377348728012294,-2.3320348048582673,0.9086543878220255,-0.17229812217738072,1.8689433639374329,0.0009999999992942321,0.0009999999995358166,0.000999999999706347,0.0010000000003316245,0.0009999999982568397,0.001000000000249912,2.1479240179953865e-6,2.147924346845179e-6,2.0563917154603217,2.351357411320115,3.3180856531698364,0.0906210020499684,0.00014283702452648665,0.00027604621739385786,0.0003396897752874513,0.0010269999999999951,0.0010269999999999956,0.0010269999999999954,0.0010002699999999975,0.0010002699999999975,0.0010002699999999973
2025-06-11T20:34:54Z,39.97865522684271,-75.15569298501215,13.692376291495748,-88.99969932902604,-63.45450149383396,-2.2287426063849125,0.879791895604285,-0.27108645777843776,2.0450902835000306,0.0009999999990810693,0.0009999999995642384,0.0009999999994505515,0.0010000000005447873,0.0009999999984984242,0.0010000000005447873,3.14792430320873e-6,3.147925021511451e-6,2.0534033195377,2.633402017978274,3.581642134658451,0.08644757252804933,0.00013870817450175192,0.00029538703578153185,0.00035206036563765434,0.001027999999999994,0.0010279999999999948,0.0010279999999999948,0.001000279999999998,0.001000279999999998,0.001000279999999998
2025-06-11T20:34:55Z,39.97783772898815,-75.1564018455897,14.29102457454428,-89.55891853291541,-64.34249344374985,-2.0885268845886458,0.8853773552764324,-0.1553160401435889,2.122308811522089,0.0009999999991663344,0.0009999999993510755,0.0009999999998768772,0.0010000000003032028,0.0009999999982639451,0.0010000000006549215,4.147924718801856e-6,4.147925976005333e-6,2.036656084679478,2.9512925536090036,3.842645222883164,0.08156484550351259,0.0001331445158732927,0.00030342702475553366,0.0003544939129812765,0.0010289999999999945,0.0010289999999999952,0.0010289999999999952,0.001000289999999998,0.0010002899999999979,0.0010002899999999979
2025-06-11T20:34:56Z,39.9770028000606,-75.15711283059619,14.858508641947992,-89.57969885040075,-65.12377615179867,-1.649224320659414,0.9561841238028137,-0.18788616335041297,2.1098287662898656,0.000999999998711587,0.0009999999992800213,0.000999999999606871,0.0010000000003174137,0.0009999999984131591,0.0010000000008396626,5.147925266457174e-6,5.147927217560796e-6,2.0091310130219666,3.3176135882028914,4.102568415151218,0.07684080054519113,0.00014136072894846446,0.0003051870251160624,0.00036622886687058754,0.0010299999999999938,0.001029999999999996,0.0010299999999999938,0.0010002999999999987,0.0010002999999999987,0.0010002999999999985
2025-06-11T20:34:57Z,39.98036407522289,-75.15401497962183,21.898531994782388,-75.9158744700253,-58.5519820060581,-0.05956675328707206,1.0306956390704727,-0.18880298827571096,2.1882953045715112,0.00099999999842737,0.000999999999507395,0.000999999999692136,0.0010000000000331966,0.000999999998128942,0.0010000000010634835,1.1479374661631792e-6,1.1479375314381207e-6,1.7323609232423907,2.398977993248177,2.6880289166944697,0.06014641498101414,0.00013559565781097943,0.00024716346016504144,0.00036853788263148174,0.0010309999999999948,0.0010309999999999955,0.0010309999999999948,0.0010003099999999988,0.001000309999999999,0.0010003099999999973
2025-06-11T20:34:58Z,39.97967973604166,-75.15470779525792,21.866603017086163,-75.42223566398025,-59.731707179453224,-0.14310436821870098,1.0246103420649888,-0.1967031768454035,2.307836438063532,0.0009999999984557917,0.000999999999692136,0.00099999999959266,0.0010000000002463594,0.0009999999983989483,0.0010000000009000587,2.14793765769051e-6,2.147937883211598e-6,1.7344346106762176,2.6899295007517856,2.8709904187165263,0.056669779183761926,0.00013799456867059025,0.00025704444432418736,0.00037507255601776477,0.0010319999999999956,0.0010319999999999956,0.0010319999999999936,0.0010003199999999986,0.0010003199999999986,0.0010003199999999977
2025-06-11T20:34:59Z,39.97900155045066,-75.15541352088536,21.802375859813765,-74.51964535191655,-60.844344723038375,-0.1529273646465299,1.0707797991490224,-0.13883476017690555,2.11725730317994,0.0009999999986973762,0.0009999999998626663,0.0009999999997205578,0.0010000000003032028,0.000999999998661849,0.0010000000005874199,3.1479379874825646e-6,3.147938458032231e-6,1.7227295769823092,3.0201113126806223,3.052337747823583,0.054090150773892925,0.00015200112717402895,0.00025201793608874514,0.00038734648375538157,0.0010329999999999964,0.0010329999999999946,0.0010329999999999936,0.001000329999999998,0.001000329999999998,0.001000329999999998
2025-06-11T20:35:00Z,39.97832986904737,-75.15613058319273,21.659413021989167,-73.86002581659704,-61.82022410957143,-0.3450823080165719,1.0416422212147154,-0.2328640844370966,2.2450104872405063,0.0009999999986973762,0.000999999999791612,0.0009999999999052989,0.0010000000000616183,0.0009999999988323793,0.001000000000995982,4.14793846772765e-6,4.1479392561221165e-6,1.7030125926710031,3.3808373831814915,3.2237091616543556,0.05144700392179649,0.00015615157291442084,0.0002637454179643755,0.0003983639248172624,0.0010339999999999959,0.001033999999999995,0.001033999999999994,0.0010003399999999971,0.0010003399999999971,0.0010003399999999971
2025-06-11T20:35:01Z,39.97766225891041,-75.1568575489409,21.46175539144315,-73.03540751244873,-63.08113160729408,-0.47679952405087533,1.089813966100337,-0.12640699414077972,2.074460568954237,0.000999999998910539,0.0009999999993794972,0.000999999999692136,0.0010000000004595222,0.0009999999987044816,0.0010000000012162502,5.1479390932975226e-6,5.147940274762878e-6,1.6826517619607269,3.7850314132023795,3.3892383176273166,0.05138125967556145,0.0001720184521088041,0.00025269711461957443,0.00040640110193356177,0.0010349999999999956,0.0010349999999999953,0.0010349999999999927,0.0010003499999999975,0.0010003499999999975,0.0010003499999999975
2025-06-11T20:35:02Z,39.98041442160447,-75.15383867536389,24.738120173104107,-59.36911457730457,-56.03586361510679,-0.11795216916380014,1.171252095955424,-0.22802725878318597,2.24302517878823,0.0009999999985694785,0.0009999999992231778,0.0009999999995642384,0.0010000000008432153,0.0009999999985907948,0.0010000000013477006,1.2866700265307136e-6,1.2866700775655875e-6,1.4691641436288514,2.8714539360366893,2.471698631834239,0.042494320193658536,0.00016072584711947514,0.00021980521160637983,0.00041735845502935935,0.0010359999999999963,0.0010359999999999963,0.0010359999999999927,0.0010003599999999983,0.0010003599999999983,0.0010003599999999983
2025-06-11T20:35:03Z,39.9798874189824,-75.15450458795871,24.005053855245933,-57.64331888174638,-56.63482580892742,-0.20428030224684335,1.1755437419051304,-0.11186421267575497,2.1729861761559732,0.0009999999984415808,0.0009999999991805453,0.000999999999493184,0.0010000000007295284,0.0009999999984628971,0.0010000000013334898,2.28667026949328e-6,2.2866704200669697e-6,1.4792286993443626,3.213261259231689,2.6308098080113655,0.04281554598337817,0.0001676607630259005,0.00021987241108445432,0.0004210572179922336,0.001036999999999996,0.0010369999999999958,0.0010369999999999924,0.001000369999999999,0.0010003699999999991,0.0010003699999999987
2025-06-11T20:35:04Z,39.97937577177951,-75.15517691552859,23.34153310651891,-56.11493872618303,-57.15508005442098,-0.4392928805282281,1.1884582014317857,-0.19159603756088472,2.163935547810979,0.000999999998725798,0.0009999999995358166,0.0009999999996779252,0.0010000000007011067,0.0009999999982142072,0.0010000000015146782,3.2866706734888016e-6,3.2866709618038777e-6,1.4862595380897996,3.5803133074112092,2.7859137629769832,0.043410422605538485,0.00018200001032363318,0.00022214470892821352,0.00043503921592343,0.0010379999999999953,0.0010379999999999953,0.0010379999999999918,0.0010003799999999986,0.0010003799999999986,0.0010003799999999984
2025-06-11T20:35:05Z,39.978878948888564,-75.15585332770499,22.59559215302579,-54.47512495378032,-57.516300269868225,-0.6619045636834926,1.171448646186036,-0.15676667472871486,2.1656171118374914,0.0009999999984415808,0.0009999999994505515,0.0009999999998484554,0.001000000000971113,0.0009999999982639451,0.0010000000017242883,4.286671238220361e-6,4.2866717029973915e-6,1.493783488432763,3.9715830697287373,2.9436800475151936,0.044714206154105235,0.00018948663892692853,0.00022396744951431907,0.00044108041456367966,0.0010389999999999941,0.0010389999999999963,0.0010389999999999907,0.001000389999999999,0.001000389999999999,0.001000389999999999
2025-06-11T20:35:06Z,39.978393028286874,-75.15652902284494,21.86450666259043,-52.718176488764584,-57.943242312874645,-0.8794832125277026,1.1882773075485602,-0.1933117640310229,2.175252542743692,0.0009999999982142072,0.000999999999010015,0.0009999999994647624,0.0010000000010279564,0.0009999999984060537,0.0010000000017704735,5.286671926117424e-6,5.286672645418512e-6,1.5069004553899725,4.3798590493323735,3.107097494865786,0.047815376340836796,0.00020125894137164682,0.00022526152989750135,0.0004519436840442132,0.0010399999999999945,0.0010399999999999951,0.0010399999999999908,0.001000399999999999,0.001000399999999999,0.001000399999999999
2025-06-11T20:35:07Z,39.98041484515624,-75.15387541681238,21.072420450858772,-45.18468298809603,-53.66105452505872,-1.1276422970113344,1.2345554173371056,-0.12769681980716996,2.1859689817065373,0.00099999999792999,0.0009999999988394848,0.0009999999996779252,0.0010000000008147936,0.0009999999981644692,0.0010000000018415278,1.66527554016851e-6,1.6652756039307368e-6,1.3825993613780903,4.027440713952293,2.8637381829630018,0.046044293579390855,0.00019494811732179883,0.00020686492160915747,0.00045510904897196085,0.0010409999999999953,0.0010409999999999953,0.0010409999999999914,0.001000409999999998,0.0010004099999999982,0.0010004099999999982
2025-06-11T20:35:08Z,39.980009173440955,-75.15449922602677,20.170589968562126,-43.34510634979233,-53.540912684518844,-1.4202051214379026,1.2078642957349075,-0.16026449492892425,2.1580237646994647,0.0009999999977594598,0.0009999999986405328,0.0009999999995216058,0.0010000000007295284,0.000999999997880252,0.0010000000019161348,2.6652759082239657e-6,2.665276068615614e-6,1.4335056849699686,4.3893771090927896,3.064115115148905,0.05059005162329236,0.0002080484710142783,0.00020705462326562346,0.0004660128982157084,0.0010419999999999958,0.0010419999999999958,0.0010419999999999924,0.001000419999999997,0.001000419999999998,0.001000419999999998
2025-06-11T20:35:09Z,39.97960826251426,-75.15511468676895,19.325906195677817,-41.768022385425866,-53.40322997421026,-1.5903274373122258,1.1943114032037556,-0.2403871921778773,2.2949344210792333,0.0009999999978731466,0.0009999999983847374,0.0009999999993368647,0.0010000000009853238,0.000999999997880252,0.0010000000018699495,3.665276446009638e-6,3.6652767751349895e-6,1.4911041289554123,4.739779568223402,3.2875559974955113,0.0550031326728703,0.00021753601747513405,0.0002139061168003063,0.0004778107453992433,0.001042999999999995,0.0010429999999999953,0.0010429999999999916,0.0010004299999999975,0.0010004299999999983,0.0010004299999999983
2025-06-11T20:35:10Z,39.97920683215302,-75.15572202332129,18.488402954302728,-40.301736627705395,-53.092424631118774,-1.6922434562438866,1.211035253116279,-0.1485956492178957,2.2086208687978797,0.000999999998043677,0.0009999999981857854,0.000999999999606871,0.0010000000007153176,0.0009999999982142072,0.0010000000015928379,4.665277094462899e-6,4.665277743513569e-6,1.5529694020046978,5.058416708602108,3.541890635662938,0.05908049331436824,0.00022253374719863176,0.00020959002705518535,0.00048113499114058744,0.001043999999999995,0.0010439999999999948,0.0010439999999999913,0.0010004399999999976,0.0010004399999999974,0.0010004399999999978
2025-06-11T20:35:11Z,39.97878693726915,-75.15631472816101,17.830629537813365,-39.2294173813425,-52.37231677304953,-1.820223935515969,1.227652492307243,-0.10700044613531645,2.186441003897926,0.0009999999982710506,0.0009999999979584118,0.0009999999996210818,0.0010000000009995347,0.0009999999983847374,0.0010000000013405952,5.665277725044874e-6,5.665279004415455e-6,1.613349982878543,5.322178653606204,3.8284427970427046,0.061551278101789286,0.000228304648988118,0.00020806604250783208,0.00048781854517691766,0.001044999999999995,0.0010449999999999947,0.0010449999999999912,0.0010004499999999978,0.0010004499999999978,0.0010004499999999978
2025-06-11T20:35:12Z,39.9807730678175,-75.15318125214723,15.460723637486808,-23.938616108847782,-35.095089511945844,-2.8927613606501836,1.3276275133393938,-0.14901762904082716,2.1918558330798987,0.0009999999980578878,0.0009999999978731466,0.000999999999493184,0.0010000000008858478,0.0009999999980010443,0.0010000000010847998,1.2440965822226718e-6,1.2440966364524708e-6,1.4007291500675385,3.417188063014957,2.8778899159934896,0.0545166436622196,0.000191987117962425,0.00017542079979128254,0.0004966866200753721,0.0010459999999999942,0.0010459999999999942,0.0010459999999999907,0.0010004599999999982,0.0010004599999999982,0.0010004599999999982
2025-06-11T20:35:13Z,39.980543807498755,-75.15357401053613,14.18132136540953,-22.126094822073355,-33.436380540020764,-3.227723250107374,1.2852456010878086,-0.11982015146259073,2.261746343312552,0.0009999999982142072,0.000999999997944201,0.0009999999993794972,0.0010000000007011067,0.0009999999978873575,0.0010000000008005827,2.244096842439553e-6,2.2440970442915937e-6,1.4928195635881107,3.590478721982001,3.184068049339381,0.0633464372527668,0.00019784138067619443,0.0001798509849503778,0.0005027994431410008,0.0010469999999999948,0.0010469999999999948,0.001046999999999991,0.0010004699999999977,0.0010004699999999977,0.0010004699999999977
2025-06-11T20:35:14Z,39.98030523112548,-75.15394325096287,13.09224999032449,-20.966750133782625,-31.826269888784736,-3.3733943046827335,1.2881049609131878,-0.08166416817402933,2.1949973797018174,0.0009999999984842134,0.000999999998043677,0.000999999999308443,0.001000000001070589,0.0009999999977239327,0.0010000000005057075,3.2440972367522954e-6,3.244097739390319e-6,1.592559445965081,3.7264052050629806,3.5364363250888817,0.0708467977408962,0.0002006608938330286,0.00018552974450783172,0.0005097493168777928,0.0010479999999999936,0.0010479999999999936,0.00104799999999999,0.0010004799999999967,0.0010004799999999967,0.001000479999999997
2025-06-11T20:35:15Z,39.980040726797164,-75.15429428366608,12.292408975306898,-20.193578307516873,-30.352148432051763,-3.440497184812557,1.2638436811830616,-0.14556180112776929,2.280531700787833,0.0009999999982568397,0.0009999999981999963,0.0009999999990810693,0.0010000000009142695,0.00099999999792999,0.001000000000274781,4.2440977111387825e-6,4.244098768502286e-6,1.6936278862833876,3.810691456742284,3.9390161492065032,0.0776182550003367,0.00020880829532240948,0.00018836258742066191,0.0005215374575198969,0.0010489999999999929,0.001048999999999993,0.0010489999999999894,0.0010004899999999958,0.0010004899999999958,0.0010004899999999967
2025-06-11T20:35:16Z,39.97973545310971,-75.15463390881946,11.80787719192449,-19.75928062410094,-28.870828648330644,-3.3687017347838264,1.2547757218417246,-0.10615569726451213,2.327059669070877,0.0009999999983705266,0.0009999999979868335,0.0009999999988679065,0.0010000000011416432,0.00099999999817868,0.001000000000523471,5.2440981623470804e-6,5.244100184710352e-6,1.7903896795196879,3.8425780307960773,4.394718983849389,0.08344309833719879,0.00021031520282749537,0.00019150437919582318,0.0005277512816512336,0.0010499999999999921,0.0010499999999999921,0.0010499999999999887,0.0010004999999999962,0.0010004999999999962,0.0010004999999999962
2025-06-11T20:35:17Z,39.980620559581766,-75.15312629797263,10.139416297897696,-16.838291387073696,-22.502737247152254,-3.7760732086899225,1.2789947090786882,-0.0059086752150392385,2.2298341281712055,0.000999999998512635,0.0009999999979726226,0.0009999999990810693,0.0010000000010279564,0.0009999999978660412,0.0010000000006904486,2.1885336406512683e-6,2.1885340325872366e-6,1.669462050421759,3.2818581519030956,4.14264198399975,0.07749090200545672,0.00018593821230206684,0.00019092286081571203,0.0005298639386256276,0.0010509999999999918,0.0010509999999999918,0.0010509999999999881,0.0010005099999999963,0.0010005099999999963,0.0010005099999999963
2025-06-11T20:35:18Z,39.9803897788956,-75.15339268702294,9.766096262726933,-16.717165514593944,-21.464388073189184,-3.629233366722474,1.2595368482725462,-0.15601726730528753,2.354282406187849,0.0009999999982426289,0.0009999999978589358,0.0009999999992658104,0.0010000000010847998,0.0009999999979157792,0.0010000000006762377,3.188533906111179e-6,3.1885348929254843e-6,1.7762437677427614,3.29684791301892,4.604920849198353,0.08154521171702112,0.00019742918482375092,0.0001917640823527192,0.0005451055132371916,0.001051999999999991,0.001051999999999991,0.0010519999999999894,0.0010005199999999956,0.0010005199999999956,0.0010005199999999956
2025-06-11T20:35:19Z,39.98011723667193,-75.15366221435843,9.92354433296714,-17.425170190865174,-20.736147599527612,-3.2429533592949156,1.258030823271838,-0.054417309582277085,2.3898615746293217,0.0009999999984984242,0.0009999999978589358,0.000999999999109491,0.0010000000010990107,0.0009999999975534024,0.0010000000008751897,4.188534188252846e-6,4.188536179762596e-6,1.858161049825474,3.2868539117689575,5.091754997307635,0.08053406066267407,0.00019495005933955567,0.000197076725715203,0.0005494486245484589,0.0010529999999999904,0.0010529999999999904,0.0010529999999999895,0.0010005299999999962,0.001000529999999996,0.0010005299999999962
2025-06-11T20:35:20Z,39.97980051499712,-75.15394197447121,10.443403329583816,-18.070121544180438,-20.358468047110364,-2.9596536318713333,1.2471580779383658,-0.07326839757661219,2.3334329734789208,0.0009999999986689545,0.0009999999980578878,0.0009999999991947561,0.001000000000971113,0.0009999999976315621,0.0010000000006691323,5.188534402127178e-6,5.188537938951295e-6,1.9087513120120516,3.2580015899972117,5.5989362503376485,0.07827932638081991,0.00018887981566794007,0.00020967236623900307,0.0005592181442092834,0.0010539999999999896,0.0010539999999999896,0.0010539999999999896,0.0010005399999999962,0.0010005399999999964,0.001000539999999996
2025-06-11T20:35:21Z,39.97944472442349,-75.15423325886069,11.066669131629169,-18.371549751842394,-19.84426710754633,-2.735102491802536,1.2263979931303766,-0.15282005421613576,2.5571376412408426,0.0009999999987826413,0.0009999999984557917,0.0009999999991663344,0.001000000001170065,0.0009999999972905016,0.001000000000622947,6.188534436310478e-6,6.188540212019515e-6,1.9358559109704745,3.2300380117226077,6.1293008774098645,0.07731019805701844,0.00020987328342411885,0.000198430174144525,0.0005715908449416768,0.0010549999999999898,0.0010549999999999895,0.0010549999999999898,0.0010005499999999957,0.0010005499999999955,0.0010005499999999955
2025-06-11T20:35:22Z,39.98093092756314,-75.15234482161195,5.971454000740778,-10.776293046888895,-5.148221779381856,-3.956403638003394,1.3048742328537628,-0.04352868177375058,2.540715261362493,0.0009999999987968522,0.0009999999986547436,0.000999999999109491,0.0010000000011984866,0.0009999999972549745,0.0010000000008609788,1.3127528905108972e-6,1.312753000169079e-6,1.559745805726469,1.8218933919610738,2.650798261874167,0.05784656300143369,0.00014828077394211941,0.00016380211741578974,0.0005570928205674899,0.0010559999999999892,0.001055999999999989,0.001055999999999989,0.001000559999999995,0.0010005599999999947,0.001000559999999995
2025-06-11T20:35:23Z,39.98079253744182,-75.15241298843398,6.190611925034318,-10.863456595223397,-3.6583124867465813,-3.853832817374496,1.277181084631593,0.047862323926437966,2.4000696658040397,0.0009999999992658104,0.0009999999984557917,0.0009999999991663344,0.0010000000013121735,0.0009999999973331342,0.0010000000010776944,2.3127530216282027e-6,2.3127533883787025e-6,1.6243352322553817,1.8972502746901907,2.9022175704927937,0.061242335274036025,0.00014629143048280234,0.00017925943862277837,0.0005622939139387185,0.0010569999999999887,0.0010569999999999892,0.0010569999999999892,0.0010005699999999956,0.0010005699999999958,0.0010005699999999938
2025-06-11T20:35:24Z,39.98063193503171,-75.15247997297963,6.629224514414091,-10.959079233580269,-2.6464813833881635,-3.58626271810499,1.2698102070571622,-0.016424121573663797,2.3688326299597975,0.0009999999989247499,0.0009999999981715746,0.0009999999992800213,0.0010000000014684929,0.000999999997596035,0.001000000000896506,3.3127532199941953e-6,3.312754032155399e-6,1.6798846638483387,1.9839970779674514,3.175558729465941,0.06353462051065556,0.00014735926872304646,0.00019040112572669436,0.0005743380532429359,0.0010579999999999884,0.0010579999999999884,0.0010579999999999884,0.0010005799999999966,0.0010005799999999964,0.0010005799999999929
2025-06-11T20:35:25Z,39.98044422489146,-75.15255250455269,7.272044056269806,-10.869197729160078,-1.9562330310145626,-3.3763600832608063,1.250500093170558,-0.06552328935231344,2.4352234004763886,0.0009999999989389607,0.0009999999983563157,0.0009999999994221298,0.001000000001170065,0.0009999999974255047,0.001000000000896506,4.312753464762384e-6,4.3127549561168364e-6,1.7262262214701996,2.082349016675681,3.4643536990539263,0.06533869953866178,0.00015274614186510838,0.00019742392176320514,0.0005862965525968904,0.0010589999999999886,0.0010589999999999886,0.0010589999999999886,0.0010005899999999974,0.0010005899999999965,0.001000589999999994
2025-06-11T20:35:26Z,39.98022237881309,-75.1526317754347,8.014376382227056,-11.11073710815981,-1.1060527583613293,-3.1531473534705583,1.2516855574212968,0.12260818848972121,2.260441674356116,0.0009999999992231778,0.0009999999984700025,0.0009999999993652864,0.001000000001354806,0.0009999999978091978,0.001000000001230461,5.312753714718495e-6,5.3127561817176245e-6,1.7635066552139504,2.201541749364914,3.758123739890171,0.06665699260675506,0.00014817199056478292,0.00021463831093305303,0.0005919318444054713,0.001059999999999988,0.0010599999999999883,0.001059999999999988,0.0010005999999999978,0.0010005999999999956,0.0010005999999999939
2025-06-11T20:35:27Z,39.98103768553763,-75.15211434775067,5.351739739708137,-5.439609913388267,0.7165284471338964,-3.421107015776215,1.2843379372934578,-0.19969271615627804,2.4431058600894175,0.0009999999990526476,0.0009999999984842134,0.0009999999991379127,0.001000000001454282,0.000999999997645773,0.001000000001056378,1.1836832873875218e-6,1.1836833424927425e-6,1.4235286374562008,1.3129518879212403,1.7740664772878185,0.053351183742231426,0.0001363606479060687,0.0001718042181430884,0.0005993956539556832,0.0010609999999999884,0.0010609999999999884,0.0010609999999999884,0.0010006099999999981,0.0010006099999999955,0.0010006099999999947
2025-06-11T20:35:28Z,39.98097618131833,-75.1521171300189,5.74016463191947,-3.463160641869763,1.557439403506578,-3.4227929299522657,1.1366243855882203,-0.5004657307872549,3.1306339258735534,0.0009999999992800213,0.0009999999987542196,0.0009999999989815933,0.0010000000013974386,0.000999999997546297,0.0010000000012979626,2.183683388613601e-6,2.183683587467329e-6,1.5121212539850406,1.4247355881016746,1.9584577656807467,0.05985924060173903,0.00021248411224403607,0.00015183911584809362,0.0007013353415345402,0.0010619999999999885,0.0010619999999999885,0.0010619999999999885,0.0010006199999999985,0.001000619999999995,0.001000619999999995
2025-06-11T20:35:29Z,39.98091422061361,-75.15211641965254,6.252937345590908,-2.1870836976449937,3.3334218166128267,-3.3441881563921925,1.1036138145718724,-0.4932338903017808,-2.535415527992882,0.0009999999992515995,0.000999999999010015,0.0009999999987826413,0.0010000000014258603,0.0009999999973189233,0.001000000001219803,3.183683554673088e-6,3.183684003550066e-6,1.6040545592019497,1.5618490899036042,2.154927071579781,0.06765071434962154,0.00024745944781445544,0.00013668213271428404,0.0007273904269358731,0.0010629999999999889,0.0010629999999999889,0.001062999999999989,0.0010006299999999984,0.0010006299999999958,0.001000629999999996
2025-06-11T20:35:30Z,39.98083812303481,-75.15210907669892,6.873868838767521,-1.517290090021561,4.725712711457163,-3.2706197832885664,1.1412903007003479,-0.299335421732394,-2.577333624154562,0.000999999999407919,0.0009999999986405328,0.0009999999984984242,0.0010000000012269084,0.0009999999971412876,0.0010000000014649402,4.183683778380748e-6,4.183684608201241e-6,1.6936453736554553,1.7136442400596852,2.3587705860040327,0.07206094107164561,0.00022267125795233923,0.00014009909396890988,0.0006766470292191893,0.001063999999999988,0.0010639999999999881,0.0010639999999999881,0.0010006399999999975,0.001000639999999995,0.001000639999999995
2025-06-11T20:35:31Z,39.98073202665152,-75.15209948008304,7.6956299562589265,-1.704632763619884,5.770914946042467,-2.9522785642475355,1.251100372057408,-0.019799693964841936,-3.1205035127641167,0.0009999999991237019,0.0009999999982426289,0.0009999999981573637,0.0010000000012979626,0.0009999999971341822,0.0010000000015111254,5.1836840340723946e-6,5.183685417776348e-6,1.7663719892701635,1.8849759107332238,2.5680079564159395,0.07193395349876415,0.00018535153092461243,0.00017133009712890087,0.0006343560406190375,0.0010649999999999867,0.0010649999999999876,0.0010649999999999876,0.001000649999999997,0.001000649999999995,0.001000649999999995
2025-06-11T20:35:32Z,39.98110878762346,-75.15201324060713,6.9322267466341145,0.9322845829155995,4.515342417231295,-2.921520518109901,1.2500558989704587,-0.23495762341735826,-3.0192389565054327,0.0009999999989958042,0.0009999999985979002,0.0009999999982710506,0.0010000000015963906,0.0009999999972265528,0.001000000001429413,1.1653151264508484e-6,1.165315160528097e-6,1.4598809142995683,1.104679730811144,1.2852884833879175,0.05973139362800215,0.0001678996140835329,0.0001436747063276883,0.0006656935212891416,0.0010659999999999873,0.0010659999999999869,0.0010659999999999869,0.001000659999999997,0.0010006599999999944,0.0010006599999999944
2025-06-11T20:35:33Z,39.98110683369911,-75.1519618791187,7.325616254413035,1.9080814905610168,6.519001328619197,-3.0935921741183847,1.2261420400463976,-0.293518288366613,-3.044963426538743,0.0009999999988536956,0.0009999999982142072,0.000999999998327894,0.0010000000018663968,0.0009999999972194473,0.0010000000016106014,2.165315212947391e-6,2.165315335726475e-6,1.5638188582543386,1.236337979086908,1.4163588502534064,0.06543605116238264,0.0001792217629488149,0.00015247925029076372,0.0006901733940950886,0.0010669999999999874,0.0010669999999999874,0.0010669999999999877,0.001000669999999997,0.0010006699999999932,0.0010006699999999934
2025-06-11T20:35:34Z,39.981106069138136,-75.15190386586644,7.804640990681946,3.489455009374069,7.245205978921149,-2.707668027927866,1.1404089174611727,-0.4822215107160446,-2.4873153202061076,0.0009999999985694785,0.000999999998327894,0.0009999999982568397,0.0010000000017384991,0.0009999999970915496,0.0010000000017811317,3.1653153598049747e-6,3.1653156340406836e-6,1.6560181419271565,1.3845729839290932,1.5747774085581863,0.06725777679598943,0.00024820780167761206,0.00013376159056563915,0.0007881786842175169,0.0010679999999999871,0.001067999999999987,0.0010679999999999871,0.0010006799999999977,0.0010006799999999942,0.0010006799999999942
2025-06-11T20:35:35Z,39.98110262069302,-75.15183887234762,8.213782118051313,4.373378831136506,8.944900382775813,-2.7180347310204525,1.246169033460319,-0.25644002384433406,-2.6458161988994107,0.0009999999983136831,0.0009999999981573637,0.0009999999983989483,0.0010000000013121735,0.0009999999967647,0.00100000000196232,4.1653155653168405e-6,4.165316068583041e-6,1.731338683370975,1.558273204511292,1.7323827057580343,0.07010339867004962,0.00021413043878446223,0.00014217616659824463,0.0007143449049001474,0.001068999999999988,0.001068999999999986,0.001068999999999988,0.0010006899999999966,0.001000689999999993,0.0010006899999999933
2025-06-11T20:35:36Z,39.981072423452865,-75.15177319514288,9.192473838338628,4.736395786923822,9.771698220749386,-2.427915187581675,1.2612728206149768,-0.21236924264121626,-2.6847235575842205,0.000999999998526846,0.0009999999981005203,0.0009999999988536956,0.0010000000014969146,0.0009999999969068085,0.0010000000022643007,5.16531581223287e-6,5.165316651881011e-6,1.7860271532351002,1.750535764747543,1.9008166121881074,0.06846167863430193,0.00021666005157520697,0.00014777374424345893,0.0007138685170515243,0.0010699999999999874,0.0010699999999999865,0.0010699999999999874,0.0010006999999999972,0.0010006999999999937,0.0010006999999999935
2025-06-11T20:35:37Z,39.98122616274015,-75.15191665412834,10.447443777695298,5.06371865386609,6.503498746955302,-1.9031948095216649,1.2123690485168481,-0.24966328781738412,-2.5227439511800185,0.0009999999989815933,0.000999999997844725,0.0009999999985694785,0.00100000000175271,0.0009999999965444317,0.0010000000021186395,1.0629941101864373e-6,1.062994131065542e-6,1.4702449992112536,1.0718047958114612,1.1000396479703245,0.05261670517859017,0.0001914485787992931,0.00012587584098584467,0.0007353490112057741,0.001070999999999987,0.0010709999999999871,0.0010709999999999871,0.0010007099999999978,0.001000709999999994,0.0010007099999999943
2025-06-11T20:35:38Z,39.981267805049484,-75.1518427218329,11.131303403992206,5.843170975509565,7.867583755520172,-1.9064179429697106,1.2161473355517955,-0.2545753254562442,-2.5456298884237185,0.0009999999987826413,0.0009999999979015683,0.0009999999985979002,0.0010000000018663968,0.0009999999964804829,0.0010000000019161348,2.0629941926801684e-6,2.0629942729460223e-6,1.5412010944755956,1.2163922452773333,1.2211672467571992,0.05391704927126663,0.00020106903027208763,0.00013225094594875465,0.0007486864367770103,0.001071999999999986,0.0010719999999999868,0.0010719999999999868,0.0010007199999999966,0.0010007199999999931,0.0010007199999999931
2025-06-11T20:35:39Z,39.98130907633414,-75.15176107555916,11.850434856838547,6.347303610353265,8.920152498991229,-1.5704134376865113,1.2352029100293294,-0.19488391798768134,-2.601506255334243,0.0009999999986973762,0.0009999999977594598,0.0009999999986831654,0.0010000000015679689,0.0009999999966581186,0.0010000000015430999,3.062994338913052e-6,3.0629945204542678e-6,1.5940428558619397,1.3871237516708683,1.3595071356318624,0.05335633432026787,0.00020283039461590604,0.0001398625691762317,0.0007405818684252513,0.0010729999999999854,0.0010729999999999865,0.0010729999999999865,0.0010007299999999968,0.001000729999999993,0.001000729999999993
2025-06-11T20:35:40Z,39.981341851570505,-75.15167288424331,12.775831466540694,6.528584967192728,10.163100268226117,-1.4275951064337278,1.2574269935139455,-0.1952634640983888,-2.655425799632212,0.0009999999984842134,0.0009999999976599838,0.0009999999987684305,0.001000000001269541,0.0009999999967860163,0.0010000000015324417,4.0629945522789885e-6,4.062994885328114e-6,1.628583407853566,1.5801219516329446,1.505794959207294,0.05279953518558199,0.00020877585676226326,0.00014796559463593848,0.0007512481606539341,0.0010739999999999858,0.0010739999999999858,0.0010739999999999856,0.0010007399999999974,0.0010007399999999937,0.0010007399999999935
2025-06-11T20:35:41Z,39.98136306834587,-75.15157238491324,13.514134960132651,6.802937378815841,11.645922832656652,-1.356424651821726,1.2392779723450076,-0.24434224917968095,-2.596829125395743,0.0009999999986973762,0.0009999999978020924,0.0009999999986831654,0.0010000000016248123,0.000999999997162604,0.0010000000013370425,5.06299482266009e-6,5.062995379613069e-6,1.6504782172544858,1.8001218850013327,1.6637036718612292,0.05309827028324052,0.0002256777440061116,0.00014956363804051058,0.0007792257566310374,0.001074999999999986,0.001074999999999986,0.001074999999999986,0.001000749999999997,0.0010007499999999936,0.0010007499999999938
2025-06-11T20:35:42Z,39.98148616766468,-75.15177331186975,9.854341517318971,8.782417490612715,11.962160673574544,-1.8922029663372086,1.2387294910877245,-0.2352594971180224,-2.6249634172709193,0.0009999999983847374,0.0009999999978873575,0.0009999999989389607,0.0010000000016958666,0.0009999999971554985,0.0010000000010172982,1.0423333160766413e-6,1.042333335675869e-6,1.2324574013268597,1.4671167095581998,1.3267649557912657,0.0436731752208077,0.0001997146590683593,0.00014111478522870697,0.0007826767857565413,0.0010759999999999854,0.0010759999999999856,0.0010759999999999856,0.0010007599999999962,0.0010007599999999925,0.0010007599999999933
2025-06-11T20:35:43Z,39.98156102293612,-75.15163736259055,10.304224105319008,9.262815692927688,13.343383407103829,-1.9016463586158352,1.232494805677561,-0.22436757785726513,-2.559656566445483,0.0009999999985694785,0.0009999999975889295,0.0009999999992373887,0.00100000000175271,0.0009999999972762907,0.0010000000008751897,2.042333429479556e-6,2.0423335051246805e-6,1.3296416158800626,1.676116215826546,1.477330075575494,0.04710495036493921,0.0002117647866344129,0.00014481114718885155,0.0007926899565089849,0.0010769999999999849,0.0010769999999999847,0.0010769999999999866,0.0010007699999999967,0.0010007699999999933,0.0010007699999999933
2025-06-11T20:35:44Z,39.98163236889773,-75.15149440302932,10.849984129075892,9.55653158237692,14.921486871899106,-1.9298386449954705,1.2233442511060275,-0.2513579423757619,-2.57532058734796,0.0009999999985410568,0.0009999999976599838,0.000999999999407919,0.0010000000015395472,0.000999999997098655,0.0010000000010634835,3.0423336341626103e-6,3.0423338009637e-6,1.4197439749372893,1.913715126768505,1.634625461498833,0.051082036874872117,0.000222702867536864,0.0001521666927436055,0.0008133228167729468,0.0010779999999999852,0.001077999999999985,0.001077999999999986,0.0010007799999999976,0.0010007799999999921,0.001000779999999994
2025-06-11T20:35:45Z,39.98169424289106,-75.15134377868182,11.300344871240668,9.679030125029385,16.215877003967762,-1.9255712063750252,1.205685883294791,-0.14774331956141395,-2.5933156340033747,0.000999999998725798,0.000999999997247869,0.000999999999109491,0.0010000000018095534,0.0009999999972691853,0.0010000000013121735,4.042333940234031e-6,4.042334233919323e-6,1.50007566284582,2.179301745513866,1.796832748141346,0.05357033612765069,0.00022096501435585745,0.00015934332112568978,0.0007924987534401488,0.0010789999999999847,0.0010789999999999847,0.0010789999999999856,0.0010007899999999966,0.0010007899999999932,0.0010007899999999932
2025-06-11T20:35:46Z,39.98173820723126,-75.15118843023131,11.673316539614461,9.282013404648751,17.148349840426818,-1.868310962250689,1.2129350915347459,-0.15350507163202565,-2.566355612158077,0.0009999999985552677,0.0009999999973047125,0.0009999999991663344,0.0010000000019942945,0.0009999999973260287,0.0010000000009426913,5.042334345909446e-6,5.042334811536328e-6,1.5639892727340035,2.4747616251621927,1.960221555789543,0.05372636391152627,0.0002309219303286798,0.0001630233441046442,0.0008060387403906392,0.0010799999999999853,0.0010799999999999853,0.0010799999999999853,0.001000799999999997,0.0010007999999999935,0.0010007999999999933
2025-06-11T20:35:47Z,39.98176452955636,-75.15160624654321,6.931642203882802,9.934656688012183,19.66367308422923,-2.5295178024389315,1.2195669990032911,-0.16642899679027323,-2.6088856124551967,0.0009999999981431529,0.000999999997063128,0.000999999999393708,0.001000000002036927,0.0009999999975178753,0.0010000000004026788,1.0423318896709925e-6,1.0423319063929448e-6,1.2283934433346309,2.417355425501747,1.8201038520653747,0.0482700119439905,0.0002168420240976878,0.0001615054019964465,0.0008153010340540487,0.001080999999999984,0.0010809999999999863,0.0010809999999999863,0.0010008099999999978,0.0010008099999999943,0.0010008099999999941
2025-06-11T20:35:48Z,39.9818449935537,-75.15139047109562,7.383979097590782,9.42133296711836,21.014489291468635,-2.3292541267583147,1.2005435309256427,-0.17618310824764194,-2.574973724404117,0.0009999999982568397,0.0009999999971910256,0.0009999999995784492,0.001000000002136403,0.0009999999979015683,0.0010000000007650556,2.0423320778421673e-6,2.0423321350696986e-6,1.3499145965673383,2.7521656730397224,1.9895466805525104,0.05428727068856998,0.00022802381922939696,0.00016626523197438162,0.0008307600825739952,0.0010819999999999842,0.0010819999999999855,0.0010819999999999873,0.0010008199999999984,0.0010008199999999947,0.001000819999999993
2025-06-11T20:35:49Z,39.981915428628874,-75.15118048363306,8.127974251750857,8.969158335938118,21.77025099727325,-2.1750727820035536,1.2004712446650956,-0.13658542688790476,-2.5939007820852567,0.0009999999979584118,0.000999999997148393,0.0009999999994505515,0.0010000000021648248,0.0009999999975107698,0.0010000000008645316,3.0423324187631836e-6,3.042332522787403e-6,1.463719808255742,3.117856496660957,2.1475749372492334,0.05795810979419705,0.00022995652638356162,0.00017512065857620493,0.0008306657064784499,0.0010829999999999844,0.0010829999999999846,0.0010829999999999883,0.0010008299999999977,0.0010008299999999942,0.0010008299999999934
2025-06-11T20:35:50Z,39.981971604266754,-75.15097599400585,8.92949491168838,8.380293300375342,22.8114946403075,-2.0390141206153203,1.184806338569615,-0.15200639126851456,-2.590589478611946,0.0009999999981147312,0.0009999999973899776,0.0009999999992800213,0.0010000000022643007,0.0009999999980010443,0.001000000001194934,4.042332936856218e-6,4.042333068383712e-6,1.5649270385705,3.5295096802563717,2.2887700445475905,0.06278131679477714,0.00023586683327211146,0.00018209742193224456,0.0008458061081959075,0.0010839999999999847,0.0010839999999999845,0.0010839999999999884,0.0010008399999999972,0.0010008399999999937,0.0010008399999999929
2025-06-11T20:35:51Z,39.98200853539642,-75.15077506871687,9.786265317932703,8.0728555819951,23.74571385071613,-1.9187049991305685,1.164429442040273,-0.1836334321906179,-2.524341384647414,0.0009999999978731466,0.0009999999975747187,0.0009999999994505515,0.0010000000019800837,0.0009999999977878815,0.001000000001393886,5.042333652185795e-6,5.04233376289706e-6,1.65378744678344,3.9841077553122,2.4073158521574136,0.06653189087277858,0.00024845391216963067,0.00018265558039855722,0.0008667429257920962,0.0010849999999999846,0.0010849999999999846,0.0010849999999999883,0.0010008499999999976,0.001000849999999994,0.0010008499999999932
2025-06-11T20:35:52Z,39.98214687966076,-75.15162603758328,10.547814744873904,8.903650700580329,14.599477183888666,-1.0611759338498814,1.122716943747946,-0.0806074685888234,-2.5546688731992617,0.0009999999980010443,0.000999999997645773,0.0009999999994789732,0.0010000000022785116,0.0009999999976386675,0.0010000000017242883,1.0189023371107345e-6,1.0189023460362631e-6,1.1293640217259049,1.2983144675624563,0.993588115707355,0.041949326335251655,0.00015376199733144012,0.00014243047762955063,0.0008413015791152418,0.0010859999999999837,0.0010859999999999856,0.001085999999999989,0.0010008599999999975,0.001000859999999994,0.0010008599999999938
2025-06-11T20:35:53Z,39.98222393981932,-75.1514613743289,11.451731323380955,8.539292921195738,15.479671867680736,-0.9164429710072,1.1160743506625295,-0.11582119719878392,-2.5125608418893535,0.0009999999982142072,0.000999999997830514,0.0009999999996352926,0.001000000002235879,0.0009999999976031404,0.0010000000018450805,2.0189024373475695e-6,2.0189024693541206e-6,1.2383013141628598,1.4729219934598423,1.0905211696984867,0.04353173112464913,0.00016444870345578327,0.00014943185836882052,0.0008615775629364159,0.0010869999999999834,0.0010869999999999862,0.0010869999999999897,0.0010008699999999979,0.0010008699999999942,0.0010008699999999942
2025-06-11T20:35:54Z,39.982296089528774,-75.15129492515346,12.467768600792624,8.315988891292363,16.275751987006515,-0.7556705557872192,1.1058994989434723,-0.10938002521925227,-2.4939085916557815,0.0009999999981999963,0.000999999997645773,0.0009999999994363407,0.0010000000020227162,0.00099999999792999,0.0010000000018557387,3.018902620045e-6,3.0189026809385527e-6,1.3325459387208132,1.676042175405574,1.1895611776786505,0.0442167045470937,0.00017171663778903825,0.00015742887059179238,0.0008696286043686225,0.0010879999999999833,0.0010879999999999868,0.0010879999999999907,0.0010008799999999965,0.001000879999999993,0.0010008799999999935
2025-06-11T20:35:55Z,39.982360757879896,-75.15112446140762,13.428305183420889,8.093328568036668,17.065202909288928,-0.631226296791283,1.0981808899668977,-0.10246809278305591,-2.4990842948900536,0.0009999999980578878,0.0009999999976741947,0.0009999999993226538,0.0010000000022074573,0.000999999997844725,0.001000000001344148,4.018902898741987e-6,4.018902983109933e-6,1.4075382047320957,1.9090817307025374,1.288896028133217,0.044216125382891894,0.00017668996940819936,0.00016669112489551999,0.0008765173678443621,0.0010889999999999834,0.001088999999999987,0.0010889999999999908,0.0010008899999999956,0.0010008899999999939,0.0010008899999999939
2025-06-11T20:35:56Z,39.98241416792482,-75.1509488133214,14.318774730549194,7.81013656075811,17.79532084055245,-0.5360751648258884,1.0941404309560312,-0.0644137107201459,-2.568267390015535,0.0009999999979726226,0.0009999999975889295,0.000999999999493184,0.0010000000020085054,0.000999999998043677,0.0010000000013903332,5.018903281114763e-6,5.018903377386366e-6,1.4619254264405714,2.1736460577811165,1.3881383636538367,0.04355107617280771,0.00017562341130307623,0.00018036201316515182,0.0008743043804317957,0.001089999999999983,0.0010899999999999866,0.00108999999999999,0.0010008999999999951,0.0010008999999999942,0.0010008999999999942
2025-06-11T20:35:57Z,39.98228401246699,-75.15156843120754,13.95607516542077,4.791709750657901,9.109806294669397,-0.12491543713440478,1.091220558344503,-0.031004114049665077,-2.5498826715920586,0.0009999999980010443,0.0009999999976031404,0.0009999999993652864,0.0010000000019090294,0.0009999999983634211,0.0010000000015111254,1.0131415129297477e-6,1.0131415195501028e-6,1.0212518596384277,0.7839821739686968,0.6306680593806876,0.02590955690065115,0.00013264481998187443,0.0001395725733391845,0.0008791486226046679,0.0010909999999999824,0.0010909999999999863,0.0010909999999999898,0.0010009099999999937,0.0010009099999999942,0.0010009099999999942
2025-06-11T20:35:58Z,39.98233099252914,-75.15147378739731,14.978231888148002,5.628643280768301,7.843300182081293,0.03381833426465164,1.0856698179995874,-0.07999580289924779,-2.431032128544757,0.0009999999976884055,0.0009999999975320861,0.000999999999507395,0.001000000002051138,0.0009999999983349994,0.0010000000014862565,2.0131415735566482e-6,2.0131415987657777e-6,1.0749916279294682,0.9224372006621737,0.7149660467425644,0.022447934850122378,0.00014667298409892115,0.000144388713379926,0.0009011625163528329,0.001091999999999982,0.001091999999999986,0.0010919999999999897,0.0010009199999999941,0.001000919999999994,0.0010009199999999941
2025-06-11T20:35:59Z,39.982381338493845,-75.15139328087804,16.008189846528694,5.768017507100012,7.1241229610168375,0.13328299560816959,1.0880634542991174,0.03891123813673403,-2.5305232565442566,0.0009999999978163032,0.000999999997148393,0.0009999999996495035,0.0010000000017953425,0.0009999999987186925,0.001000000001280199,3.0131416870287374e-6,3.013141740530923e-6,1.1046747424680425,1.0930237660321407,0.8156302323970838,0.020395007957064573,0.00014966060420764396,0.0001585618325750211,0.0008838901746374386,0.0010929999999999814,0.001092999999999985,0.0010929999999999887,0.001000929999999994,0.001000929999999994,0.001000929999999994
2025-06-11T20:36:00Z,39.98242926821243,-75.15131745010349,16.879438806558028,5.737024010217283,7.099803258606698,0.20644766284931393,1.0871441694325767,-0.08138115788187861,-2.4947101396974176,0.0009999999976599838,0.0009999999969210194,0.0009999999998768772,0.0010000000015253363,0.00099999999867606,0.0010000000012624355,4.013141864349508e-6,4.013141954989263e-6,1.1183458007580984,1.2904670741256612,0.9337882129505302,0.01928203569118181,0.00016012260590272188,0.0001667439938252554,0.00091848661141962,0.0010939999999999808,0.0010939999999999845,0.0010939999999999884,0.001000939999999994,0.0010009399999999938,0.001000939999999994
2025-06-11T20:36:01Z,39.982475642962406,-75.15123938734453,17.526834211312234,6.023533665866125,7.251081379887182,0.21087213919236092,1.0851770933222724,-0.05215848466332318,-2.476983483618824,0.0009999999974041884,0.0009999999968925977,0.0010000000001042508,0.0010000000012979626,0.0009999999987186925,0.001000000001095458,5.013142108885327e-6,5.013142254238414e-6,1.121641177013021,1.518800224287904,1.070441291097575,0.01833905855037618,0.00016863235602290852,0.00017564822971371033,0.0009211976284343029,0.0010949999999999816,0.001094999999999985,0.001094999999999989,0.0010009499999999935,0.0010009499999999935,0.0010009499999999935
2025-06-11T20:36:02Z,39.98240971229361,-75.15161394301248,14.636539238854311,6.0037304338184185,5.492794869933277,-0.030360710452896456,1.0853637888794765,-0.06360455707908841,-2.4776539868908003,0.0009999999977168272,0.0009999999968925977,0.0009999999999337206,0.0010000000015111254,0.0009999999990739639,0.0010000000007828191,1.0189019170072175e-6,1.0189019247400822e-6,0.8797062356509558,1.0158941226844762,0.7945130894292511,0.01479012936529936,0.00014480137192768582,0.00014603621811918964,0.0009130357059165539,0.0010959999999999818,0.0010959999999999857,0.0010959999999999893,0.0010009599999999928,0.0010009599999999928,0.0010009599999999926
2025-06-11T20:36:03Z,39.982463927753905,-75.15155463075696,15.448422169894911,5.994934065965936,5.133003193419427,0.14668340350908693,1.1003059349022806,-0.016879767963700942,-2.4687862679711543,0.0009999999974610319,0.0009999999966083806,0.0010000000000331966,0.0010000000013121735,0.0009999999990242259,0.0010000000003600462,2.0189019959354827e-6,2.0189020269316437e-6,0.9051249309727545,1.2076943944758152,0.9322933062323031,0.014493882329231433,0.00015406695975194576,0.0001557193652119065,0.0009143100698413276,0.0010969999999999815,0.001096999999999985,0.0010969999999999888,0.001000969999999993,0.0010009699999999932,0.001000969999999993
2025-06-11T20:36:04Z,39.98251555521284,-75.15150016266638,16.286281207576394,5.663847583520692,4.862722681136802,0.2407086675939354,1.1217792793322587,0.012205658277252951,-2.5094540302816313,0.0009999999970062845,0.0009999999966794348,0.0010000000001468834,0.0010000000015253363,0.000999999999308443,0.001000000000164647,3.0189021444878005e-6,3.018902216384207e-6,0.923653843033262,1.4298809122599039,1.0933512089128692,0.014197340874043812,0.00016247535268386609,0.00016681670345252458,0.0009192280090091239,0.001097999999999981,0.0010979999999999848,0.0010979999999999885,0.0010009799999999916,0.0010009799999999925,0.0010009799999999916
2025-06-11T20:36:05Z,39.98256095946231,-75.15144825756425,17.090953042265028,5.263261780841276,4.7662707499112,0.32111246150452644,1.1103535162983462,-0.018799435523987995,-2.5338132430624682,0.0009999999968073325,0.0009999999967362783,0.0010000000001326725,0.001000000001354806,0.0009999999993652864,0.0010000000001539888,4.018902377004243e-6,4.018902512474483e-6,0.9364605847993507,1.683425279360296,1.2812015219303106,0.013996585405274486,0.00017145743559953208,0.00017744638621733125,0.0009339352835146449,0.0010989999999999817,0.0010989999999999852,0.001098999999999989,0.0010009899999999924,0.0010009899999999924,0.0010009899999999924
2025-06-11T20:36:06Z,39.98259890069624,-75.15139706532977,17.811338556930423,5.02015572367236,4.74774710967904,0.254983716597053,1.1092257262789644,-0.027995271414283707,-2.490194146957947,0.0009999999965373263,0.0009999999966510131,0.0010000000002463594,0.0010000000012269084,0.000999999999606871,0.001000000000313861,5.018902698753405e-6,5.018902938282188e-6,0.9447542820087794,1.9669820246271281,1.4945700470218193,0.013843027517366241,0.0001825380633427546,0.00018608024537249048,0.000945458486196988,0.0010999999999999823,0.001099999999999986,0.001099999999999988,0.001000999999999992,0.001000999999999992,0.0010009999999999915
2025-06-11T20:36:07Z,39.982675114168146,-75.15163936945888,15.807196971029043,6.134966106910724,3.111648358841194,0.12569855364017712,1.0953312088531675,0.0004161812423326694,-2.5262720569735393,0.0009999999964094286,0.000999999996849965,0.0009999999999621423,0.0010000000014258603,0.0009999999998484554,0.000999999999990564,1.018901998062473e-6,1.0189020091769542e-6,0.7832553016620127,0.9742645906879016,0.8596031514951143,0.012558017943883074,0.00013387027065445985,0.0001331732392209653,0.0009121775090404473,0.0011009999999999824,0.001100999999999986,0.001100999999999987,0.0010010099999999923,0.0010010099999999925,0.0010010099999999923
2025-06-11T20:36:08Z,39.98272991201213,-75.15160362852636,16.43476842320524,5.999139159277547,3.144265177688794,0.13339293622266268,1.0882373505592113,-0.043577129938057624,-2.5153130904072896,0.0009999999964520612,0.000999999997247869,0.0009999999999052989,0.0010000000017384991,0.0009999999995642384,0.0009999999998093756,2.0189020734784708e-6,2.0189021208080363e-6,0.8101209365082483,1.140587797192954,1.0105726561269885,0.012751112805376913,0.00014420521059231245,0.00014307056664484384,0.0009262990965135734,0.0011019999999999812,0.001101999999999985,0.0011019999999999878,0.0010010199999999929,0.0010010199999999929,0.0010010199999999929
2025-06-11T20:36:09Z,39.982783454208544,-75.15156565894448,17.0977107770741,6.0261296517564915,3.5683314788038842,0.24085631195157475,1.0920818164595403,-0.08448828050677548,-2.452639421040658,0.0009999999961536332,0.0009999999974752427,0.0010000000002463594,0.0010000000020937705,0.0009999999994221298,0.0009999999999372733,3.018902213959714e-6,3.0189023289969688e-6,0.8337331180044728,1.3309755962106675,1.1887566645586989,0.012916498878969881,0.00015556148901048656,0.00015244846144387136,0.0009412315844459469,0.0011029999999999805,0.0011029999999999844,0.0011029999999999879,0.0010010299999999924,0.0010010299999999926,0.0010010299999999926
2025-06-11T20:36:10Z,39.982835329295185,-75.15152337380361,17.6665086299181,6.075607641891111,3.8801421876996756,0.18022662722069072,1.0824994081049226,-0.03960389280700838,-2.47172385500744,0.000999999995983103,0.0009999999971341822,0.0010000000001326725,0.0010000000022643007,0.00099999999959266,0.0010000000002818865,4.01890243172806e-6,4.018902656188697e-6,0.8540554069805975,1.548040016106,1.3912351930367597,0.01305195406579654,0.00016446031103714687,0.00016264518234143972,0.000945814871532767,0.001103999999999981,0.0011039999999999846,0.0011039999999999885,0.0010010399999999921,0.0010010399999999921,0.0010010399999999921
2025-06-11T20:36:11Z,39.98288338824709,-75.15147827637905,18.160122816450894,5.83541219268227,4.0442821672186255,0.25219913959517726,1.094965689626406,-0.024943858818005538,-2.4554421743378043,0.0009999999960541572,0.0009999999973757667,0.0009999999998768772,0.0010000000022074573,0.000999999999542922,0.0010000000000864873,5.018902730924805e-6,5.018903127952476e-6,0.8712421933997161,1.8011229822703476,1.6264125091535848,0.013197816372894633,0.00017440602028478863,0.00017248663533634507,0.0009542024820739148,0.00110499999999998,0.0011049999999999856,0.0011049999999999873,0.0010010499999999912,0.0010010499999999912,0.0010010499999999912
2025-06-11T20:36:12Z,39.98297441018943,-75.15150522360976,15.691787115880288,6.26032855239464,3.138852605683496,0.007101468183691395,1.0896028118295362,0.011558265954249691,-2.5121418944036122,0.0009999999957273076,0.0009999999974326101,0.0009999999999052989,0.0010000000023637767,0.0009999999998200337,0.001000000000015433,1.0423301999119444e-6,1.0423302171569247e-6,0.7458323751660794,1.194419798594039,1.1305832044811455,0.012344885428172345,0.0001412942551176468,0.00014022950484032538,0.0009476672396551288,0.0011059999999999803,0.0011059999999999848,0.0011059999999999879,0.0010010599999999911,0.0010010599999999913,0.0010010599999999916
2025-06-11T20:36:13Z,39.98302847765674,-75.15146811780669,16.178783003473654,5.716152426612098,3.2982826048973948,-0.060099848205481976,1.0799116088746814,0.015900518817034026,-2.5411895619763527,0.0009999999954430905,0.0009999999970915496,0.0009999999999337206,0.0010000000026195721,0.000999999999940826,0.0009999999998804299,2.0423302934274522e-6,2.0423303656347375e-6,0.7765615383646598,1.3842122927604787,1.3163783215228102,0.012849068531215993,0.0001511253621268412,0.0001503819857545426,0.0009574125562710654,0.0011069999999999789,0.0011069999999999856,0.0011069999999999867,0.001001069999999991,0.0010010699999999921,0.0010010699999999921
2025-06-11T20:36:14Z,39.983077439991206,-75.15143004984073,16.626906431280077,5.303189054306131,3.387651564582484,-0.06450406930434838,1.085398599068867,-0.032982775253458385,-2.496122340206057,0.00099999999510203,0.0009999999972052365,0.0009999999998768772,0.0010000000026479938,0.0009999999997489795,0.0009999999997560849,3.0423304654790204e-6,3.0423306394363494e-6,0.8053612273363959,1.6034609407353688,1.5303245055472625,0.013280046159640957,0.00016141850842254075,0.00016014726081190132,0.0009701042817300181,0.0011079999999999786,0.001107999999999986,0.001107999999999986,0.0010010799999999917,0.0010010799999999925,0.0010010799999999925
2025-06-11T20:36:15Z,39.983120261241886,-75.15138949809382,17.095002298941836,4.9552637476008385,3.7917312819336075,0.07391652896239975,1.0966848633106565,-0.013669092391523918,-2.5043131777492817,0.0009999999952299277,0.0009999999975036644,0.001000000000175305,0.0010000000026764155,0.0009999999996352926,0.000999999999468315,4.0423307310774095e-6,4.042331065578126e-6,0.8321099434127056,1.852613583022146,1.7769275113806424,0.013796236192212208,0.00017111373853342265,0.00017018181461544939,0.000978796479832551,0.0011089999999999774,0.0011089999999999865,0.0011089999999999848,0.0010010899999999918,0.0010010899999999918,0.001001089999999992
2025-06-11T20:36:16Z,39.98315558029015,-75.1513452544429,17.49685041909106,4.515783115290105,4.0560772878234275,-0.011947070124392667,1.0920354374829913,-0.012917638622752747,-2.5158601443108637,0.0009999999954430905,0.0009999999975320861,0.0010000000001184617,0.0010000000028753675,0.0009999999992515995,0.000999999999542922,5.042331097891981e-6,5.042331674581433e-6,0.8570172277114043,2.128148667253048,2.04914193373157,0.014332674030761355,0.0001808609553682166,0.00018022162792650807,0.0009886362692366013,0.001109999999999978,0.0011099999999999853,0.0011099999999999853,0.0010010999999999922,0.0010010999999999922,0.0010010999999999922
2025-06-11T20:36:17Z,39.98330246896107,-75.15142226582631,14.625038802740164,4.547982913732994,3.783542463410413,-0.29776656427566195,1.083776739993482,-0.019940717104191208,-2.475967516278615,0.0009999999950451866,0.0009999999977594598,0.0010000000000189857,0.001000000003116952,0.0009999999996210818,0.0009999999992871267,1.0335064503691571e-6,1.033506478965336e-6,0.7417567767713926,1.837079944162903,1.791229356438695,0.013455784732057885,0.0001642464905438815,0.00016399158821259728,0.0009944663317256784,0.0011109999999999777,0.001110999999999985,0.001110999999999985,0.0010011099999999917,0.0010011099999999917,0.0010011099999999917
2025-06-11T20:36:18Z,39.98334375733787,-75.15137740935936,14.952022718149237,4.391761803999543,4.083199991902802,-0.326961138540355,1.0888639254990267,-0.030496799975935573,-2.532920599798672,0.0009999999950451866,0.0009999999978731466,0.0010000000002321485,0.001000000002918,0.0009999999996992415,0.0009999999990881747,2.0335065931724574e-6,2.0335067126729947e-6,0.7791781488542886,2.0999502210466447,2.0537555022946408,0.014034021207133568,0.00017392069908381678,0.00017414251005681494,0.001004722671351888,0.001111999999999977,0.0011119999999999843,0.0011119999999999843,0.0010011199999999908,0.0010011199999999908,0.0010011199999999908
2025-06-11T20:36:19Z,39.983382357244835,-75.15132582608987,15.205194491194561,3.9780305595486425,5.131649558839854,-0.45400725229046657,1.074197189984261,-0.07003981522575486,-2.456263607746223,0.0009999999953720362,0.0009999999975178753,0.0010000000002463594,0.0010000000027474698,0.0009999999997631903,0.0009999999992906794,3.0335068533549483e-6,3.0335071392427516e-6,0.8162151025896189,2.383534064427083,2.345025580749296,0.015466865253746742,0.00018446217090347912,0.00018387653752197417,0.0010169206650069628,0.0011129999999999762,0.0011129999999999836,0.0011129999999999836,0.0010011299999999903,0.0010011299999999903,0.0010011299999999903
2025-06-11T20:36:20Z,39.98341356000356,-75.1512644827869,15.404393683653325,3.372695679659955,6.027421830047388,-0.42960404685436515,1.070026612826041,0.02417486558078963,-2.565927667747019,0.0009999999952583494,0.0009999999978163032,0.0009999999998768772,0.0010000000030601086,0.0010000000001610942,0.0009999999988430375,4.033507252669065e-6,4.03350779470309e-6,0.8547060290410158,2.7042513197907554,2.673967351147526,0.017334550521084013,0.00019279432862023976,0.00019410739946587163,0.0010229841043482215,0.0011139999999999755,0.001113999999999983,0.0011139999999999828,0.0010011399999999902,0.0010011399999999902,0.0010011399999999902
2025-06-11T20:36:21Z,39.98343227048637,-75.15119239977851,15.63838528515771,2.7052281411306467,7.3900840555434115,-0.40893027646961855,1.068423569551669,-0.09135670076921087,-2.4387066068593413,0.0009999999956278316,0.0009999999975747187,0.000999999999706347,0.001000000003017476,0.0010000000000971454,0.0009999999984557917,5.033507810073591e-6,5.033508718124693e-6,0.8971897061944396,3.054752564108036,3.035674690406231,0.02053388457867053,0.00020363757136008688,0.0002037639823379847,0.0010382459727328425,0.0011149999999999743,0.0011149999999999838,0.0011149999999999819,0.0010011499999999889,0.001001149999999989,0.0010011499999999889
2025-06-11T20:36:22Z,39.98357032043226,-75.15135304512742,14.489186605555005,1.9793403743533418,7.1034164011944085,-0.5110521588940173,1.0691900786187034,-0.03886694420771164,-2.3050971342308912,0.000999999995485723,0.0009999999975747187,0.000999999999706347,0.001000000003031687,0.0009999999999337206,0.0009999999983669738,1.0747664921180138e-6,1.0747665393927634e-6,0.8580184541697892,2.666382039216056,2.6628928696802747,0.021070999206383667,0.00018305775277082027,0.00018541571087274378,0.0010435779223319178,0.001115999999999974,0.0011159999999999842,0.0011159999999999814,0.0010011599999999888,0.0010011599999999888,0.0010011599999999888
2025-06-11T20:36:23Z,39.98358769814439,-75.15127080688173,14.79215682449285,1.336747948647826,7.64863605046412,-0.4733766706303868,1.06699399666104,0.02055430652467294,-2.434205603261944,0.000999999995201506,0.0009999999975605078,0.0009999999999337206,0.0010000000029748435,0.0009999999997702957,0.0009999999983492103,2.0747667030045393e-6,2.07476689189485e-6,0.9155961443114593,2.997873551651463,2.999581898425783,0.023452430449797668,0.00019108575983828893,0.00019565347937816217,0.001051684403613889,0.0011169999999999728,0.001116999999999984,0.0011169999999999804,0.0010011699999999885,0.0010011699999999887,0.0010011699999999887
2025-06-11T20:36:24Z,39.98360431171243,-75.15118698281817,15.178741225972772,1.5144293014891446,8.112822249066085,-0.3857210594469507,1.0266185743967071,-0.2291943603904656,-1.9148951396200573,0.0009999999948888671,0.0009999999973757667,0.0009999999998484554,0.0010000000032022172,0.0010000000000189857,0.0009999999984557917,3.0747670789968705e-6,3.07476751675074e-6,0.9747637866616187,3.3570846569464843,3.3537185428103315,0.024394745980893195,0.0002111917271964943,0.00020342101891254502,0.0010853411489972183,0.001117999999999973,0.0011179999999999842,0.0011179999999999808,0.0010011799999999878,0.0010011799999999878,0.0010011799999999878
2025-06-11T20:36:25Z,39.98361417263129,-75.15110994975693,15.54380311386194,0.18775114873460552,7.203468593361322,-0.40879757547736517,1.110433072768501,-0.04793402637324107,-2.1809966878208797,0.000999999995201506,0.000999999997247869,0.0010000000004453113,0.0010000000034011691,0.0010000000003032028,0.0009999999985943475,4.074767648507304e-6,4.074768449891099e-6,1.0307126032737304,3.7358417910597206,3.7389434763411886,0.02526104044762012,0.00020615621626880667,0.00021472548126731192,0.0010746282177685612,0.0011189999999999722,0.0011189999999999835,0.0011189999999999796,0.0010011899999999882,0.0010011899999999882,0.0010011899999999882
2025-06-11T20:36:26Z,39.98361542869574,-75.15104568327972,15.928986918646842,0.6377627807596582,6.632583649654407,-0.27515833719735383,1.0839004645240493,0.16524309970372997,-2.678768434765516,0.000999999995300982,0.0009999999976599838,0.001000000000487944,0.001000000003216428,0.0010000000004808385,0.0009999999987293506,5.074768442002837e-6,5.074769726702441e-6,1.0763958668449085,4.143654664864103,4.129629825681952,0.023263968572119154,0.0002168602955332932,0.0002247572330038408,0.0010886663121942143,0.0011199999999999721,0.0011199999999999834,0.0011199999999999797,0.0010011999999999881,0.0010011999999999881,0.0010011999999999881
2025-06-11T20:36:27Z,39.98355816291232,-75.15125363552602,15.54854822915513,0.06950598792900564,3.962160714145284,-0.23833619715333043,1.1327845541673014,-0.03252963960812849,-2.389310689177364,0.0009999999953578254,0.00099999999792999,0.001000000000672685,0.001000000003116952,0.0010000000006940013,0.000999999998960277,1.1012390954909684e-6,1.101239146866417e-6,0.9455261040190882,2.798774645231109,2.7834060979795403,0.017522162491921095,0.00016806241489922768,0.0001796135522706813,0.0010894430663975776,0.0011209999999999712,0.0011209999999999825,0.0011209999999999788,0.0010012099999999878,0.0010012099999999878,0.0010012099999999878
2025-06-11T20:36:28Z,39.98356167305592,-75.15121460039461,16.033240099670365,0.09350490264932887,3.4931626601319294,-0.18609332091909891,1.1200959205743857,0.03132244701146192,-2.507959372451296,0.0009999999952583494,0.000999999997830514,0.0010000000009569021,0.0010000000032306389,0.001000000000573209,0.000999999999493184,2.1012393191256784e-6,2.1012395180839595e-6,0.9729448008884254,3.1012246436588145,3.0824901993805023,0.017166917580808155,0.00017595927607897598,0.0001894890750331045,0.0010996639340474226,0.0011219999999999715,0.001121999999999983,0.0011219999999999791,0.0010012199999999876,0.0010012199999999876,0.0010012199999999876
2025-06-11T20:36:29Z,39.983562300879704,-75.15117842340388,16.412922513205558,-0.6778698421476292,3.7101304020325188,-0.1913055848708609,1.124142370885238,0.019289613664113858,-2.451451851258753,0.0009999999954715122,0.0009999999975320861,0.0010000000008432153,0.001000000003500645,0.0010000000005518928,0.0009999999994718678,3.101239710480152e-6,3.1012401664306496e-6,0.9965280588110194,3.4226344145892207,3.4148068027501126,0.018223921278336858,0.0001835396612210617,0.00019950329098641974,0.0011093516531132486,0.0011229999999999715,0.0011229999999999825,0.0011229999999999788,0.0010012299999999873,0.001001229999999987,0.0010012299999999873
2025-06-11T20:36:30Z,39.983555243906906,-75.15113861454009,16.749891098821536,-1.3572658133343793,4.373347443470266,-0.20256362687905494,1.1240966219775146,0.00947943603512158,-2.5490686619014014,0.000999999995485723,0.0009999999975320861,0.0010000000005874199,0.0010000000036427537,0.001000000000225043,0.0009999999992373887,4.101240295983849e-6,4.101241131214615e-6,1.0212398272048602,3.7651946191240517,3.7790108678142342,0.019603842723377646,0.00019170217010199513,0.00020887162074035746,0.0011193237651061436,0.0011239999999999725,0.0011239999999999835,0.0011239999999999798,0.001001239999999987,0.001001239999999987,0.001001239999999987
2025-06-11T20:36:31Z,39.98353899469344,-75.15109234734558,16.844738446176052,-1.9938915981038008,4.728759809571784,-0.41128975637911935,1.1348026030318579,0.01230256117889894,-2.4796645564201754,0.0009999999956562533,0.000999999997347345,0.0010000000005589982,0.0010000000034722234,0.001000000000175305,0.0009999999995358166,5.101241103138498e-6,5.101242454382673e-6,1.0467132725399337,4.121908343641782,4.1677980148151885,0.02070123085739517,0.00019893611917909786,0.00021893993311651036,0.0011292854222556181,0.001124999999999973,0.0011249999999999843,0.0011249999999999806,0.001001249999999988,0.001001249999999986,0.001001249999999988
2025-06-11T20:36:32Z,39.98370284586235,-75.15125726739907,16.230634226230904,-1.3288617675862042,3.612930387229426,-0.35770524802501313,1.1269860082538798,0.05866025029990851,-2.499649216304533,0.0009999999956704642,0.0009999999975889295,0.0010000000006584742,0.001000000003600121,0.0009999999998200337,0.00099999999984135,1.0521650868124776e-6,1.052165126624752e-6,0.9161977782929394,2.2304815373188496,2.2610221997353803,0.018129838485586636,0.00015451585338790866,0.00016169156488477147,0.0011380847088416088,0.0011259999999999719,0.0011259999999999831,0.00112599999999998,0.0010012599999999878,0.001001259999999985,0.0010012599999999878
2025-06-11T20:36:33Z,39.983692350449594,-75.15121617954235,16.42952916934155,-1.4600015789765166,3.745265452453168,-0.32826654343807604,1.133186028819182,0.0047574025571179845,-2.6043908098945394,0.0009999999953151928,0.0009999999974041884,0.001000000000388468,0.0010000000038417056,0.0009999999995145004,0.000999999999617529,2.052165260068394e-6,2.052165422130715e-6,0.9488539101702207,2.4637671958955303,2.509106724792018,0.01830293559535512,0.00016369234256827388,0.00017087180209922285,0.0011456930055741077,0.0011269999999999724,0.0011269999999999841,0.0011269999999999802,0.0010012699999999873,0.0010012699999999855,0.0010012699999999868
2025-06-11T20:36:34Z,39.98368164117655,-75.15117979994712,16.607954538427293,-1.6071851177985081,3.053442901786184,-0.40992907555846614,1.1565393096097978,0.02002595103999738,-2.5183651603292674,0.000999999995585199,0.0009999999978020924,0.0010000000007579501,0.0010000000040406576,0.0009999999994860787,0.00100000000009004,3.052165565614013e-6,3.0521659454698337e-6,0.9765495925437834,2.7161595748198724,2.782919750784939,0.01802847062798732,0.00017209647177983327,0.00018103711007050338,0.00115633324912828,0.0011279999999999717,0.0011279999999999825,0.001127999999999979,0.0010012799999999872,0.0010012799999999863,0.001001279999999987
2025-06-11T20:36:35Z,39.98366729169282,-75.15114528964928,16.758763601304963,-1.9983887343259994,3.53340201600804,-0.23865754003963957,1.1449502525501885,-0.05945299695349604,-2.515621373691829,0.0009999999955709882,0.0009999999975320861,0.0010000000005447873,0.0010000000036285428,0.0009999999997205578,0.0009999999999052989,4.052166024645429e-6,4.052166730603074e-6,1.000319399822346,2.9941979483054246,3.0975718730960815,0.01862430852356109,0.00018127368142354888,0.00019058780005787066,0.0011638942129219999,0.0011289999999999705,0.0011289999999999818,0.0011289999999999783,0.0010012899999999863,0.0010012899999999863,0.0010012899999999863
2025-06-11T20:36:36Z,39.983646794455204,-75.15110170633892,16.94515200261958,-2.2682511046295986,4.638525992631912,-0.20205000428722997,1.1528104610333685,-0.13094532094510214,-2.250274223071756,0.0009999999957983619,0.0009999999973615559,0.0010000000005447873,0.0010000000039838142,0.0009999999996708198,0.0009999999995642384,5.052166659522758e-6,5.052167815971807e-6,1.0230259778985804,3.2884680840815497,3.44070209831119,0.0195223770914352,0.00019041410513426704,0.00020174427097971286,0.0011770438011502848,0.00112999999999997,0.0011299999999999813,0.0011299999999999776,0.0010012999999999864,0.0010012999999999867,0.0010012999999999864
2025-06-11T20:36:37Z,39.98384757466936,-75.15120934935317,15.970189556013793,-0.6471956293098629,6.030757927335799,-0.4034572402415506,1.1806094626081176,-0.28432105023239274,-2.028743968316121,0.0009999999956420424,0.000999999997347345,0.0010000000003600462,0.00100000000391276,0.0009999999992871267,0.000999999999258705,1.0875267009379258e-6,1.0875267511946123e-6,0.9233537571007774,2.4810165382795146,2.586375891122638,0.018325310629816266,0.0001798961535068438,0.00017712185278538368,0.0011983112056067028,0.0011309999999999695,0.0011309999999999808,0.0011309999999999769,0.001001309999999987,0.0010013099999999868,0.001001309999999987
2025-06-11T20:36:38Z,39.9838450070952,-75.15112457063061,16.192079508909956,-0.4952166802540887,8.804932164261118,-0.3530721511488082,1.1355669915210456,-0.4506462932804425,-1.5509828728972934,0.0009999999952441385,0.0009999999972620799,0.0010000000005589982,0.001000000003998025,0.0009999999992018616,0.000999999999681478,2.0875268975620296e-6,2.08752709623555e-6,0.9588359770098872,2.7548727585500146,2.875189153170974,0.02292665424180526,0.0002166794222328487,0.00018392773490076995,0.0012589857656299347,0.0011319999999999698,0.0011319999999999813,0.0011319999999999774,0.001001319999999987,0.001001319999999987,0.0010013199999999868
2025-06-11T20:36:39Z,39.98383809853228,-75.15101177079019,16.762062491849065,-1.8081287209206494,11.186300172819756,0.30462869418261107,1.1669621320615988,-0.2772345445373503,-1.2151934323483147,0.0009999999953294036,0.0009999999974610319,0.0010000000005305765,0.0010000000043106638,0.0009999999993723918,0.000999999999692136,3.0875272438986786e-6,3.0875277039724284e-6,1.0088635456111998,3.0847714324367916,3.218333794853689,0.030771617451520794,0.00020402329438742027,0.0001882697890341101,0.0012433755780591332,0.0011329999999999702,0.0011329999999999815,0.0011329999999999776,0.001001329999999986,0.0010013299999999865,0.0010013299999999854
2025-06-11T20:36:40Z,39.98381995876047,-75.15087855875599,17.47082233079709,-2.753081927919993,13.028299964382313,-0.21055041474573954,1.1641141041909577,-0.33387812732325983,-1.0574572829646058,0.0009999999953294036,0.0009999999973757667,0.001000000000672685,0.0010000000041117119,0.0009999999991521236,0.0009999999996637143,4.087527765666657e-6,4.0875286072410685e-6,1.0810641040226685,3.4034665738666736,3.5402019448358977,0.038251845519613276,0.0002241729908372666,0.0001931785276166672,0.001270421052631803,0.0011339999999999695,0.001133999999999981,0.0011339999999999773,0.0010013399999999856,0.0010013399999999856,0.0010013399999999858
2025-06-11T20:36:41Z,39.98378950013551,-75.1507260701137,17.513102188473567,-3.7931893032218795,13.996394225629047,-0.273338909883023,1.2002179413102567,-0.1064210375507173,-1.0406027431454277,0.0009999999952157168,0.0009999999975605078,0.0010000000003316245,0.0010000000040406576,0.0009999999989744879,0.0009999999998520082,5.087528488596373e-6,5.087529829001745e-6,1.1693481747125511,3.746104407091918,3.888758511546314,0.04216310149607927,0.00021273771836960328,0.00019845784488877258,0.0012400778517925393,0.0011349999999999683,0.0011349999999999804,0.0011349999999999765,0.0010013499999999868,0.0010013499999999868,0.0010013499999999866
2025-06-11T20:36:42Z,39.9839324038346,-75.15133828584902,13.744122745585628,-5.9164502522326075,10.98455842921976,-0.44466859286330873,1.2186273562983843,-0.15623259316635085,-1.0564570861752145,0.000999999994903078,0.000999999997546297,0.0010000000001610942,0.001000000003998025,0.000999999999109491,0.0010000000003209664,1.0521636678699224e-6,1.0521637219133023e-6,0.9708448890785096,2.952341879888846,3.0189944952370755,0.03414537255695224,0.00019325519298777594,0.00017336078235798372,0.001251957442431745,0.0011359999999999688,0.001135999999999981,0.001135999999999977,0.0010013599999999876,0.0010013599999999876,0.0010013599999999867
2025-06-11T20:36:43Z,39.9838782725844,-75.15121688490612,14.214930104208179,-7.130388209188823,11.286159934010357,-0.6924832621880341,1.211498536518775,-0.20331543018437515,-1.0336711913114414,0.000999999995187295,0.000999999997546297,0.0009999999998768772,0.001000000003699597,0.000999999999507395,0.001000000000537682,2.052163896655983e-6,2.0521641101320593e-6,1.0767717274549737,3.2429345061395356,3.296499591231442,0.03787709296351138,0.00020721580159233771,0.00017869529329894344,0.001271978954389443,0.001136999999999969,0.0011369999999999816,0.0011369999999999777,0.001001369999999988,0.001001369999999988,0.0010013699999999871
2025-06-11T20:36:44Z,39.983816060916915,-75.15110373321757,14.741381990490481,-8.397477706545033,11.066116285626777,-0.5708436064815032,1.210581607199856,-0.14139527880797687,-0.9800731822251691,0.0009999999948746563,0.000999999997063128,0.0010000000000758291,0.0010000000036853862,0.0009999999997702957,0.0010000000003955734,3.052164298060988e-6,3.052164779308656e-6,1.181951428090112,3.5565419147217936,3.593136208636011,0.0405339384559468,0.00021395436015913275,0.0001820409508077438,0.0012717823975249764,0.0011379999999999691,0.0011379999999999804,0.001137999999999977,0.0010013799999999868,0.0010013799999999866,0.001001379999999987
2025-06-11T20:36:45Z,39.983742502564326,-75.15100019982275,15.28175945894327,-9.522254121606238,10.863203708198853,-0.6452769488168997,1.2127233904175228,-0.15313374512879818,-1.0329284005129011,0.0009999999945904392,0.000999999996963652,0.001000000000388468,0.0010000000035432777,0.0009999999998839826,0.0010000000005270238,4.0521648963992656e-6,4.052165748730853e-6,1.2785743097024405,3.877130784404465,3.8866330164669822,0.042789266131835896,0.00022436637875331366,0.00018518038706202177,0.0012843968232258023,0.0011389999999999697,0.0011389999999999814,0.0011389999999999775,0.001001389999999987,0.001001389999999987,0.001001389999999987
2025-06-11T20:36:46Z,39.983655948342765,-75.15090681249384,15.848616529954597,-10.34056019608397,10.473479114938527,-0.5457119226048235,1.2153065789461834,-0.17679972336009087,-1.049795415776316,0.000999999994803602,0.0009999999967647,0.0010000000001610942,0.0010000000037280188,0.0009999999998484554,0.0010000000003067555,5.052165720422355e-6,5.052167038088191e-6,1.3604527482293343,4.2098740770084975,4.191011193551978,0.04343934429317328,0.00023608092453576173,0.000186834378556523,0.0012998174451892314,0.00113999999999997,0.0011399999999999822,0.0011399999999999785,0.0010013999999999878,0.0010013999999999878,0.0010013999999999878
2025-06-11T20:36:47Z,39.98395064532554,-75.15181427716325,13.324184529832564,-8.526622047647834,3.9268570507119875,-0.7137683975088294,1.2027280726470053,-0.12662543132682913,-1.0049122070340673,0.0009999999945762283,0.0009999999967078566,0.0010000000000047748,0.0010000000035716994,0.0010000000001539888,0.0010000000005092602,1.0335068923990818e-6,1.0335069279730227e-6,1.002991642091062,2.1336917507754167,2.123343855948826,0.030969987466128182,0.00017588169699460718,0.000146234752703038,0.0012947710274905375,0.00114099999999997,0.0011409999999999812,0.0011409999999999773,0.0010014099999999886,0.0010014099999999884,0.0010014099999999884
2025-06-11T20:36:48Z,39.98387662048237,-75.15177978854327,14.114145911997184,-9.29649723181501,3.467562100297073,-0.5398410640555085,1.2180620864528464,-0.10036249709173717,-1.0304715989041142,0.000999999994803602,0.000999999996849965,0.0009999999998768772,0.0010000000036853862,0.0009999999996850306,0.0010000000007508447,2.0335070552212517e-6,2.0335071998021652e-6,1.0904832408315965,2.337793846499359,2.331375732431751,0.032423369492468296,0.00018446773789743514,0.00015333841413062418,0.0012997359133639242,0.0011419999999999707,0.0011419999999999803,0.0011419999999999764,0.0010014199999999881,0.0010014199999999881,0.0010014199999999883
2025-06-11T20:36:49Z,39.98379798242671,-75.15175456970393,14.838088290649466,-10.079324044869281,2.9315554553177208,-0.5117742364454898,1.2152525712008355,-0.11200965161060594,-0.9806283187353984,0.0009999999946472826,0.0009999999971057605,0.0009999999994789732,0.00100000000341538,0.0009999999998555609,0.0010000000010350618,3.033507339816933e-6,3.033507676019464e-6,1.168405526389436,2.5498400864380586,2.5599669914972747,0.03355776776118158,0.00019535251240978505,0.00015871376385737974,0.001313999543290343,0.001142999999999971,0.0011429999999999798,0.0011429999999999758,0.001001429999999989,0.001001429999999989,0.001001429999999989
2025-06-11T20:36:50Z,39.98371151283212,-75.15173961282362,15.583549710456282,-10.95349941693712,2.3116502579068765,-0.4685123775707325,1.2135803843993926,-0.09219462739565643,-0.9941301987273619,0.000999999994803602,0.000999999997063128,0.000999999999791612,0.0010000000035716994,0.000999999999606871,0.0010000000007401866,4.033507762865506e-6,4.0335083816539884e-6,1.2351232396296774,2.769991132425241,2.818321969566231,0.0349586753969259,0.00020365726937812405,0.00016464380147234044,0.001320460833661751,0.0011439999999999701,0.0011439999999999786,0.0011439999999999766,0.001001439999999989,0.0010014399999999893,0.0010014399999999893
2025-06-11T20:36:51Z,39.98361222162511,-75.15173323953675,16.34509982331656,-11.812045795377344,1.8111412551952526,-0.42494782771609607,1.2091910000453936,-0.12344871186178352,-0.9999539359268965,0.000999999994803602,0.0009999999969920736,0.0010000000001042508,0.0010000000038559165,0.0009999999995713438,0.0010000000010492727,5.033508345342806e-6,5.03350934815924e-6,1.2918564529624614,2.9938711241843086,3.109422380536995,0.03649068035748124,0.0002135872181935478,0.00017035444560676078,0.0013390163134428842,0.001144999999999971,0.0011449999999999783,0.0011449999999999774,0.0010014499999999888,0.0010014499999999888,0.0010014499999999888
2025-06-11T20:36:52Z,39.98403036643976,-75.1523738182329,13.772968619014136,-8.505000922712497,-2.28634793809033,-0.45212103430822026,1.215859712305246,-0.05037971992078383,-0.9880976745625958,0.0009999999945478066,0.000999999996565748,0.0010000000002463594,0.0010000000039838142,0.0010000000000260911,0.0010000000008680843,1.0423312452684033e-6,1.0423312739897707e-6,0.9699175083467737,1.5253810525182487,1.5925917272948364,0.02713353094515253,0.00016342577879371092,0.00014371643902326835,0.0013229062160670592,0.0011459999999999706,0.0011459999999999782,0.0011459999999999782,0.001001459999999988,0.0010014599999999879,0.001001459999999988
2025-06-11T20:36:53Z,39.983957615586945,-75.15240994769913,14.747443703585304,-8.966384958359413,-3.18675888251164,-0.4166982994611317,1.2078513672895497,-0.04022177882325195,-1.0113414372317493,0.000999999994306222,0.0009999999962531092,0.0010000000005163656,0.001000000003813284,0.0010000000000047748,0.0010000000011878285,2.0423313618164293e-6,2.0423314809519496e-6,1.0426719311709653,1.681399756906231,1.7778607371850041,0.02832846399583333,0.000171645698822119,0.00015292891903097313,0.0013312796950078407,0.0011469999999999712,0.0011469999999999785,0.0011469999999999788,0.001001469999999989,0.0010014699999999872,0.0010014699999999887
2025-06-11T20:36:54Z,39.98388165599598,-75.15245516518561,15.569273021188565,-9.752201730851084,-3.6619556638761424,-0.5188869703852106,1.2054174549557501,-0.11446244876151468,-0.9835525990492897,0.0009999999944909632,0.0009999999964236395,0.0010000000005874199,0.0010000000037422296,0.0009999999998200337,0.0010000000015573107,3.0423315654652537e-6,3.042331850193342e-6,1.1098993450414023,1.8439848710290825,1.9937663828686332,0.030201267287465666,0.0001826124031028592,0.00016076895115716528,0.001360855819561248,0.001147999999999972,0.0011479999999999776,0.0011479999999999795,0.0010014799999999897,0.0010014799999999862,0.0010014799999999895
2025-06-11T20:36:55Z,39.98379609186836,-75.15250564455245,16.29130482277833,-10.75580026942771,-4.103772779926658,-0.4164627177233342,1.212037425590097,-0.06056244661067467,-1.0050147416041,0.0009999999945904392,0.0009999999967078566,0.0010000000009000587,0.0010000000039696033,0.0010000000000260911,0.001000000001219803,4.042331869502884e-6,4.042332409237916e-6,1.1735675608278766,2.0193605252103484,2.2502948936003073,0.032675401898822454,0.00018774674855999554,0.00017004301546747987,0.001357188593166232,0.001148999999999972,0.0011489999999999769,0.0011489999999999797,0.0010014899999999907,0.0010014899999999873,0.0010014899999999897
2025-06-11T20:36:56Z,39.983697713215314,-75.15256159674176,17.281492481939495,-11.349492751993239,-4.606151180923916,-0.26507736392886727,1.2230900668073446,-0.10359477761721791,-0.9450187601687503,0.0009999999942067461,0.0009999999964804829,0.0010000000008147936,0.0010000000039838142,0.0009999999998555609,0.0010000000010634835,5.042332290817197e-6,5.042333190582221e-6,1.232614530055499,2.2011826867367175,2.539493126552403,0.03421901874033875,0.00019771063534624694,0.00017662225837791791,0.001378565192793856,0.0011499999999999711,0.001149999999999976,0.001149999999999979,0.0010014999999999915,0.001001499999999988,0.001001499999999989
2025-06-11T20:36:57Z,39.98413424793077,-75.1529142135953,15.40986227535177,-4.593230048660189,-7.618747262051329,-0.3471475740407186,1.1935409637371777,-0.01935192191308488,-0.9434868448370253,0.0009999999941356918,0.0009999999961110007,0.001000000000672685,0.0010000000044669832,0.0009999999996210818,0.0010000000010492727,1.0335064228939558e-6,1.033506436483299e-6,0.9060281791751619,0.7086384884811902,0.7530970521378358,0.022976732643432696,0.00013615226486888023,0.00013557227200527896,0.0013419413510079503,0.0011509999999999717,0.0011509999999999765,0.001150999999999979,0.0010015099999999924,0.0010015099999999887,0.0010015099999999887
2025-06-11T20:36:58Z,39.9840934089524,-75.15300943103469,16.276406709337607,-5.0630074317450635,-8.587229670840316,-0.19717003211735573,1.1892985668964684,0.0026212993998342426,-0.9764567436141078,0.0009999999944767524,0.0009999999958409944,0.0010000000006158416,0.0010000000045380375,0.0009999999992800213,0.0010000000008751897,2.0335064772551185e-6,2.0335065345178966e-6,0.9699680058486498,0.812593358005374,0.8683833161295618,0.024237282493748444,0.00014405789845578937,0.0001461878245755085,0.0013473191454470806,0.0011519999999999718,0.0011519999999999766,0.0011519999999999796,0.0010015199999999914,0.0010015199999999877,0.001001519999999988
2025-06-11T20:36:59Z,39.9840477779193,-75.15311353722493,17.102068789303303,-5.753572226560209,-9.214579415507615,-0.1647191547017428,1.1862308273121016,-0.06146525099666178,-0.9565360059859813,0.0009999999942920113,0.0009999999960115247,0.0010000000003032028,0.0010000000046090918,0.0009999999993510755,0.0010000000010244037,3.033506575278742e-6,3.0335067137366323e-6,1.0301577151232284,0.9321313727873567,1.00906671570852,0.025560645956916636,0.00015324205381060587,0.00015555539383862738,0.001370718426229499,0.001152999999999971,0.0011529999999999776,0.0011529999999999783,0.0010015299999999922,0.001001529999999988,0.0010015299999999888
2025-06-11T20:37:00Z,39.983993573714805,-75.15322255428114,17.969267300097272,-6.37679239443969,-9.577336797025055,-0.16549075058901508,1.1854553421144374,-0.057325153423334996,-0.9280608070985181,0.0009999999942351678,0.0009999999958125727,0.00100000000009004,0.0010000000047085678,0.00099999999934397,0.0010000000010244037,4.033506726226501e-6,4.03350699119468e-6,1.0852930906486429,1.0659106834489789,1.1761784718295831,0.026424661983688855,0.00016145253791052176,0.00016469260321998126,0.0013792020031679383,0.0011539999999999712,0.0011539999999999782,0.001153999999999979,0.0010015399999999926,0.0010015399999999874,0.0010015399999999891
2025-06-11T20:37:01Z,39.98392697645223,-75.15333590774043,18.767389308661222,-6.96273182076402,-10.145105805480853,-0.11383953938548075,1.1840265663486207,-0.026050060162333466,-0.9253508144247462,0.00099999999460465,0.0009999999962104766,0.0009999999998200337,0.0010000000048933089,0.000999999999457657,0.0010000000014258603,5.033506938500045e-6,5.033507387197417e-6,1.1341696204537006,1.2202351711062698,1.3727211302372886,0.02737607315417767,0.00016801199598864846,0.00017450930567504695,0.0013810245731649968,0.0011549999999999705,0.0011549999999999783,0.0011549999999999783,0.0010015499999999917,0.0010015499999999882,0.001001549999999988
2025-06-11T20:37:02Z,39.98419393412914,-75.15347875974619,15.607510348199867,-5.083492023579311,-10.073562197037973,-0.3970607782721345,1.169932051197975,-0.0072265470965930945,-0.9398997242460609,0.0009999999942920113,0.0009999999961536332,0.0009999999992800213,0.0010000000051348934,0.0009999999992942321,0.0010000000017917898,1.0521578709386458e-6,1.0521578864186312e-6,0.898600996531659,0.7565851269190338,0.8216226862673311,0.021853599463164022,0.00013657106665770826,0.00014817718728205452,0.0013656252286909682,0.0011559999999999715,0.001155999999999979,0.0011559999999999789,0.0010015599999999925,0.001001559999999989,0.001001559999999989
2025-06-11T20:37:03Z,39.98414893050295,-75.15359957371972,16.469710793578997,-5.601139099395368,-10.837488567805849,-0.4308667505356425,1.1570718749426305,-0.02413839239011395,-0.9535434700374026,0.0009999999946472826,0.0009999999959404704,0.000999999999407919,0.0010000000054048996,0.0009999999993297592,0.00100000000196232,2.05215792955436e-6,2.0521579944215754e-6,0.9605002157965522,0.8836878728597984,0.9646201337719658,0.023423812319601597,0.00014475926784744973,0.00015847771657222728,0.0013773506647111367,0.0011569999999999716,0.0011569999999999794,0.0011569999999999794,0.0010015699999999918,0.001001569999999988,0.001001569999999988
2025-06-11T20:37:04Z,39.984098762546715,-75.15372786655027,17.34871462197043,-6.376118451880757,-11.642553403158672,-0.19310286669315246,1.1693980419222498,-0.022279589067466077,-0.9372781094862148,0.0009999999945620175,0.0009999999958694161,0.00099999999959266,0.0010000000056749059,0.0009999999991521236,0.0010000000014933619,3.0521580367240776e-6,3.052158193642176e-6,1.02100314490371,1.0358603211014703,1.1377531486620842,0.02555105330364739,0.00015287748202556561,0.00016821236442470753,0.0013858498552212508,0.0011579999999999722,0.00115799999999998,0.00115799999999998,0.0010015799999999924,0.001001579999999989,0.0010015799999999885
2025-06-11T20:37:05Z,39.98403925560746,-75.15386390170708,18.21110993134789,-6.950659576395992,-12.477659577387385,-0.24073451935146295,1.1674956055212533,0.0035964356288502586,-0.9465097262800555,0.0009999999947609695,0.0009999999961110007,0.0009999999998626663,0.0010000000057885927,0.0009999999991521236,0.0010000000017136301,4.052158204293757e-6,4.052158503962475e-6,1.0797853905150145,1.2039803023966693,1.3316024796051968,0.027418629832609093,0.000159792680083457,0.00017844533495908134,0.0013903608726096226,0.0011589999999999723,0.0011589999999999812,0.001158999999999981,0.0010015899999999925,0.00100158999999999,0.001001589999999989
2025-06-11T20:37:06Z,39.98396649266508,-75.15400708388313,19.012771902838722,-7.623716218338814,-13.260984515654854,-0.2162604555433063,1.1630914994166233,-0.029055318315613476,-0.9539558057076647,0.0009999999950736083,0.000999999995983103,0.0009999999999763531,0.001000000005959123,0.0009999999989958042,0.0010000000016106014,5.052158442926315e-6,5.05215894724408e-6,1.135963839031425,1.3917068252377673,1.552780800718703,0.029435518674061023,0.0001662230043897917,0.00018863219868048699,0.0014026878354794783,0.0011599999999999716,0.001159999999999982,0.0011599999999999811,0.0010015999999999936,0.001001599999999991,0.0010015999999999884
2025-06-11T20:37:07Z,39.98421495497012,-75.1539931366902,13.95437393093016,-9.12301255913917,-14.01319613668602,-0.8328670318660443,1.1663858575047925,-0.03135448524062667,-0.9726086980444961,0.0009999999953720362,0.0009999999960967898,0.0009999999998768772,0.0010000000062007075,0.0009999999991237019,0.0010000000017846844,1.0875266654676596e-6,1.0875266953153626e-6,0.94220396034307,1.3104975483299635,1.466382449524715,0.026391500600548512,0.00015533130832510097,0.0001813723244355882,0.0013989290676205217,0.0011609999999999709,0.0011609999999999824,0.0011609999999999813,0.0010016099999999944,0.001001609999999991,0.0010016099999999874
2025-06-11T20:37:08Z,39.984136753806446,-75.15415407052124,14.835086344392039,-9.615794070996344,-14.600106791243888,-0.7548935044396785,1.166953719119192,-0.00371408483422897,-0.9334733419163967,0.000999999995187295,0.0009999999960115247,0.0009999999998200337,0.0010000000062007075,0.0009999999993866027,0.001000000001603496,2.087526768684842e-6,2.0875268901822026e-6,1.0213690323497298,1.5106125285546765,1.6966887433111888,0.02905661141248639,0.00016275183711467973,0.00019085137057685622,0.0014042959085389917,0.0011619999999999719,0.0011619999999999814,0.0011619999999999805,0.0010016199999999937,0.00100161999999999,0.0010016199999999867
2025-06-11T20:37:09Z,39.98405595380248,-75.15431676192536,15.756827409612015,-10.28670336410869,-15.260599716799334,-0.6935440616580308,1.155152620820445,-0.02604233852980542,-0.9482007480910397,0.0009999999950309757,0.0009999999961536332,0.0009999999997347686,0.0010000000063001835,0.0009999999994860787,0.001000000001379675,3.087526953447565e-6,3.0875272411739625e-6,1.101182329830529,1.7297766716299887,1.9508637770152768,0.03238879905210615,0.00016871716319569326,0.0002010711924686206,0.0014143121648692064,0.0011629999999999713,0.0011629999999999818,0.0011629999999999798,0.0010016299999999932,0.0010016299999999895,0.001001629999999986
2025-06-11T20:37:10Z,39.98396562138241,-75.15448112669247,16.659675346920267,-11.122290044673719,-15.809904537862167,-0.6412331692699809,1.153024937651935,-0.03417779278379385,-0.9196309877806925,0.0009999999951588734,0.0009999999964520612,0.0009999999996495035,0.0010000000062717618,0.0009999999995002895,0.0010000000016745503,4.087527237004461e-6,4.087527774514989e-6,1.1812352998336892,1.9625597822723624,2.2286562143944484,0.0359062198104837,0.0001741749076842262,0.00021068271195078935,0.0014226646613009091,0.001163999999999972,0.0011639999999999812,0.0011639999999999804,0.0010016399999999922,0.0010016399999999885,0.001001639999999985
2025-06-11T20:37:11Z,39.983858445275615,-75.15464649197558,17.550784784834832,-12.088272230816074,-16.404403410851955,-0.6274643775614095,1.143589020241052,-0.0015412419404299271,-1.0507838912308216,0.0009999999955425665,0.0009999999962531092,0.0009999999999052989,0.0010000000061012315,0.0009999999995855546,0.0010000000019338984,5.087527638827095e-6,5.087528517325925e-6,1.260934030641414,2.208564782981735,2.528475272599145,0.0399233259695686,0.00017707710271350216,0.0002214060655540383,0.0014268297513531675,0.0011649999999999727,0.0011649999999999805,0.0011649999999999803,0.0010016499999999917,0.001001649999999988,0.0010016499999999846
2025-06-11T20:37:12Z,39.98413132684095,-75.15439162386691,16.38458438636735,-13.135771983186714,-17.28095465619117,-0.800871819985332,1.1493848359095864,-0.023630201926380323,-0.9809561577203567,0.000999999995187295,0.000999999996167844,0.0009999999999052989,0.0010000000059733338,0.0009999999999834586,0.0010000000017171828,1.3821609076408758e-6,1.382160990696094e-6,1.243275363531708,2.32136456673369,2.670122238995253,0.04008592824422433,0.00017447489686013622,0.00022338281875101818,0.0014316216418863562,0.0011659999999999713,0.001165999999999981,0.001165999999999979,0.0010016599999999906,0.0010016599999999889,0.0010016599999999837
2025-06-11T20:37:13Z,39.98401680736366,-75.15458223550354,17.34259585966356,-13.73098431469407,-17.54575441754423,-0.7349640388856642,1.1385497163719265,0.025431149790847485,-1.1446951081015868,0.0009999999950309757,0.0009999999959546813,0.0009999999998200337,0.001000000005859647,0.0009999999999550369,0.0010000000020724542,2.382161117813991e-6,2.3821613903064563e-6,1.3253158127091855,2.576635259307951,2.9952465584909373,0.04272160205368156,0.00017894935655497342,0.00023166073342034964,0.0014382515505010592,0.0011669999999999706,0.001166999999999982,0.0011669999999999782,0.00100166999999999,0.0010016699999999892,0.0010016699999999827
2025-06-11T20:37:14Z,39.98390109727234,-75.15476835815842,18.213063172763214,-13.83709725679364,-17.446785694919527,-0.5879222008516081,1.1338534511160105,-0.15544717755801685,-0.8447389947614283,0.0009999999950878191,0.0009999999961394224,0.0009999999996210818,0.0010000000056891167,0.0009999999996779252,0.0010000000021435085,3.3821614653668007e-6,3.382162053339284e-6,1.3933861533123706,2.8323630597490657,3.3356501289253306,0.04205448657449018,0.00018408521233752667,0.00024218248910569946,0.0014605665043360707,0.0011679999999999703,0.0011679999999999818,0.0011679999999999779,0.001001679999999991,0.00100167999999999,0.0010016799999999829
2025-06-11T20:37:15Z,39.98378407900636,-75.15494717954786,19.125835174927488,-13.584779462195002,-17.170426808297634,-0.44532370399610954,1.1315955658792518,-0.13136895159732376,-0.8789002257108223,0.0009999999949314997,0.0009999999959973138,0.0009999999997631903,0.0010000000060017555,0.000999999999891088,0.0010000000024703581,4.382161971667816e-6,4.382163011299715e-6,1.437866244149169,3.0910629147373565,3.6900661167947524,0.039356952813951795,0.00018298845348896665,0.0002525788876024442,0.0014633316896811804,0.0011689999999999698,0.0011689999999999813,0.0011689999999999765,0.0010016899999999909,0.0010016899999999893,0.001001689999999984
2025-06-11T20:37:16Z,39.98366246753822,-75.15512099835733,19.991025653667748,-13.319055115222,-16.952859492274,-0.3243824170240259,1.1248945514089428,-0.13338655603183724,-0.8759579585675965,0.0009999999951446625,0.0009999999958694161,0.0010000000001610942,0.0010000000057317493,0.0009999999997631903,0.0010000000022216682,5.382162661668133e-6,5.38216429884766e-6,1.4576899898349622,3.360350186583263,4.065658809761487,0.0363638358725068,0.0001833845800847953,0.00026254560865175534,0.0014707112606756711,0.0011699999999999703,0.001169999999999982,0.001169999999999977,0.0010016999999999897,0.0010016999999999888,0.0010016999999999826
2025-06-11T20:37:17Z,39.9842296988239,-75.154252735572,23.687442924128845,-6.912680792680476,-5.959808391344268,0.48200070886014146,1.0520709591073683,-0.15928843191250053,-0.8589022789383307,0.000999999995201506,0.0009999999961394224,0.0010000000000189857,0.0010000000059164904,0.000999999999656609,0.0010000000022287736,1.1316226493205725e-6,1.1316226765524901e-6,1.1090399093752674,1.215072959975423,1.3048490597379474,0.021854271631683755,0.00012757697962817696,0.0001564881455309879,0.0014507570199415536,0.0011709999999999696,0.0011709999999999809,0.0011709999999999774,0.001001709999999989,0.0010017099999999881,0.0010017099999999818
2025-06-11T20:37:18Z,39.98416729038828,-75.15432009697867,24.27357034687884,-6.949729196319822,-5.612150184169877,0.4680637613273575,1.0524366902536713,-0.15608144229736354,-0.859649305617495,0.000999999994903078,0.0009999999958409944,0.0010000000003600462,0.0010000000062717618,0.0009999999993794972,0.0010000000024597,2.1316227477198616e-6,2.131622852476448e-6,1.1237661315347518,1.356760157520927,1.4624177993090166,0.02033777782936723,0.0001354810161055667,0.00016647221286551786,0.001459965955716117,0.0011719999999999702,0.0011719999999999814,0.0011719999999999775,0.0010017199999999885,0.001001719999999989,0.0010017199999999818
2025-06-11T20:37:19Z,39.9841041624149,-75.15438385986282,24.74299010471441,-7.01713106688112,-5.2838981791283,0.4410781462029263,1.0545846327586332,-0.14437648348030052,-0.8637996805555304,0.0009999999947609695,0.0009999999961110007,0.0010000000002605702,0.001000000006442292,0.0009999999993652864,0.0010000000027510225,3.131622919287475e-6,3.1316231596518093e-6,1.1270443868018372,1.5212785309970174,1.6443142718076464,0.018992395018207486,0.00014296054251201196,0.0001764618952680134,0.0014689415260954952,0.0011729999999999703,0.0011729999999999816,0.001172999999999978,0.0010017299999999893,0.0010017299999999893,0.0010017299999999824
2025-06-11T20:37:20Z,39.98404009895907,-75.15444451697857,25.08421840914525,-7.146039225219283,-4.934073603420984,0.40209498368858476,1.054357314351364,-0.14810665563709335,-0.8632569732799311,0.0009999999951304517,0.000999999995968892,0.0010000000004453113,0.001000000006641244,0.0009999999990810693,0.001000000002360224,4.131623177723107e-6,4.131623619211021e-6,1.1215447068753253,1.7108590010842737,1.8529625435248778,0.017866203462668567,0.0001511210032541281,0.00018644177740380995,0.0014787462538823916,0.0011739999999999691,0.0011739999999999808,0.001173999999999977,0.0010017399999999888,0.0010017399999999888,0.0010017399999999819
2025-06-11T20:37:21Z,39.98397609011474,-75.15450250271664,25.322549640201032,-7.25481226015836,-4.672345336410217,0.36027266291785054,1.0554316389316227,-0.14571925200107216,-0.8642872028649435,0.0009999999952725602,0.0009999999961252115,0.0010000000006016307,0.0010000000065133463,0.0009999999990313313,0.0010000000026018085,5.131623534868893e-6,5.131624256142692e-6,1.1099987084444016,1.9266563344348868,2.0916880402614044,0.01693233560927676,0.00015914265231843015,0.00019641303702998446,0.0014884561357966565,0.0011749999999999697,0.0011749999999999814,0.0011749999999999775,0.0010017499999999888,0.0010017499999999888,0.0010017499999999816
2025-06-11T20:37:22Z,39.98428470927754,-75.15417469532464,7.533097891777288,-2.252843805734301,-0.03896541237327256,-1.0850719529989874,1.0084760166500928,-0.1444717421727546,-0.8843554628983838,0.0009999999955709882,0.0009999999957273076,0.001000000000871637,0.0010000000066696657,0.000999999998811063,0.0010000000032022172,1.000526991515406e-6,1.000526995692596e-6,0.5404265620612367,0.2603991646581591,0.2619964540651366,0.011363121414243081,0.00010024410068217927,0.00011494470572554967,0.0014810146400910723,0.001175999999999969,0.0011759999999999804,0.0011759999999999768,0.0010017599999999878,0.0010017599999999878,0.0010017599999999805
2025-06-11T20:37:23Z,39.984267360330236,-75.15417037809814,8.206260585575365,-1.8599699585174676,0.6105393681282294,-0.9774174196063541,1.0085860594263067,-0.14205392209260026,-0.8809601671309792,0.000999999995784151,0.0009999999957983619,0.0010000000008432153,0.0010000000068970394,0.0009999999986902708,0.0010000000034224854,2.0005270114153345e-6,2.000527029362743e-6,0.5897484179185668,0.32332274432263,0.3233868227179472,0.012048460414994251,0.00011019374404805884,0.00012492136155334326,0.0014910693248320328,0.0011769999999999687,0.00117699999999998,0.0011769999999999762,0.0010017699999999882,0.0010017699999999882,0.001001769999999981
2025-06-11T20:37:24Z,39.984250734255745,-75.15415734887864,9.070172576815821,-1.3745705095352605,1.4059233141015284,-0.855432000644214,1.007134674640838,-0.15308810190799704,-0.8555006462047459,0.0009999999957273076,0.0009999999957557293,0.0010000000007153176,0.0010000000069538828,0.0009999999986547436,0.001000000003564594,3.000527050013938e-6,3.0005270943270586e-6,0.6403485041999601,0.41187728127148293,0.40897442458234184,0.012796334408033863,0.0001206833536199315,0.00013479482198593845,0.0015024627541183183,0.0011779999999999692,0.0011779999999999805,0.0011779999999999768,0.001001779999999989,0.001001779999999989,0.001001779999999982
2025-06-11T20:37:25Z,39.984230244522,-75.15413050586834,10.02548357564956,0.3855980507687491,3.02517061776598,-0.8197884948749561,1.013010872688028,-0.1317733486139332,-0.846187838302285,0.0009999999955141448,0.0009999999955283556,0.0010000000007863719,0.0010000000067122983,0.0009999999985339514,0.001000000003713808,4.0005271125118495e-6,4.000527202000201e-6,0.6911020663547854,0.541143044782481,0.537878481937446,0.014571244871077624,0.00013003336290907114,0.00014470430482623866,0.0015121899064944842,0.0011789999999999685,0.0011789999999999798,0.0011789999999999763,0.0010017899999999898,0.0010017899999999898,0.0010017899999999829
2025-06-11T20:37:26Z,39.98419298530647,-75.15408790306365,11.128037844202481,1.5829898852825863,4.348364891251549,-0.6978955653321464,1.029101107196766,-0.08874144679430174,-0.8011673421351588,0.0009999999952725602,0.0009999999957699401,0.0010000000006584742,0.0010000000067549308,0.000999999998576584,0.001000000003600121,5.000527195459607e-6,5.000527368369021e-6,0.7430816116166616,0.7028841317553766,0.6953176696141973,0.016789091784518526,0.0001390752128332786,0.00015437916884810773,0.001522188341097611,0.001179999999999968,0.0011799999999999795,0.0011799999999999756,0.0010017999999999895,0.0010017999999999898,0.0010017999999999824
2025-06-11T20:37:27Z,39.984345727412816,-75.15411643777973,2.066331168054603,1.826899844687432,5.917473011009861,-1.502827958072885,1.032503384325537,-0.10722623095807648,-0.8438842855393887,0.0009999999956562533,0.0009999999957273076,0.0010000000011842758,0.0010000000066696657,0.0009999999984913188,0.0010000000038807855,1.0131413856534994e-6,1.0131413969417572e-6,0.4881116001943285,0.7998317679280204,0.7678882536261046,0.016559016521338163,0.00014065978892310334,0.00015233731610064338,0.0014852750836434924,0.0011809999999999672,0.0011809999999999787,0.0011809999999999748,0.0010018099999999884,0.0010018099999999904,0.0010018099999999815
2025-06-11T20:37:28Z,39.98436470720118,-75.15404564460322,2.675937932304805,2.578795846697176,6.962037339049857,-1.4092033960478147,1.0499809640605235,-0.08557646253120765,-0.9525040104126674,0.0009999999956704642,0.0009999999958552053,0.0010000000008432153,0.0010000000068117743,0.0009999999987400088,0.0010000000036960444,2.013141447977314e-6,2.0131414972964055e-6,0.5658717623758659,1.009578474895902,0.9581143001771859,0.019908062329073176,0.00014967796655572152,0.00016248036039967866,0.0014927077765950155,0.0011819999999999676,0.0011819999999999793,0.0011819999999999754,0.0010018199999999896,0.0010018199999999903,0.0010018199999999823
2025-06-11T20:37:29Z,39.984380908473256,-75.15397569269389,3.703066192509141,3.073849312699167,7.3112111403024755,-1.2153988062636927,1.049284055872704,-0.08371605971115059,-0.8646656368073309,0.0009999999955994099,0.0009999999959546813,0.001000000000672685,0.0010000000067122983,0.0009999999988679065,0.0010000000033265621,3.0131415699190404e-6,3.0131416917126094e-6,0.6579054712287563,1.2397225098717684,1.1746120890635292,0.02239078448874629,0.00015924550175480922,0.0001721387168826866,0.0015042612952888097,0.0011829999999999673,0.0011829999999999788,0.001182999999999975,0.0010018299999999898,0.0010018299999999896,0.0010018299999999826
2025-06-11T20:37:30Z,39.98437469235078,-75.15391701826732,5.22540553676663,2.998865383444354,7.272059431998059,-0.7678914308999083,1.074128661522991,-0.05625884057280928,-0.8973455678278697,0.0009999999952583494,0.0009999999958978378,0.0010000000004168896,0.0010000000070959914,0.000999999998825274,0.0010000000034118273,4.013141764463132e-6,4.013142004294099e-6,0.7581883171721913,1.5033525410372959,1.4089179625186625,0.02386792492462464,0.0001673762426509738,0.00018187683853499424,0.001513272867042508,0.001183999999999967,0.0011839999999999785,0.0011839999999999748,0.0010018399999999887,0.0010018399999999889,0.0010018399999999817
2025-06-11T20:37:31Z,39.98432200851371,-75.15388041605729,7.292064449342433,2.7974184807098936,6.446292508859187,-0.5302742573039723,1.0921851497114403,-0.0300153593716459,-0.8954505753936246,0.0009999999952583494,0.0009999999960967898,0.0010000000006158416,0.0010000000071812565,0.0009999999988821173,0.0010000000036036738,5.013142028524329e-6,5.013142457695529e-6,0.8568455381448782,1.771789305054858,1.6589549831643016,0.02380144283054844,0.00017494164993529486,0.0001914025025952189,0.0015228997852138808,0.0011849999999999675,0.001184999999999977,0.0011849999999999754,0.0010018499999999895,0.0010018499999999877,0.0010018499999999823
2025-06-11T20:37:32Z,39.984363267708794,-75.15436051699096,0.4880795120370749,3.5290448302112054,4.38907459838083,-1.0283211970963748,1.0952247868553968,-0.021614502959209858,-0.9927088985568844,0.0009999999951730842,0.000999999996381007,0.0010000000005874199,0.0010000000075365278,0.0009999999986547436,0.0010000000039376289,1.0256926256712114e-6,1.025692643295389e-6,0.5274616961795113,1.2947191568242005,1.211996942524484,0.01569665280855713,0.00014270322543287866,0.0001518683702187161,0.0013838492992525658,0.0011859999999999664,0.001185999999999978,0.0011859999999999742,0.0010018599999999898,0.0010018599999999872,0.001001859999999983
2025-06-11T20:37:33Z,39.984385931063535,-75.15433067576775,2.064682561729569,3.049970680702245,3.4287441233173013,-0.725350092863664,1.1043260416336125,-0.07164093918254366,-0.930714870490192,0.0009999999947609695,0.0009999999964946937,0.0010000000006584742,0.001000000007721269,0.0009999999985481622,0.001000000004047763,2.0256927257879546e-6,2.0256927999585255e-6,0.6097273845750557,1.5081812654858977,1.4142105886863146,0.01586122193785587,0.0001521687525110552,0.00016205661107806762,0.001395475908336277,0.001186999999999967,0.0011869999999999787,0.0011869999999999748,0.0010018699999999904,0.0010018699999999867,0.0010018699999999833
2025-06-11T20:37:34Z,39.98439044881012,-75.15432730736391,4.077539668884128,2.2776167315023486,2.336827415623702,-0.5093634833683609,1.1130246631219052,-0.028286912448265866,-0.9477588014560752,0.0009999999950309757,0.0009999999965941697,0.0010000000002463594,0.0010000000073659976,0.0009999999987186925,0.0010000000038843382,3.025692909973983e-6,3.025693087258505e-6,0.6893503273839243,1.7474996645368306,1.631376324936744,0.015768535972760206,0.00016046118512181898,0.00017176677110762072,0.001404027451572876,0.0011879999999999666,0.0011879999999999781,0.0011879999999999742,0.0010018799999999908,0.0010018799999999876,0.0010018799999999839
2025-06-11T20:37:35Z,39.984361259589825,-75.15435200510116,6.360367267916445,1.3829291345464299,0.9692715926430537,-0.224039321010423,1.1240587610082002,-0.05003786789211517,-0.9206777973813587,0.000999999995187295,0.000999999996565748,0.0010000000000758291,0.0010000000074938953,0.0009999999986831654,0.0010000000039163126,4.025693188985309e-6,4.0256935282010014e-6,0.7604191096987601,2.012004543213753,1.8706226573116407,0.015318578791467363,0.00016906339586909134,0.00018172924686682987,0.0014146491884123678,0.0011889999999999672,0.0011889999999999787,0.0011889999999999748,0.001001889999999991,0.0010018899999999875,0.0010018899999999838
2025-06-11T20:37:36Z,39.984281305438756,-75.15440517252097,8.850086548831314,0.18118286922799598,-0.5741102641040925,0.031121756983338855,1.1413511512510013,-0.040074542220736475,-0.9380540931088035,0.0009999999951588734,0.000999999996466272,0.0010000000000474074,0.0010000000073944193,0.0009999999989744879,0.0010000000034331435,5.0256935567006275e-6,5.0256941468517905e-6,0.8180496809350649,2.3023801587442145,2.1266366508359784,0.014632560397336486,0.00017744637327828425,0.00019134858206944327,0.0014241780662039762,0.001189999999999966,0.0011899999999999778,0.0011899999999999758,0.0010018999999999907,0.001001899999999987,0.0010018999999999827
2025-06-11T20:37:37Z,39.98440919264346,-75.15485555896345,8.796305345720612,0.582711666218529,-4.321473679621704,-0.2824687580905447,1.144322091990034,-0.009244170195529477,-0.9275879803826683,0.0009999999950309757,0.0009999999962957418,0.0009999999997347686,0.0010000000070817805,0.0009999999990739639,0.0010000000036569645,1.0335056976882354e-6,1.0335057156569293e-6,0.6962830689455345,1.2021047536160332,1.153779238503894,0.012609922430693032,0.0001296416767129936,0.00013435278204631683,0.0013761061054562735,0.0011909999999999666,0.0011909999999999783,0.0011909999999999753,0.0010019099999999898,0.0010019099999999863,0.0010019099999999826
2025-06-11T20:37:38Z,39.98440601183637,-75.15492334058683,10.880479850340635,-0.17266514916991582,-5.637561315030325,0.11530733764175238,1.1563820124138147,0.039898383313357044,-1.0068058569449931,0.0009999999949172889,0.0009999999965089046,0.000999999999692136,0.0010000000072523108,0.000999999999358181,0.0010000000036178847,2.033505790761486e-6,2.033505865606282e-6,0.7433274884343731,1.383154388739706,1.3292892290211502,0.01280820472290621,0.00013991182452946732,0.00014400790322365205,0.0013837463830704713,0.0011919999999999659,0.0011919999999999774,0.0011919999999999745,0.0010019199999999908,0.001001919999999987,0.0010019199999999834
2025-06-11T20:37:39Z,39.98439079357125,-75.15501047802584,13.088485020562075,-0.7850974111133837,-6.913176484173164,0.21406856541398156,1.1493057242914801,-0.007631534755489611,-1.006259779256652,0.0009999999949883431,0.0009999999961962658,0.000999999999308443,0.0010000000070533588,0.0009999999997845066,0.0010000000037031498,3.0335059597308996e-6,3.0335061389096455e-6,0.782720818937606,1.5881404252487608,1.5264133815064056,0.013187987529147446,0.00014951766450693315,0.0001539668720751893,0.0013960756899330422,0.0011929999999999667,0.0011929999999999784,0.0011929999999999742,0.0010019299999999916,0.001001929999999988,0.0010019299999999836
2025-06-11T20:37:40Z,39.98435759603377,-75.1551122688553,15.170990005368367,-1.3626615035464056,-7.93422218284104,0.3122898416586395,1.155789115538937,-0.005582919776088602,-1.02219741884619,0.0009999999946472826,0.0009999999958694161,0.0009999999994505515,0.001000000007039148,0.000999999999606871,0.0010000000037599932,4.033506215115414e-6,4.033506560242102e-6,0.8157274042758501,1.8249631537377098,1.752536678305286,0.013695507269778834,0.00015950613699294153,0.00016386633313974477,0.0014059503504758723,0.0011939999999999661,0.0011939999999999778,0.001193999999999974,0.0010019399999999915,0.001001939999999988,0.0010019399999999844
2025-06-11T20:37:41Z,39.98429963614237,-75.15522449173152,17.104484256356955,-2.134170991485007,-8.938451804569922,0.44698113012782414,1.160383503200137,-0.012569006806415928,-0.9890162834635703,0.0009999999947325477,0.0009999999959973138,0.0009999999994789732,0.00100000000674072,0.0009999999992942321,0.0010000000040761847,5.03350655649199e-6,5.033507158434142e-6,0.8439915181745308,2.0964360839937637,2.011361222040277,0.014575503762722763,0.000169353854221735,0.00017400677573769355,0.0014162933578310867,0.001194999999999966,0.0011949999999999775,0.0011949999999999736,0.001001949999999991,0.0010019499999999874,0.0010019499999999837
2025-06-11T20:37:42Z,39.984470638499324,-75.15538802607036,14.071366435964592,-0.9722454146540258,-8.516795617877506,0.14217357470624847,1.1501529589586426,-0.010502113847564942,-0.9909427134116413,0.000999999994803602,0.0009999999957415184,0.0009999999990526476,0.001000000007024937,0.0009999999992515995,0.0010000000041010537,1.0256931556864857e-6,1.0256931739666724e-6,0.7374715670943491,1.164658955638831,1.1407845911635897,0.013890629588524314,0.0001291302886347782,0.00013063963881442884,0.0014254938862844947,0.001195999999999965,0.0011959999999999766,0.001195999999999973,0.0010019599999999905,0.0010019599999999862,0.0010019599999999827
2025-06-11T20:37:43Z,39.984457861910116,-75.15549298853553,15.947414607042447,-1.712171005550772,-9.288698426098563,0.16525755295697309,1.148438710195478,-0.01964364282321185,-0.9735446327831596,0.0009999999948604454,0.000999999995585199,0.0009999999992515995,0.0010000000073375759,0.0009999999989886987,0.001000000004431456,2.025693245624049e-6,2.0256933222588063e-6,0.779325898012343,1.34184386378937,1.3140804758267748,0.015143311625169312,0.00013904992526978706,0.00014065672184029174,0.001435845870631728,0.0011969999999999657,0.0011969999999999774,0.0011969999999999737,0.00100196999999999,0.0010019699999999864,0.0010019699999999827
2025-06-11T20:37:44Z,39.984437055346305,-75.15560457858537,17.734969929791987,-2.31507764646085,-9.925567373284139,0.3441943550387805,1.1482639547321014,0.0010354512414210149,-1.0055463746684836,0.000999999995201506,0.0009999999955425665,0.0009999999994789732,0.0010000000073659976,0.0009999999984700025,0.001000000004445667,3.0256934101254855e-6,3.025693594119259e-6,0.8209718785903212,1.5498942264626219,1.517587963311373,0.016395618290924396,0.00014883014395630244,0.0001505821930381298,0.0014448997783284543,0.0011979999999999658,0.0011979999999999775,0.0011979999999999736,0.00100197999999999,0.0010019799999999865,0.001001979999999983
2025-06-11T20:37:45Z,39.98440503091381,-75.15572133963536,19.408119746483862,-2.689331871952163,-10.597029176889919,0.3546976981124317,1.1469645960751222,0.012093816194010287,-0.9833375235466519,0.000999999995485723,0.0009999999951730842,0.0009999999996779252,0.0010000000073659976,0.000999999998278156,0.0010000000040832902,4.025693662733229e-6,4.025694014647995e-6,0.8624998155796546,1.784972039523722,1.7443813232257384,0.017655052373461766,0.0001583858053668774,0.00016057708085627195,0.0014544149906474337,0.0011989999999999668,0.0011989999999999785,0.0011989999999999746,0.001001989999999989,0.0010019899999999856,0.001001989999999982
2025-06-11T20:37:46Z,39.98435801291543,-75.15584375109943,20.89512805081904,-3.195095602684887,-11.3525540077826,0.39861192832540837,1.1445173203828745,0.016504537391028862,-1.001137123312219,0.000999999995485723,0.0009999999948604454,0.0010000000000189857,0.0010000000073091542,0.0009999999984415808,0.0010000000039909196,5.025694010951762e-6,5.025694610643262e-6,0.9044725542615117,2.0536472048066594,2.0012956911923614,0.01934151823839192,0.00016771614401762583,0.00017046232016422193,0.001464187979163019,0.0011999999999999674,0.0011999999999999786,0.001199999999999975,0.0010019999999999899,0.0010019999999999864,0.001001999999999983
2025-06-11T20:37:47Z,39.984480927138776,-75.15583919374907,17.087484856368974,-1.557997036507004,-8.881732999579981,0.1313686040139146,1.1273298842279473,-0.05462800366467491,-1.0461076915817102,0.0009999999956562533,0.0009999999951446625,0.0010000000001468834,0.0010000000075933713,0.0009999999980863095,0.0010000000042040824,1.033505689725435e-6,1.0335057038282082e-6,0.7713692796987864,0.8746710717712741,0.8670448413874766,0.015623341419396565,0.00011870059273084677,0.00011986584742017107,0.001449380749100599,0.0012009999999999669,0.0012009999999999783,0.0012009999999999744,0.0010020099999999894,0.0010020099999999855,0.001002009999999982
2025-06-11T20:37:48Z,39.984467992134526,-75.1559411880168,18.557042214786634,-1.5145839978795266,-8.973783080466092,0.13313465281680692,1.131307578412816,0.006005905546714985,-1.0162323768163333,0.0009999999955994099,0.0009999999949457106,0.0010000000000474074,0.0010000000075933713,0.0009999999983918428,0.001000000004431456,2.033505757354669e-6,2.0335058165843244e-6,0.8172378886061946,1.0081012989601943,0.9978710318699556,0.015884466773177883,0.00012784423945855333,0.00012985319693928297,0.0014585378464325284,0.0012019999999999679,0.0012019999999999785,0.0012019999999999746,0.0010020199999999898,0.0010020199999999843,0.0010020199999999826
2025-06-11T20:37:49Z,39.98445493373331,-75.1560444012465,19.932031171396375,-1.3801685171056306,-9.450362246483564,0.26998761343202204,1.1220670899492688,0.06423462208658748,-1.146872422847082,0.0009999999957557293,0.0009999999954288796,0.0010000000000474074,0.0010000000075081061,0.0009999999983136831,0.001000000004570012,3.033505881178786e-6,3.0335060222570337e-6,0.8595600399324703,1.1698741961316828,1.1518300872712322,0.016365197338598772,0.0001380769608996778,0.00013942667693767419,0.0014686152319824631,0.0012029999999999673,0.0012029999999999786,0.0012029999999999751,0.0010020299999999888,0.0010020299999999854,0.001002029999999982
2025-06-11T20:37:50Z,39.98443810005175,-75.15614902520376,21.335572400828823,-1.2099130820133723,-9.570609856862575,0.45137041564521496,1.137653467420023,-0.06909644495408429,-1.0539337809896097,0.0009999999960115247,0.0009999999956136207,0.000999999999891088,0.0010000000073659976,0.0009999999985055297,0.0010000000045664592,4.033506072022096e-6,4.033506338965276e-6,0.8972045990600951,1.3543927194812528,1.3293606783858194,0.01641373734538913,0.00014712157748872256,0.00014954740110784167,0.00147987865177065,0.001203999999999967,0.0012039999999999774,0.0012039999999999748,0.0010020399999999896,0.0010020399999999862,0.0010020399999999825
2025-06-11T20:37:51Z,39.98441349527911,-75.15625356578467,22.654364190762863,-1.2951107202243293,-9.618461168487556,0.5272150669406983,1.1450551875896053,-0.0017094555484362672,-1.0526568443892756,0.0009999999959404704,0.0009999999958125727,0.001000000000274781,0.0010000000077781124,0.0009999999984842134,0.001000000004644619,5.0335063348457705e-6,5.033506787004479e-6,0.9290268317309872,1.562219639667295,1.5300110628889567,0.01645623462668333,0.00015542745818341024,0.00015937232666853688,0.0014886553365042296,0.001204999999999966,0.0012049999999999767,0.0012049999999999737,0.0010020499999999891,0.0010020499999999857,0.0010020499999999822
2025-06-11T20:37:52Z,39.98452091734608,-75.15630233176788,16.70156122255139,-2.784844708716264,-12.178390220622532,0.20372637808577565,1.1796616894425824,0.0684529415666475,-1.1309779295115732,0.0009999999960399464,0.0009999999958409944,0.001000000000175305,0.001000000007621793,0.000999999998128942,0.0010000000050318647,1.0629740158016403e-6,1.0629740436096511e-6,0.7998144825573236,1.7306178046355214,1.6772284800195745,0.016185485551005685,0.00016113522012666247,0.00016476923238604513,0.0014977611995884493,0.0012059999999999669,0.0012059999999999773,0.0012059999999999745,0.001002059999999988,0.0010020599999999843,0.0010020599999999817
2025-06-11T20:37:53Z,39.984498222725215,-75.15643973262901,18.2244268481154,-2.814743490802357,-12.498804131173529,-0.005123099502526429,1.1577042287244694,-0.012502671083325367,-1.1295963198208483,0.0009999999957415184,0.000999999995883627,0.001000000000189516,0.001000000007522317,0.0009999999980578878,0.0010000000049323887,2.0629741515550593e-6,2.0629742634867304e-6,0.8478455127859926,1.984743324366506,1.9117517935833728,0.0172444440049333,0.00016960803580533593,0.00017450087046021868,0.001507670985810661,0.0012069999999999674,0.001206999999999976,0.0012069999999999752,0.0010020699999999877,0.0010020699999999843,0.0010020699999999806
2025-06-11T20:37:54Z,39.984473914772316,-75.15657089277165,19.442715415963903,-3.0915129240602255,-11.977798103704117,-0.19553174792963546,1.1223392581450753,-0.10782002360156184,-1.081698458030587,0.0009999999956420424,0.0009999999959404704,0.0010000000001326725,0.0010000000075649496,0.0009999999983918428,0.0010000000051384461,3.0629743971526746e-6,3.0629746581837116e-6,0.8924444191338159,2.2543362864336247,2.171776023476251,0.017316874977863578,0.0001800816369079204,0.00018449255097406473,0.001520259492852818,0.0012079999999999663,0.001207999999999975,0.001207999999999974,0.0010020799999999868,0.0010020799999999833,0.0010020799999999799
2025-06-11T20:37:55Z,39.98444212045851,-75.15669058116468,20.746516324346885,-3.278688223363133,-11.510985297500156,0.23393085182760842,1.1520664372073952,-0.03553212303950204,-1.0335120736708632,0.0009999999954430905,0.0009999999957130967,0.0010000000001326725,0.0010000000074512627,0.0009999999981928909,0.0010000000054297686,4.062974773383843e-6,4.062975256947471e-6,0.9308371243972032,2.575077303468246,2.47485631301819,0.01741812224676803,0.00018630586447434362,0.0001944913928600444,0.0015280138081193975,0.001208999999999966,0.0012089999999999736,0.0012089999999999736,0.0010020899999999874,0.0010020899999999837,0.0010020899999999802
2025-06-11T20:37:56Z,39.98439811859896,-75.15680672189477,21.971421578666195,-3.8077401549962815,-11.44183079560753,0.2527855686857947,1.164324971687165,-0.06245135909921373,-0.992933030021959,0.000999999995286771,0.0009999999955709882,0.001000000000274781,0.0010000000070959914,0.0009999999983207886,0.001000000005809909,5.06297529871772e-6,5.062976092005051e-6,0.9643898540025752,2.9198035859669953,2.7958228666593627,0.018238343470558444,0.0001946179715471372,0.00020450015756771922,0.0015385678408032654,0.0012099999999999652,0.001209999999999973,0.001209999999999973,0.0010020999999999873,0.001002099999999984,0.0010020999999999804
2025-06-11T20:37:57Z,39.98461840720743,-75.15677843397263,16.992348346393555,-2.917783666838659,-11.646518762339838,-0.263451302806061,1.156512511355686,-0.014833480511128982,-1.0025708944885992,0.0009999999955994099,0.0009999999956278316,0.0010000000005305765,0.0010000000070675696,0.0009999999983207886,0.0010000000063499215,1.0335073611162894e-6,1.0335073910672787e-6,0.7941274290350008,1.9428539722127314,1.8804220432110028,0.015411801389831739,0.00015632127529442306,0.0001621482580289396,0.0015309316130044529,0.0012109999999999647,0.0012109999999999723,0.0012109999999999723,0.0010021099999999875,0.001002109999999984,0.0010021099999999801
2025-06-11T20:37:58Z,39.984594714988745,-75.15690616234542,18.268990250537172,-3.227530145639321,-11.550177220138721,-0.2719181669126556,1.1448957297689049,-0.05448793178265987,-0.9682595218255301,0.0009999999956562533,0.000999999995684675,0.0010000000006442633,0.0010000000069538828,0.0009999999984131591,0.0010000000064600556,2.0335075111203785e-6,2.033507634280734e-6,0.8382762487920384,2.197339431259491,2.1250691301039546,0.01634435654960717,0.00016573997320857423,0.00017224160488429647,0.001540807010166328,0.0012119999999999655,0.0012119999999999711,0.0012119999999999711,0.0010021199999999872,0.001002119999999984,0.00100211999999998
2025-06-11T20:37:59Z,39.98456939526405,-75.1570287689101,19.531640774570405,-3.433667625475209,-11.591609906754456,-0.05266579439285124,1.1497037168155657,-0.00045845150068757334,-0.9676119689538609,0.000999999995485723,0.0009999999958267836,0.001000000000871637,0.0010000000071812565,0.0009999999985055297,0.0010000000066838766,3.0335077819093136e-6,3.033508071494192e-6,0.8807637503521387,2.4871402090916934,2.4019673900374396,0.017297887989336735,0.00017412166136649866,0.00018217005906653655,0.0015512014877930025,0.0012129999999999645,0.0012129999999999715,0.0012129999999999715,0.0010021299999999863,0.0010021299999999828,0.0010021299999999791
2025-06-11T20:38:00Z,39.98453838260336,-75.15714713995708,20.868774143978953,-3.4842520857346244,-11.638393130153418,0.02244978918383822,1.1436014893843094,-0.004879996104193651,-1.008141121463268,0.0009999999957130967,0.0009999999958552053,0.0010000000012411192,0.0010000000072807325,0.000999999998278156,0.0010000000065275572,4.033508195438359e-6,4.033508733642911e-6,0.9209623300499898,2.8003772613123985,2.7007112609591535,0.018081149440546646,0.00018295624655711288,0.00019182734459305056,0.0015611319560046486,0.0012139999999999653,0.0012139999999999723,0.0012139999999999718,0.0010021399999999867,0.001002139999999983,0.0010021399999999795
2025-06-11T20:38:01Z,39.98449503608178,-75.15726234437093,22.176693394081667,-3.726318247296149,-11.689028636668809,0.10165141663765098,1.1403369509935146,-0.03235711761089988,-1.0151467206305824,0.0009999999953436145,0.000999999995983103,0.001000000001155854,0.0010000000076502147,0.0009999999987968522,0.001000000006044388,5.033508772635078e-6,5.033509653760237e-6,0.9587559463133444,3.141127497260903,3.030496376540032,0.01912515904173767,0.00019138900814215016,0.00020167923381259083,0.0015707781294750458,0.001214999999999965,0.0012149999999999728,0.0012149999999999728,0.001002149999999986,0.0010021499999999825,0.001002149999999979
2025-06-11T20:38:02Z,39.98467579180213,-75.15739587156766,16.559227352030575,-3.8931863720645197,-12.415332999895327,-0.3896967644250253,1.13486656564055,-0.0577072223468349,-0.9957068686489947,0.0009999999951304517,0.0009999999957699401,0.0010000000014116495,0.0010000000078491666,0.000999999998612111,0.00100000000649203,1.0335060695994076e-6,1.0335061043966184e-6,0.7973742737383347,2.1957465001237795,2.1508772866585377,0.016735890938236908,0.00016055535836257114,0.0001675593398457649,0.0015675449609810475,0.001215999999999966,0.0012159999999999738,0.0012159999999999738,0.0010021599999999855,0.001002159999999982,0.0010021599999999785
2025-06-11T20:38:03Z,39.98464463615103,-75.15753162824753,17.902314064092934,-4.394095319090411,-12.291441692621447,-0.4039101175076212,1.1150354536512168,-0.05245582796533199,-0.9977286365901818,0.0009999999952583494,0.0009999999958978378,0.0010000000015963906,0.0010000000075649496,0.0009999999987329034,0.0010000000066057169,2.0335062385690927e-6,2.0335063827503617e-6,0.8479969955682576,2.4568226711941996,2.417314456919908,0.018374790893128518,0.00016942099995852951,0.00017752077527757865,0.0015776118472685997,0.0012169999999999655,0.0012169999999999735,0.0012169999999999733,0.0010021699999999845,0.001002169999999981,0.0010021699999999776
2025-06-11T20:38:04Z,39.98461051813884,-75.15766414659063,19.076981458812952,-4.965552493522409,-12.718363953055814,-0.38596216917721904,1.1247876126726624,-0.012282073445135211,-0.9453755273789284,0.000999999994903078,0.0009999999957130967,0.0010000000018095534,0.0010000000074512627,0.0009999999988536956,0.0010000000063286052,3.033506540588904e-6,3.0335068810413773e-6,0.900922849690142,2.7481967122569277,2.714510065965443,0.020895861203062388,0.00017727858600730402,0.00018771510932695407,0.0015885292480190961,0.0012179999999999646,0.0012179999999999726,0.0012179999999999726,0.0010021799999999853,0.0010021799999999819,0.0010021799999999782
2025-06-11T20:38:05Z,39.98456851522686,-75.15779650985375,20.045809030067176,-5.323111434758175,-12.919481556979008,-0.4419634248515649,1.1438679130369565,-0.03602641325778677,-0.9514087887000642,0.0009999999949883431,0.0009999999957273076,0.001000000001837975,0.0010000000072949433,0.0009999999987471142,0.001000000006392554,4.033506998047612e-6,4.033507632297588e-6,0.9563058694492396,3.0565471319988773,3.034578029283686,0.022884326327369947,0.00018542218876641933,0.00019768135757648224,0.0015980994622755654,0.0012189999999999645,0.001218999999999972,0.0012189999999999723,0.001002189999999986,0.0010021899999999822,0.0010021899999999788
2025-06-11T20:38:06Z,39.98451143245448,-75.15792330191033,21.147321733646095,-6.075420512526762,-13.099853221210651,-0.3421969720366178,1.1182902588043362,-0.03627630961636896,-1.0233798709959956,0.000999999995300982,0.000999999995499934,0.0010000000021221922,0.0010000000072949433,0.0009999999985836894,0.001000000006207813,5.033507634823955e-6,5.0335086724305175e-6,1.0144602563139176,3.389615608032147,3.3983844506029652,0.02620381747241063,0.0001929450158022313,0.00020730128161866628,0.0016078241769819008,0.001219999999999964,0.0012199999999999709,0.0012199999999999718,0.001002199999999987,0.0010021999999999824,0.0010021999999999798
2025-06-11T20:38:07Z,39.98475648925321,-75.15782638109245,19.97167784930207,-4.5755195179372095,-11.543234854470938,-0.3567172813673096,1.1059733534930274,0.0023888711450865685,-0.9933441739995033,0.0009999999954715122,0.0009999999957273076,0.0010000000022927225,0.0010000000071812565,0.0009999999983918428,0.001000000006133206,1.0747664801895018e-6,1.0747665203031323e-6,0.9204767802873812,2.200752180233678,2.2218349153001804,0.023141035219909484,0.00015796188295129183,0.0001693960417141503,0.0015980602917694776,0.0012209999999999645,0.0012209999999999697,0.0012209999999999725,0.0010022099999999873,0.001002209999999982,0.00100220999999998
2025-06-11T20:38:08Z,39.984720062133476,-75.15795782471461,21.033811274915934,-4.78505456430139,-12.094185402151197,-0.26296310263933265,1.0966117697535083,0.04181039566583422,-1.1027861440525157,0.000999999995585199,0.0009999999955141448,0.0010000000018948185,0.001000000007522317,0.000999999998377632,0.001000000006158075,2.0747666526051675e-6,2.074766813249009e-6,0.9818279799922011,2.4438356217931716,2.479938159551358,0.025041005065954303,0.00016660616628967905,0.00017893700184245202,0.0016104118731315568,0.001221999999999965,0.001221999999999969,0.0012219999999999729,0.001002219999999988,0.0010022199999999816,0.0010022199999999808
2025-06-11T20:38:09Z,39.98468749783924,-75.15808723228675,22.20816882676445,-4.387571951840073,-12.079401596798562,-0.10716239281555318,1.1059567887859885,-0.033440716978020646,-1.0239101710903924,0.0009999999957557293,0.0009999999954715122,0.0010000000018095534,0.0010000000073517867,0.0009999999979655172,0.0010000000062362346,3.074766954888663e-6,3.0747673291218314e-6,1.0392743910367404,2.6988896961615376,2.7554258108273575,0.02485131144953831,0.000173268254670727,0.00018927872125143187,0.0016169516022513093,0.0012229999999999648,0.0012229999999999687,0.0012229999999999715,0.0010022299999999885,0.0010022299999999811,0.0010022299999999814
2025-06-11T20:38:10Z,39.984645646672185,-75.15821797721526,23.30459521501325,-6.337916689750273,-12.991295025800355,-0.1510752506001154,1.0559841032518307,0.0017730278914029896,-1.1464316213823622,0.0009999999954430905,0.000999999995386247,0.00100000000175271,0.0010000000074654736,0.0009999999981360475,0.0010000000064884773,4.074767407811027e-6,4.074768099633613e-6,1.0996074463240129,2.9753008040706805,3.0919731323205966,0.03148338688684463,0.00018021952015652147,0.00019845220266404308,0.0016281123596141123,0.0012239999999999647,0.0012239999999999688,0.0012239999999999716,0.0010022399999999889,0.0010022399999999817,0.0010022399999999817
2025-06-11T20:38:11Z,39.984586082203265,-75.15835486697948,24.03414327488281,-6.802739163162187,-13.032705664401874,-0.1756400238518836,1.090869326275424,-0.0008739404821156427,-1.3233091895235702,0.0009999999955283556,0.0009999999953151928,0.0010000000016674448,0.0010000000073802084,0.0009999999980863095,0.001000000006357027,5.074768034553932e-6,5.074769158167818e-6,1.1654591458338508,3.2515148947605077,3.424639384662792,0.03249701422692716,0.00018828247070092307,0.00020575255997329754,0.0016379488366859872,0.0012249999999999642,0.001224999999999968,0.0012249999999999711,0.0010022499999999884,0.001002249999999981,0.001002249999999981
2025-06-11T20:38:12Z,39.98484312476669,-75.15813364538984,22.999937733402476,-3.2333536258956883,-9.275714087183587,-0.06934980491860188,1.134145657386398,-0.05502974943874506,-1.0610037815204123,0.0009999999954146688,0.0009999999950736083,0.0010000000017242883,0.0010000000068686177,0.00099999999817868,0.001000000006431634,1.1158762871750254e-6,1.115876325520208e-6,0.9987217755786981,1.8684903832459994,1.924360087087847,0.022477955803222885,0.00014853234633359778,0.00016664053794716982,0.0016205931833898606,0.0012259999999999639,0.001225999999999968,0.001225999999999972,0.0010022599999999877,0.0010022599999999805,0.0010022599999999805
2025-06-11T20:38:13Z,39.984822850143885,-75.1582336311217,24.09998512454331,-2.1743255281762686,-8.724124479456805,0.05203466585544447,1.1192125886300346,0.024107321922883784,-1.0322384685277939,0.000999999995201506,0.000999999995300982,0.0010000000016816557,0.0010000000067975634,0.0009999999982568397,0.0010000000062042602,2.115876436660874e-6,2.1158765839358187e-6,1.0379770416501988,2.058180133964717,2.1370492659311893,0.02026902575141698,0.00015555221044016127,0.0001767376774657678,0.0016339552964551823,0.0012269999999999649,0.0012269999999999688,0.0012269999999999727,0.0010022699999999885,0.0010022699999999813,0.0010022699999999813
2025-06-11T20:38:14Z,39.98481223967179,-75.15832699510524,25.1541439993307,-1.2177869913139148,-8.554885629098862,0.21146299185238604,1.1562178132298868,-0.05159213756087411,-1.0066079803946195,0.0009999999948604454,0.0009999999951446625,0.0010000000016958666,0.001000000006939672,0.0009999999979015683,0.0010000000058312253,3.1158766959916587e-6,3.1158770336719327e-6,1.0606122541065983,2.2723039309264594,2.3801208098504203,0.0188017576459433,0.0001630043010680462,0.0001867965533365447,0.0016415053070426328,0.0012279999999999641,0.0012279999999999683,0.001227999999999972,0.0010022799999999886,0.0010022799999999815,0.0010022799999999815
2025-06-11T20:38:15Z,39.98480363856932,-75.15841412754166,26.047997350804508,-1.0739283516159048,-7.776194736652542,0.17783851527019578,1.1499496065225685,-0.06422027720873302,-1.0615519468556158,0.0009999999951446625,0.000999999995002554,0.0010000000013974386,0.0010000000070817805,0.000999999997979728,0.0010000000061012315,4.1158770833854955e-6,4.115877701554701e-6,1.070351084168565,2.5049475499700797,2.6454785419273485,0.017447980947291136,0.00017073908383784337,0.00019645212748880836,0.0016504469307284488,0.001228999999999963,0.0012289999999999677,0.0012289999999999708,0.0010022899999999895,0.0010022899999999808,0.0010022899999999808
2025-06-11T20:38:16Z,39.98479060434724,-75.15849560873026,26.73235045117326,-1.1556284640246304,-7.4637741055339575,0.2030022929484403,1.1485057845129631,-0.06170577848388348,-1.0592796964483568,0.0009999999951588734,0.0009999999949314997,0.0010000000016674448,0.0010000000069538828,0.0009999999980934149,0.0010000000062788672,5.115877616412506e-6,5.115878617418348e-6,1.0715809191576788,2.7693841175226175,2.940801383570529,0.016749240320046016,0.00017808919372230072,0.00020634496168794774,0.0016605798370044403,0.0012299999999999633,0.0012299999999999683,0.0012299999999999714,0.001002299999999989,0.0010022999999999812,0.0010022999999999812
2025-06-11T20:38:17Z,39.984857131156815,-75.15835024793064,23.853230870096013,-1.5632625892903889,-7.435607074701693,-0.15440498661519086,1.169705212203553,0.002959739779953452,-1.0059415867872303,0.0009999999949172889,0.0009999999952299277,0.001000000001837975,0.0010000000068117743,0.0009999999981502583,0.0010000000064600556,1.1834392350629956e-6,1.1834392764127189e-6,0.9306889372768087,1.8078558695556293,1.8806293935548772,0.014812624363894106,0.00015178923390559297,0.0001690537908235645,0.0016727325217941833,0.0012309999999999641,0.001230999999999968,0.001230999999999972,0.001002309999999988,0.0010023099999999807,0.0010023099999999809
2025-06-11T20:38:18Z,39.98484233644347,-75.15843611888316,24.545263331616297,-1.9468877262697788,-7.811734620947391,-0.0719526399334427,1.1640458272158867,-0.016030600030717324,-1.0323523687693523,0.0009999999946472826,0.000999999995286771,0.001000000001553758,0.0010000000070533588,0.0009999999979513063,0.0010000000062113656,2.183439386526867e-6,2.1834395386881933e-6,0.9466683583292712,2.02150915935294,2.106175540986903,0.01519788929881627,0.0001611454926246311,0.0001789012801554918,0.001681950123728048,0.0012319999999999638,0.0012319999999999677,0.0012319999999999716,0.0010023199999999884,0.0010023199999999797,0.0010023199999999815
2025-06-11T20:38:19Z,39.984821697049206,-75.15852389164982,25.067250457359478,-2.722181951015955,-7.887916952371597,-0.08329367431360879,1.1615695143555058,-0.08872782524849754,-1.021219498012215,0.000999999994505174,0.0009999999951446625,0.001000000001354806,0.0010000000072381,0.0009999999981999963,0.001000000006406765,3.183439649212352e-6,3.183439993239897e-6,0.9613348460218244,2.2618164383322457,2.357787411041643,0.015729518798582975,0.0001714959104667723,0.0001889111402910076,0.0016901433800351787,0.0012329999999999624,0.0012329999999999663,0.0012329999999999713,0.0010023299999999892,0.0010023299999999788,0.0010023299999999823
2025-06-11T20:38:20Z,39.98479002654925,-75.15861460176468,25.463371500140056,-3.873116506874794,-8.36894539964851,-0.059294745833994966,1.166783239968936,-0.011212273348860435,-1.036160031959298,0.0009999999946757043,0.0009999999954288796,0.0010000000017242883,0.0010000000068544068,0.000999999997979728,0.0010000000063001835,4.183440040816727e-6,4.183440669940627e-6,0.9766161359153384,2.5319047092391096,2.6416017384357073,0.0171682001440783,0.00017932960280623268,0.00019878466346579053,0.0017022342909701355,0.0012339999999999626,0.0012339999999999667,0.0012339999999999704,0.0010023399999999896,0.001002339999999979,0.0010023399999999827
2025-06-11T20:38:21Z,39.98474267629618,-75.15871039950336,25.841692137066275,-5.284414730442222,-8.86885748419445,-0.014060325707418997,1.1620961941807764,-0.07442516364608309,-1.0881436051276978,0.000999999994505174,0.0009999999956420424,0.0010000000014684929,0.0010000000067833525,0.0009999999979228846,0.0010000000064813719,5.183440574412091e-6,5.183441602297248e-6,0.9957487369559338,2.8319191895899114,2.960967066023545,0.01955026990909972,0.0001895447464054719,0.0002083677780506379,0.0017092908891326152,0.0012349999999999636,0.0012349999999999675,0.0012349999999999711,0.0010023499999999884,0.0010023499999999778,0.0010023499999999824
2025-06-11T20:38:22Z,39.98489117287967,-75.15879095771596,23.49272486125119,-4.847974317497574,-9.051781095098704,-0.43714961705336464,1.1574307005357696,-0.013396731517445915,-1.0661063835432287,0.0009999999944341198,0.0009999999957699401,0.0010000000012837518,0.0010000000069112502,0.0009999999977097218,0.0010000000068117743,1.1012814341798943e-6,1.1012814746657868e-6,0.905586428058505,2.018998930066225,2.083878665842085,0.018985380583370043,0.0001634516214807361,0.00017744651761796346,0.0017213806405496287,0.001235999999999963,0.001235999999999967,0.00123599999999997,0.001002359999999989,0.0010023599999999784,0.001002359999999983
2025-06-11T20:38:23Z,39.98484121878373,-75.15889962792663,23.657487048069015,-6.574962089478504,-9.942522322409786,-0.6504741020253277,1.149882904079277,-0.0338750483288095,-1.0377598541090265,0.0009999999946472826,0.0009999999960967898,0.0010000000011274324,0.0010000000071528348,0.000999999997446821,0.0010000000066696657,2.1012815955680694e-6,2.1012817542862126e-6,0.9454294089070975,2.255203311536698,2.3417604840422555,0.02332018716534287,0.0001724883435751942,0.0001875675302654734,0.0017307700348503467,0.0012369999999999623,0.0012369999999999662,0.0012369999999999692,0.0010023699999999894,0.001002369999999979,0.0010023699999999833
2025-06-11T20:38:24Z,39.98477875865478,-75.15901434458895,23.51354453433305,-7.716214925574604,-10.279795229551382,-0.7968411212714273,1.1571274212328717,-0.028571676140245472,-1.1745656864368357,0.0009999999945478066,0.0009999999961394224,0.001000000001155854,0.0010000000071954673,0.0009999999978518304,0.0010000000068686177,3.1012818791550776e-6,3.101282247804737e-6,0.9948098994078121,2.5138053944435352,2.62808665469124,0.026327007728706997,0.0001817033720543928,0.00019665377756213824,0.0017399899919862257,0.001237999999999962,0.001237999999999965,0.001237999999999969,0.001002379999999989,0.001002379999999978,0.0010023799999999829
2025-06-11T20:38:25Z,39.98470531869658,-75.15912621478327,23.423231217777357,-8.903089113067836,-10.142034557880834,-0.986910940031521,1.1331584250292508,-0.1368906362058624,-1.1597706362372264,0.000999999994405698,0.0009999999962531092,0.0010000000007011067,0.0010000000074370519,0.00099999999792999,0.0010000000067833525,4.101282304519055e-6,4.10128298819067e-6,1.0511720397291087,2.7858669031697616,2.9452989483421783,0.02948138797448671,0.00019224911497213502,0.00020675091727231218,0.0017455422512834017,0.0012389999999999608,0.001238999999999965,0.0012389999999999689,0.0010023899999999889,0.001002389999999978,0.0010023899999999824
2025-06-11T20:38:26Z,39.98461797198298,-75.15923286395164,23.43962745089084,-9.708610960282385,-9.98810986999888,-0.7418245199442026,1.1763592042698292,-0.12089216371805378,-0.9107914295454975,0.0009999999942067461,0.000999999996068368,0.0010000000005874199,0.0010000000079770643,0.0009999999982213126,0.0010000000069716464,5.101282893168967e-6,5.101284012113271e-6,1.112026247389026,3.0835212576237816,3.304816541947611,0.031788320049005864,0.000196749606764698,0.00021758991815385752,0.0017633530916220585,0.0012399999999999597,0.0012399999999999636,0.0012399999999999688,0.0010023999999999884,0.001002399999999978,0.0010023999999999816
2025-06-11T20:38:27Z,39.98490593215807,-75.15918649503801,21.829252873547375,-8.721314669121057,-8.98542737273965,-0.7633802673444734,1.170398785980069,-0.040917423824339494,-0.917628304916434,0.000999999994022005,0.000999999995968892,0.0010000000007153176,0.0010000000079344318,0.000999999998526846,0.001000000007248758,1.0875413053303217e-6,1.0875413605079424e-6,1.0222165879546643,2.570015608274747,2.758286954454843,0.027705601299951504,0.0001758378912843547,0.0001989729198814171,0.001765916568007785,0.0012409999999999585,0.0012409999999999624,0.0012409999999999693,0.0010024099999999883,0.0010024099999999775,0.0010024099999999814
2025-06-11T20:38:28Z,39.98482868148459,-75.15928076698981,22.290387072367594,-9.922265608794987,-7.980954356840812,-0.6744978824353893,1.153521431799163,-0.29383421710736,-0.8409538392734248,0.000999999993837264,0.0009999999959973138,0.0010000000005874199,0.0010000000083607574,0.000999999998512635,0.0010000000074832371,2.087541506113297e-6,2.0875417280476724e-6,1.0884226083942148,2.82658061014267,3.0959376446037172,0.031179906601917856,0.00019848368600494095,0.00020799519612590687,0.001798774896053762,0.0012419999999999588,0.0012419999999999625,0.0012419999999999686,0.0010024199999999874,0.001002419999999977,0.0010024199999999822
2025-06-11T20:38:29Z,39.98474865146106,-75.15937305291735,22.930927566019818,-10.106297068414278,-9.026180320302956,-0.22050741120074235,1.2661698026931845,0.21540250274301798,-1.0182005787501112,0.000999999993723577,0.0009999999958125727,0.0010000000009569021,0.001000000008019697,0.000999999998711587,0.001000000007682189,3.0875418522932397e-6,3.087542378544698e-6,1.15509374327909,3.0895201486587394,3.465789940144387,0.03240674047906397,0.0001947810787228935,0.00021877624993212147,0.0017997235223455982,0.0012429999999999588,0.0012429999999999627,0.0012429999999999674,0.0010024299999999865,0.001002429999999976,0.001002429999999983
2025-06-11T20:38:30Z,39.98466230151151,-75.15947468533179,23.708781778113917,-11.268467868096195,-9.761746618431062,-0.15296550216044125,1.3045471185469069,-0.14908622023358475,-1.1187077650683932,0.0009999999940788484,0.0009999999957273076,0.0010000000008005827,0.001000000007820745,0.0009999999984700025,0.0010000000072913906,4.087542362712804e-6,4.087543356881963e-6,1.2222731263854094,3.3378254793451103,3.8789348166144104,0.03667845529382571,0.0001939521638624104,0.00022858202949875266,0.0017935922585074395,0.001243999999999958,0.0012439999999999621,0.001243999999999966,0.0010024399999999868,0.0010024399999999769,0.0010024399999999838
2025-06-11T20:38:31Z,39.98455262077969,-75.15958546746496,24.117522451793775,-14.284800312714651,-10.6009045134997,-0.5793865930390893,1.2873410713364137,-0.13111488670256222,-1.0221823870233493,0.0009999999942493787,0.0009999999956420424,0.001000000000971113,0.0010000000080907512,0.000999999998626322,0.0010000000070036208,5.0875430611791985e-6,5.087544713130995e-6,1.3061729425215536,3.5592249146235564,4.364474208669529,0.04874473062276283,0.00019648055495408043,0.00023776422993673576,0.0018066672653821564,0.0012449999999999573,0.0012449999999999632,0.001244999999999965,0.0010024499999999876,0.001002449999999978,0.0010024499999999842
2025-06-11T20:38:32Z,39.98489693585178,-75.15948802220996,21.787773302057758,-16.091331228381023,-11.46687294577714,-1.312158576605725,1.2827992761158384,-0.08858330754537747,-1.0638586533459602,0.0009999999943914872,0.0009999999957273076,0.0010000000006300525,0.0010000000080339078,0.000999999998661849,0.0010000000072381,1.0747782957161145e-6,1.0747783762873589e-6,1.2026981007074264,2.846528770203223,3.5589918947181314,0.0536743691302419,0.00017294162110292375,0.00021396611111993796,0.0017982338506906557,0.0012459999999999566,0.0012459999999999635,0.0012459999999999644,0.001002459999999988,0.0010024599999999783,0.0010024599999999845
2025-06-11T20:38:33Z,39.98474810743049,-75.1596254547541,21.375160520663485,-18.973339715972543,-12.781650776509196,-1.923043534901808,1.2907692263252102,-0.05009024245055116,-1.0714386319887126,0.000999999994803602,0.0009999999955994099,0.0010000000007863719,0.0010000000081191729,0.0009999999990668584,0.001000000006875723,2.0747785106451327e-6,2.074778847287792e-6,1.3562893069133009,3.0211762003208973,4.018201191905261,0.06917066746428402,0.00017541053780784858,0.00022364555936641125,0.0018071544670327662,0.0012469999999999571,0.0012469999999999623,0.0012469999999999654,0.001002469999999988,0.0010024699999999771,0.001002469999999984
2025-06-11T20:38:34Z,39.98458376600875,-75.15977321262329,20.702865370782092,-21.555212130071595,-14.08966524002608,-2.3949706382118165,1.261411005325499,-0.02914513573500699,-1.1219786585861584,0.0009999999950309757,0.0009999999955141448,0.0010000000008147936,0.0010000000082328597,0.0009999999991379127,0.00100000000698941,3.0747788640619674e-6,3.0747796855964066e-6,1.5361276332073113,3.1685820532104767,4.5331252314719865,0.08434471796942519,0.0001752746786956492,0.00023379190570343828,0.0018160560209331328,0.0012479999999999564,0.0012479999999999631,0.0012479999999999642,0.0010024799999999883,0.001002479999999978,0.0010024799999999849
2025-06-11T20:38:35Z,39.98440704528601,-75.15992728208084,20.042074277997017,-23.609139111591503,-15.10557609226089,-2.657663146528648,1.2736951198312454,-0.037611994745475386,-1.0687556783668697,0.0009999999948462346,0.0009999999957557293,0.0010000000006584742,0.001000000008019697,0.0009999999992871267,0.0010000000068117743,4.074779359783494e-6,4.074780948711783e-6,1.7237437682718435,3.276434131330056,5.091498760338489,0.0956247663040952,0.00017398406814963068,0.00024250052519100295,0.0018261755087605972,0.0012489999999999559,0.001248999999999964,0.001248999999999964,0.0010024899999999887,0.0010024899999999787,0.0010024899999999852
2025-06-11T20:38:36Z,39.98422141830343,-75.160078682662,19.66947478055954,-24.159220184432343,-15.135334815247916,-2.549909460125491,1.2618836504989304,0.02167153827031143,-1.0800314974330831,0.000999999994704126,0.0009999999955425665,0.0010000000005305765,0.0010000000079344318,0.0009999999992160724,0.0010000000066270331,5.074780012400452e-6,5.074782692423945e-6,1.8804231562408578,3.3308541497216844,5.622097306998363,0.09344500994640145,0.00016896763992658686,0.00025219208661115357,0.0018348581124067323,0.001249999999999956,0.001249999999999965,0.001249999999999965,0.0010024999999999897,0.001002499999999979,0.001002499999999986
2025-06-11T20:38:37Z,39.98488657425804,-75.15966998605337,20.438377948710695,-18.877477164845914,-10.25657815055456,-1.8473076964874053,1.2235060966486344,0.01580218120079735,-1.0983340877573937,0.0009999999950878191,0.0009999999952583494,0.001000000000189516,0.001000000007707058,0.0009999999989389607,0.0010000000065204517,1.2024075890949674e-6,1.202407685499197e-6,1.5375885521224186,2.0882192154863484,3.090888095813319,0.06792811299314143,0.0001399934239825669,0.0002120852416129008,0.001730175158868179,0.0012509999999999555,0.0012509999999999644,0.0012509999999999646,0.0010025099999999899,0.00100250999999998,0.0010025099999999864
2025-06-11T20:38:38Z,39.98472422344624,-75.15978399818567,20.53266689926386,-19.53630534093827,-10.386154221836478,-1.722701619801228,1.2148043913621223,0.01421957443528754,-1.099846709999838,0.0009999999949172889,0.0009999999954146688,0.0010000000001184617,0.0010000000074086302,0.000999999998875012,0.0010000000064209758,2.20240775754757e-6,2.2024081189380863e-6,1.6527362107176937,2.1629369592191896,3.400203004319215,0.06558390644696187,0.0001412997518733949,0.00022182225621088754,0.001739978081079256,0.001251999999999956,0.0012519999999999647,0.0012519999999999647,0.0010025199999999894,0.0010025199999999788,0.001002519999999986
2025-06-11T20:38:39Z,39.98456200812098,-75.15989465692189,20.844174758531153,-20.088445908855647,-10.43035125255119,-1.5783109740441432,1.2061340927612036,0.013165213258844233,-1.1013199667650042,0.0009999999946330718,0.0009999999952299277,0.0009999999998342446,0.0010000000074370519,0.000999999998576584,0.0010000000066199277,3.202408024884247e-6,3.2024088569958176e-6,1.7237907335791776,2.2270616863836588,3.737331278946383,0.061866123082356506,0.00014189916904572213,0.00023156381657260126,0.0017498171108524755,0.0012529999999999553,0.0012529999999999644,0.0012529999999999644,0.0010025299999999893,0.0010025299999999787,0.0010025299999999859
2025-06-11T20:38:40Z,39.98439510287701,-75.1600025008731,21.277955202152953,-20.56809376180172,-10.486993258469738,-1.4344270659057656,1.1976957893493818,0.014760172911451264,-1.1025341732311063,0.0009999999948320237,0.0009999999952299277,0.0010000000002037268,0.001000000007223889,0.0009999999984984242,0.0010000000066625603,4.202408399788493e-6,4.202409938734634e-6,1.7553315296907357,2.2883358494760686,4.103965008954679,0.057507981005913394,0.0001424612828255674,0.00024131380281600638,0.0017595690430830912,0.0012539999999999542,0.001253999999999965,0.001253999999999965,0.0010025399999999897,0.001002539999999979,0.0010025399999999862
2025-06-11T20:38:41Z,39.98421695933716,-75.1601092042361,21.71910450537689,-21.039481219137087,-10.573485090280883,-1.320194395913859,1.1949607723217923,0.015709296946397444,-1.0823582643206464,0.0009999999951162408,0.000999999995286771,0.0009999999999337206,0.0010000000074512627,0.0009999999986192165,0.0010000000064884773,5.20240889825433e-6,5.202411407359746e-6,1.7563994149434043,2.3528689004322403,4.502703725587062,0.05310087738119382,0.00014414892894291923,0.00025032173724032425,0.0017692433380205074,0.0012549999999999528,0.0012549999999999647,0.001254999999999965,0.00100254999999999,0.0010025499999999792,0.0010025499999999864
2025-06-11T20:38:42Z,39.985028552062964,-75.15954758292695,28.281157708726823,-2.008679260587087,0.5226026294694748,0.331740086327045,1.1101685130124679,-0.032046984719272587,-1.0519112538313493,0.0009999999949314997,0.0009999999951446625,0.0010000000000189857,0.001000000007806534,0.000999999998761325,0.0010000000068224324,1.1159411942745356e-6,1.1159411997786084e-6,1.1825317594398999,0.25348896579744085,0.2781277271451628,0.026844934533463607,0.00011084854588917664,0.00017430996253484882,0.0016963429999809552,0.0012559999999999523,0.001255999999999964,0.0012559999999999657,0.0010025599999999892,0.0010025599999999783,0.0010025599999999857
2025-06-11T20:38:43Z,39.985013623530605,-75.15953688907852,28.61992523050867,-1.294355220728903,1.304297778129694,0.36205070555661223,1.1135274231783114,-0.0502086059600515,-1.0761038733326131,0.0009999999948462346,0.0009999999948604454,0.0010000000002463594,0.0010000000078349558,0.0009999999986689545,0.0010000000069325665,2.1159412149097584e-6,2.115941237395432e-6,1.2049966148480016,0.3069375256104381,0.3630352092740406,0.02357517780086793,0.00011877947508244391,0.00018485680492391035,0.0017083026672141779,0.001256999999999951,0.0012569999999999632,0.0012569999999999663,0.00100256999999999,0.0010025699999999787,0.0010025699999999865
2025-06-11T20:38:44Z,39.98500287131875,-75.15951684957697,28.807720633456483,-1.1141699723084457,2.1398328309878707,0.3491850807222363,1.124518606462516,-0.1522588608895603,-1.0126870256644906,0.000999999994618861,0.00099999999460465,0.0010000000000474074,0.0010000000082470706,0.0009999999989460662,0.0010000000071777038,3.1159412531637778e-6,3.115941310480628e-6,1.2072994000832036,0.3853806279528009,0.47982676371307414,0.021569119829763533,0.00013174181306326596,0.00019266621486386195,0.0017395735256837748,0.0012579999999999506,0.0012579999999999625,0.0012579999999999655,0.0010025799999999893,0.0010025799999999778,0.001002579999999986
2025-06-11T20:38:45Z,39.98499022896543,-75.15949212682682,29.04990426939912,-1.7904124808701454,2.0945648271299433,0.33551465186974383,1.135555689164903,-0.022184116650123542,-1.052842774966848,0.0009999999946899152,0.0009999999942493787,0.0010000000002179377,0.0010000000077781124,0.0009999999986689545,0.0010000000073588922,4.115941313593652e-6,4.115941432437299e-6,1.1995677059957899,0.4763751801494559,0.6112510677951517,0.020633829254597252,0.00013601071540849147,0.000203797859707168,0.001724891823441536,0.001258999999999951,0.0012589999999999626,0.0012589999999999648,0.0010025899999999898,0.0010025899999999768,0.0010025899999999864
2025-06-11T20:38:46Z,39.98497273577708,-75.15946636604131,29.089468183228746,-2.8631345592730213,2.3542639759834856,0.2652708493224054,1.1296777036768617,-0.09321889396596816,-1.1200853286136407,0.0009999999947325477,0.0009999999939793724,0.0010000000000758291,0.0010000000076075821,0.0009999999986547436,0.0010000000075400806,5.1159413940884815e-6,5.115941618944349e-6,1.189077825557944,0.5938301047528615,0.762740523468701,0.020476531330866354,0.00014394020175763768,0.00021543345221927647,0.0017417019862204105,0.0012599999999999515,0.0012599999999999634,0.0012599999999999643,0.0010025999999999891,0.001002599999999976,0.0010025999999999857
2025-06-11T20:38:47Z,39.984991924006266,-75.15958841731963,27.191993514774367,-3.5265831160650123,2.417116076190723,0.014154537206195528,1.122149787726812,-0.08224323376362008,-0.9757331340297242,0.0009999999950451866,0.000999999993723577,0.0009999999997205578,0.001000000007323365,0.0009999999986689545,0.0010000000074263937,1.2024725159884543e-6,1.202472539962748e-6,1.1098077647672446,0.7246878613083054,0.9573558901271088,0.01897185599204876,0.00015667800404954148,0.00021862576154912356,0.0017535375406668376,0.0012609999999999507,0.0012609999999999629,0.0012609999999999646,0.00100260999999999,0.0010026099999999758,0.0010026099999999865
2025-06-11T20:38:48Z,39.984956016737975,-75.15956088978963,27.26720574614592,-4.423443499894347,2.2760685297253076,-0.04668420008783869,1.1388149835402146,-0.04391004777471608,-1.0531104636465898,0.0009999999953151928,0.0009999999934251491,0.0009999999999337206,0.0010000000073944193,0.0009999999986405328,0.0010000000075507387,2.2024725771972837e-6,2.2024726736529785e-6,1.1101375648415384,0.8819351805699785,1.1756389570100663,0.019070108218469217,0.00016191258315069064,0.00023120837149002665,0.0017533168128069944,0.0012619999999999504,0.0012619999999999626,0.0012619999999999635,0.0010026199999999888,0.0010026199999999754,0.0010026199999999862
2025-06-11T20:38:49Z,39.98490707191254,-75.15954018911377,27.200638951500878,-6.40276443696348,1.257428216180415,-0.28637628382784897,1.139070983583224,-0.017328192988998126,-1.1186930633994052,0.0009999999950878191,0.0009999999932972514,0.0009999999997347686,0.0010000000075365278,0.000999999998576584,0.0010000000077852178,3.2024726895631674e-6,3.2024729208514785e-6,1.1131502208557602,1.042956396949914,1.3846962418673687,0.021029215804870965,0.0001685732400046355,0.0002427200525222687,0.0017579854719974985,0.0012629999999999497,0.0012629999999999619,0.0012629999999999636,0.0010026299999999883,0.0010026299999999753,0.0010026299999999857
2025-06-11T20:38:50Z,39.984841598979806,-75.1595271840734,26.79211795818992,-8.086802253499627,0.9557608302638982,-0.5096390140606673,1.1419365066976752,-0.11321095770927059,-1.1053574858960928,0.0009999999951162408,0.0009999999932688297,0.0009999999995642384,0.0010000000078633775,0.0009999999982994723,0.001000000008104962,4.2024728654011355e-6,4.202473307627417e-6,1.122819440821371,1.240382597036874,1.6394205170008036,0.023401826357466432,0.00017987461031902926,0.00025168629198603674,0.001779647867714632,0.0012639999999999507,0.0012639999999999607,0.0012639999999999637,0.001002639999999988,0.0010026399999999748,0.0010026399999999843
2025-06-11T20:38:51Z,39.98476055468319,-75.15951900819022,26.449657641351223,-9.366867658682168,0.46112904418987455,-0.5311702081817202,1.152129490947118,-0.02080825824691601,-1.1055436292663217,0.0009999999952441385,0.0009999999931125103,0.0009999999993652864,0.0010000000075791604,0.0009999999984700025,0.0010000000082399652,5.202473114207446e-6,5.202473867607111e-6,1.1387187937184688,1.4601527733569208,1.9486035133303847,0.025417874793475737,0.00018606429704631091,0.00026094534150149625,0.0017766421883892622,0.00126499999999995,0.001264999999999961,0.0012649999999999639,0.0010026499999999873,0.0010026499999999739,0.0010026499999999838
2025-06-11T20:38:52Z,39.98501766728273,-75.15995242671525,24.317276584217325,-8.757733894046396,-1.2017078772041714,-0.7268618322341354,1.139553691900801,-0.056104397959188645,-1.118856197106652,0.0009999999949883431,0.0009999999927714498,0.000999999999109491,0.0010000000078633775,0.000999999998327894,0.0010000000082861504,1.0629996010996436e-6,1.06299963354761e-6,1.0149343410834062,1.2059856623663368,1.4884790353663813,0.02344105326354262,0.00015985981754944157,0.00020242343673348176,0.0017263896343069668,0.0012659999999999497,0.0012659999999999618,0.0012659999999999649,0.0010026599999999877,0.0010026599999999745,0.0010026599999999842
2025-06-11T20:38:53Z,39.98493216235232,-75.15997234532111,24.11585374432616,-10.599794904584996,-2.2139446259243414,-0.822470396895369,1.1357118931482546,0.058005133025744726,-1.3237574797822163,0.0009999999951304517,0.0009999999926293412,0.0009999999988536956,0.0010000000079628535,0.00099999999792999,0.0010000000084708915,2.062999694881206e-6,2.062999830140456e-6,1.0564662829892373,1.3969278786149972,1.7305360158398446,0.027966565221365786,0.00016521241072556294,0.00021522174569505912,0.0017289977622670348,0.0012669999999999492,0.0012669999999999609,0.001266999999999964,0.0010026699999999879,0.0010026699999999735,0.0010026699999999844
2025-06-11T20:38:54Z,39.98483126114832,-75.1599968196098,23.87572297709994,-12.464902454870753,-2.0578065309673548,-0.8648183350960608,1.1319623896706617,-0.2508613487734692,-0.9684861164787435,0.0009999999953720362,0.000999999992558287,0.0009999999992515995,0.0010000000078775884,0.0009999999976670892,0.0010000000084495753,3.0629998647373283e-6,3.0630001903550637e-6,1.1099479401462728,1.6131552546185906,2.007338307918173,0.03261477489053802,0.00019186428749874747,0.00021652613639490606,0.0017974940885399126,0.0012679999999999486,0.0012679999999999597,0.0012679999999999634,0.0010026799999999876,0.0010026799999999735,0.001002679999999984
2025-06-11T20:38:55Z,39.98472081335424,-75.16002559611725,23.711105870315805,-12.782791191828437,-3.106173655454768,-0.8998949062151951,1.1991328108124435,0.051869740570964495,-1.3408624327857979,0.0009999999955994099,0.0009999999925440761,0.0009999999995642384,0.001000000008104962,0.0009999999976102458,0.0010000000084957605,4.063000126897805e-6,4.0630007506564745e-6,1.168220191753655,1.8268309057732657,2.3445717273995452,0.033458857749488286,0.0001782509114166907,0.00023508639894772432,0.0017496272766595155,0.0012689999999999488,0.0012689999999999596,0.0012689999999999637,0.0010026899999999877,0.0010026899999999732,0.001002689999999984
2025-06-11T20:38:56Z,39.98460621675383,-75.16005946608486,23.67064408864826,-12.702303638448939,-3.189562360785203,-0.7914212659161421,1.2005396011372795,-0.04853402518210714,-1.2125534662191058,0.0009999999958267836,0.0009999999930698777,0.0009999999996210818,0.0010000000078633775,0.000999999997894463,0.0010000000087906358,5.0630005004105266e-6,5.063001554062363e-6,1.218505265789636,2.0528957300662456,2.731323529182585,0.03214360733586552,0.0001850059091663205,0.00024320549591167297,0.0017634926120219437,0.0012699999999999487,0.0012699999999999602,0.0012699999999999647,0.0010026999999999866,0.0010026999999999727,0.0010026999999999831
2025-06-11T20:38:57Z,39.985032197276226,-75.16006320384585,22.628715936793014,-10.590387478820048,-2.020174913923256,-0.7682138503805618,1.1568575479614083,-0.12983249073840852,-1.0555474200518802,0.0009999999956704642,0.0009999999931267212,0.0009999999994505515,0.0010000000077639015,0.0009999999974610319,0.0010000000090286676,1.062978597736615e-6,1.0629786346491593e-6,1.0422003345185495,1.3987079529040638,1.695888083299656,0.02647406892372095,0.00014930474813963827,0.00017509543367603638,0.0017646411194562187,0.0012709999999999477,0.0012709999999999599,0.0012709999999999638,0.001002709999999987,0.0010027099999999735,0.0010027099999999841
2025-06-11T20:38:58Z,39.98493615107608,-75.16008629908998,22.671538137597963,-11.575869959429838,-2.16702929220628,-0.7900485264326562,1.1726856126479106,-0.12124545949609455,-0.9961965651455102,0.0009999999957699401,0.0009999999933540948,0.0009999999993652864,0.001000000007621793,0.0009999999977736707,0.001000000009160118,2.062978705030652e-6,2.062978858790756e-6,1.0959417844505621,1.572817703237107,1.942814665793063,0.028278702957881596,0.00015799884934113994,0.00018342822631392877,0.0017761046361974846,0.001271999999999947,0.0012719999999999587,0.0012719999999999626,0.0010027199999999865,0.0010027199999999732,0.001002719999999983
2025-06-11T20:38:59Z,39.98483434607263,-75.1601112819743,22.771228176308796,-12.47064324945677,-2.602130390703678,-0.7746074458991643,1.173947785035125,0.01422097956071866,-1.1471229001763277,0.0009999999956278316,0.0009999999934535708,0.0009999999991379127,0.0010000000074796844,0.0009999999980152552,0.0010000000090215622,3.062978893736212e-6,3.062979264105477e-6,1.1489634822485355,1.7536453194810053,2.2195904695042277,0.030166234979669415,0.0001591921237029043,0.0001966178195193986,0.0017656873837552283,0.0012729999999999463,0.0012729999999999584,0.0012729999999999623,0.0010027299999999858,0.0010027299999999725,0.001002729999999982
2025-06-11T20:39:00Z,39.98472352225128,-75.16013751383608,22.909719842253253,-13.655810546246357,-2.722756589850178,-0.8523855644452851,1.1827538106008433,-0.044925953764050064,-1.2367141240392812,0.0009999999954288796,0.00099999999343936,0.000999999999109491,0.0010000000075649496,0.0009999999983492103,0.0010000000087337924,4.062979178480816e-6,4.062979883000558e-6,1.2016940012339927,1.9365100835935678,2.5203685374319504,0.032728284448299755,0.00016406010125456118,0.00020789253982857935,0.0017794959508787033,0.0012739999999999457,0.0012739999999999577,0.0012739999999999616,0.0010027399999999846,0.0010027399999999712,0.0010027399999999811
2025-06-11T20:39:01Z,39.984598517783276,-75.16016707241353,22.92096170037985,-14.651823186315596,-3.4280644905229565,-0.9019018323306227,1.1825382738170447,-0.13714546469964262,-0.9129566605988657,0.00099999999510203,0.0009999999933967274,0.0009999999992942321,0.0010000000079912752,0.000999999998626322,0.0010000000089185335,5.062979577907317e-6,5.062980751370137e-6,1.254524890546721,2.1204491721817713,2.8553069922678644,0.035260994680868185,0.00018057756552099314,0.0002092901083961634,0.0018136198035563693,0.0012749999999999454,0.0012749999999999574,0.0012749999999999615,0.0010027499999999833,0.001002749999999972,0.001002749999999982
2025-06-11T20:39:02Z,39.985019136373715,-75.16016755432872,21.264566228725016,-13.953185721067712,-3.3470787149562966,-0.9551883742024074,1.1718532076192787,0.1383234201475716,-1.3989448582433397,0.0009999999949883431,0.0009999999934962034,0.000999999999308443,0.0010000000077639015,0.0009999999986334274,0.0010000000087551086,1.0875299185839088e-6,1.0875299724973041e-6,1.1058668354458838,1.7295784292206282,2.2400885618014468,0.03139219109769484,0.00015233942722122005,0.00018931883795012406,0.0018026304466319126,0.001275999999999945,0.001275999999999957,0.001275999999999961,0.0010027599999999828,0.001002759999999972,0.0010027599999999825
2025-06-11T20:39:03Z,39.984896159618124,-75.16021064488497,21.375060969265178,-14.825575167196803,-4.5581992153893225,-1.1088423060282366,1.1930463577155024,0.11926203122220613,-1.3192903624731116,0.000999999995499934,0.0009999999933825165,0.0009999999996495035,0.0010000000076786364,0.0009999999987826413,0.001000000008961166,2.087530051514329e-6,2.0875302709418666e-6,1.174058734267324,1.90038242919653,2.5240934760964144,0.03488112231078014,0.00015778778110873187,0.00019940849499794046,0.0018079530838917253,0.0012769999999999455,0.0012769999999999576,0.0012769999999999615,0.0010027699999999836,0.0010027699999999727,0.0010027699999999836
2025-06-11T20:39:04Z,39.98476522709287,-75.1602536537324,21.35126923653297,-16.657124186167493,-3.8389086914539803,-1.3167336507613072,1.2139933001017198,0.05737564460241629,-1.375954419185291,0.0009999999952157168,0.0009999999934677817,0.0009999999995500275,0.0010000000079486426,0.0009999999987684305,0.0010000000090073513,3.087530278368608e-6,3.0875308005667214e-6,1.2450975311723458,2.0608961514473703,2.837804333272016,0.03902544734502211,0.00016159493236231673,0.00020922337041883807,0.0018184487073469489,0.0012779999999999448,0.001277999999999957,0.0012779999999999608,0.0010027799999999848,0.001002779999999973,0.0010027799999999848
2025-06-11T20:39:05Z,39.984624040112465,-75.16030174686858,21.126741252141073,-17.294190981891006,-5.986480496416334,-1.5721053290908458,1.1290171975415433,0.3511935461538087,-1.7309676370496163,0.0009999999948888671,0.0009999999937093662,0.0009999999994647624,0.001000000007806534,0.0009999999985694785,0.001000000008751556,4.087530612246877e-6,4.0875315971126685e-6,1.3186166947336255,2.2335416341645202,3.1748879573914306,0.04349590936748607,0.00019629684754140627,0.0002103143476518801,0.0019005861541257693,0.0012789999999999447,0.0012789999999999566,0.0012789999999999607,0.0010027899999999852,0.0010027899999999722,0.0010027899999999856
2025-06-11T20:39:06Z,39.984475422633295,-75.16035376536253,20.96667512599379,-17.60944992559962,-5.341111733112484,-1.4640150242339587,1.1770272250287235,0.29857164637724054,-2.027728657965781,0.0009999999949172889,0.0009999999935672577,0.0009999999994789732,0.0010000000076644255,0.0009999999980223606,0.0010000000084851024,5.087531072907034e-6,5.087532699054595e-6,1.3840562089189192,2.3866233343867105,3.5523000579459154,0.04226085437527646,0.00021219029316123982,0.00020215956502816652,0.0019280948779310217,0.0012799999999999437,0.0012799999999999554,0.0012799999999999615,0.001002799999999985,0.0010027999999999715,0.001002799999999985
2025-06-11T20:39:07Z,39.98504643628631,-75.16019245050165,20.974587760632858,-14.69762267509941,-3.0130701214366127,-0.6257414991778205,1.2761365559563274,-0.1273500490206061,-1.725578600759036,0.000999999995201506,0.0009999999933114623,0.0009999999996210818,0.001000000007707058,0.0009999999981218366,0.0010000000085099714,1.0629823849263354e-6,1.0629824428597116e-6,1.1671634083464486,1.7519498746616606,2.3796764625261364,0.032895528406150815,0.00015579177083951373,0.0001811026359722534,0.0018331090625884254,0.0012809999999999447,0.0012809999999999564,0.0012809999999999608,0.0010028099999999853,0.001002809999999972,0.0010028099999999855
2025-06-11T20:39:08Z,39.984914690008054,-75.16021726496578,21.3900338022504,-16.272859745658934,-1.9898415624338668,-1.0767011206480674,1.2929777727258625,-0.27343682205537334,-1.3276021335768746,0.0009999999949741323,0.000999999993624101,0.0009999999993368647,0.0010000000073659976,0.0009999999984131591,0.001000000008776425,2.062982516273097e-6,2.062982754623469e-6,1.2314196014159997,1.889436625961107,2.650937058371449,0.036066068886545,0.00016158599557081012,0.0001995040447778472,0.0018703773290618193,0.0012819999999999457,0.0012819999999999566,0.0012819999999999618,0.0010028199999999846,0.0010028199999999716,0.0010028199999999848
2025-06-11T20:39:09Z,39.98477502131067,-75.16022969387568,21.51844922103919,-17.210427755024284,-1.2487893282668665,-1.0113605866063153,1.2557856448111124,-0.31320578388113063,-0.9405428721147473,0.0009999999949457106,0.000999999993837264,0.0009999999991379127,0.001000000007039148,0.0009999999981999963,0.0010000000090251149,3.0629827388336896e-6,3.0629833073742707e-6,1.2908368375929935,2.0411606473017962,2.963273988490115,0.037660735486778424,0.00017567792096948964,0.0002043012252632187,0.0019325940450742951,0.001282999999999945,0.0012829999999999571,0.001282999999999961,0.0010028299999999834,0.001002829999999972,0.0010028299999999845
2025-06-11T20:39:10Z,39.98462815765265,-75.1602326579043,21.75788281299174,-18.381930314935744,-0.8089019089311478,-1.1301917879027314,1.2734855603048345,-0.12679657159605995,-0.9269415288581513,0.0009999999947609695,0.0009999999938941073,0.0009999999992231778,0.0010000000066980874,0.0009999999983847374,0.0010000000086449745,4.06298306468377e-6,4.062984139281143e-6,1.3451537810596315,2.183482400580019,3.3081608549772703,0.040520590712755294,0.00016704016366140515,0.00021320447635447422,0.0019031915044067324,0.0012839999999999443,0.0012839999999999562,0.00128399999999996,0.001002839999999984,0.001002839999999971,0.0010028399999999849
2025-06-11T20:39:11Z,39.98446299455715,-75.16023858762908,21.77093635383062,-20.081200709566474,-1.6574103586463025,-1.1222287434065947,1.2904776696232148,-0.03548990737681379,-1.0414433904661564,0.0009999999951162408,0.0009999999935956794,0.0009999999991663344,0.0010000000067549308,0.000999999998661849,0.001000000008875901,5.062983512589038e-6,5.062985294282502e-6,1.4018194203838397,2.314978267633474,3.706694644463271,0.04509488699514988,0.00016515002441370733,0.00022619687793599163,0.001897134626686631,0.0012849999999999446,0.001284999999999957,0.0012849999999999609,0.0010028499999999846,0.0010028499999999714,0.0010028499999999853
2025-06-11T20:39:12Z,39.98503544645191,-75.16031808279344,21.941019209800288,-15.986120964866132,-3.32950427356991,-1.1762098801555112,1.2624524578568526,-0.07494892683735088,-1.0541813998570433,0.000999999995201506,0.000999999993240408,0.0009999999990526476,0.0010000000065275572,0.0009999999984557917,0.0010000000087480032,1.1478661536953495e-6,1.1478662132399092e-6,1.1724825220293096,1.5325823885746694,2.134006146418494,0.037450374132180456,0.00014235656420676944,0.0001830054162563981,0.0019013496057447554,0.0012859999999999454,0.001285999999999957,0.0012859999999999614,0.0010028599999999837,0.001002859999999972,0.0010028599999999863
2025-06-11T20:39:13Z,39.98488621532293,-75.16035722631409,21.791482099564746,-18.319113505771384,-3.679846837039804,-1.2286817056738073,1.259902860794682,-0.20946396357430785,-0.9576610048534349,0.0009999999954715122,0.0009999999934535708,0.000999999999208967,0.0010000000063712378,0.0009999999985907948,0.0010000000086449745,2.147866275534874e-6,2.147866507436769e-6,1.2570049162407586,1.65437825035881,2.4092981177895605,0.044031112690588084,0.00015768562611073343,0.00018943052752805567,0.0019428852797595693,0.001286999999999944,0.001286999999999956,0.00128699999999996,0.0010028699999999834,0.001002869999999972,0.001002869999999986
2025-06-11T20:39:14Z,39.98472135905233,-75.16040234625027,21.6110880470369,-20.287255606148392,-4.567086645576637,-1.431259423319716,1.2456491839402588,-0.1415461987198796,-0.7132861041391152,0.0009999999955567773,0.0009999999933114623,0.0009999999989247499,0.0010000000064707137,0.000999999998626322,0.0010000000083820737,3.147866477622493e-6,3.1478670235875413e-6,1.3491305868458847,1.769054827629648,2.7134545478323187,0.050043161212457596,0.00017192728791688415,0.00018667634439624144,0.0019523332360433278,0.001287999999999943,0.0012879999999999552,0.001287999999999959,0.001002879999999984,0.0010028799999999716,0.0010028799999999849
2025-06-11T20:39:15Z,39.98454248055011,-75.160457934085,21.36783128976822,-21.59116884577088,-5.6953646097681485,-1.4806718568870565,1.3036056293349247,-0.1271059727514512,-0.6620556362977368,0.000999999995201506,0.0009999999932119863,0.0009999999987968522,0.001000000006442292,0.000999999998626322,0.001000000008687607,4.147866769276877e-6,4.147867797604599e-6,1.4404733653568138,1.8803865982220884,3.0415741249078736,0.05356482288537115,0.00018091563217809682,0.00019075824055118972,0.001961391407351753,0.0012889999999999428,0.0012889999999999551,0.0012889999999999592,0.0010028899999999829,0.0010028899999999724,0.0010028899999999855
2025-06-11T20:39:16Z,39.984354031695545,-75.16052263745418,21.24037424311973,-21.61344090034254,-6.445173974789213,-1.3815525010140846,1.297122148287599,0.051363071879222844,-0.8092097754197312,0.0009999999953294036,0.0009999999935530468,0.0009999999986973762,0.0010000000061296532,0.000999999998860801,0.001000000008353652,5.147867165751244e-6,5.1478688662287715e-6,1.5138217361555037,1.9826597629852774,3.3719387072384692,0.051123272755505544,0.00017455946602192894,0.000207096788458447,0.0019237705328882045,0.0012899999999999438,0.0012899999999999555,0.0012899999999999598,0.0010028999999999828,0.0010028999999999724,0.0010028999999999854
2025-06-11T20:39:17Z,39.98506032386516,-75.16066875947972,21.30828160047531,-18.650706697255373,-6.541178803308867,-1.1813687050016597,1.2965905620803824,0.04110630331661014,-1.1270362346986076,0.000999999995485723,0.0009999999935104142,0.0009999999985979002,0.0010000000062291292,0.0009999999984060537,0.0010000000081582527,1.131476320729941e-6,1.1314763887132587e-6,1.288072175974578,1.5104574984568981,2.323813914638006,0.04297360953156491,0.00014230533925748318,0.00019996927578189332,0.001919208943759478,0.0012909999999999424,0.0012909999999999545,0.0012909999999999586,0.0010029099999999832,0.0010029099999999723,0.0010029099999999851
2025-06-11T20:39:18Z,39.984892616123986,-75.16075286285398,21.146087325410917,-19.8383356789127,-8.223931517917663,-1.348897966890945,1.2841997445502784,0.018602171847987847,-1.0854331374721369,0.0009999999954288796,0.0009999999937093662,0.0009999999985410568,0.0010000000063854486,0.0009999999984628971,0.001000000008502866,2.131476438608507e-6,2.1314767051582583e-6,1.3689675627706757,1.6290649509033321,2.5930797175823255,0.04701486154262985,0.0001483458991400318,0.0002084487721317697,0.0019309687763495583,0.0012919999999999427,0.0012919999999999549,0.0012919999999999588,0.0010029199999999827,0.0010029199999999718,0.001002919999999986
2025-06-11T20:39:19Z,39.98471757710188,-75.16084769926354,21.01693952269852,-21.308862701058388,-8.893633917090483,-1.543984453266603,1.2835808969539357,-0.1208267542615431,-1.0668074678978883,0.000999999995300982,0.0009999999935672577,0.0009999999985410568,0.0010000000063143943,0.0009999999983492103,0.0010000000089398497,3.1314766338372004e-6,3.131477258058867e-6,1.4453544282634119,1.7357738783920849,2.897959600276506,0.0503606000013859,0.00015502896965861524,0.00021760294846427455,0.0019610112724269563,0.0012929999999999415,0.0012929999999999537,0.0012929999999999576,0.001002929999999983,0.0010029299999999726,0.0010029299999999865
2025-06-11T20:39:20Z,39.98453104090039,-75.16094766081628,20.91686663357541,-22.626773551339284,-9.819774575182237,-1.6084658884064993,1.288306979360641,-0.005468627346317589,-1.0222998004901456,0.0009999999950736083,0.00099999999343936,0.0009999999981999963,0.0010000000067975634,0.0009999999981005203,0.0010000000091245909,4.131476916828106e-6,4.131478081932595e-6,1.5161491514906953,1.8506297819990352,3.23410729579183,0.053797570652770466,0.0001575809691808329,0.00022566810185370667,0.0019539945804017116,0.0012939999999999428,0.0012939999999999547,0.0012939999999999577,0.001002939999999982,0.0010029399999999732,0.0010029399999999856
2025-06-11T20:39:21Z,39.98432770561852,-75.16105556062963,20.76710875867866,-23.849118700018153,-10.998412427608855,-1.7316475880797952,1.2882462706184015,-0.01619010540889576,-1.03264498731005,0.0009999999948178129,0.0009999999930982995,0.0009999999979157792,0.0010000000066980874,0.0009999999981573637,0.0010000000093057793,5.1314773039796015e-6,5.131479213274708e-6,1.5810074263484253,1.9726756341191556,3.5954062881496522,0.057397949286025235,0.0001590651339078605,0.00023614462406658826,0.0019650211985934524,0.0012949999999999418,0.0012949999999999537,0.0012949999999999576,0.001002949999999981,0.001002949999999973,0.0010029499999999864
2025-06-11T20:39:22Z,39.98510866504594,-75.16095809286301,20.790924655040726,-21.42271117377095,-9.681101133814082,-1.5701317927305354,1.25773716281401,-0.06280785087437835,-1.0971361934643937,0.0009999999948604454,0.0009999999927856607,0.0009999999980152552,0.0010000000064138703,0.0009999999984628971,0.0010000000093768335,1.1314655971084642e-6,1.1314656721346184e-6,1.3534847869324786,1.5361722816326318,2.4764248580950636,0.04942188636051133,0.00014144932296142275,0.00021761133404175076,0.0019374509988428661,0.0012959999999999415,0.0012959999999999524,0.0012959999999999565,0.00100295999999998,0.001002959999999973,0.0010029599999999872
2025-06-11T20:39:23Z,39.98491554419858,-75.16107239431119,20.635787854902446,-22.971582787809893,-10.765946532599628,-1.6828630541131133,1.264079478860367,-0.05606067170128881,-0.9862602584180422,0.0009999999949172889,0.000999999992856715,0.0009999999980863095,0.0010000000065133463,0.0009999999983989483,0.0010000000091778816,2.131465717439666e-6,2.13146600767095e-6,1.4461474068799536,1.6645520523976522,2.755579711779185,0.05411983997246517,0.00014878432545240342,0.00022424635349711135,0.001949225187183655,0.0012969999999999408,0.0012969999999999518,0.0012969999999999557,0.0010029699999999802,0.0010029699999999733,0.0010029699999999874
2025-06-11T20:39:24Z,39.98471297431144,-75.16119430218221,20.43695501307957,-24.39061963558197,-11.762168903835118,-1.8179026710422477,1.2454971913539339,0.015332850206618787,-1.0845904664020054,0.0009999999947609695,0.0009999999929704018,0.0009999999981147312,0.0010000000061864966,0.0009999999983634211,0.0010000000091388017,3.1314659183688937e-6,3.1314665899674288e-6,1.532821654040854,1.7955737387430022,3.0570083668417176,0.05790979868429172,0.0001481988930047192,0.00023729082281644852,0.0019489047367198652,0.0012979999999999418,0.0012979999999999509,0.001297999999999957,0.0010029799999999802,0.0010029799999999732,0.0010029799999999873
2025-06-11T20:39:25Z,39.984497984268906,-75.16132284097294,20.157127696089447,-25.619150922866538,-12.67990622355137,-1.857186505876598,1.2514158729900373,-0.004761351500974342,-1.0761940652737394,0.000999999994618861,0.000999999992856715,0.0009999999978873575,0.0010000000062007075,0.0009999999982497343,0.0010000000087337924,4.13146621159412e-6,4.131467450196819e-6,1.608618892792835,1.9311468991318221,3.3805036733521905,0.060243766426165135,0.0001502199147163099,0.0002470165040325855,0.001958873096982802,0.0012989999999999423,0.0012989999999999515,0.0012989999999999567,0.0010029899999999797,0.0010029899999999727,0.0010029899999999868
2025-06-11T20:39:26Z,39.984266803376336,-75.16145536181735,19.98643573652953,-26.82225689687766,-13.535582111449912,-1.9024508371803677,1.2394380114419619,0.020913215001201024,-1.1515555065852823,0.0009999999944483307,0.0009999999926861847,0.000999999997844725,0.0010000000059875447,0.0009999999983563157,0.0010000000087906358,5.131466613731024e-6,5.131468621145404e-6,1.670967121289299,2.071094727806465,3.7290255591121766,0.062081156945743454,0.00015061295364446014,0.00025753691160377933,0.001966375892730534,0.0012999999999999416,0.0012999999999999507,0.0012999999999999577,0.0010029999999999794,0.0010029999999999722,0.0010029999999999865
2025-06-11T20:39:27Z,39.985155105663225,-75.16122416091446,22.69537644716911,-19.540715031558648,-10.084060411900282,-1.025296870910097,1.1788793107989477,-0.10815119342078106,-0.9505453342499095,0.000999999994121481,0.0009999999925440761,0.000999999997830514,0.0010000000056891167,0.0009999999984984242,0.0010000000091530126,1.1159055123013655e-6,1.1159055603117713e-6,1.3487271555020992,1.2470377726225572,1.761904410013791,0.047187602648272375,0.0001327331106067083,0.00021786870150181247,0.0019105034641743884,0.0013009999999999407,0.0013009999999999509,0.001300999999999957,0.0010030099999999795,0.0010030099999999726,0.0010030099999999867
2025-06-11T20:39:28Z,39.9849740356141,-75.16134504825915,22.47655008849688,-21.2689626456704,-11.085129530285485,-1.1562878630065825,1.1812263261381304,-0.01044591962352115,-1.0198109852935886,0.0009999999942778004,0.0009999999927714498,0.0009999999976031404,0.0010000000054475322,0.0009999999981715746,0.0010000000090713002,2.1159056099949256e-6,2.1159057964765575e-6,1.4308686152879537,1.3645416549819858,1.955484095100958,0.05012645571921395,0.0001350734715008473,0.00022895217793432722,0.0019081082003289738,0.0013019999999999412,0.0013019999999999501,0.0013019999999999573,0.0010030199999999786,0.0010030199999999721,0.0010030199999999856
2025-06-11T20:39:29Z,39.98477677471494,-75.16147691960191,22.122544778278098,-23.458574635908008,-12.327275653020479,-1.3142050467868103,1.1813084734603763,-0.024347527010831982,-1.0814444780698977,0.0009999999941072701,0.000999999992458811,0.0009999999972620799,0.0010000000052912128,0.0009999999978091978,0.0010000000092276196,3.1159057758088e-6,3.115906206554709e-6,1.507214663206919,1.4939415334424082,2.1804063760770678,0.05480731418985449,0.0001392125302562357,0.00023889701746967345,0.001916290438320724,0.0013029999999999422,0.0013029999999999502,0.0013029999999999572,0.0010030299999999794,0.0010030299999999723,0.0010030299999999864
2025-06-11T20:39:30Z,39.984566580895944,-75.16161453140516,21.828045099275187,-24.133025931427255,-12.638718353467993,-1.3414554356131703,1.1852258269645972,-0.013195892937005738,-1.0543448369426187,0.0009999999940930593,0.0009999999928282932,0.0009999999974610319,0.001000000004978574,0.0009999999978234086,0.001000000009518942,4.115906020208089e-6,4.115906812349999e-6,1.5681156876817053,1.6185415004832686,2.401228901384029,0.052178750378557265,0.00014241711924037104,0.0002487456224700916,0.0019251917831828499,0.001303999999999943,0.001303999999999951,0.0013039999999999582,0.0010030399999999787,0.0010030399999999716,0.0010030399999999859
2025-06-11T20:39:31Z,39.984346439029814,-75.16175224492756,21.778065239312127,-24.739467875333503,-13.172741533140652,-1.2922106641344726,1.1781681526917964,-0.049214518005555874,-1.0412854811002035,0.0009999999944767524,0.0009999999930840886,0.0009999999976031404,0.0010000000050922608,0.0009999999975818241,0.001000000009891977,5.1159063559814044e-6,5.115907636098293e-6,1.6033361569115867,1.756703268243186,2.6476135135766907,0.04999500145608915,0.00014532953863498287,0.00025858391096789205,0.0019344975144162057,0.0013049999999999431,0.0013049999999999514,0.0013049999999999575,0.0010030499999999789,0.0010030499999999726,0.0010030499999999858
2025-06-11T20:39:32Z,39.98514941439476,-75.16132042305931,21.771618760423735,-21.10255134687759,-10.754666274529882,-0.9458832885356969,1.146840648027137,-0.03126627268511584,-1.0510499163647182,0.0009999999942351678,0.00099999999294198,0.000999999997745249,0.0010000000052343694,0.000999999997347345,0.0010000000097605266,1.1158975530768779e-6,1.115897602382381e-6,1.3467670379129053,1.3569570637356723,1.8579050722059751,0.03942798457018895,0.00013404149430293533,0.0002386863727005373,0.0019238785651708669,0.001305999999999942,0.0013059999999999502,0.001305999999999958,0.001003059999999978,0.0010030599999999717,0.0010030599999999849
2025-06-11T20:39:33Z,39.98496064287379,-75.16144403347502,21.912052089115605,-21.570825970964506,-11.035635619424284,-0.8911673245966085,1.1429679995198967,-0.03339397380250375,-1.048605659729219,0.0009999999940646376,0.0009999999926719738,0.00099999999792999,0.0010000000049927849,0.0009999999976813,0.0010000000094763095,2.115897659507981e-6,2.1158978510141944e-6,1.391511781102773,1.493785260882665,2.063487999756108,0.03789597401137065,0.0001393502454920306,0.00024857394197084896,0.0019331346862773227,0.0013069999999999412,0.0013069999999999512,0.0013069999999999573,0.001003069999999977,0.0010030699999999722,0.0010030699999999857
2025-06-11T20:39:34Z,39.98476952014024,-75.16156859354717,22.088397859362885,-21.980155871249735,-11.341604775749147,-0.8339114843838615,1.1387707620306173,-0.036479897639310366,-1.0467562027624808,0.0009999999940077942,0.0009999999928140824,0.0009999999978731466,0.0010000000047654112,0.0009999999974752427,0.0010000000096752615,3.1158978416734236e-6,3.115898283140432e-6,1.4175659917316261,1.6450473775509473,2.2956381921154656,0.036190058186725965,0.00014426157041897095,0.00025846748417717607,0.0019424352396842652,0.0013079999999999414,0.00130799999999995,0.0013079999999999574,0.0010030799999999767,0.0010030799999999724,0.0010030799999999865
2025-06-11T20:39:35Z,39.984573183884606,-75.16169411161339,22.265357710421085,-22.402322586858645,-11.561764363083057,-0.7811712649418041,1.1349820712930523,-0.03977270950190359,-1.0433104508701945,0.0009999999936098902,0.0009999999926861847,0.0009999999980010443,0.0010000000050638391,0.0009999999970347062,0.0010000000099630313,4.115898113059118e-6,4.115898924192552e-6,1.4279901513119333,1.8119282891921502,2.5564676945731106,0.034404376838373635,0.00014894457699174985,0.000268388377664245,0.0019518656416338627,0.0013089999999999404,0.0013089999999999506,0.0013089999999999567,0.001003089999999976,0.0010030899999999726,0.0010030899999999869
2025-06-11T20:39:36Z,39.9843681714878,-75.16181995818235,22.472098261350766,-22.7841123258695,-11.76177321083378,-0.732373407423438,1.1309935685567325,-0.032738021556269814,-1.0433757391147083,0.0009999999934535708,0.0009999999924019676,0.0009999999978589358,0.0010000000049075197,0.0009999999973615559,0.0010000000104106732,5.115898488877975e-6,5.115899803027901e-6,1.426312372831599,1.9965194995271645,2.847638694148414,0.03267111712827109,0.0001534753998515,0.00027828770676294954,0.0019615134202424856,0.0013099999999999395,0.0013099999999999505,0.0013099999999999555,0.0010030999999999768,0.0010030999999999732,0.0010030999999999872
2025-06-11T20:39:37Z,39.98529977527305,-75.16123020569857,15.902345051057637,-3.8946987461822573,-1.520561442419421,-0.4550449324779038,1.0038254634710029,-0.016757464142301615,-1.0660218675038777,0.0009999999932261971,0.0009999999924161784,0.000999999997148393,0.0010000000044527724,0.0009999999968570705,0.001000000010996871,1.0047389699623267e-6,1.0047389743479036e-6,0.5919584245218857,0.25522157777888116,0.2707456905951736,0.015032003900103952,0.0001015807349102807,0.00017687789963168358,0.0019702674288233214,0.00131099999999994,0.001310999999999949,0.001310999999999956,0.0010031099999999772,0.0010031099999999737,0.0010031099999999876
2025-06-11T20:39:38Z,39.98526869924634,-75.16124578456632,16.658137276768684,-3.2604632717266213,-1.331112711224705,-0.37207496968039777,1.002378345176112,-0.009568337272071403,-1.055225560150575,0.000999999993638312,0.0009999999923024916,0.000999999997546297,0.0010000000042680313,0.0009999999971270768,0.0010000000110075291,2.004738989460353e-6,2.004739009418434e-6,0.6568913018985014,0.31671020940012434,0.35100525951725636,0.014956019668513107,0.00011132710035440988,0.0001868561850708877,0.0019804651066143053,0.001311999999999941,0.0013119999999999493,0.0013119999999999562,0.001003119999999978,0.0010031199999999728,0.001003119999999987
2025-06-11T20:39:39Z,39.98524508706894,-75.16125217202716,17.509507813490927,-1.9343868330324767,-0.14228883042233065,-0.3300907319462567,1.0050980242813239,-0.09131499651721242,-0.8512180072575575,0.000999999993737788,0.0009999999924303893,0.0009999999971768148,0.0010000000045096158,0.0009999999967647,0.0010000000110608198,3.004739027252533e-6,3.004739079472254e-6,0.7169269145487902,0.4157295964892813,0.4852060207156995,0.014300007363921674,0.00012487238633621754,0.00019388933088285826,0.002002290874411435,0.0013129999999999403,0.0013129999999999485,0.0013129999999999563,0.0010031299999999788,0.0010031299999999717,0.0010031299999999862
2025-06-11T20:39:40Z,39.985225525730655,-75.16124177833353,18.41221669712104,-0.6038610474133748,1.3200821778737009,-0.3407101329394209,1.0121408554841764,-0.07876287498220336,-1.0353116808691993,0.0009999999941072701,0.0009999999924303893,0.0009999999975178753,0.0010000000043248747,0.000999999997063128,0.0010000000111531904,4.004739089746883e-6,4.004739201032035e-6,0.7669991466548876,0.5580052774013494,0.6699240268324126,0.014317746450363406,0.00013130162027138285,0.00020676836201996383,0.0020001517552816427,0.00131399999999994,0.0013139999999999478,0.001313999999999956,0.0010031399999999781,0.001003139999999971,0.001003139999999987
2025-06-11T20:39:41Z,39.98520334220671,-75.16121769924867,19.272911988198757,1.135246312362142,2.066050873603672,-0.35868019586996525,1.0408753948722733,-0.01918305357207828,-1.0014337867032737,0.0009999999943346438,0.0009999999927146064,0.000999999997546297,0.001000000004594881,0.000999999997162604,0.0010000000109116058,5.004739176606106e-6,5.004739398393002e-6,0.8075468429304222,0.7207687336549755,0.927444298189854,0.014998369076198087,0.00014037527512701935,0.00021660307353703074,0.0020107472076004496,0.0013149999999999401,0.0013149999999999482,0.0013149999999999564,0.0010031499999999774,0.0010031499999999705,0.0010031499999999874
2025-06-11T20:39:42Z,39.98535445930833,-75.16124963238407,10.406088701449335,1.587655570867355,1.4919837820343673,-1.0171421764971456,1.0778307754080743,-0.016791112232567684,-1.0146266366355121,0.000999999994405698,0.0009999999927998715,0.0009999999973331342,0.0010000000047512003,0.0009999999971554985,0.001000000011330826,1.0256923923553927e-6,1.0256924136272873e-6,0.499747002010164,0.8122753483218531,1.0664685521836395,0.013466510831940365,0.00014352256312780796,0.00020501874077063188,0.0019066444587206833,0.0013159999999999405,0.0013159999999999487,0.0013159999999999567,0.0010031599999999765,0.0010031599999999693,0.001003159999999987
2025-06-11T20:39:43Z,39.98537349495884,-75.16122846813579,10.88654596125707,2.564178194355918,1.947905101129436,-1.0959802284050966,1.0540542153757997,-0.05882223359640193,-1.0067326243006391,0.0009999999945335958,0.0009999999926009195,0.000999999997546297,0.0010000000050354174,0.0009999999970276008,0.001000000011604385,2.025692455853838e-6,2.0256925535759734e-6,0.5605920098394278,1.011177311206724,1.3585766096940914,0.015155270929322867,0.0001540264521689554,0.00021494776015014988,0.0019177176509912394,0.0013169999999999395,0.0013169999999999473,0.0013169999999999556,0.0010031699999999758,0.0010031699999999686,0.0010031699999999864
2025-06-11T20:39:44Z,39.98539333268967,-75.16120240636174,11.530441964161582,3.0815282841504086,2.473076058930019,-0.9573200419181376,1.0678628289751941,-0.04206124131042088,-0.9265328216133639,0.0009999999948178129,0.0009999999927856607,0.0009999999976031404,0.0010000000049075197,0.000999999997048917,0.001000000011195823,3.0256925792893617e-6,3.0256928293825944e-6,0.6277530774299062,1.2531283081022124,1.6803120900108859,0.01654943304852638,0.00016466960422040756,0.00022395184301849018,0.001929294528229894,0.0013179999999999399,0.0013179999999999462,0.0013179999999999564,0.0010031799999999768,0.0010031799999999677,0.0010031799999999872
2025-06-11T20:39:45Z,39.98539995735618,-75.16117476543994,12.355454023345374,3.5899604806909338,2.6263665043516085,-0.8052211518734111,1.0673312768922187,0.020618121163579417,-0.9979121871292591,0.0009999999948746563,0.0009999999930982995,0.0009999999974752427,0.0010000000050212066,0.000999999997198131,0.001000000011107005,4.025692776271873e-6,4.025693281801107e-6,0.6987312026311594,1.518148778795499,2.055785596492663,0.017767445012329713,0.00017324479003067523,0.000234842328136903,0.001936269369701486,0.0013189999999999402,0.001318999999999945,0.0013189999999999563,0.0010031899999999776,0.0010031899999999668,0.001003189999999988
2025-06-11T20:39:46Z,39.985374665979435,-75.16115065467207,13.419642851804383,3.66979377050302,2.5378236923133954,-0.6794325331793516,1.075332498017815,-0.03630593425623374,-0.9777256905217655,0.000999999995386247,0.0009999999931125103,0.0009999999978589358,0.0010000000052201585,0.0009999999973686613,0.00100000001077305,5.025693043254556e-6,5.025693956026658e-6,0.769660028523964,1.8084417029676463,2.454112952231153,0.018257482615320647,0.00018293412310958865,0.0002446304494067288,0.0019477762327786588,0.0013199999999999388,0.0013199999999999451,0.0013199999999999553,0.0010031999999999784,0.0010031999999999676,0.0010031999999999888
2025-06-11T20:39:47Z,39.98536756940288,-75.1615196224582,11.876610959763639,3.7720207160164136,1.7610458007402485,-0.7135889513519942,1.071985166912782,-0.011231676144348057,-1.0117492228891933,0.0009999999953151928,0.0009999999933683057,0.00099999999792999,0.0010000000052059477,0.000999999997098655,0.0010000000109862128,1.2641501675611342e-6,1.2641502456633517e-6,0.7143582697810574,1.9231038751775817,2.5259538468930516,0.016421012097987103,0.00018172594690002897,0.00023170868637587173,0.0018547069194633464,0.0013209999999999383,0.0013209999999999453,0.0013209999999999544,0.0010032099999999792,0.001003209999999968,0.001003209999999989
2025-06-11T20:39:48Z,39.985384854150404,-75.16150952391679,13.061945916502737,3.598615781200351,0.894473128435493,-0.6670420538357575,1.0784497909480706,0.042284594614557136,-1.0406402277294546,0.00099999999510203,0.0009999999935672577,0.000999999997830514,0.0010000000051206825,0.0009999999968570705,0.0010000000107162066,2.264150329222404e-6,2.264150612486121e-6,0.7797462442280478,2.2134646047426956,2.9537124201038853,0.01645834828451187,0.00019071383444885134,0.00024184685785997117,0.00186496483931475,0.0013219999999999385,0.0013219999999999445,0.001321999999999955,0.0010032199999999796,0.0010032199999999683,0.0010032199999999896
2025-06-11T20:39:49Z,39.985385098443054,-75.1615125379712,14.271441557211801,2.894019437750103,0.14661727103521116,-0.5671928073861636,1.0846609521686332,-0.01475867506189843,-1.0282054964773124,0.000999999994903078,0.0009999999931977754,0.0009999999974326101,0.001000000005277002,0.0009999999969707574,0.0010000000102543538,3.2641506074914054e-6,3.26415126099753e-6,0.8360393775779885,2.5402276040763425,3.3905975423098065,0.015952829293473247,0.00019894369421102377,0.00025176765578619457,0.0018746740356327043,0.0013229999999999386,0.0013229999999999436,0.0013229999999999549,0.0010032299999999787,0.0010032299999999683,0.0010032299999999895
2025-06-11T20:39:50Z,39.9853590274976,-75.16152559970749,15.508745432714932,2.1318409802624956,-0.4383938728424255,-0.38192235150563647,1.0922795544902328,-0.01185020074115073,-1.0019995879993076,0.000999999994704126,0.0009999999928709258,0.0009999999975036644,0.0010000000055185865,0.0009999999971412876,0.001000000009732105,4.264151007045365e-6,4.264152245131152e-6,0.8807061646646938,2.9055516446490803,3.8746092876772944,0.015481887367166158,0.00020732719072559492,0.00026153780901806505,0.0018847579589359974,0.0013239999999999392,0.001323999999999943,0.0013239999999999556,0.0010032399999999795,0.0010032399999999686,0.0010032399999999899
2025-06-11T20:39:51Z,39.98529594162927,-75.16154599856102,16.74087919550948,0.9980235031689517,-0.9472804832694237,-0.39088110929515096,1.0969428379758028,-0.028406739914771606,-1.0264584807446226,0.0009999999943346438,0.000999999992743028,0.000999999997830514,0.0010000000051491043,0.000999999997063128,0.0010000000095509165,5.264151503863987e-6,5.264153621849463e-6,0.9128287787807443,3.2937864794576615,4.363082332783326,0.014696316957751865,0.00021541417552167273,0.00027163193549096615,0.0018947068699814694,0.0013249999999999386,0.0013249999999999428,0.001324999999999955,0.0010032499999999799,0.0010032499999999673,0.0010032499999999907
2025-06-11T20:39:52Z,39.98540465269435,-75.16204129233003,16.054870706051588,1.4275947548012482,-2.6608422502467874,-0.4651162670998019,1.0977254717145115,0.03460443494032006,-1.0237375222641276,0.0009999999940646376,0.0009999999927856607,0.000999999997830514,0.0010000000048933089,0.000999999996999179,0.0010000000093306483,1.3100018781921905e-6,1.310002020509463e-6,0.8544522917561308,3.2162703650194673,4.158284493867944,0.013950402773874215,0.0002072076167828774,0.0002474604549267666,0.0018111437799821076,0.0013259999999999373,0.0013259999999999416,0.0013259999999999537,0.0010032599999999794,0.0010032599999999679,0.0010032599999999902
2025-06-11T20:39:53Z,39.9853961783239,-75.1620794511762,17.161194591550156,0.785419181585894,-3.313123156374786,-0.43282390195236076,1.1045508358511142,0.008266271281513582,-1.0240107881400036,0.000999999994121481,0.0009999999927003955,0.000999999997745249,0.0010000000051064717,0.0009999999972194473,0.001000000009135249,2.3100021514877417e-6,2.3100026388352977e-6,0.8799206350748986,3.6124864356912947,4.692791618139977,0.01417156864898722,0.00021593718565995798,0.00025731034348889283,0.0018209872468240374,0.0013269999999999374,0.0013269999999999413,0.0013269999999999534,0.001003269999999979,0.0010032699999999685,0.0010032699999999897
2025-06-11T20:39:54Z,39.985375122881734,-75.16212390827052,17.929246972547844,-0.18358145202910237,-3.944776172109414,-0.42928962647056323,1.1193048670538701,-0.01228078539213584,-1.0386566451488761,0.0009999999940077942,0.0009999999927998715,0.0009999999976315621,0.0010000000049359414,0.0009999999976599838,0.0010000000093484118,3.310002609476346e-6,3.3100036955456654e-6,0.8990670918618616,4.039781048984575,5.235452334849267,0.014316919354565472,0.00022497535743521547,0.00026715938416546376,0.0018308450280958583,0.0013279999999999384,0.0013279999999999416,0.0013279999999999538,0.0010032799999999784,0.0010032799999999675,0.0010032799999999888
2025-06-11T20:39:55Z,39.98533327671726,-75.1621733454332,18.753691530087963,-0.8703035927537712,-4.564039115794003,-0.22183427054187632,1.1157004313572543,-0.009756076107919398,-1.036424868114409,0.0009999999940788484,0.0009999999925156544,0.000999999997830514,0.0010000000047654112,0.0009999999972265528,0.0010000000096219708,4.310003261781902e-6,4.3100052608526025e-6,0.9135592437986683,4.513371489524199,5.860722432882168,0.014891819260633377,0.00023431573647732324,0.0002767413578115081,0.001840443082916267,0.0013289999999999387,0.0013289999999999418,0.001328999999999954,0.0010032899999999787,0.001003289999999968,0.0010032899999999892
2025-06-11T20:39:56Z,39.98527409703012,-75.16222566074688,19.552280662115663,-1.6702864657709142,-5.056770720460918,-0.05635402005782453,1.1298341311776312,0.019123972491570385,-1.0302601792354835,0.0009999999944483307,0.0009999999924730218,0.0009999999979015683,0.0010000000044243507,0.0009999999972905016,0.001000000009458546,5.31000409379701e-6,5.310007411356972e-6,0.9258594037325412,5.030648341925823,6.51409891086582,0.01555237843678231,0.00024402775762843125,0.000286079874672999,0.0018498447375874141,0.0013299999999999382,0.0013299999999999423,0.0013299999999999545,0.0010032999999999796,0.001003299999999969,0.0010032999999999895
2025-06-11T20:39:57Z,39.98550406938275,-75.16261177904462,19.453091964358464,-1.687619474963867,-6.139245462894905,-0.07217249530731351,1.1305650052818237,0.01849807088342459,-1.1210528828960378,0.0009999999940077942,0.0009999999925298653,0.0009999999981147312,0.0010000000041259227,0.0009999999969068085,0.0010000000097782902,1.3338773382523953e-6,1.3338775578422377e-6,0.9058146511668833,4.978413906405544,6.2347117791330176,0.01617596276691302,0.00023636000302181166,0.00026678153535853984,0.0018127948684289869,0.001330999999999938,0.001330999999999942,0.0013309999999999544,0.0010033099999999804,0.0010033099999999695,0.0010033099999999901
2025-06-11T20:39:58Z,39.985473374802766,-75.16268004008192,20.297138086520135,-2.900069122813875,-6.323872909939382,-0.03873246964030841,1.1517031689436408,-0.12922848773632722,-0.9608451148160384,0.0009999999937804205,0.0009999999923735459,0.0009999999978873575,0.0010000000042111878,0.0009999999966083806,0.0010000000099488204,2.333877773596078e-6,2.333878493296415e-6,0.922885786560786,5.531524382530443,6.832501712320228,0.017230250190599095,0.00025136708205642465,0.0002747985874010273,0.001828204865535036,0.001331999999999938,0.0013319999999999424,0.0013319999999999545,0.0010033199999999803,0.0010033199999999697,0.0010033199999999907
2025-06-11T20:39:59Z,39.98542980566638,-75.16274717470498,21.19621359370649,-3.753272292757174,-6.724456765514333,0.2133368375889404,1.177873959299177,0.09574727648123371,-0.9536966347295674,0.0009999999940646376,0.000999999992160383,0.0009999999976741947,0.0010000000044243507,0.0009999999971199713,0.0010000000096646033,3.3338785035735616e-6,3.3338800498863754e-6,0.9420563912996616,6.1412246849076695,7.503050520754735,0.019018474741310187,0.00025931048801129073,0.0002836151996676338,0.0018315983494008353,0.0013329999999999388,0.001332999999999943,0.001332999999999955,0.0010033299999999794,0.0010033299999999685,0.0010033299999999915
2025-06-11T20:40:00Z,39.98537577363401,-75.16281775944066,22.09634386165999,-4.276174862869084,-7.745107913797256,0.15796520812546078,1.1705388001864776,0.01985183233909993,-1.058282759404392,0.0009999999940077942,0.0009999999921888048,0.0009999999978589358,0.0010000000046090918,0.0009999999970915496,0.001000000009891977,4.33387956106228e-6,4.3338822992326e-6,0.9687758273096918,6.7666892110038495,8.19744694564299,0.02258626272601233,0.0002660025844101971,0.0002930655955774562,0.0018406047364085052,0.0013339999999999394,0.0013339999999999435,0.001333999999999956,0.0010033399999999785,0.001003339999999968,0.001003339999999992
2025-06-11T20:40:01Z,39.98531486555549,-75.1628960865026,22.733883229317144,-5.199002668436151,-8.200601248536259,0.14325995153740223,1.1747600944509031,-0.012558746058289216,-1.0162357358785812,0.0009999999937093662,0.0009999999919898528,0.0009999999975178753,0.0010000000044669832,0.0009999999970915496,0.001000000010140667,5.333880968872529e-6,5.33388529740583e-6,1.0052445577782716,7.468851758839089,8.874332511702478,0.02548923218401017,0.00027531480989602717,0.00030113826446846845,0.0018492300156796163,0.0013349999999999393,0.0013349999999999437,0.0013349999999999558,0.0010033499999999775,0.0010033499999999675,0.0010033499999999914
2025-06-11T20:40:02Z,39.98559976165036,-75.16335400099415,21.81500937161036,-2.1109240374644287,-10.306880561984144,-0.04410666897683768,1.1604285649373196,0.02596487906225775,-1.0465547803469235,0.000999999993140932,0.0009999999921177505,0.0009999999973899776,0.0010000000042680313,0.0009999999970773388,0.0010000000100092166,1.1315936047608812e-6,1.131593705304199e-6,0.9463278784573249,4.206837415807419,4.509620657679407,0.021686714202816315,0.00019231657639193396,0.00019554344050747022,0.0017661308877643949,0.0013359999999999399,0.0013359999999999442,0.0013359999999999564,0.0010033599999999766,0.001003359999999967,0.001003359999999991
2025-06-11T20:40:03Z,39.98557790537853,-75.16347364603149,22.31938051083125,-2.632456729799742,-10.945658442215063,-0.10579920754571503,1.1552065121359192,-0.00042148012192555484,-1.0235619372833753,0.0009999999929277692,0.0009999999922030156,0.0009999999977736707,0.0010000000041259227,0.0009999999966865403,0.0010000000102685647,2.1315939466454255e-6,2.1315943151675455e-6,0.9877053073822731,4.629561281112512,4.888659180047269,0.023799873067583494,0.0002008823375246054,0.00020498872068058877,0.0017748254613156132,0.0013369999999999387,0.0013369999999999437,0.001336999999999955,0.0010033699999999757,0.0010033699999999679,0.001003369999999992
2025-06-11T20:40:04Z,39.98555194032102,-75.163595678967,22.784367815358564,-3.055695440940326,-11.341017794446088,-0.04838405151167535,1.1579239072743803,0.03987550481406288,-1.025800496689044,0.0009999999929988235,0.0009999999921035396,0.000999999997745249,0.0010000000043675072,0.0009999999965728534,0.0010000000100767181,3.131594540080923e-6,3.131595350898559e-6,1.0325775204178684,5.092555521692533,5.287287970464652,0.02527943092840995,0.00020925664589193084,0.0002141853623422256,0.001786845421157833,0.0013379999999999375,0.0013379999999999428,0.001337999999999954,0.001003379999999975,0.0010033799999999678,0.0010033799999999925
2025-06-11T20:40:05Z,39.98552183854676,-75.16371527564607,23.543385496595874,-3.143641120492248,-12.05003619438503,0.12857247608735634,1.1632114600361092,0.03544777562319723,-1.032364148675697,0.0009999999932119863,0.0009999999918903768,0.0009999999976884055,0.0010000000044385615,0.0009999999964378503,0.0010000000104604112,4.131595419517144e-6,4.131596844661473e-6,1.079864155367717,5.5904853487121,5.70533436324451,0.02742985377446472,0.0002164870773592149,0.00022315183507752237,0.0017966613302476783,0.0013389999999999364,0.0013389999999999435,0.0013389999999999548,0.0010033899999999758,0.0010033899999999688,0.0010033899999999933
2025-06-11T20:40:06Z,39.98548782975755,-75.16384051023275,24.18785101757385,-3.2117778342508245,-12.477483424707316,0.05829179066358847,1.1586884711432504,0.012809656774493305,-1.0084820280317217,0.0009999999930982995,0.0009999999920893288,0.0009999999978020924,0.00100000000458067,0.0009999999961607386,0.0010000000100554018,5.131596618068816e-6,5.131598820767862e-6,1.1276630936808194,6.107111139130767,6.111869984397951,0.028460044455513367,0.00022226155297307065,0.00023229971810544609,0.001805425863298852,0.001339999999999936,0.0013399999999999439,0.0013399999999999554,0.001003399999999976,0.001003399999999969,0.0010033999999999937
2025-06-11T20:40:07Z,39.98563981730809,-75.1639739640583,23.000420660478994,-2.742204607144231,-13.090997670893557,-0.10647155049900903,1.15679302404169,0.05302017599751707,-1.0395090387319215,0.0009999999931125103,0.0009999999923451242,0.000999999997731038,0.001000000004395929,0.0009999999964875883,0.001000000009792501,1.1652617414398762e-6,1.1652618359314853e-6,1.0560303226378467,4.680224841521942,4.584314991144475,0.025743512014465647,0.00019255672364643808,0.00019916830665995302,0.0018080564474438191,0.0013409999999999358,0.0013409999999999436,0.0013409999999999562,0.0010034099999999748,0.0010034099999999694,0.0010034099999999943
2025-06-11T20:40:08Z,39.98561705306799,-75.16412470846772,23.562790777534246,-2.6920234145072754,-13.976306321448646,-0.10417877022064204,1.1527767347724875,0.03947352376690105,-1.0358859693806153,0.0009999999932830406,0.000999999992458811,0.000999999997546297,0.0010000000045380375,0.0009999999962886363,0.0010000000101122453,2.1652621284931317e-6,2.1652624587513007e-6,1.1050211903173384,5.107915780896987,4.911805127094646,0.027824515213539652,0.00019919898645201432,0.00020825308460065242,0.0018170561676757267,0.0013419999999999363,0.0013419999999999446,0.001341999999999955,0.0010034199999999758,0.0010034199999999697,0.0010034199999999945
2025-06-11T20:40:09Z,39.98559332249619,-75.16428133090858,23.965102730318904,-2.985061988205416,-14.44893616833724,-0.07793058611787274,1.1573047319543548,0.0062337868698136845,-1.0115141851565568,0.0009999999930840886,0.0009999999925724978,0.0009999999974610319,0.0010000000047512003,0.000999999996466272,0.0010000000103431717,3.165262789882651e-6,3.1652634902481895e-6,1.1526902155787437,5.564738449358486,5.235027618022719,0.02883093244702714,0.00020470750987920238,0.0002175030650806862,0.0018247785265270702,0.0013429999999999365,0.0013429999999999447,0.0013429999999999538,0.0010034299999999747,0.0010034299999999705,0.0010034299999999953
2025-06-11T20:40:10Z,39.98556547146604,-75.1644397209277,24.280969858402386,-3.3613872455607634,-14.699832005309872,-0.1448990244716697,1.1529533777502365,-0.017046906796167605,-0.9990229485702002,0.0009999999933540948,0.0009999999927003955,0.000999999997148393,0.0010000000050069957,0.0009999999962460038,0.0010000000105776508,4.165263761023533e-6,4.165264943989424e-6,1.194739871654976,6.044753810285044,5.54821686453178,0.02901421308921759,0.00021003642658974902,0.000226372821200868,0.0018335167015359282,0.001343999999999936,0.0013439999999999444,0.0013439999999999544,0.0010034399999999753,0.001003439999999971,0.0010034399999999959
2025-06-11T20:40:11Z,39.98553047925299,-75.16460003777387,24.519857502542436,-3.9927439637831412,-15.183404674637131,-0.15413541729503777,1.156342760368716,0.022849836954947023,-1.1273685012856731,0.000999999993524625,0.0009999999925724978,0.000999999996949441,0.0010000000052201585,0.0009999999960541572,0.0010000000103609352,5.165265078384131e-6,5.16526682799959e-6,1.231137106160992,6.560841596513736,5.85581841419232,0.030041994006338946,0.00021921479432983644,0.000230619676774573,0.001846118497422478,0.0013449999999999346,0.0013449999999999441,0.0013449999999999552,0.0010034499999999743,0.00100344999999997,0.0010034499999999947
2025-06-11T20:40:12Z,39.985722564983185,-75.16463392274922,23.725295729236677,-4.159977993229404,-15.825797111960128,-0.10314849044971197,1.1727564276225166,-0.06549681113028782,-0.9729815118116676,0.0009999999930130343,0.000999999992956191,0.0009999999972052365,0.001000000005376478,0.000999999996082579,0.0010000000100376383,1.4082114019156709e-6,1.4082115301934928e-6,1.1879729799188434,6.213468232310785,5.453862567154799,0.028749922424834318,0.00020689721215801836,0.00022710317644461018,0.0018495184123566584,0.0013459999999999334,0.0013459999999999447,0.0013459999999999542,0.0010034599999999743,0.0010034599999999708,0.0010034599999999955
2025-06-11T20:40:13Z,39.985684125158784,-75.16481263324813,24.180455221096054,-4.632571982219815,-16.24329953477718,-0.11758141325208271,1.184679476544261,0.03917658829413995,-1.0259939607349224,0.0009999999930840886,0.0009999999927856607,0.0009999999975178753,0.001000000005177526,0.0009999999962388983,0.0010000000100305328,2.4082119821861627e-6,2.4082123495222287e-6,1.2249289696755155,6.728873644931773,5.753160639006729,0.029890811879933754,0.00021318375017323883,0.00023390593490039345,0.0018657699557779466,0.001346999999999934,0.0013469999999999452,0.0013469999999999546,0.0010034699999999738,0.0010034699999999703,0.001003469999999995
2025-06-11T20:40:14Z,39.985640687757005,-75.16499813725062,24.403822941472754,-5.209664650261402,-16.827721092151478,-0.09548273459949996,1.1752578731975518,-0.03408128853106973,-0.9985792808001861,0.0009999999927998715,0.000999999992458811,0.000999999997745249,0.0010000000050922608,0.0009999999960115247,0.0010000000096965778,3.4082129254454114e-6,3.408213627541428e-6,1.2584439119006963,7.276661189122319,6.058605104876112,0.03091863550214574,0.00021663626744173708,0.00024343737711923064,0.0018709389270040217,0.001347999999999935,0.001347999999999944,0.0013479999999999558,0.0010034799999999746,0.001003479999999971,0.0010034799999999956
2025-06-11T20:40:15Z,39.98559368351572,-75.16517246382197,25.100213861092925,-5.406517072056886,-17.152777226874605,0.021192471202766683,1.1751076362706954,0.04597013650027293,-0.9994042583712144,0.00099999999294198,0.0009999999926151304,0.000999999997830514,0.0010000000049501523,0.0009999999961110007,0.0010000000101975104,4.408214274858084e-6,4.40821537643498e-6,1.2882313980129276,7.857408870371898,6.371945098170152,0.031692104454359826,0.00022075848985533494,0.00025195024198115557,0.0018862120872836048,0.0013489999999999362,0.0013489999999999442,0.0013489999999999568,0.001003489999999975,0.0010034899999999715,0.0010034899999999943
2025-06-11T20:40:16Z,39.9855418305238,-75.16536082763267,25.529211181914434,-5.597232741711196,-18.18394385674037,-0.05608999991818564,1.1680052034935215,0.07877731920598308,-1.0286934663017746,0.0009999999926719738,0.000999999992743028,0.0009999999981147312,0.001000000004879098,0.000999999995968892,0.0010000000100838236,5.4082160753280755e-6,5.408217608248163e-6,1.3164903333214313,8.467232090791061,6.682622615297789,0.033497516995385834,0.00022659962946876925,0.0002589313690555828,0.0018991352700086636,0.0013499999999999368,0.0013499999999999448,0.0013499999999999574,0.0010034999999999745,0.001003499999999971,0.0010034999999999948
2025-06-11T20:40:17Z,39.98576145170473,-75.16523735728919,25.186423460021615,-3.779841643816326,-15.728027561097406,-0.05981104447391772,1.1655958875198849,-0.04616890194529333,-1.0506760882562958,0.0009999999925298653,0.0009999999924161784,0.000999999997830514,0.0010000000049643631,0.0009999999958623107,0.0010000000102117212,1.2029066030036925e-6,1.2029066634656355e-6,1.1202895447873893,3.9381127420218003,3.453203927749563,0.02699298392997443,0.00017397252909445122,0.00018406731263172113,0.0018879231942839692,0.0013509999999999367,0.0013509999999999447,0.001350999999999957,0.0010035099999999738,0.00100350999999997,0.001003509999999995
2025-06-11T20:40:18Z,39.985722925585826,-75.16542459385188,25.157326591433957,-4.723055394832045,-16.15491270669736,0.0639334537436298,1.1687048445164692,-0.03245079829548558,-1.0117009217792656,0.0009999999927856607,0.0009999999923735459,0.0009999999981857854,0.001000000004779622,0.000999999995585199,0.0010000000100731654,2.202906935531764e-6,2.2029071402398613e-6,1.1586458188983042,4.262546602684884,3.6875814300710683,0.027524956922027055,0.00017997880645912926,0.00019411921943850204,0.0018990467867563577,0.001351999999999936,0.0013519999999999442,0.0013519999999999563,0.0010035199999999735,0.001003519999999969,0.0010035199999999947
2025-06-11T20:40:19Z,39.985679376042874,-75.16560993943934,25.608585596783087,-5.160676317056641,-16.51454460551031,0.09554290304731694,1.164328542392468,0.0005473816087331329,-1.0258469888940454,0.0009999999930556669,0.000999999992174594,0.0009999999980578878,0.0010000000050496283,0.000999999995201506,0.0010000000098031592,3.2029074953252853e-6,3.202907923811175e-6,1.191565305440307,4.6104912265076985,3.9308905607875384,0.02770368133068521,0.00018647414253477798,0.00020298889507346877,0.0019119863867430955,0.0013529999999999352,0.0013529999999999434,0.0013529999999999558,0.0010035299999999721,0.0010035299999999686,0.0010035299999999942
2025-06-11T20:40:20Z,39.98563127456905,-75.16579428617834,26.13758302712813,-5.585191693215165,-16.79818607494235,0.0019803817636159238,1.1457761743222363,-0.044959923244732636,-0.9847887538926443,0.00099999999294198,0.0009999999916487923,0.0009999999983705266,0.001000000004779622,0.0009999999954430905,0.0010000000101051398,4.202908309296646e-6,4.202909031827569e-6,1.218583691772182,4.978187565705314,4.184376016310098,0.027818972021290495,0.00019147436786254592,0.00021331683130975448,0.0019174987951913575,0.0013539999999999358,0.0013539999999999438,0.0013539999999999562,0.0010035399999999725,0.0010035399999999688,0.0010035399999999937
2025-06-11T20:40:21Z,39.98557761522889,-75.16597937996927,26.567623012466356,-5.689614993520081,-17.150045859394595,-0.11447387853058899,1.1646561271918472,0.043247155956123606,-0.9784210211437312,0.0009999999930982995,0.000999999991577738,0.0009999999980863095,0.0010000000044243507,0.0009999999951304517,0.0010000000102081685,5.202909404369865e-6,5.20291048316404e-6,1.2393253871733205,5.3711820616728785,4.450766826377587,0.027447178860123378,0.00019636999336620172,0.0002228362666944212,0.0019356274736571971,0.0013549999999999355,0.0013549999999999433,0.0013549999999999558,0.0010035499999999722,0.0010035499999999687,0.0010035499999999937
2025-06-11T20:40:22Z,39.98580561656501,-75.16582657783196,26.247167280176654,-4.911195429973304,-15.741791564971209,0.09936359671064565,1.1516089202050352,0.014530443166790974,-1.0533648408891167,0.0009999999932972514,0.000999999991293521,0.0009999999981147312,0.0010000000042822421,0.0009999999954288796,0.0010000000104213314,1.1159415388054617e-6,1.1159415864174645e-6,1.1162856769353922,3.578985297180026,3.129315552664649,0.024934076335387884,0.0001764424115906889,0.00019001842223462204,0.0019368188549339664,0.0013559999999999347,0.001355999999999942,0.0013559999999999553,0.001003559999999971,0.0010035599999999676,0.0010035599999999925
2025-06-11T20:40:23Z,39.98576088307814,-75.16601304899993,26.634622052079067,-5.215082240232732,-16.524589800741524,0.04372685984299096,1.1450087609700859,0.0008556866566564736,-1.0477055130613735,0.0009999999934962034,0.0009999999911087798,0.0009999999979726226,0.001000000004694357,0.0009999999953294036,0.0010000000104035678,2.1159418262197286e-6,2.1159420011626614e-6,1.1476337132349568,3.885406583715435,3.3651741576641805,0.0257536249003176,0.00018313790048906894,0.00019959062496604583,0.0019446555010832174,0.0013569999999999336,0.001356999999999941,0.0013569999999999561,0.0010035699999999719,0.0010035699999999684,0.0010035699999999931
2025-06-11T20:40:24Z,39.98571395220802,-75.1662042392683,27.02188182901591,-5.523716943047475,-16.924826750298962,0.03896739518586401,1.1529135998571292,-0.009228159492636223,-0.9948485276690917,0.0009999999934819925,0.0009999999909524604,0.0009999999977736707,0.0010000000046233026,0.000999999995450196,0.0010000000108547624,3.115942319564234e-6,3.1159427018009365e-6,1.1747784217654755,4.215286984277242,3.621206771228035,0.025778193373923702,0.00018819713612596738,0.00021030276199699897,0.0019531019318326918,0.0013579999999999328,0.00135799999999994,0.0013579999999999565,0.0010035799999999707,0.001003579999999969,0.001003579999999992
2025-06-11T20:40:25Z,39.98566139760427,-75.16639977260985,27.232922301394865,-6.226308944169432,-17.149326246930286,-0.04522063582726332,1.1412513418181334,-0.028677810939598203,-1.028596966760233,0.0009999999933825165,0.000999999991179834,0.0009999999975178753,0.0010000000046517243,0.0009999999957415184,0.0010000000108334461,4.1159430447694e-6,4.115943710134926e-6,1.1963972403947112,4.566595109168084,3.8965600372644547,0.02581227933382238,0.00019506740143299922,0.00021882601449810327,0.0019606264142667976,0.0013589999999999323,0.0013589999999999406,0.001358999999999957,0.0010035899999999718,0.001003589999999968,0.001003589999999993
2025-06-11T20:40:26Z,39.98559922137173,-75.1666010055575,27.35736951464787,-7.414191309304442,-17.725434225983918,0.03953827523628206,1.1715498911216855,-0.054292740314394905,-0.9968343390501104,0.0009999999930840886,0.0009999999909098278,0.0009999999977168272,0.0010000000043532964,0.0009999999955425665,0.0010000000109755547,5.115944029267415e-6,5.115945051583089e-6,1.2162692628675835,4.958744485721778,4.205211437817133,0.02740028210588022,0.0001999936260352365,0.00022913989630816617,0.001968157314518338,0.0013599999999999311,0.0013599999999999396,0.001359999999999956,0.0010035999999999721,0.0010035999999999687,0.0010035999999999934
2025-06-11T20:40:27Z,39.98584147047246,-75.16638758549131,25.384190638782457,-5.185524224478286,-15.441613525035791,-0.2841078613419086,1.1486903781915316,-0.07473878881864948,-0.9933820215519518,0.0009999999928709258,0.0009999999906540324,0.0009999999979726226,0.00100000000458067,0.0009999999956704642,0.0010000000112917462,1.0747843981620736e-6,1.0747844379096592e-6,1.0417066194503124,2.8597530821264554,2.589158057989442,0.02216683146814233,0.0001718843347921937,0.00018745703115018796,0.0019643111868567686,0.0013609999999999315,0.0013609999999999397,0.0013609999999999562,0.0010036099999999732,0.0010036099999999695,0.0010036099999999944
2025-06-11T20:40:28Z,39.98579502485259,-75.1665662576371,25.631507476093248,-5.469942672119942,-15.639807273983024,-0.25720525815268047,1.1515960848046234,-0.0002940952000614061,-0.9806937355679111,0.0009999999928140824,0.000999999990497713,0.000999999997830514,0.0010000000045380375,0.0009999999959120487,0.0010000000112171392,2.074784622752485e-6,2.0747847764607655e-6,1.07361899996262,3.120395697802421,2.8191456670876534,0.022301773157270915,0.0001780097552654877,0.0001974663957536839,0.0019816818560660482,0.0013619999999999308,0.001361999999999939,0.0013619999999999555,0.0010036199999999738,0.0010036199999999703,0.0010036199999999933
2025-06-11T20:40:29Z,39.985746494407536,-75.16674612456575,25.86981530045159,-5.770722915418446,-15.982426417293027,-0.2406772526264831,1.1496544892870588,-0.016862508509802865,-1.015308854635805,0.0009999999929135583,0.000999999990497713,0.0009999999974894536,0.0010000000042396096,0.0009999999961465278,0.001000000011181612,3.0747850128620365e-6,3.0747853606724476e-6,1.1007307821952643,3.4076536848317724,3.0736739591400344,0.02258625409910811,0.00018558738623569067,0.0002066039127197266,0.001989351135941238,0.0013629999999999305,0.001362999999999939,0.0013629999999999552,0.0010036299999999735,0.00100362999999997,0.001003629999999994
2025-06-11T20:40:30Z,39.985693341578596,-75.16693064722881,25.9876171851065,-6.230626323085744,-16.576045733178034,-0.3330365625915874,1.150263775853091,-0.005016608286325663,-0.9800295105742407,0.00099999999294198,0.000999999990398237,0.0009999999975747187,0.001000000004481194,0.000999999996466272,0.0010000000109933183,4.074785591147675e-6,4.074786216644436e-6,1.1249284927978953,3.719387257339379,3.3517994155397757,0.023419697133557543,0.00019127255833465358,0.00021713256964135663,0.00200024405338795,0.0013639999999999315,0.0013639999999999397,0.0013639999999999562,0.0010036399999999723,0.0010036399999999689,0.0010036399999999938
2025-06-11T20:40:31Z,39.98563308050041,-75.16711858915527,26.17198209068738,-6.6004727390245534,-17.341357877478004,-0.3879110465168196,1.156872730134637,0.08085619549547118,-1.1560604169062572,0.0009999999928851366,0.000999999990213496,0.0009999999977026164,0.001000000004481194,0.0009999999965728534,0.001000000011305957,5.0747863814319255e-6,5.074787372899098e-6,1.1485412095044438,4.0608839060674935,3.6563184449349806,0.024657725321912016,0.00020324357491413432,0.00022227781507104565,0.0020224661799028974,0.001364999999999932,0.0013649999999999403,0.0013649999999999567,0.0010036499999999716,0.0010036499999999682,0.0010036499999999927
2025-06-11T20:40:32Z,39.98587744152365,-75.1670323013211,23.02707943203859,-7.838698426785413,-18.511780213098973,-0.714021081548708,1.1924467886128696,-0.059831522348304134,-0.9788194169013877,0.000999999992643552,0.000999999990312972,0.0009999999977168272,0.0010000000044669832,0.0009999999965017992,0.001000000011355695,1.1158763453211951e-6,1.1158763993673449e-6,1.0430548726087934,3.5507201715320256,3.2614185532214974,0.02598461663586124,0.00018873272981445916,0.00021488732421006624,0.0020108431872741185,0.0013659999999999317,0.00136599999999994,0.0013659999999999567,0.0010036599999999711,0.0010036599999999677,0.0010036599999999926
2025-06-11T20:40:33Z,39.98580847095376,-75.16724555546838,23.24306479957886,-8.27737612312194,-19.091639653081074,-0.726176039519487,1.192749385314528,0.040379790272709215,-0.9966913774842396,0.0009999999924019676,0.0009999999899008571,0.0009999999976315621,0.001000000004779622,0.0009999999962460038,0.0010000000109613438,2.115876629919848e-6,2.115876834979026e-6,1.095502070159793,3.8843006723646676,3.571028971971963,0.028192386493626098,0.00019514070601819853,0.0002243884777639335,0.002030596429212512,0.0013669999999999303,0.0013669999999999386,0.0013669999999999572,0.0010036699999999702,0.001003669999999967,0.0010036699999999915
2025-06-11T20:40:34Z,39.98573923191208,-75.16745786913064,23.51970650930889,-8.467769788694568,-19.428396357921883,-0.808888272214972,1.188784624580876,-0.004200873926549775,-0.9983094941417221,0.000999999992359335,0.0009999999901708634,0.000999999997247869,0.0010000000048364655,0.000999999996231793,0.001000000010698443,3.1158771200647346e-6,3.1158775820926005e-6,1.1471469932187883,4.234992044141116,3.8966353619428964,0.02953524224317941,0.0002003644087252336,0.00023417191331153423,0.0020352696273706382,0.0013679999999999307,0.0013679999999999387,0.0013679999999999563,0.0010036799999999693,0.0010036799999999673,0.0010036799999999903
2025-06-11T20:40:35Z,39.98566599997783,-75.16766960666243,23.751810506684706,-8.931295429705642,-20.036868119845167,-0.8642703253062791,1.1921675301273353,0.04131216076120836,-1.0106106748717139,0.000999999992359335,0.0009999999902703394,0.000999999996963652,0.0010000000050069957,0.000999999996665224,0.001000000010513702,4.115877843577642e-6,4.115878671354642e-6,1.1979961535931878,4.614041254773266,4.24869452489356,0.03222018497056933,0.0002055399520726215,0.00024362387758612692,0.0020498272761198,0.0013689999999999313,0.0013689999999999395,0.001368999999999957,0.0010036899999999699,0.001003689999999967,0.001003689999999991
2025-06-11T20:40:36Z,39.98558394516006,-75.16788315179312,23.998286676825956,-9.136783081339672,-20.669162230798975,-0.744896524505748,1.171798363851849,0.043665047704052995,-1.089574811849161,0.0009999999925440761,0.0009999999904408696,0.0009999999969210194,0.0010000000048648872,0.0009999999970062845,0.0010000000105208073,5.115878832514844e-6,5.115880134137088e-6,1.2490028815544374,5.0243653911617505,4.622586767398747,0.03434494382451708,0.00021175123818707316,0.00025074934988511045,0.002060268674800115,0.0013699999999999305,0.0013699999999999388,0.0013699999999999565,0.0010036999999999694,0.0010036999999999676,0.0010036999999999898
2025-06-11T20:40:37Z,39.98596185047217,-75.16757970779929,22.50250653293915,-8.368537978734821,-18.848388327285647,-0.7763492641024641,1.1997314041655045,-0.10684833381401404,-0.9024191669668653,0.000999999992458811,0.0009999999901708634,0.0009999999968357542,0.0010000000051064717,0.0009999999968570705,0.0010000000105279128,1.1479108818609391e-6,1.1479109450609034e-6,1.108835748870904,3.6826112548235765,3.4776229062547332,0.030415938468636577,0.00018543424129872606,0.0002210345172241085,0.002044024490877095,0.0013709999999999302,0.0013709999999999374,0.001370999999999957,0.0010037099999999684,0.0010037099999999684,0.0010037099999999897
2025-06-11T20:40:38Z,39.985888423854185,-75.16778844211558,23.2079857934732,-9.370761430822313,-18.986729617463425,-0.8367031295274501,1.182974392475444,0.02596424539092368,-1.0413008770119632,0.0009999999920324854,0.0009999999901850742,0.0009999999967789108,0.0010000000050354174,0.0009999999967860163,0.0010000000105812035,2.1479111816463255e-6,2.147911415554753e-6,1.1747910432978834,4.0028587469266075,3.7976650089409807,0.03410671673096441,0.00019127765916603684,0.00022797689586119565,0.002063565196488227,0.0013719999999999308,0.001371999999999936,0.0013719999999999568,0.0010037199999999684,0.0010037199999999686,0.0010037199999999907
2025-06-11T20:40:39Z,39.985806307337924,-75.16799909158624,23.62102053593844,-10.677704655914567,-20.019945258507505,-0.8757793365293765,1.1822795451735146,0.024921635102600703,-1.0922445307223825,0.0009999999920182745,0.0009999999900429657,0.0009999999964946937,0.0010000000047938329,0.0009999999965586426,0.0010000000106522577,3.14791169235746e-6,3.1479122138889815e-6,1.2485263571655236,4.358838236423553,4.147606230419054,0.04076624853650601,0.00019698768743416575,0.00023596122030721388,0.002073460360130616,0.0013729999999999305,0.0013729999999999355,0.0013729999999999563,0.0010037299999999675,0.0010037299999999683,0.0010037299999999913
2025-06-11T20:40:40Z,39.98571169312629,-75.16821139024076,24.03889373037964,-12.05548650783021,-20.53689012583345,-0.8848105166471214,1.1769728809886146,-0.0587521272768754,-1.075721695437096,0.0009999999919472202,0.0009999999898724354,0.0009999999960115247,0.00100000000458067,0.0009999999965515372,0.0010000000106877849,4.147912440980021e-6,4.147913370949272e-6,1.3320794958802251,4.720703416637279,4.525535420897365,0.046822037596904426,0.00019984473403449656,0.000245990505704993,0.002073901996550375,0.0013739999999999306,0.001373999999999935,0.0013739999999999553,0.0010037399999999678,0.0010037399999999687,0.0010037399999999908
2025-06-11T20:40:41Z,39.985601159871464,-75.16841559972347,24.562749818665907,-13.203054732060991,-20.380095647647977,-0.9690550017476198,1.1701904791407287,-0.060721281180576625,-1.0903006198932417,0.000999999992174594,0.0009999999899008571,0.0009999999960115247,0.0010000000043248747,0.0009999999966723294,0.0010000000106167306,5.147913457552469e-6,5.147914917748646e-6,1.4170643440030635,5.069295050590261,4.917842893723811,0.05070377087713532,0.00020169627563528525,0.0002548617490366191,0.00208343111471382,0.0013749999999999303,0.0013749999999999344,0.0013749999999999553,0.0010037499999999682,0.001003749999999969,0.0010037499999999901
2025-06-11T20:40:42Z,39.98600667650677,-75.16805819039834,23.702266459353268,-11.48109780868981,-16.855580501258373,-0.8553250602490152,1.1542117402277654,-0.06936794081775588,-0.9814204927606625,0.0009999999921177505,0.0009999999897019052,0.0009999999957273076,0.0010000000042822421,0.0009999999967575945,0.001000000010947133,1.1012678099158247e-6,1.101267866158712e-6,1.2240054830586318,3.099867672725074,3.0861555504030433,0.044428490945917165,0.0001668239808988326,0.00021231777847234375,0.0020523748047384612,0.00137599999999993,0.001375999999999934,0.0013759999999999547,0.0010037599999999673,0.0010037599999999684,0.0010037599999999894
2025-06-11T20:40:43Z,39.98590465764303,-75.16824848687244,24.34054901613854,-12.867793861893006,-17.481311932206154,-0.9404783972349833,1.143901432355051,0.02099511647043073,-1.067185395033448,0.0009999999922030156,0.0009999999898298029,0.0009999999955994099,0.001000000004097501,0.0009999999967931217,0.0010000000107766027,2.101268053886795e-6,2.101268273626857e-6,1.328019604967397,3.3425432643035307,3.382686258390458,0.050372042442491494,0.0001716363055410318,0.0002202490178037496,0.002069954462683705,0.0013769999999999301,0.0013769999999999343,0.0013769999999999549,0.0010037699999999668,0.0010037699999999677,0.001003769999999988
2025-06-11T20:40:44Z,39.985788094194945,-75.16844812899966,24.511651598848403,-15.089663497987203,-18.865277139935642,-1.1081300863297656,1.1494315286836354,0.043937665854627994,-1.1505539005593164,0.0009999999923167024,0.0009999999899719114,0.000999999995499934,0.0010000000037848622,0.0009999999965941697,0.0010000000106629159,3.101268467604227e-6,3.1012689760389732e-6,1.440715090967259,3.5984140548101458,3.7346176337936385,0.06045569494106198,0.00017665719786259112,0.0002273474302519484,0.0020832736961691766,0.0013779999999999303,0.0013779999999999346,0.0013779999999999554,0.0010037799999999665,0.0010037799999999665,0.001003779999999988
2025-06-11T20:40:45Z,39.98566245564993,-75.16864736425038,24.737613855162635,-15.193662317586131,-18.349930997006595,-0.9990122043091105,1.142091104076826,0.08992468007272691,-1.1711952770128846,0.0009999999922030156,0.0009999999897587486,0.0009999999952725602,0.0010000000040122359,0.00099999999651601,0.0010000000108441043,4.1012690679110286e-6,4.101270003511004e-6,1.5406143054918389,3.817128445551766,4.038632678970427,0.05620979264325823,0.00017884467251689344,0.00023633005742503633,0.002099949142138506,0.0013789999999999291,0.0013789999999999352,0.0013789999999999538,0.0010037899999999658,0.0010037899999999658,0.001003789999999987
2025-06-11T20:40:46Z,39.98553588454064,-75.16883237716627,25.405409388709813,-14.999453842872754,-17.996816009748727,-0.8284327230285271,1.141214740826399,0.016089051822291367,-1.1283202068152605,0.000999999992458811,0.00099999999011402,0.0009999999949741323,0.0010000000041117119,0.0009999999964307449,0.0010000000108689733,5.101269877195317e-6,5.101271384842303e-6,1.599462745973767,4.033612460498103,4.364432651102394,0.05154646453635278,0.00017455023272285283,0.0002481125222941498,0.0020970605864813223,0.0013799999999999297,0.0013799999999999349,0.0013799999999999544,0.0010037999999999649,0.0010037999999999649,0.0010037999999999879
2025-06-11T20:40:47Z,39.98599354348373,-75.16819048612663,23.52112616226077,-14.751936882152222,-16.564664943842217,-0.933109557860007,1.1394094460410997,-0.02697724835002191,-1.1241048557130853,0.0009999999922882807,0.0009999999898298029,0.0009999999949741323,0.0010000000044527724,0.0009999999961252115,0.0010000000110608198,1.0629845284205557e-6,1.0629846018766532e-6,1.381796955418211,3.350417701948018,3.672184423169777,0.04095922640076491,0.00016042716634258257,0.0002343223696022312,0.0020770239005369587,0.001380999999999929,0.001380999999999935,0.0013809999999999539,0.0010038099999999644,0.0010038099999999646,0.0010038099999999887
2025-06-11T20:40:48Z,39.98587202122826,-75.16837371645654,24.275411868700758,-14.46396048751194,-16.30395438033156,-0.7650528328013024,1.1315461072372273,-0.03747192427908885,-1.1161848324700259,0.000999999992458811,0.0009999999901566525,0.0009999999949741323,0.0010000000042538204,0.0009999999962957418,0.0010000000113343788,2.0629847826663393e-6,2.062985079374138e-6,1.4267262603458066,3.555708456234382,3.991000145635043,0.038053580865570535,0.00016246769767667372,0.0002446284950788552,0.0020854197596100466,0.0013819999999999295,0.0013819999999999334,0.0013819999999999542,0.0010038199999999643,0.0010038199999999643,0.001003819999999989
2025-06-11T20:40:49Z,39.985756713010865,-75.16855032086929,25.01783993956633,-14.172416202840395,-16.0881601262372,-0.6217183189073694,1.1251048731501214,-0.04234606746422287,-1.1197625909699127,0.0009999999926293412,0.000999999990213496,0.0009999999953294036,0.0010000000042111878,0.0009999999964520612,0.0010000000116576757,3.062985211457054e-6,3.0629859066930166e-6,1.4454700767729887,3.7680119722493073,4.340097207210702,0.0349568317470044,0.00016472400655783489,0.0002545609997719795,0.00209423869582647,0.0013829999999999305,0.0013829999999999335,0.0013829999999999544,0.001003829999999965,0.001003829999999965,0.0010038299999999896
2025-06-11T20:40:50Z,39.98564283886639,-75.16872316167438,25.701656012097374,-13.86392794304993,-16.00000883755274,-0.505380138878536,1.1187556633958593,-0.02820208565685789,-1.1286474071675912,0.0009999999928140824,0.0009999999898013812,0.000999999995684675,0.0010000000043106638,0.0009999999964733775,0.0010000000114338548,4.062985833959616e-6,4.062987123665043e-6,1.4432332666915515,3.992889698562256,4.722165519547714,0.03191426285692209,0.0001671930770119922,0.0002643078348217745,0.002104536756764161,0.0013839999999999309,0.0013839999999999337,0.0013839999999999545,0.001003839999999965,0.001003839999999965,0.0010038399999999898
2025-06-11T20:40:51Z,39.98552572430074,-75.16889417320274,26.315443844767287,-13.6183330261847,-15.89996534679085,-0.41390927396787447,1.1125436041038483,-0.007666842544551855,-1.147469392613857,0.0009999999926293412,0.0009999999896734835,0.0009999999955567773,0.0010000000040264467,0.0009999999962744255,0.0010000000112881935,5.06298667797883e-6,5.0629887755896545e-6,1.4257562920021463,4.233185660315577,5.142410018927215,0.02911235127930245,0.00017055058754739596,0.0002736746622420562,0.0021154216536898402,0.0013849999999999297,0.0013849999999999327,0.0013849999999999538,0.0010038499999999646,0.0010038499999999646,0.0010038499999999893
2025-06-11T20:40:52Z,39.98609138894514,-75.16802264540021,18.142649146728218,-3.246942972036777,-0.044114984321367956,-0.8206358913521399,1.0600981207098812,-0.059516649399938615,-1.1541157944884617,0.0009999999924730218,0.0009999999891903144,0.0009999999945620175,0.0010000000034864343,0.000999999996913914,0.0010000000115333307,1.0005269910679079e-6,1.000526995417644e-6,0.5911273639177318,0.26517438196487986,0.270807056888688,0.014371244076848741,0.00011763770866032191,0.00015776985322075182,0.002094756290354558,0.0013859999999999287,0.0013859999999999318,0.0013859999999999526,0.0010038599999999639,0.0010038599999999637,0.0010038599999999886
2025-06-11T20:40:53Z,39.98606348913983,-75.1680193787155,18.732956995489076,-3.2056838014686946,0.43561989460067707,-0.7102301152481232,1.056597759219585,-0.05792441241601409,-1.1525335556361824,0.0009999999923024916,0.000999999989417688,0.0009999999948320237,0.0010000000036285428,0.0009999999968073325,0.0010000000118672858,2.0005270111877635e-6,2.0005270301574915e-6,0.6549612601289027,0.324857871932309,0.3318647742148847,0.014648421018812738,0.00012720566269838315,0.00016781746661716625,0.0021048273951501206,0.0013869999999999289,0.001386999999999931,0.0013869999999999519,0.0010038699999999645,0.0010038699999999645,0.0010038699999999892
2025-06-11T20:40:54Z,39.98603468678572,-75.16800950529019,19.48761666379869,-3.0854175157437567,0.9435023245823686,-0.6075745423950139,1.0533460659353295,-0.07069778368622792,-1.1505074008746305,0.0009999999922314373,0.0009999999899434897,0.0009999999948178129,0.0010000000035574885,0.000999999996849965,0.0010000000117464936,3.0005270498203977e-6,3.000527096599093e-6,0.7164168038194255,0.4127068950639088,0.42128884821098284,0.014801644637706599,0.0001368690129944048,0.0001778720678967793,0.002113580068239446,0.0013879999999999284,0.0013879999999999312,0.0013879999999999524,0.0010038799999999653,0.0010038799999999653,0.0010038799999999902
2025-06-11T20:40:55Z,39.985998488950905,-75.16799311683825,20.360714216949418,-2.8832136133278254,1.4281184043065878,-0.49187830339724314,1.0493555745779304,-0.07522832885388198,-1.1469563647115137,0.0009999999925867087,0.0009999999897303269,0.0009999999947893912,0.0010000000032874823,0.0009999999967220674,0.0010000000114267493,4.000527112280077e-6,4.000527205751716e-6,0.7723049262117796,0.529734764821205,0.541887252629608,0.014851135082785433,0.00014629979556059122,0.0001879387414524305,0.002123007466721353,0.0013889999999999272,0.0013889999999999313,0.0013889999999999521,0.0010038899999999652,0.0010038899999999652,0.00100388999999999
2025-06-11T20:40:56Z,39.98594660886168,-75.1679705218521,21.302366191754118,-2.6281923606002238,1.9449205574783264,-0.3912562016012089,1.0457855689746793,-0.073787344408629,-1.1475706849014387,0.0009999999929988235,0.000999999989417688,0.0009999999947609695,0.0010000000034011691,0.000999999997148393,0.001000000011195823,5.000527197912406e-6,5.000527373043681e-6,0.820590196419197,0.678165946064746,0.6956340979712697,0.014858002748521115,0.00015562912953994505,0.00019791768602416863,0.002132560010376616,0.001389999999999927,0.0013899999999999314,0.0013899999999999523,0.0010038999999999662,0.0010038999999999643,0.0010038999999999894
2025-06-11T20:40:57Z,39.98609978869377,-75.16795271683627,12.934699552832171,-1.7584845262754243,1.4749968073883792,-1.1174763452727348,1.0437229542148998,-0.057651333343983424,-1.1625658215634758,0.0009999999931551429,0.0009999999893892664,0.0009999999944767524,0.0010000000032022172,0.0009999999968428597,0.0010000000109187113,1.0047388679343387e-6,1.0047388715670108e-6,0.4984360618071237,0.23557841633426496,0.2395735746075652,0.011436023470514686,0.00010652828316678002,0.00011764439381395256,0.0019221806433687293,0.0013909999999999264,0.0013909999999999305,0.0013909999999999533,0.0010039099999999668,0.0010039099999999631,0.001003909999999989
2025-06-11T20:40:58Z,39.986085899864285,-75.16793302918283,13.51711076090578,-1.540338063321542,1.8632068797451211,-0.9867923791753128,1.0417203947872622,-0.05509734549514178,-1.1614978437137324,0.000999999993140932,0.0009999999894745315,0.0009999999943346438,0.0010000000030601086,0.000999999997048917,0.0010000000110075291,2.0047388862591115e-6,2.0047389028132257e-6,0.5567091785408942,0.31089048162189226,0.31763380638522726,0.012072014064974476,0.00011647860870468521,0.00012762107653625516,0.0019321083549373118,0.0013919999999999256,0.00139199999999993,0.001391999999999954,0.0010039199999999668,0.0010039199999999633,0.0010039199999999882
2025-06-11T20:40:59Z,39.986070881285485,-75.16790946202865,14.338897604146041,-1.2515806488809176,2.200351480045356,-0.8523898119383375,1.040676211763639,-0.053498301306262874,-1.1663973231479758,0.000999999992842504,0.0009999999891192601,0.0009999999943772764,0.0010000000032874823,0.0009999999967718054,0.0010000000108369989,3.0047389233172707e-6,3.0047389662660627e-6,0.6155336327667952,0.4084065735180946,0.41994573638059407,0.012607320012117687,0.0001264512154267259,0.00013757414610952756,0.001941926093588538,0.0013929999999999262,0.0013929999999999305,0.0013929999999999544,0.0010039299999999667,0.0010039299999999632,0.0010039299999999882
2025-06-11T20:41:00Z,39.98604421503301,-75.16788332688343,15.342898651375435,-0.9082409836773877,2.465248546883231,-0.7291354647823027,1.0396255785017274,-0.05325346944891862,-1.169385724584572,0.000999999993140932,0.000999999988735567,0.0009999999944767524,0.001000000002932211,0.0009999999964307449,0.0010000000111034524,4.004738984622433e-6,4.004739074839234e-6,0.6724361067395409,0.5294665555224856,0.5484968392199774,0.013038776137987818,0.00013645276885043792,0.0001474973526243339,0.0019517305967885342,0.0013939999999999272,0.0013939999999999315,0.0013939999999999554,0.0010039399999999658,0.001003939999999962,0.001003939999999987
2025-06-11T20:41:01Z,39.98599468115379,-75.16785397674681,16.469144238857552,0.1228898347253562,3.018058659421513,-0.636285241751466,1.0379781366791576,-0.07746840916661313,-1.1812440806388622,0.0009999999930840886,0.000999999988849254,0.000999999994419909,0.0010000000032306389,0.0009999999963525852,0.0010000000112668772,5.00473906662728e-6,5.004739245361878e-6,0.7253716232890782,0.6816087414079527,0.7184052612200379,0.013695508065328488,0.00014690845114056342,0.00015737806260712376,0.001962008840040377,0.001394999999999927,0.0013949999999999312,0.0013949999999999562,0.0010039499999999666,0.001003949999999963,0.0010039499999999878
2025-06-11T20:41:02Z,39.98611309555646,-75.16792719784213,8.256469713523984,1.4182316489022924,3.073486079025315,-1.377130860928446,1.0547583460720489,0.07316870920476504,-1.2859889724786626,0.0009999999935530468,0.000999999988650302,0.0009999999939367399,0.0010000000032448497,0.0009999999960399464,0.0010000000109293694,1.008418469946756e-6,1.0084184846435116e-6,0.475331956136137,0.7953006410807127,0.8886126543507541,0.012014594464853312,0.00015164676494902474,0.00016001342425982364,0.001953673024049004,0.0013959999999999275,0.0013959999999999318,0.001395999999999957,0.0010039599999999657,0.001003959999999962,0.0010039599999999886
2025-06-11T20:41:03Z,39.98612883325613,-75.16789123179352,9.004554013023153,1.998031747265486,3.668276818905724,-1.0989438112737844,1.0829158409906086,-0.16630043248733273,-1.1141126860165969,0.0009999999931693537,0.0009999999888066213,0.0009999999939935833,0.0010000000030743195,0.0009999999963881123,0.0010000000108014717,2.008418532191782e-6,2.0084185998270005e-6,0.536192895161067,1.001065215609194,1.1122236294920322,0.013493326327635558,0.00016488482764064999,0.00017005053703315453,0.0019703763670104522,0.0013969999999999263,0.0013969999999999306,0.0013969999999999558,0.001003969999999966,0.0010039699999999623,0.0010039699999999882
2025-06-11T20:41:04Z,39.98613862330511,-75.16785371661265,10.095332610188052,1.773617022219696,4.090940875932574,-0.9553774746964336,1.1576558758242754,-0.06482586897891451,-1.176190056852647,0.0009999999929988235,0.0009999999886218802,0.0009999999942920113,0.001000000003216428,0.000999999996118106,0.0010000000106273887,3.0084186538232784e-6,3.0084188240549017e-6,0.6018687846555925,1.2354813775923146,1.3410593487722493,0.014340149280359066,0.0001710269603799556,0.00017998613515309532,0.0019731621082315536,0.001397999999999926,0.0013979999999999301,0.0013979999999999553,0.0010039799999999651,0.0010039799999999616,0.001003979999999989
2025-06-11T20:41:05Z,39.986124708212074,-75.16782275397776,11.448608478181995,1.9817420596664306,3.679604572505923,-0.8370681353044347,1.1627900497696828,-0.029999852670471228,-1.0193490390229272,0.0009999999929988235,0.0009999999888776756,0.0009999999943914872,0.001000000003514856,0.00099999999601863,0.001000000010549229,4.008418847830485e-6,4.008419186160607e-6,0.6685846045323782,1.4842257278822641,1.6198320971603142,0.014924368352046163,0.00018037660938811684,0.00018971174832648657,0.0019830524819342784,0.0013989999999999255,0.0013989999999999296,0.0013989999999999548,0.001003989999999966,0.001003989999999962,0.001003989999999988
2025-06-11T20:41:06Z,39.98606591539111,-75.1678055175885,13.1082914986182,1.48555030929856,3.1134873585542664,-0.48345941722072894,1.1759153041493846,-0.01756876990384626,-1.0869986426987452,0.000999999993339884,0.000999999988835043,0.0009999999942067461,0.001000000003813284,0.0009999999957983619,0.0010000000107091012,5.00841911225533e-6,5.008419718925593e-6,0.7317640717459462,1.7705713890400445,1.9158308340438048,0.014779133860478938,0.00018959184423473553,0.00019970946182690867,0.0019918627611917026,0.0013999999999999263,0.0013999999999999306,0.0013999999999999558,0.0010039999999999654,0.0010039999999999609,0.0010039999999999884
2025-06-11T20:41:07Z,39.98619251901717,-75.1681133796942,12.594763647881337,1.1826434190152213,0.9096910218140692,-0.3272231885457586,1.198630537954159,0.06862185703357682,-1.1394869975047186,0.0009999999935672577,0.0009999999888208322,0.000999999994405698,0.0010000000037280188,0.0009999999955425665,0.0010000000110359508,1.087513430266782e-6,1.0875134624205005e-6,0.6711446245747981,1.5524654873371069,1.6495020929561655,0.012896083053275303,0.00016693947957872489,0.000170878978783375,0.0019244114874868551,0.0014009999999999257,0.0014009999999999296,0.001400999999999955,0.001004009999999965,0.0010040099999999606,0.0010040099999999888
2025-06-11T20:41:08Z,39.9861899426885,-75.16811576759238,14.527404513792135,0.14485156934824772,0.0791005584414961,-0.1391428235820058,1.198296080052387,-0.0915153638134143,-1.1201033078687033,0.000999999993638312,0.0009999999889771516,0.0009999999942493787,0.001000000003898549,0.000999999995450196,0.0010000000112384555,2.0875135535354708e-6,2.087513682410793e-6,0.7225841446261398,1.8163024912488637,1.9074291799540797,0.012693379321909809,0.00017700146273768488,0.00018083351724905485,0.001940701974507139,0.0014019999999999257,0.00140199999999993,0.0014019999999999551,0.0010040199999999638,0.0010040199999999605,0.0010040199999999887
2025-06-11T20:41:09Z,39.986167973441724,-75.1681335842809,16.441583134932443,-1.2104936539981281,-1.0822840528708184,-0.0505465293913403,1.2105237126816064,0.04122105495980577,-1.1225533819088014,0.0009999999937093662,0.0009999999890624167,0.0009999999941641136,0.001000000003998025,0.0009999999955709882,0.0010000000108867368,3.0875137774918237e-6,3.0875140813042265e-6,0.7646476285861921,2.1047685208596927,2.187330517947789,0.012696691776681285,0.00018533740501558638,0.00019079035362465005,0.0019446034763166806,0.0014029999999999254,0.0014029999999999293,0.0014029999999999546,0.001004029999999963,0.0010040299999999596,0.0010040299999999878
2025-06-11T20:41:10Z,39.986117193920094,-75.16816860901072,18.203012455021963,-2.807207595818909,-2.5735647805558983,-0.0723099594733867,1.215116975348792,0.030278676858870313,-1.186313194106333,0.0009999999939651616,0.0009999999892187361,0.000999999994220957,0.0010000000040832902,0.0009999999957130967,0.0010000000108547624,4.0875141152577164e-6,4.087514692786712e-6,0.7969858792028238,2.422065338470549,2.4938305382899504,0.013618270315764042,0.00019484476682448288,0.00020066440191685462,0.001954909280436177,0.0014039999999999246,0.001403999999999929,0.0014039999999999541,0.0010040399999999635,0.00100403999999996,0.0010040399999999884
2025-06-11T20:41:11Z,39.98602583180231,-75.16821866149073,19.8065270150546,-4.713700305845123,-3.7562999479996506,-0.12773721461599052,1.2173929031268926,-0.02409536725667749,-1.1652313135564327,0.000999999994220957,0.0009999999895882183,0.0009999999940788484,0.0010000000041543444,0.0009999999955141448,0.001000000010922264,5.087514566576403e-6,5.08751555420567e-6,0.8232580331295586,2.7796530142827436,2.8333379309771525,0.015857499556463567,0.00020450089914034975,0.0002106878465971519,0.00196641572390135,0.0014049999999999235,0.0014049999999999278,0.001404999999999953,0.0010040499999999638,0.0010040499999999604,0.0010040499999999885
2025-06-11T20:41:12Z,39.98618186518939,-75.16852051383037,19.266697658924386,-5.115200890926644,-5.0779548601130955,-0.30670949022169225,1.2122927326126955,0.0012699897960715134,-1.1357635668682633,0.0009999999938798965,0.000999999989332423,0.0009999999938798965,0.001000000004097501,0.0009999999955709882,0.0010000000108547624,1.1012441488475712e-6,1.1012441992623338e-6,0.7892007756363005,2.6202528690182345,2.643833986149203,0.018402059467395177,0.00018977512593407964,0.00019396153121078205,0.0019711086583362775,0.001405999999999924,0.0014059999999999284,0.0014059999999999535,0.001004059999999964,0.0010040599999999603,0.001004059999999989
2025-06-11T20:41:13Z,39.98612588506901,-75.16858561407089,20.49623345537111,-6.6355993103352375,-6.028462493733969,-0.3672389455496159,1.2130931081919698,-0.0033381833930263838,-1.1145083111769054,0.000999999994022005,0.0009999999894745315,0.0009999999941072701,0.001000000003799073,0.000999999995585199,0.001000000011170954,2.101244358655045e-6,2.101244555720231e-6,0.8325945866136709,2.990146162304695,3.005450624044444,0.02269225127385302,0.00019969471255789825,0.0002039602114212985,0.001981211620361124,0.0014069999999999229,0.001406999999999928,0.001406999999999953,0.0010040699999999641,0.0010040699999999605,0.0010040699999999889
2025-06-11T20:41:14Z,39.9860561420174,-75.16865989237812,21.52802501874976,-8.207344156573527,-7.262577356013935,-0.4302084002592892,1.2109877081238665,0.11611297627587192,-1.255154222555575,0.000999999994121481,0.0009999999893892664,0.000999999994022005,0.0010000000037280188,0.0009999999959120487,0.0010000000114018803,3.10124473504239e-6,3.1012451927118944e-6,0.8903992719966742,3.4012404925982334,3.4088335531387868,0.029325710413397543,0.000212125254022075,0.00021371590988793223,0.001991198714936177,0.001407999999999923,0.0014079999999999282,0.0014079999999999533,0.0010040799999999634,0.0010040799999999597,0.0010040799999999884
2025-06-11T20:41:15Z,39.98597483716974,-75.16873797514741,22.619499450782314,-8.594797133351676,-7.853992510295939,-0.25704742520247237,1.2234478167956695,-0.05280296699675091,-1.2248863363201963,0.000999999994022005,0.0009999999892897904,0.0009999999941072701,0.0010000000035290668,0.000999999996118106,0.0010000000112739826,4.10124530831658e-6,4.101246158635059e-6,0.9649127796976834,3.85063152386641,3.8565838211737296,0.032728777139312604,0.00021844065230713575,0.00022362724300302897,0.00200315091944262,0.0014089999999999236,0.0014089999999999279,0.001408999999999953,0.001004089999999964,0.0010040899999999606,0.0010040899999999887
2025-06-11T20:41:16Z,39.98588413706004,-75.16880675978807,23.760071906493977,-8.7909164467128,-7.133066899434198,-0.17712141340052767,1.1983423528872663,-0.12898856427091232,-1.0859289940417511,0.0009999999940504267,0.0009999999889487299,0.0009999999941356918,0.0010000000032448497,0.0009999999958480998,0.0010000000115155672,5.101246109578696e-6,5.101247500736878e-6,1.0457364110604361,4.299379283484197,4.32817788551779,0.03293315387331536,0.00022794349195046562,0.00023379361155481868,0.002019582285769312,0.0014099999999999224,0.0014099999999999287,0.0014099999999999519,0.001004099999999964,0.0010040999999999605,0.001004099999999989
2025-06-11T20:41:17Z,39.9862782453552,-75.16901107003798,20.858996462959695,-3.1182530512522266,-6.188786911731114,-0.2220691412914672,1.1705575936091024,6.166013236070543,5.2083560259140045,0.0009999999942289963,0.000999999988977789,0.0009999999940969498,0.0010000000032616334,0.0009999999957843887,0.0010000000115145122,3.689479077162352e-8,3.689479081976731e-8,0.6857027828612212,1.4976963004370147,1.506435529677646,0.019050755576881837,0.00012634493551704585,0.00013086039166739953,0.0020067193781908824,0.0014099999999999224,0.0014099999999999287,0.0014099999999999519,0.001004099999999964,0.0010040999999999605,0.001004099999999989
2025-06-11T20:41:22Z,39.98636694806531,-75.16946274397587,16.517028063365583,-2.824263364801318,-7.141170697853188,-0.6595649915212273,1.1775849356803254,6.172695975128144,5.209031301760028,0.0009999999944119123,0.0009999999889887961,0.000999999994055259,0.001000000003283546,0.0009999999956923863,0.0010000000115093723,1.252985627324168e-8,1.2529856282011752e-8,0.5806713912630741,1.0720586061187773,1.07751606241628,0.01655194038145341,0.00011084359265728689,0.00011537434628112426,0.002004776968260227,0.0014099999999999224,0.0014099999999999287,0.0014099999999999519,0.001004099999999964,0.0010040999999999605,0.001004099999999989
2025-06-11T20:41:27Z,39.98639240028294,-75.16964199417755,13.538617747390623,-1.8580018485563192,-7.649822049454613,-0.9270690554953209,1.1780818805600972,6.1787033068349935,5.211014478860126,0.000999999994544659,0.0009999999889991435,0.0009999999940252,0.0010000000032988374,0.0009999999956288974,0.0010000000115062424,9.68673668368705e-9,9.686736689663617e-9,0.5036578839761618,0.6742630411576834,0.6767104616797237,0.014552778473888063,0.0000965942549831599,0.00010095309737552134,0.0020029678501602886,0.0014099999999999224,0.0014099999999999287,0.0014099999999999519,0.001004099999999964,0.0010040999999999605,0.001004099999999989
2025-06-11T20:41:32Z,39.98642112711303,-75.16985327838097,11.410024539816046,-1.5886263667330387,-7.65903134391735,-1.1251483823763144,1.1796123337904627,6.179947750642806,5.211404994326008,0.0009999999946387068,0.0009999999890062936,0.0009999999940042549,0.0010000000033102844,0.0009999999955833717,0.0010000000115036173,7.895245493787339e-9,7.895245497901237e-9,0.4465395160490741,0.5577320350014371,0.5595613163087466,0.013620948731135323,0.00009231108423543245,0.00009675595095063457,0.0020024387001461317,0.0014099999999999224,0.0014099999999999287,0.0014099999999999519,0.001004099999999964,0.0010040999999999605,0.001004099999999989
2025-06-11T20:41:37Z,39.98645316279758,-75.17009778428583,9.33204282139487,-1.44320732380708,-6.793157772972992,-1.3006740711141132,1.1792774364481087,6.176262154553916,5.211160782990219,0.0009999999947358721,0.000999999989015416,0.0009999999939835106,0.0010000000033226549,0.0009999999955384782,0.0010000000115007726,6.397738785784979e-9,6.397738788163591e-9,0.40104734391425506,0.44060674433868496,0.4418253845364456,0.012827511920328993,0.00008807617206739038,0.00009254338949521304,0.0020019079091833695,0.0014099999999999224,0.0014099999999999287,0.0014099999999999519,0.001004099999999964,0.0010040999999999605,0.001004099999999989
2025-06-11T20:41:42Z,39.98646135301785,-75.17016673252475,7.457060917302124,-1.5463629388440998,-6.763754759808085,-1.4870716785471243,1.182267288453519,6.176192757257862,5.210783502149409,0.0009999999948161428,0.0009999999890206348,0.0009999999939656575,0.001000000003332776,0.0009999999954984511,0.001000000011498266,6.024612245567592e-9,6.024612247978966e-9,0.3644666596783605,0.4328266655694622,0.4340640364279402,0.012430720667699418,0.00008768926671992137,0.00009226630654221326,0.0020018720754001757,0.0014099999999999224,0.0014099999999999287,0.0014099999999999519,0.001004099999999964,0.0010040999999999605,0.001004099999999989
2025-06-11T20:41:47Z,39.98648172822753,-75.17033062909668,6.497816526571286,-1.382168956192764,-6.635622390412773,-1.5713467451175498,1.182369761617816,6.176185155287214,5.210990339808483,0.0009999999948598196,0.0009999999890243309,0.0009999999939560593,0.0010000000033380842,0.000999999995477827,0.0010000000114970904,5.279542492021565e-9,5.2795424934101016e-9,0.3338236431645103,0.37913224480697016,0.3801206209180841,0.01197621358020614,0.00008573229672650799,0.00009033866439201944,0.0020016289381244974,0.0014099999999999224,0.0014099999999999287,0.0014099999999999519,0.001004099999999964,0.0010040999999999605,0.001004099999999989
2025-06-11T20:41:52Z,39.98650771413528,-75.1705464730583,5.802433693159617,-1.2540546112774156,-6.81597837845603,-1.6390580474177892,1.1831569812437148,6.177631476244312,5.211278415697565,0.000999999994889551,0.0009999999890262343,0.0009999999939492613,0.0010000000033415586,0.000999999995463038,0.001000000011496279,4.565020421728122e-9,4.56502042312143e-9,0.30798526441262475,0.34125512674931213,0.3420826194369059,0.011615983906967612,0.00008434433794133695,0.00008898039142590183,0.0020014574961657113,0.0014099999999999224,0.0014099999999999287,0.0014099999999999519,0.001004099999999964,0.0010040999999999605,0.001004099999999989
2025-06-11T20:41:57Z,39.986544200077695,-75.17083301509986,5.027382389884333,-1.2607080459327522,-6.924161130660501,-1.7178132333712008,1.1845428083211151,6.178333298682823,5.211249521198542,0.0009999999949221754,0.0009999999890282214,0.0009999999939419044,0.0010000000033455127,0.0009999999954465781,0.001000000011495296,3.879287205663115e-9,3.8792872059881955e-9,0.28594052672860343,0.33195285045950396,0.33275765424646286,0.011369358893822746,0.00008395945349493744,0.0000886472934022805,0.0020014151515785673,0.0014099999999999224,0.0014099999999999287,0.0014099999999999519,0.001004099999999964,0.0010040999999999605,0.001004099999999989
2025-06-11T20:42:02Z,39.986559982962156,-75.1709584670424,4.729467069074731,-1.2522063170059423,-7.078848472886037,-1.750548647770638,1.1853331689714781,6.17922481672589,5.211310704510433,0.000999999994933999,0.000999999989028687,0.000999999993939154,0.0010000000033468948,0.0009999999954403251,0.001000000011494932,3.656838967090972e-9,3.656838967421143e-9,0.2668265415104792,0.31692728232694967,0.3176780727940759,0.011138666583861197,0.00008338655652591489,0.00008810893985893019,0.002001347051336445,0.0014099999999999224,0.0014099999999999287,0.0014099999999999519,0.001004099999999964,0.0010040999999999605,0.001004099999999989
2025-06-11T20:42:07Z,39.986581042659296,-75.17112715663019,4.700069589807668,-1.1814373934550033,-7.270600884590551,-1.7556308618705694,1.185543087491063,6.180433022760266,5.211538603654917,0.000999999994934476,0.0009999999890284385,0.0009999999939388799,0.0010000000033467864,0.0009999999954397997,0.0010000000114949747,3.419573574682937e-9,3.4195735754478934e-9,0.2590998529996237,0.2982400756585579,0.2989110102240296,0.011014293923674891,0.00008272030581462102,0.00008743944988363864,0.0020012626480421375,0.0014099999999999224,0.0014099999999999287,0.0014099999999999519,0.001004099999999964,0.0010040999999999605,0.001004099999999989
2025-06-11T20:42:12Z,39.98660920191473,-75.1713506890459,4.708435852415713,-1.1434605619813765,-7.342047909703108,-1.7551973758695634,1.1855355683196946,6.180912374727651,5.21164910659585,0.0009999999949339123,0.0009999999890283261,0.0009999999939389447,0.0010000000033466396,0.0009999999954400077,0.0010000000114950196,3.165972746187156e-9,3.165972746953063e-9,0.24331160150874578,0.28560963492865404,0.2862364885116626,0.010824533117326425,0.0000822417278561814,0.00008698719811119928,0.0020012054534111665,0.0014099999999999224,0.0014099999999999287,0.0014099999999999519,0.001004099999999964,0.0010040999999999605,0.001004099999999989
2025-06-11T20:42:17Z,39.986625700761316,-75.17146496948799,4.607752543835175,-1.1463129668351442,-7.364262743821547,-1.7657112263995616,1.1857484769826887,6.18104047234113,5.211644799538484,0.0009999999949380745,0.0009999999890285493,0.000999999993937996,0.001000000003347151,0.0009999999954378687,0.001000000011494887,3.0573013390961393e-9,3.0573013396494607e-9,0.23690320758416394,0.2837094890568226,0.2843326741965561,0.010755609259396316,0.00008215893519709784,0.0000869191705600085,0.0020011967879565787,0.0014099999999999224,0.0014099999999999287,0.0014099999999999519,0.001004099999999964,0.0010040999999999605,0.001004099999999989
2025-06-11T20:42:22Z,39.98664075961922,-75.17157332420497,4.547204118603922,-1.0710790838052437,-7.463713647090046,-1.7713174113526253,1.1857211669176952,6.181785989676202,5.211839130836135,0.0009999999949405968,0.000999999989028687,0.0009999999939373503,0.001000000003347339,0.0009999999954366148,0.0010000000114948648,2.969417298355472e-9,2.969417298910092e-9,0.23079054107514244,0.2640014774226126,0.26454483193759487,0.010646175243938192,0.00008146372714855364,0.00008621381974805725,0.002001107870529661,0.0014099999999999224,0.0014099999999999287,0.0014099999999999519,0.001004099999999964,0.0010040999999999605,0.001004099999999989
2025-06-11T20:42:27Z,39.986687498112424,-75.17191685702669,4.489067526607549,-0.9622072148634906,-7.5822525916165615,-1.7759021589710193,1.185571122851599,6.182726457334201,5.2121116373524,0.000999999994943151,0.0009999999890288596,0.0009999999939366766,0.0010000000033474862,0.000999999995435414,0.001000000011494876,2.7291598597050356e-9,2.7291598597739505e-9,0.22499129143685098,0.24764794832231782,0.24812920702500058,0.010548403437599503,0.00008088524533111173,0.00008562891603123066,0.0020010341023318657,0.0014099999999999224,0.0014099999999999287,0.0014099999999999519,0.001004099999999964,0.0010040999999999605,0.001004099999999989
2025-06-11T20:42:32Z,39.98671731699251,-75.17213415438184,4.426555350047686,-0.8932175458053163,-7.785751457266727,-1.7845873072505427,1.1858677226080585,6.1839975692577935,5.212338317130451,0.0009999999949449516,0.0009999999890286618,0.0009999999939360863,0.0010000000033475239,0.000999999995434183,0.0010000000114948804,2.59479413747096e-9,2.5947941372520544e-9,0.21945047373915375,0.21599025699015928,0.21635856004432608,0.010416325651135405,0.00007978046797730904,0.0000844977881787275,0.002000891446551902,0.0014099999999999224,0.0014099999999999287,0.0014099999999999519,0.001004099999999964,0.0010040999999999605,0.001004099999999989
2025-06-11T20:42:37Z,39.98677694859232,-75.17256421550563,4.614715436814072,-0.8358184400298564,-7.969531177047334,-1.7687097290469174,1.1858290365508595,6.185082232700694,5.212552551912712,0.0009999999949359994,0.0009999999890277617,0.0009999999939379284,0.0010000000033462625,0.0009999999954382866,0.0010000000114952041,2.3578828963446705e-9,2.3578828966340935e-9,0.20797366275990975,0.1742725430262072,0.17451536457813127,0.010201949875457687,0.00007831487856044263,0.0000830093639287596,0.0020007035302125322,0.0014099999999999224,0.0014099999999999287,0.0014099999999999519,0.001004099999999964,0.0010040999999999605,0.001004099999999989
2025-06-11T20:42:42Z,39.986791953291124,-75.1726702309276,4.735272285054998,-0.8241072249111381,-7.980237711667534,-1.75675738578577,1.1856352549699087,6.185147168925085,5.2125911738699475,0.0009999999949308112,0.000999999989027411,0.0009999999939390766,0.0010000000033456074,0.000999999995440867,0.001000000011495375,2.3052637983457967e-9,2.3052637986359617e-9,0.20327395293836764,0.17264221422256742,0.1728817754713865,0.010151769770358865,0.00007824760961688406,0.00008295111969411107,0.002000696135796104,0.0014099999999999224,0.0014099999999999287,0.0014099999999999519,0.001004099999999964,0.0010040999999999605,0.001004099999999989
2025-06-11T20:42:47Z,39.986822121648984,-75.17288845199765,4.896313972921602,-0.7538190507576487,-7.978042166597887,-1.7383044865453052,1.185050282203657,6.185303481144675,5.212748703259345,0.0009999999949244507,0.0009999999890271498,0.000999999993940501,0.0010000000033447377,0.0009999999954442898,0.0010000000114956309,2.208657463708233e-9,2.208657463773429e-9,0.1987706949547072,0.16290758583121948,0.16312195272381225,0.01008410769784129,0.00007790168171031233,0.00008260412838744607,0.002000652288722763,0.0014099999999999224,0.0014099999999999287,0.0014099999999999519,0.001004099999999964,0.0010040999999999605,0.001004099999999989
2025-06-11T20:42:52Z,39.98688062851901,-75.17331634942971,5.182846082045966,-0.7075028784393588,-8.038714646470497,-1.7100954709915335,1.1845928423592271,6.185694295777938,5.212894145031823,0.0009999999949120294,0.0009999999890262519,0.0009999999939432102,0.001000000003343135,0.0009999999954504325,0.0010000000114960667,2.0346460393285282e-9,2.034646039400699e-9,0.18934697684871687,0.1519039819109692,0.15209231305750873,0.009965301141991654,0.00007750092828227169,0.00008221192193280957,0.0020006026854255295,0.0014099999999999224,0.0014099999999999287,0.0014099999999999519,0.001004099999999964,0.0010040999999999605,0.001004099999999989
2025-06-11T20:42:57Z,39.98695603591365,-75.17385101847302,5.399753305562085,-0.6469673205376254,-8.105287412236311,-1.688303648649908,1.1841732881545364,6.186170440871009,5.213066002070627,0.000999999994902688,0.0009999999890256124,0.0009999999939452298,0.0010000000033418902,0.0009999999954550896,0.0010000000114963978,1.8375892446564218e-9,1.8375892442613456e-9,0.18077557071423384,0.14021319745088612,0.1403751604033028,0.009853543445904266,0.00007707895645683559,0.00008179545133210159,0.0020005500180845298,0.0014099999999999224,0.0014099999999999287,0.0014099999999999519,0.001004099999999964,0.0010040999999999605,0.001004099999999989
2025-06-11T20:43:02Z,39.98697676846241,-75.17400293740856,5.437972499819557,-0.6194529830713785,-8.108283576752894,-1.6836042680884586,1.1839886749986253,6.186256752729678,5.2131273528688435,0.0009999999949012418,0.000999999989025572,0.0009999999939455464,0.0010000000033416792,0.0009999999954558995,0.0010000000114964653,1.7861220182115885e-9,1.7861220176829022e-9,0.17721325565298623,0.1377481258628148,0.13790505113114432,0.009812853015786199,0.00007698609182375495,0.00008170759752595993,0.002000538894682762,0.0014099999999999224,0.0014099999999999287,0.0014099999999999519,0.001004099999999964,0.0010040999999999605,0.001004099999999989
2025-06-11T20:43:07Z,39.986995247493034,-75.17413469118294,5.482410530112251,-0.5622259178501443,-8.098160168636026,-1.6768392064128572,1.183606770335342,6.186357987306044,5.213244996495576,0.0009999999948998657,0.0009999999890256538,0.000999999993945864,0.0010000000033414558,0.0009999999954568223,0.0010000000114965555,1.7450530424766859e-9,1.7450530419485126e-9,0.17378457783517043,0.13147989191165158,0.13162338753569242,0.009764523884886777,0.0000767627267129386,0.00008148444212991277,0.0020005106784301134,0.0014099999999999224,0.0014099999999999287,0.0014099999999999519,0.001004099999999964,0.0010040999999999605,0.001004099999999989
2025-06-11T20:43:12Z,39.9870092343492,-75.17423585561237,5.499726385446123,-0.5060467115853271,-8.023133537663444,-1.6711108958578738,1.1830866069414003,6.1861229980955255,5.213329946095391,0.0009999999949001105,0.0009999999890259973,0.0009999999939458882,0.0010000000033414582,0.0009999999954571376,0.0010000000114965902,1.7160634237164223e-9,1.7160634232674847e-9,0.1704845476059,0.12374053961160948,0.12386808654586552,0.009714054861926466,0.00007648912352312334,0.00008120902986553305,0.0020004758563557895,0.0014099999999999224,0.0014099999999999287,0.0014099999999999519,0.001004099999999964,0.0010040999999999605,0.001004099999999989
2025-06-11T20:43:17Z,39.98703631404959,-75.17443383084037,5.5375988780021075,-0.49357434627257735,-7.922662496918943,-1.6643781626476417,1.1826920032931394,6.185626573665524,5.213314940075135,0.0009999999948992991,0.0009999999890262085,0.0009999999939461633,0.0010000000033414012,0.0009999999954578944,0.0010000000114966311,1.661949651902895e-9,1.6619496516023915e-9,0.16731246750545184,0.1210276535679054,0.12115008590930121,0.00967672570557963,0.00007638880597720522,0.00008111243436619798,0.0020004636293946554,0.0014099999999999224,0.0014099999999999287,0.0014099999999999519,0.001004099999999964,0.0010040999999999605,0.001004099999999989
2025-06-11T20:43:22Z,39.98705174609191,-75.17454560295829,5.526971200761734,-0.4992871922637796,-7.840525390259544,-1.6635402420660599,1.1825073980643965,6.18518379872953,5.213266386207064,0.0009999999949003061,0.0009999999890264605,0.0009999999939460183,0.001000000003341577,0.0009999999954576286,0.0010000000114966008,1.6315073995276301e-9,1.6315073991423627e-9,0.16425758562009257,0.11969640362637747,0.11981655141113753,0.009643807101511323,0.00007633630533026706,0.00008106498013315698,0.0020004576134369885,0.0014099999999999224,0.0014099999999999287,0.0014099999999999519,0.001004099999999964,0.0010040999999999605,0.001004099999999989
2025-06-11T20:43:27Z,39.98726456426175,-75.1760899755088,5.654419038419348,-0.5371731919200325,-7.586779140476593,-1.6460527324371934,1.181823543833926,6.183725975410169,5.213087365316353,0.0009999999948962612,0.0009999999890267007,0.0009999999939471415,0.0010000000033412572,0.0009999999954602293,0.0010000000114967166,1.2139587557623716e-9,1.2139587553638227e-9,0.1410808486283474,0.11584810964952531,0.11596346317616552,0.009408918788804184,0.00007615333565227425,0.00008092725997312542,0.0020004400696625956,0.0014099999999999224,0.0014099999999999287,0.0014099999999999519,0.001004099999999964,0.0010040999999999605,0.001004099999999989
2025-06-11T20:43:32Z,39.98728786168214,-75.17624901225679,5.7049976423993325,-0.5370363793784074,-7.473755229512471,-1.6382248776426154,1.1814400836856362,6.183126341425704,5.21304235909768,0.0009999999948948973,0.000999999989026884,0.0009999999939475515,0.0010000000033411336,0.0009999999954612476,0.0010000000114967656,1.1717862915403869e-9,1.17178629127771e-9,0.12363586365695067,0.11205029184542283,0.11216018221334458,0.00923026275328808,0.00007598507031659623,0.0000807915639958132,0.002000422821160534,0.0014099999999999224,0.0014099999999999287,0.0014099999999999519,0.001004099999999964,0.0010040999999999605,0.001004099999999989
2025-06-11T20:43:37Z,39.98730691780957,-75.17637646685253,5.864889813821341,-0.5238570299717827,-7.457399322803,-1.6216832175983171,1.1811102072552557,6.183046303124365,5.213075367372722,0.000999999994888213,0.0009999999890264967,0.0009999999939490501,0.0010000000033403126,0.0009999999954646466,0.0010000000114969722,1.1404816833813078e-9,1.140481683222147e-9,0.11992645038123137,0.10705627996211031,0.10715697283418014,0.00918279273371728,0.00007580588156288112,0.00008061390488793552,0.0020004003512109196,0.0014099999999999224,0.0014099999999999287,0.0014099999999999519,0.001004099999999964,0.0010040999999999605,0.001004099999999989
2025-06-11T20:43:42Z,39.987323265199514,-75.17648363109511,6.022506281418184,-0.4832768440841948,-7.445324024739026,-1.6044368058965093,1.1806547825621696,6.183067118738516,5.213166796698835,0.0009999999948818214,0.0009999999890261825,0.0009999999939504815,0.0010000000033394858,0.0009999999954679985,0.0010000000114971938,1.1163250943927706e-9,1.1163250942336597e-9,0.11643169166722088,0.09903828219191853,0.09912476055620269,0.009130616076730004,0.00007552361770238324,0.0000803288507505284,0.002000364307229194,0.0014099999999999224,0.0014099999999999287,0.0014099999999999519,0.001004099999999964,0.0010040999999999605,0.001004099999999989
2025-06-11T20:43:47Z,39.98733736019802,-75.17657620668588,6.3272893533988075,-0.4734672517059263,-7.390374596289825,-1.572878831946132,1.1800384350770514,6.182746873344051,5.2131876319818,0.0009999999948691292,0.0009999999890254437,0.000999999993953336,0.0010000000033379578,0.0009999999954744712,0.0010000000114975876,1.0971200184791181e-9,1.0971200183854267e-9,0.11313713923743154,0.09610005031266695,0.09618174640713116,0.009091958445862903,0.00007541592722337208,0.000080224336583359,0.002000351080041819,0.0014099999999999224,0.0014099999999999287,0.0014099999999999519,0.001004099999999964,0.0010040999999999605,0.001004099999999989
2025-06-11T20:43:52Z,39.9873628067474,-75.1767497256395,6.523641309285602,-0.4869059457889346,-7.1043357431594165,-1.546909656556949,1.179045999295676,6.181176286757934,5.2130506909466545,0.0009999999948626147,0.0009999999890256581,0.0009999999939550232,0.0010000000033373218,0.0009999999954785038,0.001000000011497789,1.0625592084174795e-9,1.062559208323884e-9,0.11002294753840378,0.09092885536109144,0.09100222505198627,0.009050045019677062,0.00007523217514811593,0.00008004053714863036,0.0020003278307036505,0.0014099999999999224,0.0014099999999999287,0.0014099999999999519,0.001004099999999964,0.0010040999999999605,0.001004099999999989
2025-06-11T20:43:57Z,39.9873823989729,-75.17687900333434,6.7229631451225496,-0.7168041800167945,-5.2044578751530635,-1.4877194529095636,1.174673725836678,6.170566461870458,5.211761051029206,0.00099999999486587,0.0009999999890299871,0.0009999999939559643,0.0010000000033391057,0.0009999999954817297,0.0010000000114975766,1.0367544040131672e-9,1.036754403830272e-9,0.10706787871023998,0.06667695727872892,0.0667165187864214,0.008966744536808366,0.0000743950421769516,0.00007917963765793569,0.0020002189455832187,0.0014099999999999224,0.0014099999999999287,0.0014099999999999519,0.001004099999999964,0.0010040999999999605,0.001004099999999989
2025-06-11T20:44:02Z,39.9874123839228,-75.17708217918886,7.8636636953808825,-0.6902368934368146,-5.173222355035964,-1.3744360843590573,1.172903824779594,6.170249227676135,5.211894191788594,0.0009999999948171665,0.0009999999890267727,0.0009999999939668534,0.0010000000033330845,0.0009999999955061032,0.001000000011499143,9.967398271609539e-10,9.967398269782533e-10,0.09671264102335393,0.06552693501608149,0.06556554504236624,0.008864109087522509,0.00007433457349065888,0.00007913841020610931,0.002000213691056742,0.0014099999999999224,0.0014099999999999287,0.0014099999999999519,0.001004099999999964,0.0010040999999999605,0.001004099999999989
2025-06-11T20:44:07Z,39.98742829590628,-75.1771834083243,7.922521230115663,-0.6767098510608615,-5.173996828592295,-1.3681920250133588,1.1727567878436793,6.170279940499542,5.211927272276913,0.00099999999481473,0.0009999999890266393,0.000999999993967393,0.001000000003332765,0.0009999999955073514,0.0010000000114992259,9.782393241445337e-10,9.782393239623525e-10,0.09568436220918401,0.06531548278315166,0.0653538835983389,0.008853702210765795,0.00007432524256376716,0.00007913086674750023,0.0020002127329480104,0.0014099999999999224,0.0014099999999999287,0.0014099999999999519,0.001004099999999964,0.0010040999999999605,0.001004099999999989
2025-06-11T20:44:12Z,39.987434562531156,-75.17721533601036,8.00797133806498,-0.6012325571089274,-5.167724299937312,-1.3568266973944854,1.172236372789592,6.17044499480515,5.212087686403779,0.0009999999948116956,0.0009999999890266374,0.0009999999939680783,0.001000000003332324,0.0009999999955091574,0.001000000011499382,9.72667197995503e-10,9.72667197833708e-10,0.09511529066883374,0.0645188161245634,0.06455630702007119,0.008846425148152157,0.00007429680775044431,0.00007910258549381012,0.002000209153161118,0.0014099999999999224,0.0014099999999999287,0.0014099999999999519,0.001004099999999964,0.0010040999999999605,0.001004099999999989
2025-06-11T20:44:17Z,39.98745499591925,-75.17730335973062,8.100215989588406,-0.46367411443366324,-5.1824351485122575,-1.3429842318860503,1.1714466706115612,6.170895033299665,5.212386351223088,0.0009999999948087344,0.0009999999890267478,0.000999999993968735,0.0010000000033318183,0.0009999999955110934,0.001000000011499593,9.580546565045846e-10,9.580546563428092e-10,0.09412021618653517,0.06332496152057611,0.06336111345569112,0.008834148641995335,0.0000742539118661492,0.00007906020032970387,0.0020002037875093094,0.0014099999999999224,0.0014099999999999287,0.0014099999999999519,0.001004099999999964,0.0010040999999999605,0.001004099999999989
2025-06-11T20:44:22Z,39.987502231864134,-75.17747203225663,8.31234555845374,-0.1579420218130428,-5.19564393432269,-1.3110271351071843,1.1696276995719714,6.171792143371046,5.2130422147390965,0.0009999999948019983,0.0009999999890270346,0.0009999999939702168,0.0010000000033306767,0.0009999999955155616,0.0010000000115000024,9.315944154672266e-10,9.315944153074322e-10,0.09195573833121835,0.06085830829161835,0.06089177036519128,0.008807748409307526,0.00007416508203156892,0.00007897263044019285,0.0020001927010798374,0.0014099999999999224,0.0014099999999999287,0.0014099999999999519,0.001004099999999964,0.0010040999999999605,0.001004099999999989
2025-06-11T20:44:27Z,39.987537306955645,-75.17758184529275,8.497996171586022,0.1705256299223929,-5.247349856572566,-1.281778882503693,1.167835039363334,6.172960258887535,5.213759835002166,0.0009999999947963123,0.0009999999890273697,0.0009999999939714415,0.0010000000033296111,0.000999999995519453,0.0010000000115004026,9.154135838801964e-10,9.154135837204354e-10,0.0898885748686178,0.0583904043836727,0.05842127058976216,0.008782301802293415,0.00007407643039237422,0.00007888503077442264,0.0020001816107839314,0.0014099999999999224,0.0014099999999999287,0.0014099999999999519,0.001004099999999964,0.0010040999999999605,0.001004099999999989
2025-06-11T20:44:32Z,39.98757689005537,-75.17769448421944,8.740152821233588,0.31129323482805343,-5.276713811560598,-1.253537215823664,1.1668663249513866,6.173465693337946,5.214083604207036,0.0009999999947868149,0.0009999999890269783,0.0009999999939735121,0.001000000003328257,0.0009999999955245904,0.0010000000115007906,8.997852446933215e-10,8.997852445932046e-10,0.0879127278261388,0.05746084812758143,0.0574907980969117,0.008761170880483494,0.00007404064007357333,0.00007885198788617207,0.002000177423280701,0.0014099999999999224,0.0014099999999999287,0.0014099999999999519,0.001004099999999964,0.0010040999999999605,0.001004099999999989
2025-06-11T20:44:37Z,39.98761438999613,-75.17779016023127,8.834154489786663,0.3330524810866004,-5.279151027793125,-1.2435895313442715,1.166634032435151,6.173521451013472,5.214137283442017,0.0009999999947829172,0.000999999989026767,0.0009999999939743853,0.0010000000033277556,0.0009999999955265897,0.0010000000115009252,8.872664042460486e-10,8.872664041460224e-10,0.08706226025827546,0.05732634968932533,0.05735618483701292,0.008752667151279014,0.00007403432840518873,0.00007884718318890456,0.002000176812465174,0.0014099999999999224,0.0014099999999999287,0.0014099999999999519,0.001004099999999964,0.0010040999999999605,0.001004099999999989
2025-06-11T20:44:42Z,39.987674051370476,-75.17793233144843,8.909874387110504,0.35030464247912596,-5.2262195090171035,-1.2341883814446286,1.166295737846456,6.173279105490943,5.214155979947738,0.0009999999947801718,0.0009999999890267445,0.0009999999939750398,0.001000000003327427,0.0009999999955281704,0.0010000000115010213,8.692010768615672e-10,8.692010766926233e-10,0.08622788970092195,0.05643018420653057,0.05645911760907527,0.008742628768084277,0.00007400198333890661,0.0000788153739831621,0.002000172784955393,0.0014099999999999224,0.0014099999999999287,0.0014099999999999519,0.001004099999999964,0.0010040999999999605,0.001004099999999989
2025-06-11T20:44:47Z,39.98770620787854,-75.1780100340323,9.030333818353714,0.3461412689746352,-5.22190541792972,-1.2224632272644815,1.1661417529650557,6.173220452802036,5.214155166015235,0.0009999999947749635,0.000999999989026394,0.0009999999939761942,0.0010000000033267887,0.0009999999955307424,0.0010000000115011787,8.593589496022749e-10,8.593589494713822e-10,0.08540956284316735,0.05632113419005351,0.05634997930474827,0.00873449333760764,0.00007399661013077904,0.00007881147313121169,0.0020001722886326435,0.0014099999999999224,0.0014099999999999287,0.0014099999999999519,0.001004099999999964,0.0010040999999999605,0.001004099999999989
2025-06-11T20:44:52Z,39.9885129567696,-75.17998168672486,10.225306408570527,0.19540835678876586,-4.220418354401131,-1.0858623084002477,1.1625105822120434,6.167323826017379,5.2135018388437375,0.0009999999947291843,0.000999999989025279,0.000999999993987203,0.001000000003321785,0.0009999999955557226,0.001000000011502471,6.104985238259197e-10,6.104985237678731e-10,0.07868652100893621,0.04596543429675707,0.04598477367558117,0.00864678853671703,0.00007362889438677472,0.00007844412710975062,0.0020001257820342062,0.0014099999999999224,0.0014099999999999287,0.0014099999999999519,0.001004099999999964,0.0010040999999999605,0.001004099999999989
2025-06-11T20:44:57Z,39.98956572059623,-75.18258908312362,11.153810793801691,0.13602585751819202,-3.4800763741498826,-0.9785029679539758,1.1594981351737097,6.163103949609153,5.213130248272805,0.0009999999946938064,0.0009999999890243439,0.0009999999939958348,0.0010000000033177413,0.0009999999955750821,0.0010000000115033567,2.8285377781731934e-10,2.8285377785362187e-10,0.07294526286086511,0.038826494340032415,0.03884037026210286,0.008575816711718885,0.00007337341214562982,0.00007819095287661092,0.0020000937209306044,0.0014099999999999224,0.0014099999999999287,0.0014099999999999519,0.001004099999999964,0.0010040999999999605,0.001004099999999989
2025-06-11T20:45:02Z,39.989876310240376,-75.18337031857725,12.1725334082382,0.1393508454078847,-2.915642021781493,-0.864435553371226,1.1565307108758063,6.159962525181016,5.212972598972829,0.000999999994653791,0.00099999998902297,0.0009999999940052352,0.0010000000033130278,0.0009999999955965344,0.0010000000115044812,1.8406763554974013e-10,1.840676355846668e-10,0.06798515236055228,0.033606982274536054,0.03361742834284766,0.008516685409222704,0.0000731852615728518,0.00007800587495179019,0.0020000702786885666,0.0014099999999999224,0.0014099999999999287,0.0014099999999999519,0.001004099999999964,0.0010040999999999605,0.001004099999999989
2025-06-11T20:45:07Z,39.98988469382319,-75.1833906967,12.869716307357242,0.1700603592048022,-2.894630598731457,-0.7946018471847198,1.1553694061094015,6.1597998384581425,5.213083100405916,0.0009999999946240538,0.0009999999890210076,0.0009999999940119109,0.0010000000033093118,0.0009999999956113357,0.0010000000115053904,1.8153165221932135e-10,1.815316522542496e-10,0.06365735024198822,0.03329689998016213,0.033307197496205504,0.008474427786561194,0.00007316627522971552,0.00007799471144045775,0.0020000688546157577,0.0014099999999999224,0.0014099999999999287,0.0014099999999999519,0.001004099999999964,0.0010040999999999605,0.001004099999999989
2025-06-11T20:45:12Z,39.98989094108842,-75.1834021411105,13.007317478033427,0.29638628341887135,-2.90960336426424,-0.776758030953009,1.154576536783323,6.160210104538731,5.213362272446172,0.0009999999946190624,0.0009999999890209536,0.000999999994013002,0.0010000000033085592,0.0009999999956142379,0.0010000000115056554,1.802645164959119e-10,1.802645165309742e-10,0.06266007811002286,0.03274067004371776,0.03275063599741543,0.008463633234444648,0.00007314533210773215,0.00007797497171587951,0.0020000663531477194,0.0014099999999999224,0.0014099999999999287,0.0014099999999999519,0.001004099999999964,0.0010040999999999605,0.001004099999999989
2025-06-11T20:45:17Z,39.98990352714026,-75.18341970736606,13.186118819004708,0.4316347541295878,-2.9321457218241527,-0.7547430817284343,1.1537030783711226,6.160676987020045,5.213666539224299,0.0009999999946122605,0.000999999989020785,0.0009999999940144865,0.0010000000033075708,0.0009999999956180098,0.0010000000115059856,1.7856796167870926e-10,1.785679617137991e-10,0.06169358270213296,0.03227105781647371,0.032280748981150596,0.00845332497097784,0.00007312741177116864,0.00007795830112607846,0.0020000642403003904,0.0014099999999999224,0.0014099999999999287,0.0014099999999999519,0.001004099999999964,0.0010040999999999605,0.001004099999999989
2025-06-11T20:45:22Z,39.989915884745415,-75.18343422261586,13.373906067876433,0.47261615032154797,-2.940610714158052,-0.7350561585098444,1.1532617796356828,6.160800056930321,5.213770197689763,0.000999999994604435,0.000999999989020334,0.000999999994016195,0.0010000000033065434,0.0009999999956219819,0.0010000000115062675,1.773417230522557e-10,1.7734172308735503e-10,0.06075648429495495,0.032066626504427716,0.032076203962612855,0.008443878263213515,0.00007311861310458898,0.00007795102248465316,0.0020000633165403355,0.0014099999999999224,0.0014099999999999287,0.0014099999999999519,0.001004099999999964,0.0010040999999999605,0.001004099999999989
2025-06-11T20:45:27Z,39.98992385355127,-75.18344436474881,13.568121823469394,0.4684650872636305,-2.94369771536085,-0.7163107117421379,1.1530282892116828,6.160765197412102,5.213778576301074,0.0009999999945959845,0.000999999989019734,0.0009999999940180598,0.0010000000033055232,0.0009999999956261327,0.0010000000115065301,1.7660806616026516e-10,1.7660806619539188e-10,0.05984743157010707,0.031889075377367154,0.031898555406353585,0.008434760086961477,0.0000731107882792531,0.00007794469695575602,0.0020000625135192826,0.0014099999999999224,0.0014099999999999287,0.0014099999999999519,0.001004099999999964,0.0010040999999999605,0.001004099999999989
2025-06-11T20:45:32Z,39.989927681391094,-75.18344969737255,13.628010746279388,0.46982069789269676,-2.951853287379713,-0.710614173825014,1.1529627957683055,6.160799549292028,5.213789762905378,0.0009999999945933561,0.0009999999890195357,0.0009999999940186388,0.0010000000033051975,0.0009999999956274122,0.0010000000115066156,1.7625857944361092e-10,1.7625857947874356e-10,0.05945207266070115,0.03173344163693454,0.03174283294126691,0.008430623983653072,0.00007310470596732176,0.000077939169220351,0.0020000618127531513,0.0014099999999999224,0.0014099999999999287,0.0014099999999999519,0.001004099999999964,0.0010040999999999605,0.001004099999999989
2025-06-11T20:45:37Z,39.98993561085851,-75.18346170176828,13.715878713749834,0.4926820625512582,-2.9816597526606854,-0.7019215240602243,1.1528092465968747,6.1610025128524395,5.213857183775639,0.0009999999945895287,0.0009999999890192587,0.0009999999940194628,0.0010000000033046955,0.0009999999956293005,0.0010000000115067602,1.755338387313964e-10,1.7553383876653932e-10,0.05906188626674641,0.03144190333614134,0.03145112633543176,0.00842624207374812,0.00007309399014215335,0.00007792882935632108,0.0020000605027881376,0.0014099999999999224,0.0014099999999999287,0.0014099999999999519,0.001004099999999964,0.0010040999999999605,0.001004099999999989
2025-06-11T20:45:42Z,39.98995453638704,-75.18349200742492,14.005212868690885,0.5175898835442223,-2.9827888904061406,-0.6727311857842396,1.1522922942350098,6.161021044291831,5.213932527472825,0.0009999999945772416,0.0009999999890184606,0.000999999994022219,0.0010000000033031596,0.0009999999956354269,0.0010000000115071757,1.739247633930098e-10,1.7392476341427112e-10,0.05820248439114719,0.0313206434088808,0.03132980301289164,0.008417724577123753,0.00007308818698113109,0.00007792449939019808,0.002000059952539471,0.0014099999999999224,0.0014099999999999287,0.0014099999999999519,0.001004099999999964,0.0010040999999999605,0.001004099999999989
2025-06-11T20:45:47Z,39.98996684513469,-75.18350802497092,14.232756014890144,0.5949145458202381,-2.940704911285495,-0.6464965866040985,1.1514701778524596,6.1609758358616995,5.214092560393532,0.0009999999945683475,0.000999999989018133,0.000999999994024213,0.0010000000033019963,0.0009999999956402349,0.0010000000115075276,1.730325558780676e-10,1.7303255589933227e-10,0.05736771495046636,0.031036597161659598,0.03104559862395696,0.008409090272385282,0.0000730768703384099,0.00007791440633538,0.0020000586727530836,0.0014099999999999224,0.0014099999999999287,0.0014099999999999519,0.001004099999999964,0.0010040999999999605,0.001004099999999989
2025-06-11T20:45:52Z,39.98998123214441,-75.1835239811242,14.531930940819016,0.7484782731512252,-2.923108389225275,-0.611002026341301,1.150227980976315,6.161261161710804,5.214426906034921,0.0009999999945568589,0.000999999989017825,0.0009999999940267796,0.001000000003300409,0.00099999999564654,0.0010000000115079686,1.721494554184963e-10,1.7214945543979402e-10,0.05655652562530867,0.03051688699929679,0.03052559630839512,0.008400171430454097,0.00007305754941932632,0.0000778959699359974,0.002000056336757984,0.0014099999999999224,0.0014099999999999287,0.0014099999999999519,0.001004099999999964,0.0010040999999999605,0.001004099999999989
2025-06-11T20:45:57Z,39.98999414661947,-75.18353736492308,14.864765906372796,0.8165947866176171,-2.9365899154473682,-0.5762409459914977,1.1494647682993988,6.161458475907389,5.214600609398863,0.00099999999454295,0.000999999989017056,0.000999999994029895,0.001000000003298588,0.00099999999565358,0.0010000000115084077,1.7145804635623928e-10,1.7145804637755485e-10,0.05576798618975302,0.030261060911719085,0.030269631314613903,0.00839204416729805,0.00007304728907119638,0.0000778868784778147,0.002000055183892833,0.0014099999999999224,0.0014099999999999287,0.0014099999999999519,0.001004099999999964,0.0010040999999999605,0.001004099999999989
2025-06-11T20:46:02Z,39.99000360146334,-75.18354703538361,15.14018528094923,0.8431130946994255,-2.9442928873727743,-0.5485170931496252,1.1489766981917102,6.161518706073295,5.214681039206883,0.0009999999945312082,0.0009999999890163288,0.0009999999940324717,0.0010000000032971404,0.0009999999956594543,0.0010000000115087534,1.709982972870795e-10,1.7099829731241704e-10,0.055001148978903555,0.030156183714005216,0.030164701106654025,0.008384453366353194,0.0000730422280038681,0.00007788313276966699,0.002000054707861904,0.0014099999999999224,0.0014099999999999287,0.0014099999999999519,0.001004099999999964,0.0010040999999999605,0.001004099999999989
2025-06-11T20:46:07Z,39.99000905357933,-75.18355271846148,15.269182677797021,0.8773888592654852,-2.9797294743981038,-0.535516562998555,1.1487244845669724,6.161775277476637,5.214777861854464,0.0009999999945256822,0.0009999999890159639,0.0009999999940336723,0.0010000000032964161,0.0009999999956622073,0.0010000000115089407,1.7075207246616152e-10,1.7075207249150031e-10,0.05466704276755891,0.029941324785692218,0.029949723929327623,0.008380779356773121,0.00007303424466117572,0.00007787551113425308,0.002000053742163567,0.0014099999999999224,0.0014099999999999287,0.0014099999999999519,0.001004099999999964,0.0010040999999999605,0.001004099999999989
2025-06-11T20:46:12Z,39.990014720211036,-75.18355896025433,15.405245097938264,0.8805791808499961,-2.982187396553828,-0.5221608966974525,1.1485304504388116,6.161769769166944,5.214796487716736,0.0009999999945198175,0.0009999999890155727,0.0009999999940349734,0.0010000000032956956,0.0009999999956651082,0.0010000000115091062,1.7050655571608658e-10,1.7050655573927336e-10,0.05433699121484123,0.029918748118494744,0.0299271372681235,0.008377561369429456,0.00007303283743708959,0.00007787469787977298,0.002000053638424279,0.0014099999999999224,0.0014099999999999287,0.0014099999999999519,0.001004099999999964,0.0010040999999999605,0.001004099999999989
2025-06-11T20:46:17Z,39.9900186864788,-75.18356339170843,15.548712076080733,0.8816410092515982,-2.9806920213913366,-0.5080613385744358,1.148326303168538,6.161736074305063,5.214809575839029,0.00099999999451366,0.0009999999890151635,0.0009999999940363503,0.0010000000032949388,0.0009999999956681743,0.0010000000115092784,1.7033647296002722e-10,1.7033647298470704e-10,0.0540109005467453,0.029890727122770723,0.02989910319594596,0.00837436963780281,0.00007303125192879843,0.00007787369202558276,0.0020000535103115325,0.0014099999999999224,0.0014099999999999287,0.0014099999999999519,0.001004099999999964,0.0010040999999999605,0.001004099999999989
2025-06-11T20:46:22Z,39.99002271357323,-75.18356786976943,15.64883296861641,0.9107812117125017,-2.992292627764028,-0.49746989365106076,1.1480733291509386,6.161859445236999,5.214883032878266,0.0009999999945094898,0.0009999999890149321,0.0009999999940372764,0.0010000000032943923,0.0009999999956702952,0.0010000000115094215,1.7016672918615967e-10,1.7016672920935012e-10,0.05382916073148163,0.029601802796383383,0.029610019142083714,0.008371998524021328,0.00007302103311555556,0.00007786345450557259,0.002000052213799132,0.0014099999999999224,0.0014099999999999287,0.0014099999999999519,0.001004099999999964,0.0010040999999999605,0.001004099999999989
2025-06-11T20:46:27Z,39.990044156885126,-75.18359115992567,15.83326428208376,0.9844414373588711,-3.002421910937128,-0.4769175553808558,1.147473604642142,6.162084968438805,5.2150548108330925,0.0009999999945020837,0.0009999999890146038,0.000999999994038945,0.0010000000032933992,0.0009999999956741951,0.001000000011509695,1.6931256673093156e-10,1.693125667466382e-10,0.053509087433709565,0.029263417610399453,0.029271449634656794,0.00836819233271814,0.00007300885880794397,0.00007785146011681784,0.0020000506945297824,0.0014099999999999224,0.0014099999999999287,0.0014099999999999519,0.001004099999999964,0.0010040999999999605,0.001004099999999989
2025-06-11T20:46:32Z,39.990058894865065,-75.18360644831004,16.2583093892438,1.0390675095578827,-3.0010407243350934,-0.4332761011845907,1.1466132285134971,6.162147704748547,5.215201510008389,0.0009999999944842034,0.000999999989013542,0.0009999999940429737,0.0010000000032911347,0.000999999995683231,0.0010000000115102437,1.6877038852921834e-10,1.6877038854969574e-10,0.052802711914113086,0.029070501179319735,0.02907843303109938,0.008360993012136643,0.00007300091007622477,0.00007784460008376544,0.002000049824378814,0.0014099999999999224,0.0014099999999999287,0.0014099999999999519,0.001004099999999964,0.0010040999999999605,0.001004099999999989
2025-06-11T20:46:37Z,39.9900912884121,-75.18363820074154,16.723532039566,1.1361892501212456,-3.0067407628755185,-0.3842813998861213,1.1455001031263563,6.16236035411391,5.215442522730344,0.000999999994464869,0.0009999999890124727,0.000999999994047243,0.0010000000032886315,0.000999999995693066,0.0010000000115108754,1.6767460675151273e-10,1.6767460677199868e-10,0.0521147106927176,0.02853950731309466,0.028547157073959165,0.008353238834951222,0.00007298145129610846,0.00007782577131979397,0.0020000474389879697,0.0014099999999999224,0.0014099999999999287,0.0014099999999999519,0.001004099999999964,0.0010040999999999605,0.001004099999999989
2025-06-11T20:46:42Z,39.99011706196242,-75.18366297302164,17.19966517740101,1.1844130272608397,-3.0125638066294083,-0.33607269028279385,1.1446233119548352,6.162432151605078,5.2155832218471625,0.000999999994444646,0.0009999999890111873,0.0009999999940517256,0.0010000000032860529,0.0009999999957032149,0.0010000000115114923,1.6684521884636248e-10,1.6684521886685208e-10,0.051444423959118496,0.028182028034027116,0.028189492141614134,0.008346031241502487,0.00007296795412116202,0.00007781308689199964,0.0020000458315306215,0.0014099999999999224,0.0014099999999999287,0.0014099999999999519,0.001004099999999964,0.0010040999999999605,0.001004099999999989
2025-06-11T20:46:47Z,39.99013796587959,-75.18368289340626,17.632683549473995,1.2126058861354558,-3.013600487477588,-0.29271322767447133,1.1438944150958679,6.162430598967087,5.215676887238357,0.000999999994426241,0.0009999999890099765,0.0009999999940558519,0.0010000000032836967,0.0009999999957124,0.0010000000115120452,1.6619568013513414e-10,1.6619568015562056e-10,0.05079116958146698,0.027925042040675835,0.027932375226513744,0.00833920520035555,0.00007295792272906857,0.00007780396121799912,0.0020000446746701057,0.0014099999999999224,0.0014099999999999287,0.0014099999999999519,0.001004099999999964,0.0010040999999999605,0.001004099999999989
2025-06-11T20:46:52Z,39.990143375953096,-75.18368804350077,17.831846345327435,1.221731490576005,-3.0216270819069324,-0.2731080584119175,1.1435998537754408,6.162458341274009,5.215715310904378,0.000999999994417687,0.0009999999890093845,0.0009999999940577733,0.001000000003282646,0.0009999999957166581,0.0010000000115123011,1.6603408490547333e-10,1.6603408492596e-10,0.050506130760031256,0.02782230136194952,0.027829582673616172,0.008336247224875618,0.0000729538666683771,0.00007780031188961225,0.00200004421199144,0.0014099999999999224,0.0014099999999999287,0.0014099999999999519,0.001004099999999964,0.0010040999999999605,0.001004099999999989
2025-06-11T20:46:57Z,39.990150544082056,-75.1836949659286,18.032335533088606,1.2273753604215396,-3.0317005996404887,-0.25355708012674116,1.143327040729521,6.162486579999031,5.215747526055659,0.0009999999944090092,0.0009999999890087708,0.0009999999940596704,0.001000000003281583,0.0009999999957209591,0.0010000000115125576,1.6583001590428256e-10,1.6583001592476818e-10,0.050224278096767466,0.027772772238836323,0.027780029610131887,0.00833343492846297,0.00007295163395172151,0.00007779854656663325,0.0020000439878467913,0.0014099999999999224,0.0014099999999999287,0.0014099999999999519,0.001004099999999964,0.0010040999999999605,0.001004099999999989
2025-06-11T20:47:02Z,39.99016139902083,-75.1837064776982,18.238614589668,1.204272728689981,-3.0781339736901154,-0.23545371608241195,1.1432948805303402,6.162621510415501,5.215736564192403,0.00099999999439962,0.0009999999890079533,0.0009999999940617007,0.0010000000032804374,0.0009999999957253792,0.001000000011512815,1.655218473358912e-10,1.6552184735912114e-10,0.04994554204409412,0.027590432435237167,0.02759759672878874,0.008330365621120025,0.00007294487219037053,0.00007779207950084395,0.0020000431684411694,0.0014099999999999224,0.0014099999999999287,0.0014099999999999519,0.001004099999999964,0.0010040999999999605,0.001004099999999989
2025-06-11T20:47:07Z,39.990188620009654,-75.18373919708313,18.66256438365266,1.1343328888414117,-3.125162168924232,-0.19786338204039802,1.1432094249330371,6.162582248861837,5.215646396107201,0.0009999999943804297,0.000999999989006331,0.00099999999406589,0.0010000000032781417,0.0009999999957344637,0.001000000011513314,1.6471356826460056e-10,1.6471356828067705e-10,0.04932957471847459,0.02736978095243748,0.027376835267214905,0.00832397718797212,0.00007293615514976022,0.00007778424201593708,0.0020000421747640336,0.0014099999999999224,0.0014099999999999287,0.0014099999999999519,0.001004099999999964,0.0010040999999999605,0.001004099999999989
2025-06-11T20:47:12Z,39.990198102656706,-75.18375237257348,18.832874202459713,1.0816337427004252,-3.1456705106633747,-0.18373410481351973,1.1433057702969291,6.1625048248703305,5.215559938272823,0.0009999999943725048,0.000999999989005596,0.000999999994067626,0.0010000000032772106,0.0009999999957381453,0.0010000000115134996,1.6440953140535195e-10,1.644095314214309e-10,0.04906065855526986,0.027234799449460254,0.027241786148545947,0.008321104838960718,0.00007293103001803057,0.00007777945208413661,0.002000041567716545,0.0014099999999999224,0.0014099999999999287,0.0014099999999999519,0.001004099999999964,0.0010040999999999605,0.001004099999999989
2025-06-11T20:47:17Z,39.990208318504294,-75.18376866633547,19.188531087354782,1.070485529024111,-3.1509024834883963,-0.14952996086100584,1.1428952110577424,6.162428687898749,5.215567754364312,0.000999999994357074,0.0009999999890044616,0.000999999994071068,0.001000000003275314,0.0009999999957457054,0.0010000000115139426,1.6405413887308072e-10,1.6405413888598934e-10,0.048466210016010675,0.027205152582881396,0.027212128052482083,0.008315335851954455,0.00007292887694887287,0.00007777837757001715,0.00200004143032912,0.0014099999999999224,0.0014099999999999287,0.0014099999999999519,0.001004099999999964,0.0010040999999999605,0.001004099999999989
2025-06-11T20:47:22Z,39.99021209821075,-75.18377547942298,19.32855508461229,1.0573145412450973,-3.1564391738509574,-0.13648429293268188,1.1427882766273039,6.1623918398704705,5.2155541666642415,0.0009999999943509012,0.0009999999890040116,0.0009999999940724486,0.0010000000032745582,0.0009999999957487054,0.0010000000115141133,1.639128039465192e-10,1.6391280395816345e-10,0.04820660661474511,0.027152619157290694,0.027159569439340888,0.008312731056662156,0.00007292658513138971,0.00007777650688659663,0.002000041192900955,0.0014099999999999224,0.0014099999999999287,0.0014099999999999519,0.001004099999999964,0.0010040999999999605,0.001004099999999989
2025-06-11T20:47:27Z,39.99021515052211,-75.18378124373649,19.475325628999304,1.056227472220088,-3.1574586115295813,-0.12220720519590239,1.1425976612937543,6.1623644814976775,5.215564169378345,0.000999999994344552,0.0009999999890035907,0.0009999999940738748,0.0010000000032737702,0.0009999999957518509,0.0010000000115142997,1.6379728915821912e-10,1.6379728916986428e-10,0.047949770780649034,0.02711625556716031,0.02712318894952961,0.008310187752501324,0.00007292485077045396,0.00007777520876662175,0.002000041027969723,0.0014099999999999224,0.0014099999999999287,0.0014099999999999519,0.001004099999999964,0.0010040999999999605,0.001004099999999989
2025-06-11T20:47:32Z,39.990223403383894,-75.18379696832676,19.59441962843026,1.067531467684066,-3.1790069454360133,-0.11068944193542776,1.1424380890194905,6.162485132073256,5.215606566227577,0.0009999999943393681,0.0009999999890032293,0.000999999994074998,0.0010000000032730997,0.0009999999957543894,0.0010000000115144667,1.6349662243441166e-10,1.6349662244336597e-10,0.04769564898382511,0.0269779638030236,0.026984828307891208,0.008307450663574622,0.00007291964171822235,0.00007777030233718012,0.0020000404062103924,0.0014099999999999224,0.0014099999999999287,0.0014099999999999519,0.001004099999999964,0.0010040999999999605,0.001004099999999989
2025-06-11T20:47:37Z,39.99023796063856,-75.1838249916971,19.701634651608146,1.0760137913689072,-3.19497076475703,-0.10029707177584421,1.1422935733805306,6.162570995302804,5.21563972606805,0.0009999999943346998,0.0009999999890029072,0.0009999999940760124,0.0010000000032725003,0.000999999995756679,0.0010000000115146152,1.6299099688634249e-10,1.6299099689529806e-10,0.04744421114448357,0.02689733358580419,0.026904158757842765,0.008304863801509466,0.00007291640660349284,0.00007776743735440126,0.002000040042917668,0.0014099999999999224,0.0014099999999999287,0.0014099999999999519,0.001004099999999964,0.0010040999999999605,0.001004099999999989
2025-06-11T20:47:42Z,39.99027941581516,-75.18390521365605,19.955997335853898,1.0988323963249276,-3.230781821483836,-0.07548721627486252,1.1419311634661875,6.1627716153874985,5.215723074885097,0.000999999994323632,0.000999999989002155,0.0009999999940784193,0.0010000000032710774,0.0009999999957621233,0.0010000000115149696,1.6160275075874172e-10,1.6160275076765123e-10,0.04688805530098594,0.02671766615811363,0.026724404029325945,0.008299139307303999,0.00007290920613947783,0.0000777610535646496,0.0020000392334353825,0.0014099999999999224,0.0014099999999999287,0.0014099999999999519,0.001004099999999964,0.0010040999999999605,0.001004099999999989
2025-06-11T20:47:47Z,39.99034025485382,-75.18402607202519,20.20187902708001,1.1609569401622455,-3.3400512939457165,-0.051891362366120034,1.1415828543748139,6.16346926652126,5.21591920399288,0.0009999999943127265,0.0009999999890013427,0.0009999999940807423,0.0010000000032695823,0.0009999999957673907,0.001000000011515367,1.596447182262737e-10,1.5964471823520837e-10,0.046344763908164,0.026230969810968154,0.02623746778770551,0.008292877000420269,0.00007289154955659838,0.00007774380142041705,0.0020000370479678906,0.0014099999999999224,0.0014099999999999287,0.0014099999999999519,0.001004099999999964,0.0010040999999999605,0.001004099999999989
2025-06-11T20:47:52Z,39.990402167232226,-75.18414996235083,20.41947701514585,1.2294913375684253,-3.44709527417452,-0.030760631116631937,1.1412338376994213,6.164179263882564,5.21612535749866,0.0009999999943031124,0.0009999999890006332,0.0009999999940827936,0.001000000003268245,0.0009999999957720823,0.001000000011515734,1.5773356602438183e-10,1.57733566016195e-10,0.045813916782503745,0.025720805435787638,0.025727056255767582,0.008286684409331432,0.0000728731169706335,0.0000777257194966635,0.0020000347574536874,0.0014099999999999224,0.0014099999999999287,0.0014099999999999519,0.001004099999999964,0.0010040999999999605,0.001004099999999989
2025-06-11T20:47:57Z,39.99044611022717,-75.1842382074528,20.54589735403687,1.2720301101793094,-3.5201134031125094,-0.018657024436690425,1.1410472045845963,6.164656016941844,5.216255492018279,0.000999999994297456,0.0009999999890001967,0.000999999994083995,0.0010000000032674814,0.0009999999957747974,0.0010000000115159542,1.5643307663069915e-10,1.564330766225463e-10,0.04529510396215505,0.025362853786416492,0.025368934828726566,0.008280935895152606,0.0000728599046632231,0.00007771302665729294,0.002000033149264928,0.0014099999999999224,0.0014099999999999287,0.0014099999999999519,0.001004099999999964,0.0010040999999999605,0.001004099999999989
2025-06-11T20:48:02Z,39.99045248420176,-75.18425103915921,20.5638026068064,1.272079971134787,-3.5200613876475675,-0.01690390789272318,1.1410225242883127,6.164652278670282,5.216257012918836,0.0009999999942966833,0.000999999989000145,0.0009999999940841645,0.0010000000032673872,0.000999999995775179,0.0010000000115159779,1.562519131851393e-10,1.562519131753269e-10,0.045167237946916815,0.025361552645829188,0.025367633807232472,0.008279706347729338,0.00007285961556390576,0.00007771297523834535,0.0020000331424735915,0.0014099999999999224,0.0014099999999999287,0.0014099999999999519,0.001004099999999964,0.0010040999999999605,0.001004099999999989
2025-06-11T20:48:07Z,39.99045905092673,-75.18426443462324,20.611602038734613,1.2718133286721043,-3.521336264053515,-0.012274949636097859,1.140962618400695,6.164648538134617,5.2162608630604606,0.0009999999942946047,0.000999999989000001,0.0009999999940846196,0.0010000000032671333,0.0009999999957762001,0.001000000011516041,1.5607116886143815e-10,1.560711688516259e-10,0.045040091563496386,0.02535668818181513,0.025362767748985562,0.008278476034194814,0.00007285920620777945,0.00007771279771318497,0.0020000331197174677,0.0014099999999999224,0.0014099999999999287,0.0014099999999999519,0.001004099999999964,0.0010040999999999605,0.001004099999999989
2025-06-11T20:48:12Z,39.99047083135759,-75.18428844341175,20.68109737830261,1.2737458303248685,-3.518787884286953,-0.005345043672503349,1.1408513858800244,6.164626737274596,5.216269342423479,0.0009999999942916463,0.0009999999889998112,0.0009999999940852751,0.00100000000326677,0.0009999999957776829,0.001000000011516133,1.557508759736734e-10,1.5575087596386962e-10,0.04481581021192504,0.02531940720545599,0.02532547020556697,0.008276244040620929,0.0000728575044567345,0.00007771146862083981,0.0020000329509474043,0.0014099999999999224,0.0014099999999999287,0.0014099999999999519,0.001004099999999964,0.0010040999999999605,0.001004099999999989
2025-06-11T20:48:17Z,39.9904769253375,-75.18430007000902,20.692418116865838,1.2918025333471816,-3.489790408003281,-0.002817022055255391,1.14066282147655,6.164524566498354,5.216294977247136,0.000999999994291508,0.0009999999889999168,0.0009999999940853309,0.0010000000032667508,0.0009999999957778986,0.0010000000115161503,1.5559177388924052e-10,1.5559177387797722e-10,0.04469062630866015,0.025234918375242586,0.02524094169478649,0.008274861204500487,0.00007285438095508106,0.00007770847260647602,0.0020000325713452646,0.0014099999999999224,0.0014099999999999287,0.0014099999999999519,0.001004099999999964,0.0010040999999999605,0.001004099999999989
2025-06-11T20:48:22Z,39.99048990118195,-75.18432256759644,20.699164314411917,1.3032362808251174,-3.4717863487569467,-0.001266635069484584,1.140544986332997,6.164461821467237,5.216311331489013,0.000999999994291436,0.000999999988999984,0.0009999999940853623,0.0010000000032667404,0.0009999999957780248,0.0010000000115161609,1.5527344362236387e-10,1.5527344361110072e-10,0.044469803070079715,0.025194167113522313,0.025200172259027983,0.008272654987015233,0.00007285256748025535,0.0000777070208267947,0.0020000323870500293,0.0014099999999999224,0.0014099999999999287,0.0014099999999999519,0.001004099999999964,0.0010040999999999605,0.001004099999999989
2025-06-11T20:48:27Z,39.99050357653927,-75.18434403266289,20.691801408629733,1.3144437417017183,-3.455061189708988,-0.0011363003971047764,1.1404509990066756,6.164407949615498,5.2163266405418955,0.0009999999942919631,0.0009999999890000885,0.0009999999940852604,0.001000000003266803,0.0009999999957778526,0.001000000011516153,1.5495641326001962e-10,1.5495641325167342e-10,0.04425115155570382,0.025156460509530874,0.02516244894145821,0.008270476184579796,0.00007285086213495106,0.00007770567691694489,0.0020000322164174197,0.0014099999999999224,0.0014099999999999287,0.0014099999999999519,0.001004099999999964,0.0010040999999999605,0.001004099999999989
2025-06-11T20:48:32Z,39.99051082703925,-75.18435432053556,20.702762431245567,1.3208630149159768,-3.4462295237008833,0.00040269678667319547,1.1403786631319515,6.164377937728726,5.216336956903688,0.0009999999942916045,0.0009999999890001015,0.000999999994085348,0.0010000000032667571,0.0009999999957780775,0.0010000000115161691,1.5479892932852607e-10,1.5479892932018e-10,0.04403464080263862,0.02513516929300294,0.025141148827235095,0.008268353257484673,0.00007284972123031764,0.00007770491417298913,0.0020000321193716026,0.0014099999999999224,0.0014099999999999287,0.0014099999999999519,0.001004099999999964,0.0010040999999999605,0.001004099999999989
2025-06-11T20:48:37Z,39.99052879493315,-75.18437801421356,20.697224099792457,1.3424340019607972,-3.403601162914562,0.001763210009559528,1.140157046251293,6.164218041516013,5.216362559102094,0.000999999994292319,0.000999999989000307,0.0009999999940852266,0.0010000000032668451,0.0009999999957779216,0.001000000011516162,1.5442408220680057e-10,1.5442408219500466e-10,0.04382023017447785,0.024992718130976012,0.024998631282431433,0.008265989915607175,0.00007284444894273545,0.00007769986270716397,0.0020000314793328896,0.0014099999999999224,0.0014099999999999287,0.0014099999999999519,0.001004099999999964,0.0010040999999999605,0.001004099999999989
2025-06-11T20:48:42Z,39.99053992465891,-75.184392291483,20.669630551344266,1.3370640217557028,-3.394058754941296,-0.0008935388868234911,1.140195480196965,6.164158507372165,5.216345052975954,0.0009999999942935324,0.0009999999890003986,0.0009999999940849633,0.0010000000032670065,0.0009999999957773262,0.001000000011516118,1.541935764132192e-10,1.5419357639930167e-10,0.04360790234689761,0.02492350338976114,0.024929385022638497,0.008263804139017854,0.0000728416804661707,0.0000776974037624826,0.00200003116753987,0.0014099999999999224,0.0014099999999999287,0.0014099999999999519,0.001004099999999964,0.0010040999999999605,0.001004099999999989
2025-06-11T20:48:47Z,39.99055491153184,-75.18441171388295,20.658378797016585,1.3267389196270418,-3.3755136053269887,-0.0019111981852915657,1.1402121431182008,6.164034582035885,5.216314670343169,0.0009999999942940658,0.0009999999890004517,0.00099999999408486,0.0010000000032670932,0.0009999999957770783,0.0010000000115160889,1.5388093592838507e-10,1.538809359115848e-10,0.04339761656200554,0.024769166861284626,0.02477497703384583,0.008261454988669184,0.00007283601068532798,0.00007769193181702595,0.0020000304742719727,0.0014099999999999224,0.0014099999999999287,0.0014099999999999519,0.001004099999999964,0.0010040999999999605,0.001004099999999989
2025-06-11T20:48:52Z,39.990567638240634,-75.18442820093952,20.672081063675385,1.2433446414699625,-3.027946260115866,0.005129366260898393,1.139655141582356,6.161980433928257,5.215991321452006,0.000999999994295267,0.0009999999890011328,0.0009999999940848937,0.0010000000032675139,0.0009999999957771518,0.0010000000115159243,1.536155426914547e-10,1.5361554267465524e-10,0.0431892118911103,0.022536338368552525,0.022541149088311774,0.008254655754148112,0.00007275940209265127,0.00007761289135360556,0.0020000204660423847,0.0014099999999999224,0.0014099999999999287,0.0014099999999999519,0.001004099999999964,0.0010040999999999605,0.001004099999999989
2025-06-11T20:48:57Z,39.99057855390147,-75.18444239001003,20.688827175219348,1.241829853085715,-3.0220690057336927,0.006858432745248931,1.1396238654497743,6.161942072367814,5.215986965555764,0.0009999999942945734,0.000999999989001096,0.0009999999940850546,0.0010000000032674324,0.0009999999957775066,0.0010000000115159436,1.5338744257752792e-10,1.5338744256072882e-10,0.04298294232281488,0.022491170643630726,0.02249596303989049,0.008252580693120968,0.00007275746742002068,0.0000776112840935877,0.0020000202620977865,0.0014099999999999224,0.0014099999999999287,0.0014099999999999519,0.001004099999999964,0.0010040999999999605,0.001004099999999989
2025-06-11T20:49:02Z,39.99059356534797,-75.18446123509578,20.68897165607089,1.2587816217331957,-2.986116265228642,0.008429580108142643,1.139436789738573,6.16180270964521,5.2160063759469395,0.0009999999942949616,0.0009999999890012536,0.0009999999940849976,0.0010000000032674853,0.0009999999957774899,0.001000000011515943,1.530780592749477e-10,1.530780592610103e-10,0.042778630137782825,0.022391688764471118,0.022396439780499527,0.008250407703472587,0.00007275368268728335,0.00007760775457524142,0.002000019814760118,0.0014099999999999224,0.0014099999999999287,0.0014099999999999519,0.001004099999999964,0.0010040999999999605,0.001004099999999989
2025-06-11T20:49:07Z,39.99061229280408,-75.18448311054652,20.650940555924496,1.3043491001133192,-2.9516148728431593,0.007314928805985448,1.1391587514995358,6.161760132349289,5.21608259865725,0.0009999999942972221,0.0009999999890016073,0.000999999994084526,0.0010000000032677414,0.0009999999957766466,0.0010000000115159128,1.5271149016609063e-10,1.527114901555436e-10,0.04257624985938837,0.022273011810348423,0.022277713500390886,0.008248212059117957,0.00007274924658843205,0.0000776035457896147,0.0020000192814169687,0.0014099999999999224,0.0014099999999999287,0.0014099999999999519,0.001004099999999964,0.0010040999999999605,0.001004099999999989
2025-06-11T20:49:12Z,39.9906363081715,-75.18450911629877,20.5056635111182,1.349490852812812,-2.9175672599690885,-0.004308749469113805,1.1390295861588087,6.161740325871953,5.216149509487263,0.0009999999943041118,0.0009999999890022812,0.000999999994083035,0.0010000000032685814,0.0009999999957735024,0.0010000000115157198,1.5227028206877542e-10,1.5227028205823414e-10,0.04212783180497134,0.0221662014480881,0.022170860138114385,0.00824368282017345,0.00007274474714191468,0.00007759974673341553,0.002000018799441067,0.0014099999999999224,0.0014099999999999287,0.0014099999999999519,0.001004099999999964,0.0010040999999999605,0.001004099999999989
2025-06-11T20:49:17Z,39.99066165403747,-75.18453436616757,20.329144793607767,1.4177829033525964,-2.8693617942768515,-0.01774955968415344,1.1387846978129057,6.161718879560631,5.216255657795742,0.0009999999943126373,0.0009999999890031646,0.0009999999940811836,0.0010000000032696177,0.0009999999957697025,0.0010000000115154867,1.518316160677228e-10,1.5183161606127776e-10,0.04168875765986755,0.022006911866394956,0.022011505755138917,0.008239130643005618,0.00007273847468938439,0.00007759409073086935,0.0020000180823576473,0.0014099999999999224,0.0014099999999999287,0.0014099999999999519,0.001004099999999964,0.0010040999999999605,0.001004099999999989
2025-06-11T20:49:22Z,39.99067736815192,-75.18454898921998,20.255023766532826,1.4608425132559562,-2.8398323823184586,-0.02261285970606354,1.1385822813234119,6.161702379000123,5.216325955571335,0.000999999994316401,0.0009999999890036087,0.000999999994080368,0.0010000000032700477,0.0009999999957680896,0.0010000000115153902,1.5157323861307563e-10,1.5157323860663758e-10,0.0414965361114685,0.021907299862519717,0.0219118530870108,0.008237073679049835,0.0000727347091477985,0.00007759055720921951,0.0020000176345390864,0.0014099999999999224,0.0014099999999999287,0.0014099999999999519,0.001004099999999964,0.0010040999999999605,0.001004099999999989
2025-06-11T20:49:27Z,39.99071173549523,-75.18457861412337,20.086616675829493,1.536560365870722,-2.7896155065221833,-0.0349288520844907,1.1382827169434744,6.161689954735496,5.216447253474059,0.0009999999943246696,0.000999999989004502,0.0009999999940785655,0.0010000000032710037,0.0009999999957644313,0.0010000000115151684,1.5103697620278226e-10,1.5103697619135982e-10,0.041070455155098676,0.021732419797414824,0.021736902428358035,0.008232612972860806,0.00007272792994220478,0.00007758435005864691,0.0020000168476966918,0.0014099999999999224,0.0014099999999999287,0.0014099999999999519,0.001004099999999964,0.0010040999999999605,0.001004099999999989
2025-06-11T20:49:32Z,39.990747496370425,-75.184607559138,19.89766415213211,1.689582301206415,-2.6814421936558213,-0.04485280193947126,1.1374534352172683,6.161599433534726,5.216701650579026,0.0009999999943348227,0.0009999999890058322,0.000999999994076364,0.0010000000032721608,0.0009999999957603122,0.0010000000115149245,1.5050449497853434e-10,1.5050449497206938e-10,0.040653024830880166,0.021381063997780808,0.0213854045653346,0.008227856795378522,0.00007271514507989617,0.00007757189763456811,0.002000015270080917,0.0014099999999999224,0.0014099999999999287,0.0014099999999999519,0.001004099999999964,0.0010040999999999605,0.001004099999999989
2025-06-11T20:49:37Z,39.99078464535472,-75.18463605413584,19.74696218537006,1.7667894166270752,-2.6377672994180767,-0.05554879615510709,1.1371404088868495,6.161621823358167,5.216830313363918,0.0009999999943422545,0.0009999999890066486,0.0009999999940747588,0.0010000000032730212,0.0009999999957570433,0.001000000011514728,1.4997575509336542e-10,1.4997575509184119e-10,0.04024400504783403,0.021214452847020185,0.021218727687011798,0.008223578007411686,0.00007270868149075319,0.0000775659840227649,0.00200001452044178,0.0014099999999999224,0.0014099999999999287,0.0014099999999999519,0.001004099999999964,0.0010040999999999605,0.001004099999999989
2025-06-11T20:49:42Z,39.99079543391975,-75.18464397444141,19.67420018637648,1.7743711152296089,-2.637424348261621,-0.06236453274605379,1.1371992376814188,6.161656296678889,5.2168400075993375,0.0009999999943454488,0.0009999999890068772,0.000999999994074053,0.0010000000032734078,0.0009999999957554968,0.0010000000115146293,1.4982822743764723e-10,1.4982822743750441e-10,0.04006485165362751,0.021194096993842497,0.02119836436032988,0.008221816797125461,0.00007270764621357323,0.00007756525612961735,0.0020000144279063922,0.0014099999999999224,0.0014099999999999287,0.0014099999999999519,0.001004099999999964,0.0010040999999999605,0.001004099999999989
2025-06-11T20:49:47Z,39.99080444272252,-75.18465024087449,19.592925354331374,1.7924761716474404,-2.631193945272767,-0.0694642835711448,1.1371992727042257,6.161691739100869,5.216868235005112,0.000999999994349145,0.0009999999890071784,0.0009999999940732399,0.0010000000032738497,0.0009999999957537595,0.0010000000115145203,1.4971033258445605e-10,1.4971033258541751e-10,0.039887285281639887,0.021156423191138776,0.02116067611661478,0.008220033677088817,0.00007270602300503899,0.0000775639154101157,0.0020000142577765515,0.0014099999999999224,0.0014099999999999287,0.0014099999999999519,0.001004099999999964,0.0010040999999999605,0.001004099999999989
2025-06-11T20:49:52Z,39.990827970218724,-75.18466595544011,19.512850395566108,1.807216103590883,-2.6241031211673396,-0.0765521288215657,1.1372125479330253,6.161712863264465,5.216889215403302,0.0009999999943527764,0.0009999999890074687,0.000999999994072442,0.0010000000032742875,0.000999999995752045,0.001000000011514411,1.4941559073235003e-10,1.4941559073330948e-10,0.039711286134247625,0.021122877843640957,0.021127118001136123,0.00821827445602735,0.00007270454369414388,0.0000775627208675993,0.0020000141061595478,0.0014099999999999224,0.0014099999999999287,0.0014099999999999519,0.001004099999999964,0.0010040999999999605,0.001004099999999989
2025-06-11T20:49:57Z,39.99083595102401,-75.18467099052263,19.409811060757477,1.8149844198060927,-2.6204536348031215,-0.08623562513310583,1.1373022852405785,6.161736715070493,5.216895416183056,0.0009999999943573004,0.0009999999890077937,0.0009999999940714392,0.0010000000032748435,0.0009999999957498401,0.0010000000115142679,1.4931959968485536e-10,1.4931959968581505e-10,0.03953683423305479,0.021105736016235808,0.02110996999588117,0.00821656525409484,0.00007270362710747482,0.00007756210692140875,0.0020000140280627605,0.0014099999999999224,0.0014099999999999287,0.0014099999999999519,0.001004099999999964,0.0010040999999999605,0.001004099999999989
2025-06-11T20:50:02Z,39.9908485612796,-75.18467871846477,19.3521789269953,1.8401240599554889,-2.614608605516553,-0.09076852602013136,1.1372352525415979,6.161789442704541,5.216940279417028,0.0009999999943600321,0.0009999999890080503,0.000999999994070834,0.0010000000032751612,0.0009999999957485948,0.0010000000115141941,1.4917335946633444e-10,1.4917335946729513e-10,0.039439374756040375,0.02105635617014002,0.021060570749378588,0.008215525068994771,0.00007270175682454616,0.0000775603552733272,0.00200001380606454,0.0014099999999999224,0.0014099999999999287,0.0014099999999999519,0.001004099999999964,0.0010040999999999605,0.001004099999999989
2025-06-11T20:50:07Z,39.99087079836317,-75.18469195209326,19.259132204062762,1.8657549459640945,-2.6127017764416407,-0.09884433801924872,1.1372246703742754,6.161871259529893,5.216985030182841,0.0009999999943642714,0.0009999999890083983,0.0009999999940698905,0.001000000003275663,0.0009999999957465903,0.001000000011514072,1.4892394268708794e-10,1.4892394268570916e-10,0.03926729667757756,0.02100552999733709,0.02100972493861638,0.008213766453209023,0.0000726996953852419,0.0000775585493273717,0.0020000135770384666,0.0014099999999999224,0.0014099999999999287,0.0014099999999999519,0.001004099999999964,0.0010040999999999605,0.001004099999999989
2025-06-11T20:50:12Z,39.99089374602293,-75.18470544898256,19.175391845959382,1.9052236767856252,-2.6121051637800523,-0.1055206977489093,1.1371341392196563,6.161997457808848,5.217059753673883,0.000999999994368198,0.00099999998900876,0.0009999999940690086,0.0010000000032761138,0.0009999999957448,0.0010000000115139688,1.4867535856162117e-10,1.4867535855790894e-10,0.039096711919665364,0.020922449462768264,0.020926611957558485,0.008211953058141451,0.0000726965362298493,0.00007755560196040375,0.002000013203485355,0.0014099999999999224,0.0014099999999999287,0.0014099999999999519,0.001004099999999964,0.0010040999999999605,0.001004099999999989
2025-06-11T20:50:17Z,39.990903771794876,-75.18471125929979,19.098982473316788,1.9262319634979936,-2.6133257309507165,-0.11222498015434525,1.137133397964039,6.162079073772784,5.217097637567602,0.0009999999943716518,0.0009999999890090393,0.0009999999940682328,0.0010000000032765227,0.0009999999957431697,0.0010000000115138693,1.4857058096465225e-10,1.485705809609412e-10,0.03892760502572366,0.020879786065756422,0.020883932266574753,0.008210240484121853,0.0000726947590803777,0.00007755408503399824,0.0020000130110623465,0.0014099999999999224,0.0014099999999999287,0.0014099999999999519,0.001004099999999964,0.0010040999999999605,0.001004099999999989
2025-06-11T20:50:22Z,39.990954565228535,-75.18474035606337,18.952313744734905,1.934580848233904,-2.6132090150896228,-0.12624058216018808,1.137289140130002,6.162131809061106,5.217103072491702,0.000999999994378053,0.000999999989009484,0.0009999999940668003,0.0010000000032773142,0.0009999999957400446,0.0010000000115136644,1.4805531864969485e-10,1.480553186459928e-10,0.03855241575855872,0.020861640550223354,0.02086578102216883,0.008206604863653565,0.00007269342694732017,0.00007755342719363112,0.002000012926999756,0.0014099999999999224,0.0014099999999999287,0.0014099999999999519,0.001004099999999964,0.0010040999999999605,0.001004099999999989
2025-06-11T20:50:27Z,39.99096132185999,-75.1847442344082,18.910501475441134,1.9382626248893313,-2.6141460398801435,-0.1302116279809009,1.1373295601656817,6.16215561452766,5.217107740865752,0.000999999994379879,0.0009999999890096128,0.0009999999940663881,0.001000000003277539,0.0009999999957391492,0.0010000000115136184,1.4798880214148528e-10,1.479888021377832e-10,0.0384597454861314,0.020851802967963292,0.02085593989947755,0.008205695411073795,0.00007269291518055767,0.00007755307517100716,0.0020000128822367674,0.0014099999999999224,0.0014099999999999287,0.0014099999999999519,0.001004099999999964,0.0010040999999999605,0.001004099999999989
2025-06-11T20:50:32Z,39.99096645068122,-75.18474722410333,18.863075033644037,1.9452671775155919,-2.6174047861168748,-0.13466484981228644,1.1373670050365925,6.162202133259515,5.217119851388895,0.0009999999943819584,0.0009999999890097618,0.0009999999940659163,0.0010000000032777913,0.0009999999957381323,0.0010000000115135683,1.4793940824000227e-10,1.4793940823676574e-10,0.038367518945820016,0.020828313275495752,0.02083244125223967,0.008204760974091705,0.00007269193844445726,0.0000775522400190262,0.0020000127762995145,0.0014099999999999224,0.0014099999999999287,0.0014099999999999519,0.001004099999999964,0.0010040999999999605,0.001004099999999989
2025-06-11T20:50:37Z,39.99097851939212,-75.18475449228768,18.816402947737394,1.9497349405338864,-2.633711652274552,-0.13947272528750979,1.137452707452561,6.162309366624782,5.21713246800097,0.000999999994383891,0.0009999999890098654,0.0009999999940654796,0.0010000000032780196,0.0009999999957371363,0.001000000011513523,1.4782446600926346e-10,1.4782446600494405e-10,0.03827573202224224,0.020773124989878215,0.02077723147567643,0.00820376286865745,0.0000726898809886868,0.00007755028307627842,0.002000012528318763,0.0014099999999999224,0.0014099999999999287,0.0014099999999999519,0.001004099999999964,0.0010040999999999605,0.001004099999999989
2025-06-11T20:50:42Z,39.99099802738212,-75.18476689290715,18.7335299509422,1.9615077257673055,-2.6750065646120667,-0.14817897867772778,1.1376194924910825,6.162575109138888,5.21716820939017,0.0009999999943872847,0.0009999999890100283,0.0009999999940647054,0.0010000000032784053,0.0009999999957353927,0.0010000000115134489,1.4764042031776335e-10,1.4764042031517978e-10,0.038113633968897206,0.02065427195633172,0.020658332206333983,0.008201954425598929,0.00007268551773724161,0.00007754607012635491,0.0020000119945320543,0.0014099999999999224,0.0014099999999999287,0.0014099999999999519,0.001004099999999964,0.0010040999999999605,0.001004099999999989
2025-06-11T20:50:47Z,39.99102055077921,-75.18478199367654,18.65252783719782,1.965822570729326,-2.713824323683775,-0.15692131658537528,1.1378151049977154,6.1628063019308215,5.217187577531238,0.0009999999943905357,0.0009999999890101694,0.000999999994063962,0.0010000000032787866,0.000999999995733687,0.0010000000115133727,1.4742970756813364e-10,1.47429707565553e-10,0.037952903748898696,0.020548168556721265,0.02055218780696886,0.008200186457594568,0.00007268159219513053,0.0000775423084634408,0.002000011517890992,0.0014099999999999224,0.0014099999999999287,0.0014099999999999519,0.001004099999999964,0.0010040999999999605,0.001004099999999989
2025-06-11T20:50:52Z,39.99104318085125,-75.1847979813742,18.57393424785498,1.9695948712313576,-2.745277075206255,-0.16526114009397477,1.1379897615828523,6.162997028554995,5.217202799840199,0.000999999994393737,0.0009999999890103223,0.0009999999940632346,0.0010000000032791669,0.0009999999957320262,0.0010000000115132962,1.472195954210595e-10,1.4721959541847911e-10,0.037793524449560585,0.02046129882267094,0.02046528476060377,0.008198472673817112,0.0000726783255459546,0.00007753922754433701,0.002000011127450622,0.0014099999999999224,0.0014099999999999287,0.0014099999999999519,0.001004099999999964,0.0010040999999999605,0.001004099999999989
2025-06-11T20:50:57Z,39.9910694855103,-75.18481733279421,18.49785802380006,1.9751568720573884,-2.8191709337670865,-0.17436855525596748,1.1382697990225172,6.163413830159256,5.217240463952688,0.0009999999943965518,0.0009999999890103577,0.0009999999940625602,0.0010000000032794679,0.0009999999957304316,0.0010000000115132396,1.469766638959557e-10,1.4697666389108046e-10,0.037635470228826885,0.020216530163691477,0.020220421882819688,0.008196433623221833,0.00007266967413043185,0.00007753055881428095,0.0020000100294595906,0.0014099999999999224,0.0014099999999999287,0.0014099999999999519,0.001004099999999964,0.0010040999999999605,0.001004099999999989
2025-06-11T20:51:02Z,39.99109217172178,-75.18483452312032,18.4283897391892,1.973019968591851,-2.8230815869347743,-0.18133830864777867,1.138385829796028,6.163442152327948,5.217232157768307,0.0009999999943994984,0.0009999999890105418,0.0009999999940619047,0.0010000000032798228,0.0009999999957289501,0.00100000001151316,1.467678401774677e-10,1.467678401706197e-10,0.03747874027596145,0.020128496637231832,0.02013235510736614,0.00819474287547732,0.00007266637300820204,0.00007752743687685882,0.0020000096338291503,0.0014099999999999224,0.0014099999999999287,0.0014099999999999519,0.001004099999999964,0.0010040999999999605,0.001004099999999989
2025-06-11T20:51:07Z,39.99109928079909,-75.18483998281572,18.39211237466007,1.9672222754806936,-2.8196185843718355,-0.1850148006969785,1.1384551317838472,6.163414876142089,5.217215722344819,0.0009999999944010397,0.0009999999890106385,0.0009999999940615647,0.0010000000032800158,0.0009999999957281747,0.0010000000115131145,1.4670247522962134e-10,1.4670247522277342e-10,0.037391150495248174,0.020048781888541884,0.020052610173005546,0.008193732692747167,0.00007266348700225793,0.00007752461222916363,0.002000009275981813,0.0014099999999999224,0.0014099999999999287,0.0014099999999999519,0.001004099999999964,0.0010040999999999605,0.001004099999999989
2025-06-11T20:51:12Z,39.99110702038291,-75.18484596481457,18.344310037550123,1.967172667969367,-2.8178384410195254,-0.18964315206765928,1.1385152590531167,6.163415079499675,5.217210996206883,0.0009999999944031162,0.0009999999890107825,0.0009999999940611063,0.0010000000032802671,0.0009999999957271497,0.0010000000115130583,1.4663161554963923e-10,1.4663161554279134e-10,0.037303972195161704,0.02003060142590913,0.02003442308579949,0.008192858170657924,0.00007266270126068748,0.00007752396521197085,0.0020000091938779875,0.0014099999999999224,0.0014099999999999287,0.0014099999999999519,0.001004099999999964,0.0010040999999999605,0.001004099999999989
2025-06-11T20:51:17Z,39.99111821749738,-75.1848547528866,18.303240337886496,1.9600403824105606,-2.807317637944842,-0.19365866996403644,1.1385782858381324,6.163348135377608,5.217188329745636,0.0009999999944049073,0.0009999999890109087,0.0009999999940607162,0.001000000003280494,0.0009999999957262674,0.0010000000115130037,1.4652969778472715e-10,1.4652969777787968e-10,0.03721719464225593,0.019914051207616502,0.019917828830109136,0.00819177698123021,0.00007265856009430101,0.00007751983706909512,0.0020000086709761676,0.0014099999999999224,0.0014099999999999287,0.0014099999999999519,0.001004099999999964,0.0010040999999999605,0.001004099999999989
2025-06-11T20:51:22Z,39.99113574063078,-75.18486869881154,18.228680157744083,1.9607082959232232,-2.807877290768428,-0.20093461137058172,1.1386775212806994,6.163367986265818,5.217183958088114,0.0009999999944081143,0.0009999999890111268,0.000999999994060001,0.001000000003280883,0.0009999999957246875,0.0010000000115129176,1.4637073460229833e-10,1.4637073459394562e-10,0.03706392562026153,0.019900707420514984,0.01990448053007746,0.008190279363909671,0.00007265781400766866,0.00007751935846073363,0.002000008610064905,0.0014099999999999224,0.0014099999999999287,0.0014099999999999519,0.001004099999999964,0.0010040999999999605,0.001004099999999989
2025-06-11T20:51:27Z,39.99116716785587,-75.18489346677234,18.151921888423267,1.9701683599404949,-2.7896707008772283,-0.2076147888967478,1.1386824798141624,6.163315392268386,5.21718941883706,0.0009999999944116302,0.000999999989011432,0.0009999999940592346,0.0010000000032813067,0.0009999999957230469,0.0010000000115128248,1.460889833635683e-10,1.4608898335521506e-10,0.03691191052832089,0.01981921508008915,0.019822957888098194,0.008188647966739206,0.0000726547452624384,0.00007751646825509253,0.002000008243786465,0.0014099999999999224,0.0014099999999999287,0.0014099999999999519,0.001004099999999964,0.0010040999999999605,0.001004099999999989
2025-06-11T20:51:32Z,39.99119042736739,-75.18491155843773,18.040847914398285,1.9722785194589483,-2.78570492982253,-0.21828946662920232,1.138811252546905,6.16332309454555,5.217183119397107,0.0009999999944164722,0.0009999999890117752,0.0009999999940581593,0.0010000000032818928,0.0009999999957206814,0.0010000000115126947,1.4588267268089554e-10,1.4588267267449738e-10,0.03676114043368425,0.019803195650631066,0.01980693294423133,0.008187168607996976,0.00007265391268540246,0.00007751589506833724,0.0020000081709046227,0.0014099999999999224,0.0014099999999999287,0.0014099999999999519,0.001004099999999964,0.0010040999999999605,0.001004099999999989
2025-06-11T20:51:37Z,39.99119628197488,-75.18491602512043,17.933156340604366,1.971511461035032,-2.7844029395533134,-0.22881022223024466,1.1389575998406853,6.163335820132521,5.217172298183817,0.0009999999944211339,0.0009999999890120926,0.000999999994057121,0.0010000000032824607,0.0009999999957183852,0.001000000011512568,1.4583118602760307e-10,1.4583118602120498e-10,0.03661159753757926,0.019798562083789727,0.01980229815809826,0.008185725374249782,0.00007265347089689289,0.00007751572485646891,0.0020000081490522616,0.0014099999999999224,0.0014099999999999287,0.0014099999999999519,0.001004099999999964,0.0010040999999999605,0.001004099999999989
2025-06-11T20:51:42Z,39.99120912687694,-75.18492563751857,17.848289096491147,1.9739201408862685,-2.7798078298608146,-0.23689632492224183,1.1390475552214545,6.1633358065688375,5.21716845063051,0.0009999999944248397,0.0009999999890123628,0.0009999999940562936,0.0010000000032829135,0.0009999999957165694,0.0010000000115124679,1.4571949520384679e-10,1.4571949519850922e-10,0.03646326550334608,0.01977526977714793,0.019778997589135032,0.00818425384165264,0.00007265239484570086,0.00007751489439993977,0.002000008043598635,0.0014099999999999224,0.0014099999999999287,0.0014099999999999519,0.001004099999999964,0.0010040999999999605,0.001004099999999989
2025-06-11T20:51:47Z,39.991223610330074,-75.18493612861613,17.770124611155186,1.9741649756687516,-2.77448488104774,-0.24439064286648796,1.1391374962213239,6.163324479630372,5.217160344159723,0.0009999999944282519,0.000999999989012609,0.0009999999940555322,0.0010000000032833326,0.0009999999957148941,0.0010000000115123742,1.4559525091968353e-10,1.4559525091434625e-10,0.03631613078015467,0.019756804596519222,0.01976052596825742,0.008182804119303005,0.00007265148576652971,0.00007751423481662376,0.002000007959784446,0.0014099999999999224,0.0014099999999999287,0.0014099999999999519,0.001004099999999964,0.0010040999999999605,0.001004099999999989
2025-06-11T20:51:52Z,39.991240086410954,-75.18494772361896,17.6999839125305,1.9787340070230008,-2.7640950255889076,-0.2508081633674783,1.1391802944229348,6.163297411485059,5.217159623972708,0.0009999999944313948,0.0009999999890128596,0.0009999999940548362,0.0010000000032837162,0.0009999999957133836,0.0010000000115122894,1.4545621141165667e-10,1.4545621140631902e-10,0.03617017785277818,0.019719917873728624,0.019723625874007233,0.008181326342430623,0.00007264995048800443,0.00007751292338423181,0.002000007793432158,0.0014099999999999224,0.0014099999999999287,0.0014099999999999519,0.001004099999999964,0.0010040999999999605,0.001004099999999989
2025-06-11T20:51:57Z,39.99127978756323,-75.18497506489663,17.639883416544915,1.9849347067085532,-2.7494529536559407,-0.25607443130884827,1.139189289468126,6.163250777065265,5.217161232809418,0.000999999994434138,0.000999999989013098,0.0009999999940542303,0.0010000000032840501,0.0009999999957121012,0.0010000000115122152,1.4512519746214974e-10,1.451251974568153e-10,0.03602539234147621,0.019660293487773026,0.019663979602708888,0.008179811158244342,0.0000726476417596619,0.00007751080736844639,0.002000007525201662,0.0014099999999999224,0.0014099999999999287,0.0014099999999999519,0.001004099999999964,0.0010040999999999605,0.001004099999999989
2025-06-11T20:52:02Z,39.99129860755615,-75.18498787872005,17.55597446871962,1.9856867844005188,-2.747724563643789,-0.26420257184880863,1.1392944103380622,6.163260811533967,5.217155284102364,0.0009999999944377736,0.0009999999890133542,0.0009999999940534352,0.001000000003284498,0.000999999995710318,0.001000000011512116,1.44969265406265e-10,1.4496926540241608e-10,0.035881763748558816,0.019653689710712286,0.019657373850760017,0.00817842043928797,0.0000726471440485785,0.00007751056768425896,0.0020000074945649184,0.0014099999999999224,0.0014099999999999287,0.0014099999999999519,0.001004099999999964,0.0010040999999999605,0.001004099999999989
2025-06-11T20:52:07Z,39.99134668044123,-75.18502044015437,17.470676577889865,1.9826380724690715,-2.729852886061317,-0.272198946402113,1.1393760345616344,6.163176052911626,5.217134303952319,0.000999999994441562,0.0009999999890136478,0.0009999999940526185,0.0010000000032849734,0.0009999999957084967,0.0010000000115120069,1.445716020793477e-10,1.4457160207927508e-10,0.035739272026861606,0.019562202583177004,0.019565852993448422,0.008176859174917792,0.00007264375277263537,0.00007750732422722611,0.0020000070835764954,0.0014099999999999224,0.0014099999999999287,0.0014099999999999519,0.001004099999999964,0.0010040999999999605,0.001004099999999989
2025-06-11T20:52:12Z,39.99140563516883,-75.1850604668896,17.380784355978502,1.849099869126235,-2.4445152469273776,-0.27876469774139,1.1393896667966608,6.161324693380766,5.21672597001775,0.000999999994446412,0.000999999989014287,0.0009999999940517514,0.0010000000032857955,0.0009999999957065189,0.0010000000115117328,1.4408365888254163e-10,1.440836588871313e-10,0.0355978479555689,0.018142566940224866,0.01814570713011738,0.008172469398325534,0.00007259505424113173,0.00007745708276582395,0.002000000721296083,0.0014099999999999224,0.0014099999999999287,0.0014099999999999519,0.001004099999999964,0.0010040999999999605,0.001004099999999989
2025-06-11T20:52:17Z,39.99147979175124,-75.18511074896512,17.16868290577341,1.738637761861828,-2.2200464923660572,-0.2979523425696096,1.1396198624294975,6.159881353321223,5.216382164474818,0.0009999999944562197,0.0009999999890152053,0.000999999994049733,0.0010000000032872503,0.0009999999957019394,0.0010000000115113418,1.4347080787028035e-10,1.4347080787490656e-10,0.03528378665072597,0.016915035926843434,0.01691776633977456,0.00816683688994297,0.00007255258251535723,0.00007741363499196886,0.001999995218732481,0.0014099999999999224,0.0014099999999999287,0.0014099999999999519,0.001004099999999964,0.0010040999999999605,0.001004099999999989
2025-06-11T20:52:22Z,39.99153794015212,-75.1851502604054,16.934027556994092,1.736404638924924,-2.2161746568642577,-0.32087157025763824,1.1399387512954673,6.159902080996041,5.216356969948959,0.0009999999944663796,0.000999999989015913,0.000999999994047494,0.0010000000032885149,0.0009999999956969725,0.0010000000115110595,1.429902546092429e-10,1.4299025461386766e-10,0.034975269949131346,0.01687587675781674,0.016878595336032948,0.008163797680557581,0.00007255066392603875,0.00007741223660497404,0.001999995041060227,0.0014099999999999224,0.0014099999999999287,0.0014099999999999519,0.001004099999999964,0.0010040999999999605,0.001004099999999989
2025-06-11T20:52:27Z,39.99158487070564,-75.18518260757752,16.69030606776002,1.7423678964213691,-2.224178757889103,-0.34466943916722526,1.1402609081274246,6.160009960895782,5.216353203205033,0.000999999994476885,0.0009999999890166397,0.0009999999940451542,0.0010000000032898185,0.0009999999956917924,0.0010000000115107737,1.4260335988625357e-10,1.4260335989458323e-10,0.03467209898009522,0.01677191131595047,0.016774597268978262,0.00816067129569356,0.00007254654468779566,0.00007740854544135849,0.00199999457305024,0.0014099999999999224,0.0014099999999999287,0.0014099999999999519,0.001004099999999964,0.0010040999999999605,0.001004099999999989
2025-06-11T20:52:32Z,39.99161272655001,-75.18520227516555,16.449454791838207,1.7474099869719937,-2.2369324986924934,-0.36834261091338394,1.1405970999495894,6.160139424812658,5.216349834434188,0.0009999999944871971,0.0009999999890173438,0.0009999999940428377,0.0010000000032911061,0.0009999999956866535,0.0010000000115104918,1.4237541249573512e-10,1.4237541250187805e-10,0.03437414117965877,0.016727022390896126,0.01672969473758886,0.008157721113475382,0.0000725444507680229,0.00007740694477511747,0.0019999943697836292,0.0014099999999999224,0.0014099999999999287,0.0014099999999999519,0.001004099999999964,0.0010040999999999605,0.001004099999999989
2025-06-11T20:52:37Z,39.99164067442007,-75.18522274569607,16.35308732612101,1.7559544210278775,-2.260004715381601,-0.3780255361282783,1.1407480877219485,6.160303593211419,5.21636984785401,0.0009999999944912625,0.0009999999890175921,0.0009999999940419112,0.0010000000032916003,0.0009999999956845935,0.001000000011510389,1.4214819267656003e-10,1.42148192684884e-10,0.03424335096772198,0.016657364546345407,0.01666001500806929,0.008156319463183707,0.00007254182758434393,0.00007740447468813215,0.001999994056733548,0.0014099999999999224,0.0014099999999999287,0.0014099999999999519,0.001004099999999964,0.0010040999999999605,0.001004099999999989
2025-06-11T20:52:42Z,39.9916799541818,-75.18525230458792,16.111379166789547,1.763408109152398,-2.2906247835578943,-0.40214646122948017,1.1411227359000637,6.160533337276308,5.216379205359262,0.000999999994501491,0.0009999999890182563,0.0009999999940395832,0.0010000000032928775,0.0009999999956794839,0.001000000011510113,1.4183204724327133e-10,1.418320472515978e-10,0.03395268422605236,0.016576683758181745,0.01657930932631716,0.008153362804501848,0.0000725385266371601,0.00007740160794918372,0.0019999936931509527,0.0014099999999999224,0.0014099999999999287,0.0014099999999999519,0.001004099999999964,0.0010040999999999605,0.001004099999999989
2025-06-11T20:52:47Z,39.99171943616247,-75.18528295993039,15.896129889446852,1.7696280463602752,-2.3202856491949686,-0.4237037264907864,1.1414651665451088,6.160749228252365,5.216387718194201,0.0009999999945106179,0.0009999999890188418,0.000999999994037504,0.0010000000032940166,0.0009999999956749155,0.001000000011509867,1.4151730493916188e-10,1.4151730494748926e-10,0.033666910317382705,0.016492303100207446,0.016494902706500447,0.008150445196248477,0.00007253510884744229,0.0000773986105197391,0.0019999933130280477,0.0014099999999999224,0.0014099999999999287,0.0014099999999999519,0.001004099999999964,0.0010040999999999605,0.001004099999999989
2025-06-11T20:52:52Z,39.99173143876367,-75.18529254158783,15.794805270345769,1.7694929694040589,-2.3226368847249446,-0.4336714122931496,1.1416097936482126,6.1607815356741265,5.216380313022345,0.0009999999945149642,0.0009999999890191447,0.0009999999940365472,0.0010000000032945385,0.000999999995672752,0.0010000000115097444,1.414223703928348e-10,1.414223704011629e-10,0.033541439257892054,0.016484220807959533,0.01648681817473013,0.00814922604162371,0.00007253459633841033,0.00007739831933685361,0.0019999932759172247,0.0014099999999999224,0.0014099999999999287,0.0014099999999999519,0.001004099999999964,0.0010040999999999605,0.001004099999999989
2025-06-11T20:52:57Z,39.99174349158512,-75.18530240643773,15.74179907608501,1.773693935321202,-2.334139620613665,-0.43898602475140186,1.1416920995764743,6.160864214715675,5.216389769650346,0.0009999999945172052,0.0009999999890192852,0.0009999999940360472,0.0010000000032947991,0.0009999999956716208,0.0010000000115096865,1.4132756313188411e-10,1.4132756314112587e-10,0.03347127022698723,0.01643717973476009,0.016439762468558987,0.008148453496419995,0.00007253285928456015,0.00007739665202460894,0.0019999930646424865,0.0014099999999999224,0.0014099999999999287,0.0014099999999999519,0.001004099999999964,0.0010040999999999605,0.001004099999999989
2025-06-11T20:53:02Z,39.99181884552688,-75.18536550664379,15.478440505068464,1.781766834038474,-2.3558604395037417,-0.4649727969928388,1.1420681931226149,6.161053644427568,5.216394780569065,0.0009999999945284994,0.0009999999890200528,0.0009999999940335429,0.0010000000032961362,0.0009999999956659847,0.0010000000115093772,1.407378856739431e-10,1.4073788568317236e-10,0.03319350911823939,0.016338533659252488,0.01634108615347121,0.008145582339766987,0.00007252897024086498,0.0000773931502216646,0.001999992620663499,0.0014099999999999224,0.0014099999999999287,0.0014099999999999519,0.001004099999999964,0.0010040999999999605,0.001004099999999989
2025-06-11T20:53:07Z,39.991847433485766,-75.18538982476291,15.358927615052249,1.788162669588731,-2.36553593745701,-0.4766577094820233,1.1422243475084606,6.161146444705422,5.216402632770257,0.0009999999945336305,0.0009999999890204117,0.0009999999940323969,0.001000000003296748,0.0009999999956634518,0.0010000000115092374,1.4051585844626833e-10,1.4051585845549685e-10,0.03307153403145795,0.016294180909839882,0.016296719856293097,0.008144319333235355,0.00007252722720930872,0.00007739157588639645,0.0019999924210656896,0.0014099999999999224,0.0014099999999999287,0.0014099999999999519,0.001004099999999964,0.0010040999999999605,0.001004099999999989
2025-06-11T20:53:12Z,39.991859627139,-75.18540031530998,15.261093209553854,1.7913232350262798,-2.3719253283188975,-0.4862625411329176,1.1423585640054672,6.1612085105149434,5.2164040955829245,0.0009999999945378322,0.000999999989020707,0.00099999999403146,0.001000000003297252,0.0009999999956613746,0.0010000000115091212,1.4042226230943427e-10,1.4042226231956822e-10,0.03295045280808242,0.016268293618069994,0.016270824792320258,0.008143104296589846,0.00007252611574549867,0.00007739065492500473,0.001999992304210814,0.0014099999999999224,0.0014099999999999287,0.0014099999999999519,0.001004099999999964,0.0010040999999999605,0.001004099999999989
2025-06-11T20:53:17Z,39.99189372376092,-75.18543032505592,15.173763732052624,1.803723770845413,-2.4030971631932867,-0.4951227077208233,1.1425000333995223,6.161424110921835,5.216436357259532,0.0009999999945414905,0.0009999999890209065,0.0009999999940306164,0.001000000003297669,0.0009999999956595241,0.0010000000115090325,1.4016292605287249e-10,1.401629260655175e-10,0.03283025246635091,0.01617722857851952,0.01617973177656201,0.008141758686216671,0.0000725227827860948,0.00007738742793212842,0.001999991895329058,0.0014099999999999224,0.0014099999999999287,0.0014099999999999519,0.001004099999999964,0.0010040999999999605,0.001004099999999989
2025-06-11T20:53:22Z,39.991970853782355,-75.18549978460445,15.09353069430203,1.8099029787751888,-2.421652592754811,-0.5032032303614998,1.1426287178059988,6.161554718049526,5.2164507982114365,0.0009999999945448574,0.0009999999890211008,0.0009999999940298447,0.0010000000032980663,0.0009999999956578187,0.0010000000115089442,1.3958290730997679e-10,1.3958290731705145e-10,0.03271092747908832,0.0161279074954969,0.016130395732535538,0.008140510526828272,0.00007252087538537651,0.00007738567793679843,0.001999991673491299,0.0014099999999999224,0.0014099999999999287,0.0014099999999999519,0.001004099999999964,0.0010040999999999605,0.001004099999999989
2025-06-11T20:53:27Z,39.99203181514717,-75.18555613786681,14.940467816205379,1.820801374666692,-2.446006828688596,-0.5183708052475338,1.142848076493587,6.1617437093759,5.216471683423261,0.0009999999945513633,0.0009999999890214983,0.0009999999940283665,0.00100000000329884,0.000999999995654555,0.0010000000115087703,1.3912800479396711e-10,1.3912800480103974e-10,0.032445593903471306,0.016069139156145617,0.01607160991004473,0.008137843705431745,0.0000725183703892576,0.00007738358762528915,0.001999991408283863,0.0014099999999999224,0.0014099999999999287,0.0014099999999999519,0.001004099999999964,0.0010040999999999605,0.001004099999999989
2025-06-11T20:53:32Z,39.992072809810956,-75.185594913876,14.847295273383017,1.8295110148326161,-2.4687467426586713,-0.5277267910324372,1.1429929608219178,6.16190597022704,5.216492150553729,0.0009999999945553004,0.0009999999890217268,0.0009999999940274629,0.0010000000032993025,0.0009999999956525627,0.0010000000115086684,1.3882513646158869e-10,1.388251364657228e-10,0.032329043593111964,0.016015964358410822,0.0160184190561249,0.008136613959176477,0.00007251633686650054,0.00007738170140882487,0.001999991169200932,0.0014099999999999224,0.0014099999999999287,0.0014099999999999519,0.001004099999999964,0.0010040999999999605,0.001004099999999989
2025-06-11T20:53:37Z,39.99210732994733,-75.18562846758094,14.74110020969598,1.8381473070616459,-2.497149834495616,-0.5385025407021433,1.1431716221264803,6.162100200833274,5.216513891240559,0.0009999999945597378,0.000999999989021977,0.0009999999940264346,0.0010000000032998244,0.0009999999956503227,0.0010000000115085526,1.3857166057786307e-10,1.3857166057953165e-10,0.03221332710985934,0.015948788087611385,0.015951222501210695,0.008135362369602144,0.00007251382738893416,0.00007737931985027366,0.001999990867390751,0.0014099999999999224,0.0014099999999999287,0.0014099999999999519,0.001004099999999964,0.0010040999999999605,0.001004099999999989
2025-06-11T20:53:42Z,39.99214205638192,-75.18566277221859,14.609587968187718,1.8519498421997216,-2.5151940308942566,-0.5512932979765874,1.1433293229798482,6.162260191963093,5.216539768294554,0.0009999999945653857,0.0009999999890223427,0.0009999999940251457,0.0010000000033004981,0.0009999999956475346,0.0010000000115084025,1.3831910863123318e-10,1.3831910863535874e-10,0.03209843667169225,0.01589870051678351,0.015901119924905876,0.008134155146764356,0.00007251190236465461,0.0000773775429438533,0.0019999906421536207,0.0014099999999999224,0.0014099999999999287,0.0014099999999999519,0.001004099999999964,0.0010040999999999605,0.001004099999999989
2025-06-11T20:53:47Z,39.992167835096964,-75.18568845121887,14.500916358585165,1.879771582312749,-2.5329215483170624,-0.561313549329706,1.1433832696419128,6.162453863226211,5.216596372189114,0.0009999999945701722,0.000999999989022689,0.000999999994024051,0.0010000000033010522,0.0009999999956452207,0.001000000011508287,1.3813414609760648e-10,1.3813414610353576e-10,0.03198436184820353,0.015821065805686284,0.015823461899310526,0.008132897036142733,0.00007250903934946739,0.00007737479144462514,0.001999990293497895,0.0014099999999999224,0.0014099999999999287,0.0014099999999999519,0.001004099999999964,0.0010040999999999605,0.001004099999999989
2025-06-11T20:53:52Z,39.99217842877349,-75.18569904414825,14.383264184021822,1.882916707486331,-2.5354107619259327,-0.5727564251687698,1.1435335973867933,6.16249952578612,5.216594505420114,0.0009999999945752662,0.000999999989023025,0.000999999994022904,0.0010000000033016754,0.0009999999956427155,0.0010000000115081421,1.3805938456610232e-10,1.3805938457130262e-10,0.0318710974285962,0.015811633300018408,0.015814026792990755,0.008131792082361044,0.00007250850408542244,0.00007737445301223589,0.001999990250428806,0.0014099999999999224,0.0014099999999999287,0.0014099999999999519,0.001004099999999964,0.0010040999999999605,0.001004099999999989
2025-06-11T20:53:57Z,39.992185078256455,-75.18570572688473,14.320622089221512,1.8871875237955302,-2.538146585144041,-0.5787867639363035,1.143604242220581,6.162538594743712,5.216599503042044,0.0009999999945779743,0.0009999999890232087,0.0009999999940222884,0.0010000000033020058,0.000999999995641379,0.0010000000115080667,1.380132711464598e-10,1.3801327115211007e-10,0.031807737819941256,0.015800789357652435,0.015803179711392015,0.008131162111923848,0.00007250801477588508,0.00007737406671625709,0.001999990201391302,0.0014099999999999224,0.0014099999999999287,0.0014099999999999519,0.001004099999999964,0.0010040999999999605,0.001004099999999989
2025-06-11T20:54:02Z,39.992196020753546,-75.18571673516419,14.25961947355831,1.9029724485424968,-2.547154953061669,-0.5843812603645484,1.143631046257946,6.162642867330819,5.2166312120982,0.0009999999945806623,0.000999999989023407,0.0009999999940216704,0.0010000000033023196,0.0009999999956400735,0.0010000000115080012,1.3793864036298454e-10,1.3793864036936293e-10,0.03174462833671097,0.015753733913575357,0.015756110191777715,0.008130457366194038,0.00007250629088662265,0.00007737239925418131,0.0019999899901103958,0.0014099999999999224,0.0014099999999999287,0.0014099999999999519,0.001004099999999964,0.0010040999999999605,0.001004099999999989
2025-06-11T20:54:07Z,39.99221090055997,-75.18573175712524,14.201724647704227,1.904875332018336,-2.548733362768873,-0.5900077121589936,1.143704181018806,6.162668193848552,5.216631183187417,0.0009999999945831618,0.000999999989023573,0.0009999999940211216,0.0010000000033026256,0.0009999999956388362,0.00100000001150793,1.378387079066718e-10,1.3783870791305049e-10,0.03168177021091525,0.01574672644207776,0.01574910074739359,0.00812984038311488,0.00007250593338544116,0.00007737214871603384,0.001999989958265968,0.0014099999999999224,0.0014099999999999287,0.0014099999999999519,0.001004099999999964,0.0010040999999999605,0.001004099999999989
2025-06-11T20:54:12Z,39.99223862299461,-75.18575964257306,14.093776254581373,1.9224677606451865,-2.5507854933960727,-0.5999447566585108,1.1437660380791883,6.162750775358976,5.216659819711813,0.0009999999945879438,0.0009999999890239293,0.0009999999940200719,0.0010000000033032004,0.0009999999956365202,0.001000000011507803,1.376550270880035e-10,1.3765502709617476e-10,0.031570633562700144,0.015695660685509132,0.015698019862495676,0.00812866711164433,0.00007250398221059913,0.00007737033737813038,0.001999989728675692,0.0014099999999999224,0.0014099999999999287,0.0014099999999999519,0.001004099999999964,0.0010040999999999605,0.001004099999999989
2025-06-11T20:54:17Z,39.99228414895823,-75.1858046732079,13.996146813699308,1.9350112607176218,-2.547090171671816,-0.6089178420338334,1.1438238210368563,6.162786900436458,5.216676322279759,0.0009999999945922888,0.0009999999890242565,0.0009999999940191245,0.0010000000033037286,0.0009999999956344207,0.001000000011507684,1.373585310376486e-10,1.3735853104581988e-10,0.03146027466744183,0.015666421689844678,0.015668772329363798,0.00812754781467263,0.00007250277695585393,0.00007736929831204439,0.0019999895968857355,0.0014099999999999224,0.0014099999999999287,0.0014099999999999519,0.001004099999999964,0.0010040999999999605,0.001004099999999989
2025-06-11T20:54:22Z,39.99237133045087,-75.18588913335566,13.770610565038698,1.9598920523162382,-2.5262499675965953,-0.6294882103053987,1.1439441156868628,6.16279447744319,5.216700591260185,0.000999999994602406,0.0009999999890250339,0.0009999999940169338,0.0010000000033049603,0.0009999999956295587,0.001000000011507401,1.368014441301628e-10,1.3680144413833395e-10,0.031214765769972456,0.015591032794417889,0.015593361402631456,0.008125035786525327,0.00007249974302277862,0.00007736662084730064,0.0019999892573619375,0.0014099999999999224,0.0014099999999999287,0.0014099999999999519,0.001004099999999964,0.0010040999999999605,0.001004099999999989
2025-06-11T20:54:27Z,39.99245923918787,-75.18597244366904,13.524472368825444,1.9756721299796254,-2.517254093472741,-0.6527179740633408,1.1441719463453561,6.162842092815967,5.216709531639594,0.0009999999946132137,0.0009999999890258125,0.0009999999940145602,0.001000000003306299,0.0009999999956243212,0.001000000011507092,1.362488577392202e-10,1.3624885774739098e-10,0.030973059998337382,0.015545215616375563,0.015547531085231745,0.008122623229442566,0.00007249772489426277,0.00007736498979715561,0.001999989050361401,0.0014099999999999224,0.0014099999999999287,0.0014099999999999519,0.001004099999999964,0.0010040999999999605,0.001004099999999989
2025-06-11T20:54:32Z,39.99251597488214,-75.18602511777759,13.287773070794648,1.9838080924137285,-2.50880763945975,-0.6753282813423368,1.144427709958956,6.162868897441661,5.216703644416119,0.0009999999946235132,0.0009999999890265416,0.0009999999940122817,0.0010000000033075912,0.0009999999956192681,0.0010000000115067908,1.358975391970725e-10,1.3589753920524776e-10,0.03073506828875351,0.015487923885453286,0.01549022283294858,0.008120221845456169,0.00007249532249905744,0.00007736295293856387,0.0019999887919774726,0.0014099999999999224,0.0014099999999999287,0.0014099999999999519,0.001004099999999964,0.0010040999999999605,0.001004099999999989
2025-06-11T20:54:37Z,39.992538122129865,-75.18604561156198,13.19915300554334,1.9795155785781875,-2.5051436789872175,-0.6840583113909464,1.1445597115270378,6.16285540995951,5.216686026280199,0.0009999999946273283,0.0009999999890267937,0.0009999999940114382,0.0010000000033080776,0.000999999995617372,0.001000000011506674,1.3576079698109587e-10,1.3576079698927128e-10,0.030630462931163376,0.015425095519257944,0.015427376076215677,0.008119086208109865,0.0000724929826938138,0.00007736072574235119,0.0019999885097364794,0.0014099999999999224,0.0014099999999999287,0.0014099999999999519,0.001004099999999964,0.0010040999999999605,0.001004099999999989
2025-06-11T20:54:42Z,39.992567007194864,-75.1860724851904,13.124327559119287,1.978405004362816,-2.5065314364937907,-0.6914485507582822,1.144670730007769,6.162874569481509,5.216678312263378,0.0009999999946305432,0.0009999999890270028,0.0009999999940107224,0.0010000000033084828,0.0009999999956157692,0.0010000000115065785,1.3558260879763364e-10,1.3558260880581008e-10,0.03052656895002521,0.015415390495570606,0.015417668406531082,0.008118070514197336,0.00007249245595763441,0.00007736037806711135,0.0019999884655156393,0.0014099999999999224,0.0014099999999999287,0.0014099999999999519,0.001004099999999964,0.0010040999999999605,0.001004099999999989
2025-06-11T20:54:47Z,39.99262353543871,-75.1861253931678,13.050814917208067,1.9790536229165285,-2.5145338957428005,-0.6988125297536937,1.1447893325767935,6.162932995316969,5.216677234491221,0.0009999999946336496,0.000999999989027196,0.0009999999940100176,0.0010000000033088727,0.0009999999956142177,0.0010000000115064883,1.3523471332417902e-10,1.3523471332892732e-10,0.03042337615671541,0.015368592343950618,0.015370856664475498,0.008116982567940505,0.0000724906655524204,0.00007735871808089692,0.0019999882551076957,0.0014099999999999224,0.0014099999999999287,0.0014099999999999519,0.001004099999999964,0.0010040999999999605,0.001004099999999989
2025-06-11T20:54:52Z,39.992635221919535,-75.18613640689473,12.964712707691097,1.9787755715229547,-2.515196084288051,-0.707254873036651,1.1449093559680201,6.162953012861649,5.216670020395005,0.0009999999946373498,0.0009999999890274432,0.0009999999940091889,0.0010000000033093409,0.0009999999956123939,0.001000000011506378,1.3516305652614328e-10,1.351630565301851e-10,0.030320880077743133,0.01536460913708471,0.015366872502534011,0.00811599245600833,0.0000724903366035369,0.00007735857290043815,0.001999988236533164,0.0014099999999999224,0.0014099999999999287,0.0014099999999999519,0.001004099999999964,0.0010040999999999605,0.001004099999999989
2025-06-11T20:54:57Z,39.992668627492435,-75.18616793706124,12.869525362675923,1.9667472048471868,-2.505278641170424,-0.716759977255285,1.145072555633534,6.162886177424123,5.216633125456691,0.0009999999946414277,0.0009999999890277086,0.0009999999940082875,0.0010000000033098747,0.0009999999956103746,0.0010000000115062456,1.3495825775843455e-10,1.3495825776045675e-10,0.030219069268449486,0.015266972358101656,0.015269207261416432,0.008114809551628573,0.00007248681510609149,0.00007735511433535227,0.0019999877983591105,0.0014099999999999224,0.0014099999999999287,0.0014099999999999519,0.001004099999999964,0.0010040999999999605,0.001004099999999989
2025-06-11T20:55:02Z,39.99273812947451,-75.18623338318639,12.676483789431238,1.8577195120317263,-2.4454769033139825,-0.7382259160640021,1.1457272733610082,6.162302416837308,5.216365731922475,0.0009999999946493148,0.0009999999890280872,0.0009999999940065918,0.001000000003311008,0.0009999999956062933,0.0010000000115059206,1.3453295354715285e-10,1.3453295354917383e-10,0.029992455051241,0.014388307579656274,0.01439029304072385,0.008110769165809302,0.00007245642345914135,0.00007732401903715615,0.001999983860034274,0.0014099999999999224,0.0014099999999999287,0.0014099999999999519,0.001004099999999964,0.0010040999999999605,0.001004099999999989
2025-06-11T20:55:07Z,39.99279416576762,-75.18628594755477,12.603686266552254,1.776126646269052,-2.397465439464646,-0.7472030307202358,1.1461110033523254,6.161834103142095,5.216169966507457,0.0009999999946521355,0.0009999999890281676,0.0009999999940060154,0.0010000000033114518,0.0009999999956047175,0.001000000011505766,1.3419041710084524e-10,1.3419041710624787e-10,0.029892812544353088,0.013605279297029342,0.013607054689464883,0.008108148573491325,0.00007242953220549648,0.00007729631370387136,0.0019999803511565064,0.0014099999999999224,0.0014099999999999287,0.0014099999999999519,0.001004099999999964,0.0010040999999999605,0.001004099999999989
2025-06-11T20:55:12Z,39.99284993200982,-75.18633840102028,12.523497737613166,1.7200317032669188,-2.372940020540921,-0.7565365949698155,1.1464392664625207,6.161562479393888,5.216036657106901,0.00099999999465531,0.0009999999890282843,0.000999999994005332,0.0010000000033119295,0.0009999999956029919,0.0010000000115056352,1.3384962050019823e-10,1.3384962050223542e-10,0.029793832460228275,0.012903078881667843,0.012904675877198804,0.008105706550118875,0.00007240539853592836,0.00007727146881872695,0.001999977204463631,0.0014099999999999224,0.0014099999999999287,0.0014099999999999519,0.001004099999999964,0.0010040999999999605,0.001004099999999989
2025-06-11T20:55:17Z,39.992888528813076,-75.18637463720246,12.452569058044226,1.7189381144061562,-2.3727088217070493,-0.7635041216711068,1.1465404134852768,6.161572453150044,5.2160285846304735,0.0009999999946583645,0.0009999999890284894,0.0009999999940046435,0.0010000000033122982,0.0009999999956014733,0.0010000000115055426,1.336139728374777e-10,1.336139728395118e-10,0.02969552730956487,0.012893181923399511,0.01289477661747476,0.00810474440072295,0.00007240487651230008,0.00007727111464374369,0.0019999771594350836,0.0014099999999999224,0.0014099999999999287,0.0014099999999999519,0.001004099999999964,0.0010040999999999605,0.001004099999999989
2025-06-11T20:55:22Z,39.99292134758998,-75.18640545410136,12.368328639950287,1.6686204936473872,-2.3525494109655356,-0.7731264030667165,1.1468566766491453,6.161340888449518,5.215908818385402,0.0009999999946617342,0.0009999999890286473,0.0009999999940039387,0.001000000003312766,0.0009999999955996569,0.0010000000115054084,1.3341383803113385e-10,1.3341383803316595e-10,0.029597849435205978,0.01226085575535866,0.012262297990358835,0.008102463836475914,0.00007238312835372451,0.000077248742460525,0.0019999743258458423,0.0014099999999999224,0.0014099999999999287,0.0014099999999999519,0.001004099999999964,0.0010040999999999605,0.001004099999999989
2025-06-11T20:55:27Z,39.992940490752396,-75.18642342358599,12.292556816176784,1.667723187287649,-2.3514869719459273,-0.7805386282804055,1.1469610738523477,6.161348059632132,5.21590039997963,0.0009999999946649913,0.0009999999890288704,0.0009999999940032242,0.0010000000033131625,0.0009999999955980538,0.0010000000115053093,1.3329708174769523e-10,1.332970817508861e-10,0.02950083108934279,0.01224663963953781,0.01224807866326099,0.00810150492306247,0.0000723824616265845,0.00007724823556906499,0.0019999742614792006,0.0014099999999999224,0.0014099999999999287,0.0014099999999999519,0.001004099999999964,0.0010040999999999605,0.001004099999999989
2025-06-11T20:55:32Z,39.99297307079567,-75.18645409192708,12.221179953985555,1.636506953770285,-2.311816406631274,-0.787684276700105,1.1471076916902947,6.161066494739711,5.215812698523995,0.0009999999946680952,0.0009999999890291061,0.0009999999940025765,0.0010000000033135925,0.000999999995596537,0.0010000000115052005,1.330978944224553e-10,1.3309789442762883e-10,0.029404429620093032,0.011674734240037522,0.011676042111638864,0.008099365405960629,0.00007236277656436286,0.00007722800144664258,0.0019999716986287617,0.0014099999999999224,0.0014099999999999287,0.0014099999999999519,0.001004099999999964,0.0010040999999999605,0.001004099999999989
2025-06-11T20:55:37Z,39.993027999025415,-75.18650591135807,12.152597639120783,1.581432909274624,-2.2738211490544633,-0.7955017561449215,1.147377538443446,6.160725145978743,5.21567655456006,0.0009999999946708716,0.000999999989029255,0.0009999999940019928,0.00100000000331401,0.0009999999955950618,0.0010000000115050628,1.3276261754884092e-10,1.3276261755402406e-10,0.029308657683389784,0.011153860500735961,0.011155054374751524,0.008097340640974756,0.00007234483305888602,0.00007720957303665469,0.001999969364436564,0.0014099999999999224,0.0014099999999999287,0.0014099999999999519,0.001004099999999964,0.0010040999999999605,0.001004099999999989
2025-06-11T20:55:42Z,39.993060404455825,-75.18653641140037,12.08286060901813,1.5806706112353652,-2.2684441866243277,-0.8022091811185514,1.1474610667875476,6.160708969528151,5.215667016895032,0.0009999999946739176,0.0009999999890294728,0.0009999999940013295,0.0010000000033143837,0.0009999999955935764,0.0010000000115049713,1.3256502315030553e-10,1.3256502315353006e-10,0.029213521669976556,0.011098840277268858,0.011100022507189285,0.00809631312492662,0.00007234277856226362,0.0000772076229493772,0.0019999691172866976,0.0014099999999999224,0.0014099999999999287,0.0014099999999999519,0.001004099999999964,0.0010040999999999605,0.001004099999999989
2025-06-11T20:55:47Z,39.9930985276085,-75.18657213288009,11.92692766743522,1.5878586460374031,-2.2786487936797024,-0.817437033971723,1.1476640153558713,6.1608141281934605,5.215673810069826,0.000999999994680648,0.0009999999890299297,0.0009999999939998418,0.001000000003315182,0.0009999999955902616,0.001000000011504771,1.3233387304801494e-10,1.3233387305123867e-10,0.02900171034889678,0.011072254692973455,0.01107343150023544,0.008094229519193329,0.0000723414754902047,0.00007720667382513087,0.00199996899671576,0.0014099999999999224,0.0014099999999999287,0.0014099999999999519,0.001004099999999964,0.0010040999999999605,0.001004099999999989
2025-06-11T20:55:52Z,39.993166510554516,-75.18663659703489,11.731890423209482,1.5974100526689885,-2.304804445322355,-0.836803692174763,1.147952208085297,6.1610171432115886,5.215689315762839,0.0009999999946889338,0.0009999999890304694,0.0009999999939979802,0.0010000000033161666,0.0009999999955861076,0.0010000000115045196,1.3192492379332489e-10,1.3192492380062095e-10,0.028792948048925703,0.011034545085670503,0.01103571411989191,0.008092151455165128,0.00007233979878985738,0.00007720533135558628,0.0019999688263311766,0.0014099999999999224,0.0014099999999999287,0.0014099999999999519,0.001004099999999964,0.0010040999999999605,0.001004099999999989
2025-06-11T20:55:57Z,39.993234426584884,-75.18670218916554,11.515320550095934,1.6027372546386391,-2.31636351024447,-0.8580626383339379,1.148250690512585,6.161136290656978,5.215687968433574,0.000999999994698262,0.0009999999890311006,0.0009999999939959048,0.0010000000033172918,0.000999999995581469,0.0010000000115042368,1.315184942914789e-10,1.315184943028228e-10,0.028587170297439835,0.01101656187227959,0.011017727324603214,0.008090143922717409,0.0000723388004437014,0.00007720468676311948,0.0019999687443414617,0.0014099999999999224,0.0014099999999999287,0.0014099999999999519,0.001004099999999964,0.0010040999999999605,0.001004099999999989
2025-06-11T20:56:02Z,39.993267082769265,-75.18673396317297,11.418055118121135,1.609547482876973,-2.325590355554485,-0.8675461675989244,1.1483733043424542,6.161223446043981,5.215698272537546,0.0009999999947024444,0.0009999999890313886,0.0009999999939949644,0.0010000000033177899,0.0009999999955794124,0.0010000000115041117,1.3132458316390386e-10,1.3132458317718827e-10,0.028496654225036947,0.010993667032085718,0.010994827743875377,0.008089229008722741,0.00007233785029551116,0.0000772038732016239,0.001999968641146578,0.0014099999999999224,0.0014099999999999287,0.0014099999999999519,0.001004099999999964,0.0010040999999999605,0.001004099999999989
2025-06-11T20:56:07Z,39.9933224363132,-75.18678837938184,11.331216033346134,1.6355391135833888,-2.358673594967939,-0.8758931647924564,1.1484497160087828,6.16148763914118,5.21575954888396,0.0009999999947061691,0.0009999999890316436,0.0009999999939941048,0.0010000000033181839,0.0009999999955775868,0.0010000000115040104,1.3099816984798354e-10,1.3099816986453039e-10,0.028406708450697826,0.010932347103037431,0.01093349499904629,0.008088237869216324,0.00007233559084192132,0.0000772017005196995,0.0019999683658135045,0.0014099999999999224,0.0014099999999999287,0.0014099999999999519,0.001004099999999964,0.0010040999999999605,0.001004099999999989
2025-06-11T20:56:12Z,39.9933507800288,-75.18681651966722,11.259141633612156,1.6467762383830828,-2.3763822872054696,-0.8829634026002007,1.1485390425721569,6.161626591649007,5.215784749822144,0.0009999999947092502,0.0009999999890318483,0.0009999999939934016,0.0010000000033185386,0.000999999995576064,0.0010000000115039207,1.3083225677951837e-10,1.308322567960655e-10,0.028317329628563696,0.010903981341477222,0.01090512338408838,0.008087322227868258,0.00007233445628403848,0.00007720069349628285,0.0019999682381177416,0.0014099999999999224,0.0014099999999999287,0.0014099999999999519,0.001004099999999964,0.0010040999999999605,0.001004099999999989
2025-06-11T20:56:17Z,39.99339690277678,-75.1868627348341,11.195218263881987,1.675705760176687,-2.4150041755357,-0.8891007960639082,1.1485847079568874,6.16192343933437,5.215856371702747,0.000999999994711984,0.0009999999890320298,0.0009999999939927589,0.001000000003318813,0.0009999999955747235,0.001000000011503851,1.305643949725372e-10,1.3056439498908475e-10,0.028228510312945803,0.010834078971874371,0.010835206512205136,0.008086323656304536,0.00007233190631012272,0.00007719821730193543,0.0019999679243449748,0.0014099999999999224,0.0014099999999999287,0.0014099999999999519,0.001004099999999964,0.0010040999999999605,0.001004099999999989
2025-06-11T20:56:22Z,39.99339690271437,-75.18686273483581,11.244186831157005,1.6757848446793395,-2.4149432395797192,-0.8843104581379686,1.1485177304092606,6.1619134769734245,5.2158604486125,0.0009999999947098788,0.000999999989031883,0.000999999993993232,0.0010000000033185518,0.0009999999955757678,0.0010000000115039163,1.3056439497253714e-10,1.3056439498908475e-10,0.02807003525699853,0.010834078558532982,0.010835206266805803,0.00808480710041263,0.00007233160983749524,0.0000771982107427386,0.0019999679232465045,0.0014099999999999224,0.0014099999999999287,0.0014099999999999519,0.001004099999999964,0.0010040999999999605,0.001004099999999989
2025-06-11T20:56:26Z,39.99345293090282,-75.18691925015005,11.17720675642329,1.7194695915190157,-2.4559658961627835,-0.8902497730921183,1.148498537760212,6.162265502362619,5.215963424088569,0.0009999999947128335,0.0009999999890321157,0.0009999999939925342,0.001000000003318844,0.0009999999955743572,0.0010000000115038504,1.302417450426445e-10,1.3024174505919085e-10,0.027874423999151486,0.010753174752137487,0.010754285884357116,0.008082763237028529,0.00007232848501465258,0.00007719534101808734,0.001999967559451002,0.0014099999999999224,0.0014099999999999287,0.0014099999999999519,0.001004099999999964,0.0010040999999999605,0.001004099999999989
2025-06-11T20:56:27Z,39.99345293076999,-75.18691925015371,11.281693835422024,1.7196370788502853,-2.4558368442992036,-0.8800284229282797,1.1483556330327223,6.16224424657078,5.215972121043237,0.0009999999947083252,0.0009999999890318,0.0009999999939935336,0.0010000000033182825,0.0009999999955765848,0.0010000000115039907,1.3024174504264434e-10,1.3024174505919085e-10,0.027567057657727163,0.010753173962377629,0.010754285415479294,0.00807982188053553,0.00007232791007227156,0.00007719532829812845,0.0019999675573215614,0.0014099999999999224,0.0014099999999999287,0.0014099999999999519,0.001004099999999964,0.0010040999999999605,0.001004099999999989
2025-06-11T20:56:28Z,39.993461886766156,-75.18694855097405,11.015429568476975,0.2597643092121871,-2.5412975202780217,0.34749989006013493,1.1623955978429876,-0.20503539673700288,-1.0944644712435547,0.0009999999944483307,0.0009999999888634648,0.0009999999938941073,0.0010000000030885303,0.000999999995983103,0.0010000000111638485,1.0001302420847081e-6,1.0001302423425666e-6,0.04148567606483536,0.02197634309728154,0.024409145259251384,0.00995477807767587,0.00008439307957141912,0.00008715653902219175,0.002010536094189209,0.001410999999999922,0.0014109999999999295,0.0014109999999999516,0.001004109999999964,0.00100410999999996,0.0010041099999999886
2025-06-11T20:56:29Z,39.99345711472176,-75.18697271843783,11.508044613990933,-1.3310854767478304,-1.588110453405534,0.44562350576234167,1.1232625533011742,-0.23395350791179226,-0.9947719384363154,0.0009999999943346438,0.0009999999887781996,0.0009999999935672577,0.0010000000028895784,0.0009999999958267836,0.0010000000109542384,2.000130243800347e-6,2.0001302457005607e-6,0.07462241231240285,0.051296048934860755,0.05940122907069799,0.012070655283785509,0.00009537889435221523,0.0000972300468650131,0.0020250079805657793,0.0014119999999999226,0.00141199999999993,0.001411999999999952,0.0010041199999999634,0.0010041199999999595,0.0010041199999999881
2025-06-11T20:56:30Z,39.9934357703806,-75.1869775525976,11.920741535257548,-2.8253525072941557,0.722354503122915,0.025638982605869387,1.124004624245572,-0.38102729021557025,-1.0375102795514977,0.0009999999946472826,0.0009999999887639888,0.000999999993837264,0.0010000000030885303,0.0009999999959973138,0.0010000000112491136,3.0001302490375712e-6,3.0001302559375008e-6,0.1310068033867259,0.11708039143654257,0.11450708583656755,0.014944551095012672,0.000114647250471798,0.00010720131585701712,0.002041134163144337,0.0014129999999999215,0.00141299999999993,0.001412999999999951,0.001004129999999963,0.0010041299999999584,0.0010041299999999876
2025-06-11T20:56:31Z,39.99339341353609,-75.18695630080417,12.107944113318808,-3.780372376117157,2.842340755771147,-0.22055538109816553,1.138092418506858,-0.2326819769859867,-1.0217665442614816,0.0009999999942920113,0.0009999999884797717,0.0009999999941356918,0.0010000000030458978,0.000999999996182055,0.0010000000108618678,4.000130260196088e-6,4.0001302795892e-6,0.21435329263798605,0.22094257805584652,0.1845932067933689,0.018298095681736133,0.00011412184268151903,0.00011715531084723399,0.002044276918323259,0.0014139999999999207,0.001413999999999929,0.0014139999999999502,0.0010041399999999624,0.001004139999999959,0.0010041399999999871
2025-06-11T20:56:32Z,40.01599214911568,-75.20984262803547,12.273279631859623,-4.263565708941314,4.000948902277742,-0.02810710474091138,1.1521681546437321,-0.2510542190466367,-1.0860441057448043,0.0009999999941072701,0.0009999999887213562,0.0009999999939367399,0.0010000000033727474,0.0009999999961536332,0.0010000000109435803,1.042239444801396e-6,1.0422394475729816e-6,0.3083304690817654,0.32522544545123083,0.26351743604687133,0.020952822583533037,0.00012114525180403989,0.0001228098813495875,0.0019928998997461793,0.00141499999999992,0.0014149999999999287,0.0014149999999999495,0.0010041499999999613,0.001004149999999958,0.0010041499999999862
2025-06-11T20:56:33Z,40.01595128720882,-75.20978546522181,12.889456353150308,-5.305820006702561,5.839163379510865,-0.1839412930294202,1.1453771719097858,-0.30800376045590383,-1.0624737562029622,0.0009999999942351678,0.0009999999886218802,0.0009999999939935833,0.0010000000031880063,0.0009999999963525852,0.0010000000111745067,2.0422394709538115e-6,2.0422394830583554e-6,0.445007213698764,0.4827043418060923,0.379159727626762,0.025768571137823826,0.0001347747955977823,0.0001322385598721873,0.0020087410060096707,0.0014159999999999201,0.0014159999999999297,0.0014159999999999499,0.0010041599999999619,0.0010041599999999588,0.0010041599999999866
2025-06-11T20:56:34Z,40.015901963437955,-75.20970852387453,13.650299876346253,-6.272572450747248,7.692726367909927,-0.244278885098538,1.1456052009016275,-0.26720044730609516,-1.0725349003187148,0.0009999999941499027,0.00099999998845135,0.0009999999935814685,0.0010000000035716994,0.0009999999965302209,0.001000000011394775,3.0422395281367074e-6,3.042239558935089e-6,0.6098991299155204,0.676336900220169,0.5221389772479293,0.03127493233136157,0.00014109510989702696,0.00014106752164140405,0.0020153027861842623,0.001416999999999919,0.0014169999999999305,0.0014169999999999502,0.0010041699999999605,0.0010041699999999581,0.0010041699999999857
2025-06-11T20:56:35Z,40.01583891050328,-75.20961354655896,14.625577357015572,-7.115194254089147,9.55890138540417,-0.4006471679349488,1.1225629011751153,-0.329015778919711,-1.0664486690511694,0.0009999999938514748,0.0009999999888776756,0.0009999999933825165,0.0010000000034722234,0.0009999999965017992,0.0010000000115866214,4.042239631564093e-6,4.042239692499977e-6,0.7958013285499347,0.9040722448071866,0.6902290241081158,0.037279946289860144,0.00015613498462555006,0.00014870943234970597,0.0020316684036002447,0.00141799999999992,0.0014179999999999295,0.0014179999999999508,0.0010041799999999613,0.0010041799999999578,0.001004179999999986
2025-06-11T20:56:36Z,40.01575540952302,-75.20950167803217,15.648829724406824,-7.77308188326424,11.411136073875241,-0.5086126896567293,1.11100525961956,-0.3065562141564442,-0.9922816330945352,0.0009999999935530468,0.0009999999890624167,0.000999999993140932,0.0010000000034295908,0.0009999999966581186,0.0010000000116008323,5.042239796070773e-6,5.042239902199131e-6,0.9903094777684407,1.1653211108770405,0.8804479669534446,0.04313063230933831,0.00016464770772164114,0.00015394924878326077,0.0020431948142706465,0.0014189999999999184,0.0014189999999999303,0.0014189999999999513,0.001004189999999961,0.0010041899999999574,0.001004189999999985
2025-06-11T20:56:37Z,40.01638280892227,-75.21034240745118,15.8804870035965,-6.8338543711579405,10.936026030103676,-0.3594212278512714,1.1443628795241239,-0.21407335013464035,-1.0986896455142414,0.0009999999934251491,0.000999999989332423,0.0009999999928851366,0.00100000000341538,0.000999999997063128,0.0010000000119596564,1.0423318481066642e-6,1.0423318570437927e-6,0.9250334420119941,1.0639759637135349,0.856913916404591,0.03742598130617937,0.00015229277496284365,0.00013936178326741453,0.0018200260909773587,0.0014199999999999194,0.001419999999999929,0.0014199999999999497,0.0010041999999999608,0.001004199999999956,0.0010041999999999846
2025-06-11T20:56:38Z,40.01632806068721,-75.21021858859461,17.406746920431033,-6.94180653517833,11.570211398298852,-0.08864747381539928,1.1450116963096661,-0.1840665465224447,-1.0452802117652027,0.0009999999933683057,0.0009999999891050493,0.0009999999926009195,0.0010000000035290668,0.0009999999966936457,0.0010000000118246533,2.0423319295189e-6,2.042331967965148e-6,1.0849158128823315,1.2593355557556494,1.0357173814483895,0.038595433811275504,0.0001618827603395314,0.00014407345813918058,0.0018266871619622815,0.0014209999999999182,0.00142099999999993,0.0014209999999999496,0.0010042099999999598,0.0010042099999999562,0.0010042099999999846
2025-06-11T20:56:39Z,40.01627549857959,-75.2100948964701,19.260483824647963,-7.0506331356591545,12.205715916468762,0.04861622341877592,1.1471003242768347,-0.18590606972429669,-1.0651890294393525,0.0009999999937093662,0.0009999999888208322,0.0009999999925156544,0.00100000000341538,0.0009999999966510131,0.001000000011828206,3.0423320808612766e-6,3.0423321737859977e-6,1.2200069537092402,1.4750218546928402,1.226421597807015,0.03935158599318116,0.0001719902302534403,0.00014889328414193336,0.0018378190018577146,0.0014219999999999188,0.0014219999999999305,0.0014219999999999487,0.0010042199999999591,0.0010042199999999557,0.001004219999999984
2025-06-11T20:56:40Z,40.016216798723235,-75.20996913661251,21.04445913922973,-7.408738335769158,12.729724429547787,0.19347304174152669,1.1482404542184668,-0.18215959220287914,-1.0585945328493835,0.0009999999936525228,0.0009999999885224042,0.0009999999926293412,0.0010000000035859102,0.000999999996466272,0.0010000000114906982,4.042332320512647e-6,4.042332491357998e-6,1.3247444551252479,1.70280487967093,1.4339891266777018,0.039375229604803316,0.00018239600182763506,0.00015208634687064457,0.0018477927997592818,0.0014229999999999176,0.0014229999999999293,0.0014229999999999495,0.0010042299999999602,0.001004229999999955,0.0010042299999999849
2025-06-11T20:56:41Z,40.01614613352939,-75.20983942138172,22.662353401072323,-7.742160954803694,13.354942721314728,0.18437073949280602,1.1440043638576753,-0.18969325978287088,-1.0639154892705847,0.0009999999934251491,0.0009999999884087174,0.000999999992643552,0.0010000000036569645,0.000999999996217582,0.0010000000117358354,5.042332668488427e-6,5.042332936760326e-6,1.398818113390837,1.9524389455154467,1.644966728717205,0.038988502197849884,0.00019324549232457955,0.00015489489015407495,0.0018593815850497454,0.0014239999999999173,0.0014239999999999299,0.0014239999999999503,0.0010042399999999605,0.0010042399999999545,0.0010042399999999855
2025-06-11T20:56:42Z,40.01664968238909,-75.21082176466795,28.468857636209577,-0.0649275825053337,1.4443769865465583,1.7081576260534348,1.1558494341152254,0.013151825212048607,-1.1469942834810354,0.0009999999931551429,0.0009999999882239763,0.0009999999922314373,0.0010000000034864343,0.0009999999965941697,0.0010000000121799246,1.033506419648583e-6,1.033506427956718e-6,0.9068239538766971,0.5767467555454445,0.560063933574727,0.018818183964935863,0.00014277744785581387,0.00009707031186356215,0.0014643438933101935,0.001424999999999917,0.0014249999999999296,0.0014249999999999508,0.0010042499999999611,0.001004249999999954,0.001004249999999986
2025-06-11T20:56:43Z,40.01664858432279,-75.21080819433605,30.162534788483754,-0.19948032342472288,0.8994420066519524,1.5887793193687685,1.1532878904981771,0.000229232411575353,-1.1617759531800402,0.0009999999933967274,0.0009999999884229283,0.0009999999918051117,0.001000000003500645,0.0009999999963952177,0.0010000000122580843,2.0335064640865014e-6,2.0335064999207333e-6,0.956925164701591,0.6665790332459388,0.6561219692021706,0.017613843346057104,0.00015254780858459338,0.00010649117419165971,0.0014806318577186468,0.0014259999999999156,0.0014259999999999282,0.0014259999999999492,0.0010042599999999617,0.0010042599999999546,0.0010042599999999864
2025-06-11T20:56:44Z,40.016643982366105,-75.21079853435415,31.410229887114838,-0.7079953267821111,0.4418210326148255,1.4286330437025754,1.1520423361216672,-0.0035171189225877697,-1.142610790746403,0.0009999999932261971,0.0009999999882097654,0.0009999999922314373,0.0010000000035290668,0.0009999999961607386,0.0010000000124641417,3.0335065456914984e-6,3.0335066318193196e-6,0.9906688039651839,0.7850671281359004,0.7685788033938449,0.0167255615717415,0.00016285590326740307,0.00011525873812082519,0.0014920906666851632,0.0014269999999999162,0.001426999999999929,0.0014269999999999498,0.0010042699999999617,0.0010042699999999545,0.0010042699999999864
2025-06-11T20:56:45Z,40.01663636885629,-75.21079549195179,32.41705107362941,-1.139522166820825,-0.5298634793944075,1.3255620343988994,1.1535884851473384,0.11419777519677154,-1.3296921825240133,0.0009999999932119863,0.0009999999883945065,0.0009999999921319613,0.0010000000035290668,0.000999999996032841,0.0010000000123433495,4.033506673576717e-6,4.0335068359722176e-6,1.0092979217121425,0.9389761020288985,0.8999397456797847,0.015791167309166868,0.00017063378501493576,0.00012858585767661808,0.001448508558153849,0.0014279999999999165,0.0014279999999999302,0.0014279999999999501,0.0010042799999999607,0.0010042799999999538,0.0010042799999999859
2025-06-11T20:56:46Z,40.01662895336526,-75.21079778730221,33.117806842550635,-1.8638088028674247,-0.9556129749980755,1.1252258280437673,1.159555359146907,-0.03861110654725053,-1.3534206910408102,0.0009999999931977754,0.000999999988849254,0.000999999992174594,0.0010000000037564405,0.000999999996317058,0.001000000012336244,5.033506853050418e-6,5.033507127215702e-6,1.016700994519036,1.1232660750321368,1.0502234963199182,0.015639209091923914,0.00017783399162452914,0.00013851836369503624,0.0015276080955372669,0.0014289999999999167,0.0014289999999999292,0.0014289999999999505,0.0010042899999999598,0.0010042899999999529,0.0010042899999999854
2025-06-11T20:56:47Z,40.016812565975656,-75.21114505556402,31.318326303735375,-1.1693734818254597,-1.6828599683794891,0.8444513964204816,1.139445191482082,0.11385490395514353,-1.5083982119103894,0.00099999999343936,0.0009999999890055733,0.0009999999918477442,0.0010000000036285428,0.0009999999964236395,0.0010000000121195285,1.0875210417355543e-6,1.087521058037975e-6,0.916695585838404,1.1421597740384055,1.0478003213085956,0.014409617699579227,0.00016779612784562317,0.000143335458947621,0.0014692031621673098,0.0014299999999999168,0.0014299999999999298,0.001429999999999951,0.0010042999999999602,0.0010042999999999532,0.0010042999999999853
2025-06-11T20:56:48Z,40.01680150360384,-75.21116899124159,31.955792512744665,-1.2191221206303453,-2.496555741177872,0.7227119021481485,1.1285199571429985,0.04308121128633502,-1.6244898826698773,0.0009999999933256731,0.0009999999889771516,0.0009999999921461722,0.00100000000341538,0.000999999996366796,0.0010000000118850494,2.087521132969514e-6,2.0875211976253344e-6,0.9285851866508692,1.372247572757995,1.229640058358446,0.01466419826639942,0.00017065756797468435,0.00015816662754448762,0.0015079518700113607,0.0014309999999999174,0.00143099999999993,0.0014309999999999512,0.0010043099999999605,0.0010043099999999536,0.0010043099999999855
2025-06-11T20:56:49Z,40.016788609037114,-75.21120245600022,32.394163347780704,-1.5427554124034941,-3.4278346217470244,0.6410121454828186,1.1256921652529854,0.13598461425863206,-1.7924870760762133,0.0009999999931551429,0.0009999999889487299,0.0009999999918903768,0.0010000000031453737,0.0009999999968073325,0.0010000000118459695,3.087521303440044e-6,3.0875214537674155e-6,0.9377040490789457,1.6451786523535503,1.4399405122338178,0.015491143531311508,0.00017519484247128028,0.00017592084500461046,0.001492087800942365,0.0014319999999999166,0.0014319999999999292,0.0014319999999999505,0.00100431999999996,0.0010043199999999531,0.001004319999999985
2025-06-11T20:56:50Z,40.0167719971366,-75.21124757843768,32.82032097876072,-2.2335938128235284,-4.44417189178057,0.5778211638753419,1.1200595387635985,0.10284582541589771,-1.936739519922412,0.0009999999930840886,0.0009999999891761036,0.000999999992259859,0.0010000000035574885,0.0009999999965231154,0.001000000011579516,4.087521574026084e-6,4.087521853291483e-6,0.9478117086718563,1.9616804721734251,1.6782088836121243,0.017131836032823672,0.00017674343968886942,0.00019243470205031825,0.0015170134156685376,0.0014329999999999155,0.001432999999999928,0.0014329999999999493,0.0010043299999999604,0.0010043299999999535,0.0010043299999999856
2025-06-11T20:56:51Z,40.016751738355296,-75.21130433187355,33.07103032618761,-3.058728462754516,-5.456132091989275,0.5097488984611118,1.1315262906282442,0.09345597277115303,-2.048641738045262,0.0009999999932546189,0.0009999999889629407,0.0009999999923451242,0.0010000000034864343,0.0009999999962531092,0.0010000000117322827,5.0875219626574075e-6,5.087522427068608e-6,0.962621349300223,2.32006947060956,1.948101524355394,0.019352846090514603,0.00018141948889872526,0.00020672737455366684,0.001532961190422727,0.001433999999999916,0.0014339999999999286,0.001433999999999948,0.0010043399999999608,0.0010043399999999534,0.0010043399999999855
2025-06-11T20:56:52Z,40.01711724268856,-75.21137362010727,31.458842301741242,2.1573326584184542,-4.739237481087912,0.4341663513223466,1.0931471789517673,0.023713325808103036,-2.129475797089981,0.0009999999930556669,0.0009999999889771516,0.0009999999924303893,0.0010000000032448497,0.000999999996466272,0.0010000000114125385,1.0423350231495122e-6,1.0423350423018281e-6,0.8803762017896962,1.492710921443185,1.345508553727356,0.01714927183079827,0.00014003151328840726,0.00015841598121818826,0.0014571521976685861,0.0014349999999999153,0.0014349999999999279,0.0014349999999999491,0.00100434999999996,0.001004349999999953,0.001004349999999985
2025-06-11T20:56:53Z,40.01744619272007,-75.21123222075637,27.123015698403623,5.1469163247664635,-3.701095568547621,0.1315226553961354,1.0752705475518132,0.008036826309531555,4.181817327921711,0.000999999992995828,0.0009999999889962277,0.0009999999923586648,0.0010000000032706383,0.0009999999964483486,0.0010000000114156016,5.016734707699825e-8,5.0167347064216946e-8,0.6253689966584044,0.9369111591694448,0.8806062484938841,0.01380089823569493,0.00011361656095999528,0.00012593769707120275,0.0014077713279477923,0.0014349999999999153,0.0014349999999999279,0.0014349999999999491,0.00100434999999996,0.001004349999999953,0.001004349999999985
2025-06-11T20:56:57Z,40.01772408405967,-75.21123843175398,24.193526300347273,6.720734627091932,-3.2285083054999077,-0.0885395045490088,1.0649569020758027,0.0007829879784987046,4.196372256408188,0.0009999999929558468,0.0009999999890090388,0.0009999999923118316,0.0010000000032872245,0.0009999999964372462,0.001000000011417401,1.3766792304034833e-8,1.3766792290165377e-8,0.5386696023751402,0.6328526803858703,0.6073013744726072,0.012500119232449234,0.000098035145450359,0.00010830762162139545,0.0013811216880611323,0.0014349999999999153,0.0014349999999999279,0.0014349999999999491,0.00100434999999996,0.001004349999999953,0.001004349999999985
2025-06-11T20:57:02Z,40.017927901639595,-75.21123093545336,22.40132831228156,7.893413281178397,-2.640130341050915,-0.20951781451376678,1.0586610144912956,6.276780995364886,4.207685611033988,0.0009999999929311912,0.0009999999890176574,0.0009999999922835822,0.0010000000032979214,0.0009999999964295215,0.0010000000114170028,7.978054599760895e-9,7.978054594656049e-9,0.473615526427611,0.4276745181654478,0.4160879119536248,0.011587479941406985,0.00008709823193646383,0.00009643532352338782,0.0013632732656978113,0.0014349999999999153,0.0014349999999999279,0.0014349999999999491,0.00100434999999996,0.001004349999999953,0.001004349999999985
2025-06-11T20:57:07Z,40.018042084028295,-75.21121574121688,21.77879146445328,7.768789841518439,-2.2563233814724284,-0.2552014404376486,1.0605705803786272,6.275481152114726,4.207085774608325,0.0009999999929234283,0.0009999999890227132,0.0009999999922784308,0.0010000000033010931,0.000999999996427113,0.0010000000114126213,6.452005898678539e-9,6.4520058936100114e-9,0.4232069528530386,0.36627952604485664,0.3578885296992769,0.011058907981027507,0.00008375144518685924,0.00009285385005143022,0.0013579476588964287,0.0014349999999999153,0.0014349999999999279,0.0014349999999999491,0.00100434999999996,0.001004349999999953,0.001004349999999985
2025-06-11T20:57:12Z,40.018050900991554,-75.21121400093554,21.805003218434717,7.762264684508721,-2.243766531801286,-0.25254262994060045,1.0606898243715455,6.275410061500942,4.2070523920804686,0.0009999999929237878,0.0009999999890226508,0.0009999999922789022,0.0010000000033009702,0.0009999999964271694,0.0010000000114125007,6.370849026240439e-9,6.370849021286754e-9,0.4122967746253062,0.3651298119317428,0.3568215317241966,0.010965626672979746,0.00008368651619273341,0.00009277530055691969,0.0013578457222964714,0.0014349999999999153,0.0014349999999999279,0.0014349999999999491,0.00100434999999996,0.001004349999999953,0.001004349999999985
2025-06-11T20:57:17Z,40.01814975200033,-75.21118566126567,22.081920089662155,7.555326444757277,-2.1194873161439296,-0.2272149021532986,1.0627703941078643,6.275307526487015,4.205432297136192,0.000999999992927748,0.000999999989022292,0.0009999999922847486,0.0010000000032994942,0.0009999999964279535,0.0010000000114105646,5.683792970754317e-9,5.683792965789334e-9,0.3941093589550565,0.3315368539513021,0.3247144597162621,0.010756895190366655,0.00008184024960245371,0.00009082986842763024,0.0013549394310422413,0.0014349999999999153,0.0014349999999999279,0.0014349999999999491,0.00100434999999996,0.001004349999999953,0.001004349999999985
2025-06-11T20:57:22Z,40.01821981861515,-75.21116749176389,22.60336070361321,7.52923534954744,-2.10835865262909,-0.1803276268827795,1.0634467711123015,6.274913586831226,4.205308910559549,0.0009999999929346025,0.000999999989019785,0.00099999999229197,0.0010000000032969634,0.0009999999964294436,0.001000000011410716,5.218668526642793e-9,5.218668522353142e-9,0.3775630797150759,0.32796411438753253,0.3213242908942508,0.010612804178504437,0.00008163952003092991,0.00009060670423184552,0.001354627433242737,0.0014349999999999153,0.0014349999999999279,0.0014349999999999491,0.00100434999999996,0.001004349999999953,0.001004349999999985
2025-06-11T20:57:27Z,40.01828108281312,-75.21114882186606,22.709315800709778,4.215352623166398,-1.806535645251265,-0.220499411460278,1.0854669264246235,0.004116042382731777,4.1757390092087245,0.0009999999929400903,0.000999999989028206,0.0009999999923175583,0.0010000000032925481,0.0009999999964329066,0.0010000000113912645,4.823911184289037e-9,4.823911180539116e-9,0.3617668648261207,0.14184624670991533,0.14059617714375064,0.010172130526907405,0.00007126081325157825,0.0000799421586390037,0.0013386008522414785,0.0014349999999999153,0.0014349999999999279,0.0014349999999999491,0.00100434999999996,0.001004349999999953,0.001004349999999985
2025-06-11T20:57:32Z,40.01835697859866,-75.21112832490473,23.011404831818137,3.3704715679977464,-1.6701734656770812,-0.20399277771914406,1.0915880858655471,0.006677449625407445,4.168350027869815,0.0009999999929451522,0.0009999999890293015,0.0009999999923281109,0.001000000003290072,0.0009999999964344906,0.0010000000113860154,4.3341597041918765e-9,4.334159701203618e-9,0.347636019937369,0.0904950374497583,0.08998711376830007,0.009971289026162464,0.00006834390103989246,0.00007699530832952216,0.0013341940135812589,0.0014349999999999153,0.0014349999999999279,0.0014349999999999491,0.00100434999999996,0.001004349999999953,0.001004349999999985
2025-06-11T20:57:37Z,40.01840941803385,-75.21111522485305,23.62846832867686,2.879123121733382,-1.4509889610149433,-0.1500034130581014,1.096157764046231,0.006935127237941444,4.1643683603531985,0.0009999999929539197,0.000999999989028348,0.0009999999923409756,0.001000000003286637,0.0009999999964363563,0.001000000011382087,4.004819700140346e-9,4.00481969714811e-9,0.31977928472306427,0.0664406250850127,0.0661691360342946,0.00970412048759665,0.00006695513001948231,0.00007559898075611702,0.001332130842063226,0.0014349999999999153,0.0014349999999999279,0.0014349999999999491,0.00100434999999996,0.001004349999999953,0.001004349999999985
2025-06-11T20:57:42Z,40.01846540261746,-75.21110333213954,23.75440341949479,2.882659632970978,-1.4233410214489914,-0.1376789477640763,1.0963699071752393,0.006643809794003853,4.164469870408271,0.000999999992955575,0.0009999999890278324,0.000999999992342798,0.0010000000032860529,0.0009999999964366618,0.0010000000113819596,3.661344701557279e-9,3.6613446985635925e-9,0.29610522347148965,0.06557756734558605,0.06531532273617884,0.009509399124343218,0.00006688934720677938,0.00007553081725573818,0.0013320553202969092,0.0014349999999999153,0.0014349999999999279,0.0014349999999999491,0.00100434999999996,0.001004349999999953,0.001004349999999985
2025-06-11T20:57:47Z,40.01854241298311,-75.2110835855231,23.66928358862023,2.9939743761399233,-1.3569852017279878,-0.14115609369785298,1.095894380949938,0.005825462462525905,4.165576897885016,0.0009999999929543692,0.0009999999890282672,0.000999999992341314,0.0010000000032866698,0.0009999999964361635,0.001000000011381897,3.3028326038852143e-9,3.302832602183648e-9,0.2756930014877386,0.06371845034854465,0.0634726689628953,0.009339744451176928,0.00006676885912169751,0.00007540851630903885,0.0013318947620062245,0.0014349999999999153,0.0014349999999999279,0.0014349999999999491,0.00100434999999996,0.001004349999999953,0.001004349999999985
2025-06-11T20:57:52Z,40.01858433541434,-75.21107128973622,23.911740000363945,3.074467353853986,-1.2824996005037586,-0.11540030738214502,1.0959384696617283,0.004815051253315596,4.166477264761456,0.0009999999929574952,0.0009999999890271728,0.0009999999923444682,0.001000000003285676,0.0009999999964366273,0.0010000000113818373,3.165090469911462e-9,3.165090468481478e-9,0.2579148551137519,0.06266668108873667,0.0624304762201902,0.009192926272372195,0.00006669625332178758,0.00007533442362850879,0.00133180353754623,0.0014349999999999153,0.0014349999999999279,0.0014349999999999491,0.00100434999999996,0.001004349999999953,0.001004349999999985
2025-06-11T20:57:57Z,40.01867293464211,-75.21105081799439,24.31279840907772,3.1641774366672877,-1.3207310485220496,-0.07890430407901035,1.0955703277719815,0.0043251884358052745,4.167300698010751,0.000999999992962643,0.0009999999890248237,0.0009999999923490043,0.0010000000032838105,0.00099999999643776,0.001000000011382923,2.9466251225193493e-9,2.9466251215310468e-9,0.24229091398657965,0.06178725798306018,0.06155894388785181,0.009063990196698166,0.00006663496043707828,0.00007527190963806212,0.0013317272289504116,0.0014349999999999153,0.0014349999999999279,0.0014349999999999491,0.00100434999999996,0.001004349999999953,0.001004349999999985
2025-06-11T20:58:02Z,40.01875872583153,-75.21105332344021,24.48015784618093,3.2683294974738284,-1.387461605368177,-0.06414831669192418,1.0947784134350638,0.004144697213083058,4.168164865419536,0.0009999999929646863,0.0009999999890234663,0.000999999992350128,0.0010000000032830889,0.0009999999964382573,0.0010000000113841653,2.7906052557753662e-9,2.7906052551073347e-9,0.2359379337810417,0.0608914368623316,0.06067020457645564,0.009010720937476508,0.0000665792219669875,0.00007521584217354193,0.0013316501389409121,0.0014349999999999153,0.0014349999999999279,0.0014349999999999491,0.00100434999999996,0.001004349999999953,0.001004349999999985
2025-06-11T20:58:07Z,40.018808045443116,-75.21106270922925,24.674106812208514,3.325603821906251,-1.4223835783916092,-0.04679106702176067,1.0944416684458138,0.003948858233828426,4.1686616035254636,0.0009999999929671557,0.000999999989022226,0.0009999999923521162,0.0010000000032821933,0.0009999999964388259,0.0010000000113848826,2.7172010871807565e-9,2.717201086669941e-9,0.22991002219572093,0.06032600447684773,0.06010934003527255,0.008960631087055129,0.0000665426030363341,0.00007517886462511013,0.0013316013535960994,0.0014349999999999153,0.0014349999999999279,0.0014349999999999491,0.00100434999999996,0.001004349999999953,0.001004349999999985
2025-06-11T20:58:12Z,40.01883708557933,-75.2110699733633,24.922083232367015,3.334730723206417,-1.4229793846702392,-0.02429978176085187,1.0946035510527712,0.003704605403606018,4.168788605164965,0.0009999999929703903,0.0009999999890209605,0.0009999999923553649,0.0010000000032810146,0.0009999999964395152,0.0010000000113851001,2.6789420074553934e-9,2.678942006944579e-9,0.2241829379558244,0.060161223093214554,0.05994619746539327,0.008913628316428083,0.00006652912340770528,0.00007516494971679987,0.001331586879435308,0.0014349999999999153,0.0014349999999999279,0.0014349999999999491,0.00100434999999996,0.001004349999999953,0.001004349999999985
2025-06-11T20:58:17Z,40.01890507354008,-75.21109227376884,25.26332477451927,3.3948372539852705,-1.4657251595729615,0.0061237609182554775,1.0943461518592401,0.0034208589664031248,4.169324708295029,0.0009999999929747843,0.0009999999890189565,0.000999999992359238,0.0010000000032793985,0.0009999999964405083,0.001000000011386007,2.600720380377245e-9,2.6007203798662653e-9,0.21873344661761948,0.05931168189785531,0.05910309999889665,0.008867823149127587,0.00006647662373012589,0.00007511226803462468,0.0013315138258666963,0.0014349999999999153,0.0014349999999999279,0.0014349999999999491,0.00100434999999996,0.001004349999999953,0.001004349999999985
2025-06-11T20:58:22Z,40.01900756013516,-75.21113074419867,25.49548679881355,3.4221446577222983,-1.4811024539679307,0.027029697539372614,1.0943158287232209,0.003202232908063955,4.169589097453785,0.0009999999929777774,0.0009999999890176654,0.0009999999923620592,0.001000000003278307,0.0009999999964411792,0.0010000000113864365,2.4988145825093795e-9,2.498814581997611e-9,0.21354314131730293,0.05894743997340023,0.058741806958289754,0.008824895615538963,0.00006645208664774613,0.0000750874321331084,0.001331482322736521,0.0014349999999999153,0.0014349999999999279,0.0014349999999999491,0.00100434999999996,0.001004349999999953,0.001004349999999985
2025-06-11T20:58:27Z,40.019084982853194,-75.21116285163068,25.71984002392803,3.5226143986132317,-1.5549886663067067,0.04661936312617641,1.0935661317630618,0.0030338032094868713,4.170418160868851,0.000999999992980565,0.0009999999890160137,0.0009999999923639429,0.0010000000032772869,0.000999999996441846,0.0010000000113877365,2.4306244145940553e-9,2.4306244142369345e-9,0.20859233802165467,0.05753535757476439,0.05733980485491645,0.008782296117011638,0.00006636767886279795,0.00007500314397542639,0.0013313611780246893,0.0014349999999999153,0.0014349999999999279,0.0014349999999999491,0.00100434999999996,0.001004349999999953,0.001004349999999985
2025-06-11T20:58:32Z,40.01918158149429,-75.21120524532932,25.911645329969062,3.653118731900039,-1.6536260932773217,0.06300031924376324,1.0924917153573348,0.0029151503093088733,4.171472465316198,0.0009999999929828842,0.0009999999890143308,0.0009999999923650063,0.0010000000032764575,0.0009999999964424456,0.0010000000113893992,2.3551953188761988e-9,2.355195318520207e-9,0.20386566135204792,0.05589422904938366,0.05570998211483326,0.008741179501983004,0.0000662702669992105,0.00007490601592835067,0.0013312204631482044,0.0014349999999999153,0.0014349999999999279,0.0014349999999999491,0.00100434999999996,0.001004349999999953,0.001004349999999985
2025-06-11T20:58:37Z,40.01932386156468,-75.21127293214393,26.056950372999186,3.782879875917534,-1.7264838636263136,0.07602789816531534,1.0914939746297982,0.002680134122226687,4.172554900577601,0.000999999992984607,0.000999999989012992,0.0009999999923656288,0.0010000000032758677,0.0009999999964428645,0.0010000000113908041,2.2544501622549594e-9,2.2544501621386164e-9,0.19934830638331624,0.05410447369606072,0.05393211179394713,0.008701550980374857,0.00006616443985678992,0.00007480061656400817,0.001331067061121921,0.0014349999999999153,0.0014349999999999279,0.0014349999999999491,0.00100434999999996,0.001004349999999953,0.001004349999999985
2025-06-11T20:58:42Z,40.01949911015138,-75.2113605722638,26.55123061684947,3.9238953719830283,-1.8331231467687512,0.11959192825492274,1.0905888396871026,0.002311012603739216,4.173746242251295,0.0009999999929908362,0.0009999999890097152,0.000999999992370626,0.0010000000032736062,0.0009999999964443332,0.001000000011392804,2.1413656782008998e-9,2.1413656780822713e-9,0.1898836253812988,0.052543966359807945,0.05238196787082419,0.00862193368428108,0.00006606816010393459,0.00007470442435223356,0.0013309329856217651,0.0014349999999999153,0.0014349999999999279,0.0014349999999999491,0.00100434999999996,0.001004349999999953,0.001004349999999985
2025-06-11T20:58:47Z,40.019598386250706,-75.21141183539395,27.19996741446308,4.019410677471861,-1.8828209832867429,0.17813394671294172,1.0903550818212508,0.0016584201089559416,4.17464818029693,0.000999999992999203,0.0009999999890060317,0.000999999992378386,0.0010000000032705338,0.0009999999964461564,0.0010000000113942053,2.0826043341023355e-9,2.0826043341295858e-9,0.18127751537193032,0.051704903674678414,0.0515485399619414,0.008550446980667143,0.00006601383559828545,0.0000746499795455272,0.0013308606917367591,0.0014349999999999153,0.0014349999999999279,0.0014349999999999491,0.00100434999999996,0.001004349999999953,0.001004349999999985
2025-06-11T20:58:52Z,40.01982610404292,-75.2115335979105,27.800032585527802,4.083665084611814,-1.9222370261306205,0.2320660999905051,1.0903174774440318,0.0011186798540255994,4.175274638492784,0.0009999999930070005,0.0009999999890027166,0.00099999999238571,0.0010000000032676722,0.0009999999964478991,0.0010000000113953363,1.961496840840456e-9,1.9614968408695396e-9,0.17341784580181432,0.051076009101228045,0.05092387494535652,0.008485379514198208,0.0000659720853724744,0.00007460808834082957,0.001330806427556242,0.0014349999999999153,0.0014349999999999279,0.0014349999999999491,0.00100434999999996,0.001004349999999953,0.001004349999999985
2025-06-11T20:58:57Z,40.02020853416084,-75.21174777249736,28.378605226454262,4.174286370328981,-1.978378771889281,0.2839844926770771,1.0900231591267577,0.0005858943906418502,4.176108531055509,0.0009999999930144108,0.0009999999889994048,0.000999999992392489,0.0010000000032649571,0.0009999999964495397,0.0010000000113967568,1.7777145169493587e-9,1.777714516994893e-9,0.16621110731407476,0.050012335395044794,0.04986686233862949,0.00842498029195099,0.00006590582550353326,0.00007454199715535583,0.0013307150248698166,0.0014349999999999153,0.0014349999999999279,0.0014349999999999491,0.00100434999999996,0.001004349999999953,0.001004349999999985
2025-06-11T20:59:02Z,40.02040752221817,-75.21186364959118,28.891155407761214,4.2278842255153135,-2.0147531877395672,0.32993860177938106,1.0899871067790357,0.00014709187521055563,4.1766273991191465,0.0009999999930210169,0.0009999999889966,0.0009999999923987518,0.00100000000326254,0.0009999999964510305,0.0010000000113976782,1.6887135663787872e-9,1.6887135666591906e-9,0.15957958362380534,0.049161200989477995,0.04902098570307543,0.008369605333841772,0.0000658521572664909,0.000074488456871317,0.001330641842796847,0.0014349999999999153,0.0014349999999999279,0.0014349999999999491,0.00100434999999996,0.001004349999999953,0.001004349999999985
2025-06-11T20:59:07Z,40.020533899098666,-75.211939432449,29.408585523072066,4.327753068666058,-2.0619494799624105,0.37680873500853607,1.08962016353407,6.282755950934317,4.177549193452001,0.0009999999930276882,0.0009999999889935638,0.0009999999924047184,0.0010000000032601832,0.0009999999964524573,0.0010000000113989402,1.6362845827911526e-9,1.6362845830702698e-9,0.15345677261131113,0.04803762960979861,0.047904054893922444,0.008317972758884273,0.00006578318397808808,0.00007441984108878965,0.0013305454019142482,0.0014349999999999153,0.0014349999999999279,0.0014349999999999491,0.00100434999999996,0.001004349999999953,0.001004349999999985
2025-06-11T20:59:12Z,40.02079081217115,-75.2120926092957,29.93304649189221,4.431120785269154,-2.1296149624620395,0.42370021873668073,1.0891475941805244,6.282284438826286,4.178469631229795,0.000999999993034422,0.0009999999889904127,0.0009999999924106067,0.001000000003257709,0.00099999999645397,0.0010000000114004208,1.5387861500795268e-9,1.5387861503590645e-9,0.14778650854010594,0.04703316520009133,0.046905388939016704,0.008270219383446124,0.00006572135419829337,0.00007435836400520522,0.0013304591820033442,0.0014349999999999153,0.0014349999999999279,0.0014349999999999491,0.00100434999999996,0.001004349999999953,0.001004349999999985
2025-06-11T20:59:17Z,40.02089349469225,-75.21215445844616,30.198820251898486,4.4863065910957465,-2.1742804594465923,0.4471709811167591,1.0888449945754686,6.282097228231715,4.178944087620483,0.0009999999930378136,0.000999999988988786,0.0009999999924135028,0.0010000000032564654,0.00099999999645473,0.0010000000114012764,1.5025307389335154e-9,1.5025307392128195e-9,0.14539854188257229,0.0462343090964296,0.0461109440417483,0.008249542832659735,0.00006567370698456496,0.00007431112011673474,0.00133039073895832,0.0014349999999999153,0.0014349999999999279,0.0014349999999999491,0.00100434999999996,0.001004349999999953,0.001004349999999985
2025-06-11T20:59:22Z,40.02101983076878,-75.21223020646977,30.987095970159025,4.5546245873639775,-2.227194048794599,0.5176918026137667,1.088890598582113,6.281464779667916,4.179618999780426,0.0009999999930480046,0.0009999999889844775,0.0009999999924232854,0.0010000000032526853,0.0009999999964569605,0.0010000000114026484,1.4608826289222345e-9,1.4608826290806832e-9,0.14029818641190792,0.04509018039886424,0.04497306777330201,0.008206237102814696,0.00006560422245040702,0.00007424217276965798,0.0013302926249895474,0.0014349999999999153,0.0014349999999999279,0.0014349999999999491,0.00100434999999996,0.001004349999999953,0.001004349999999985
2025-06-11T20:59:27Z,40.0211467353629,-75.21230748503307,31.681185318916967,4.569320779541071,-2.2361507790787196,0.5802093692592879,1.0893790421867302,6.280872907234882,4.179863684350627,0.0009999999930571189,0.0009999999889809862,0.0009999999924323899,0.0010000000032493704,0.0009999999964589424,0.0010000000114033037,1.4214811046367666e-9,1.4214811046801702e-9,0.1355439600125258,0.04490951599229255,0.044793551541646964,0.00816721043075643,0.00006559036655379649,0.00007422824671726877,0.0013302769088499513,0.0014349999999999153,0.0014349999999999279,0.0014349999999999491,0.00100434999999996,0.001004349999999953,0.001004349999999985
2025-06-11T20:59:32Z,40.02121222843861,-75.21234821533751,32.01872655422522,4.605200374624933,-2.259016704912643,0.6105189715948938,1.0893564731287546,6.280574713113027,4.180212507384019,0.0009999999930614854,0.0009999999889791133,0.0009999999924364914,0.0010000000032477536,0.0009999999964599318,0.0010000000114039342,1.402185994915997e-9,1.4021859949011868e-9,0.13353272458805257,0.04451453139095277,0.044400683657934946,0.008150221950799032,0.0000655661855579432,0.00007420425855210767,0.0013302430266026112,0.0014349999999999153,0.0014349999999999279,0.0014349999999999491,0.00100434999999996,0.001004349999999953,0.001004349999999985
2025-06-11T20:59:37Z,40.021342429773185,-75.21242949889267,32.35789119818664,4.627627443853752,-2.2850415597523535,0.6406284026037167,1.089405049116019,6.280352786346069,4.180434139532428,0.0009999999930659189,0.0009999999889772377,0.0009999999924407165,0.0010000000032461484,0.0009999999964609022,0.0010000000114045212,1.365847703012023e-9,1.3658477028880495e-9,0.13158018484869344,0.043839186780187486,0.04372884626426546,0.008133291854673737,0.0000655259196142605,0.00007416439108935603,0.0013301851811719336,0.0014349999999999153,0.0014349999999999279,0.0014349999999999491,0.00100434999999996,0.001004349999999953,0.001004349999999985
2025-06-11T20:59:42Z,40.021501731212794,-75.21253120592566,33.01960047446122,4.7463880439666895,-2.395342145062397,0.6987588839468682,1.0887714779144395,6.279961728679107,4.181447667087122,0.0009999999930744182,0.0009999999889732168,0.0009999999924480492,0.0010000000032430456,0.000999999996462857,0.0010000000114065678,1.323503032162083e-9,1.3235030321666241e-9,0.12738903324492185,0.04216247445577419,0.0420605684115145,0.008096616824593932,0.0000654263995149976,0.0000740659302409864,0.0013300416127557428,0.0014349999999999153,0.0014349999999999279,0.0014349999999999491,0.00100434999999996,0.001004349999999953,0.001004349999999985
2025-06-11T20:59:47Z,40.02169777548178,-75.21265815045179,33.636970570935766,4.761415872280224,-2.4178608388622314,0.7539214212638092,1.0891296842872387,6.279516378412544,4.181658606406738,0.0009999999930825282,0.0009999999889699915,0.0009999999924560654,0.0010000000032400393,0.0009999999964646327,0.001000000011407322,1.2735327621588365e-9,1.2735327621645569e-9,0.12345701970619685,0.04151931537673345,0.041420641459140366,0.008063609754938148,0.00006538650631916868,0.00007402638926970332,0.0013299864183384967,0.0014349999999999153,0.0014349999999999279,0.0014349999999999491,0.00100434999999996,0.001004349999999953,0.001004349999999985
2025-06-11T20:59:52Z,40.02215933528827,-75.21296090639369,34.29562939273869,4.831069244000717,-2.475541655698653,0.812628472561453,1.0890303551973146,6.279016445766894,4.182314051139251,0.00099999999309103,0.0009999999889663339,0.0009999999924640737,0.0010000000032369322,0.0009999999964665628,0.001000000011408689,1.1612878644156032e-9,1.161287864786769e-9,0.11976034781178303,0.04052359737239769,0.0404297289192994,0.00803199715030448,0.00006532648427011781,0.00007396701383706682,0.0013299011056968118,0.0014349999999999153,0.0014349999999999279,0.0014349999999999491,0.00100434999999996,0.001004349999999953,0.001004349999999985
2025-06-11T20:59:57Z,40.022571004581025,-75.21323364319571,35.0437407446825,4.860064684308569,-2.5077006124724077,0.8795063552655463,1.0893759327836605,6.278460113169449,4.1826594219280135,0.0009999999931007881,0.000999999988962389,0.0009999999924736327,0.0010000000032333075,0.000999999996468779,0.0010000000114097141,1.0672261392314504e-9,1.0672261396048277e-9,0.11627879813653495,0.04007362256493625,0.03998194895772978,0.00800295642079838,0.0000652980191262976,0.0000739388028702231,0.0013298624559769324,0.0014349999999999153,0.0014349999999999279,0.0014349999999999491,0.00100434999999996,0.001004349999999953,0.001004349999999985
2025-06-11T21:00:02Z,40.02272136363192,-75.21333548093124,35.68379026921096,4.871637655469102,-2.532024764968029,0.936590897326282,1.0897678932010635,6.278021755517675,4.182840075027909,0.0009999999931091727,0.0009999999889591107,0.0009999999924819385,0.0010000000032302494,0.0009999999964706062,0.0010000000114104995,1.034494973529948e-9,1.0344949740174498e-9,0.11299397035707515,0.03967600906403508,0.039586258403993206,0.007975598693291952,0.00006527270748342465,0.00007391371946849923,0.0013298282942832793,0.0014349999999999153,0.0014349999999999279,0.0014349999999999491,0.00100434999999996,0.001004349999999953,0.001004349999999985
2025-06-11T21:00:07Z,40.022841570723656,-75.21341883418998,36.31602821298067,4.913713460686721,-2.6134177890640005,0.991638208432877,1.0897119552612453,6.277809260348146,4.18320039038426,0.0009999999931174024,0.0009999999889555183,0.0009999999924895956,0.0010000000032271798,0.0009999999964725155,0.0010000000114118318,1.0100195778556807e-9,1.010019578430113e-9,0.10988946200724097,0.03869336765951641,0.03860810602285434,0.007948841825612249,0.00006521383684621398,0.00007385556250164845,0.0013297441446774552,0.0014349999999999153,0.0014349999999999279,0.0014349999999999491,0.00100434999999996,0.001004349999999953,0.001004349999999985
2025-06-11T21:00:12Z,40.02288061744004,-75.2134463604153,36.64446360150559,4.9190652808368105,-2.618714205813149,1.021157069171243,1.0899483790015707,6.277542636328917,4.1832998417915865,0.0009999999931217221,0.000999999988953821,0.0009999999924939214,0.001000000003225571,0.000999999996473466,0.0010000000114121208,1.0025148105331218e-9,1.00251481110756e-9,0.10856388502460042,0.03862977715363307,0.03854483916026134,0.007937947456028311,0.00006520919529633813,0.00007385094313351388,0.0013297386391058464,0.0014349999999999153,0.0014349999999999279,0.0014349999999999491,0.00100434999999996,0.001004349999999953,0.001004349999999985
2025-06-11T21:00:17Z,40.022921258165,-75.21347537195479,36.879674615707835,4.932590409161407,-2.640526976504452,1.0418772890260648,1.0899780911128747,6.277420671650898,4.183428796316346,0.0009999999931247733,0.0009999999889525398,0.0009999999924968268,0.0010000000032244505,0.0009999999964741756,0.0010000000114125322,9.951207462660234e-10,9.951207468404873e-10,0.10726986362293145,0.03841023773342642,0.03832630378164699,0.007927078627664334,0.00006519559577558993,0.00007383749470331299,0.001329719807561431,0.0014349999999999153,0.0014349999999999279,0.0014349999999999491,0.00100434999999996,0.001004349999999953,0.001004349999999985
2025-06-11T21:00:22Z,40.022976183506756,-75.21351571622881,37.10650615391396,4.9913401496817675,-2.7226039643562805,1.0606688000030924,1.0894538267880736,6.277481032902745,4.18386564062098,0.0009999999931276462,0.0009999999889509304,0.0009999999924989787,0.001000000003223376,0.0009999999964749344,0.00100000001141369,9.856258894528539e-10,9.856258899929656e-10,0.10600611416864264,0.03741226580803744,0.03733267147883608,0.007915301112958965,0.00006513718256326942,0.00007377987976057616,0.0013296344532652384,0.0014349999999999153,0.0014349999999999279,0.0014349999999999491,0.00100434999999996,0.001004349999999953,0.001004349999999985
2025-06-11T21:00:27Z,40.02308519119606,-75.21359780180173,37.37370259082015,5.011592741731166,-2.7682764089604057,1.083605471835953,1.0893651769573847,6.277449929965336,4.184021400487834,0.0009999999931310898,0.000999999988949352,0.0009999999925021119,0.0010000000032220765,0.0009999999964757412,0.0010000000114143738,9.67531913512123e-10,9.675319140531621e-10,0.10477191708885904,0.036873351175019026,0.03679606830443599,0.007904447196708585,0.00006510522501181636,0.00007374835021581026,0.00132958833372843,0.0014349999999999153,0.0014349999999999279,0.0014349999999999491,0.00100434999999996,0.001004349999999953,0.001004349999999985
2025-06-11T21:00:32Z,40.023176049874394,-75.21366809015076,37.962163370307536,5.031018034157565,-2.794996176180076,1.1361034387285176,1.0896517580234695,6.277035714475076,4.184259955495152,0.0009999999931387907,0.0009999999889462505,0.0009999999925096733,0.001000000003219226,0.000999999996477407,0.0010000000114150976,9.530721142890673e-10,9.530721147773713e-10,0.10209761010684226,0.03661802440971044,0.03654188667102767,0.007882283801371601,0.00006508853205461636,0.00007373182812334329,0.0013295663742596202,0.0014349999999999153,0.0014349999999999279,0.0014349999999999491,0.00100434999999996,0.001004349999999953,0.001004349999999985
2025-06-11T21:00:37Z,40.02321545926607,-75.21369887992245,38.08794051196338,5.0522427747710115,-2.8236895505132775,1.1468736196454015,1.0895056801991865,6.277014778706086,4.184427361487764,0.0009999999931404027,0.000999999988945445,0.0009999999925110325,0.0010000000032186135,0.0009999999964777947,0.001000000011415533,9.471455740379443e-10,9.471455745262451e-10,0.10095232837606247,0.03637678469793855,0.03630167948433034,0.007872597168665132,0.00006507378348504098,0.00007371726665548434,0.0013295456993697814,0.0014349999999999153,0.0014349999999999279,0.0014349999999999491,0.00100434999999996,0.001004349999999953,0.001004349999999985
2025-06-11T21:00:42Z,40.02329637148235,-75.21376363442423,38.23039736993624,5.045063010686872,-2.8526738888249286,1.1586257945383422,1.0895497401924288,6.277104479013361,4.184339343807801,0.0009999999931422526,0.000999999988944641,0.0009999999925128142,0.0010000000032178984,0.0009999999964782657,0.001000000011415842,9.354709964025313e-10,9.35470996934286e-10,0.09983236456496855,0.035758074140158025,0.03568553129684096,0.007862558319428328,0.00006503730293867619,0.00007368130050765404,0.0013294927706129676,0.0014349999999999153,0.0014349999999999279,0.0014349999999999491,0.00100434999999996,0.001004349999999953,0.001004349999999985
2025-06-11T21:00:47Z,40.02337767064909,-75.2138302391118,38.3897991653902,5.066585477678221,-2.8947532029558736,1.171989870197017,1.0893728542936052,6.277136377303957,4.184493066819708,0.0009999999931442933,0.0009999999889436257,0.0009999999925145414,0.0010000000032171288,0.000999999996478781,0.0010000000114164225,9.240807176897533e-10,9.240807182215109e-10,0.09873703195938748,0.03536770712461237,0.035296768387228845,0.00785305891112781,0.00006501399434632641,0.00007365831516774411,0.0013294593567016791,0.0014349999999999153,0.0014349999999999279,0.0014349999999999491,0.00100434999999996,0.001004349999999953,0.001004349999999985
2025-06-11T21:00:52Z,40.02344799590808,-75.21388927142301,38.51785804418966,5.071064496857714,-2.897784320608041,1.1835106556630315,1.0894459141287887,6.277028016365773,4.184551946368072,0.0009999999931459753,0.0009999999889429645,0.0009999999925162089,0.0010000000032165156,0.000999999996479148,0.0010000000114165604,9.145920075162644e-10,9.145920080479932e-10,0.0976655554882675,0.035329217402756505,0.035258462545452715,0.007844274801112789,0.00006501097915899904,0.00007365531993262866,0.0013294560123554803,0.0014349999999999153,0.0014349999999999279,0.0014349999999999491,0.00100434999999996,0.001004349999999953,0.001004349999999985
2025-06-11T21:00:57Z,40.02350240813339,-75.21393497170386,38.64044411813528,5.0892942565846715,-2.917320910282573,1.1942413992470284,1.0893559330634481,6.276966361160552,4.184706965610815,0.0009999999931475459,0.000999999988942224,0.0009999999925176014,0.0010000000032159312,0.0009999999964795197,0.001000000011416909,9.075921020962762e-10,9.075921026281123e-10,0.09661704611083223,0.035122464453186175,0.03505256323216167,0.00783542907942122,0.00006499828403516156,0.0000736427926652565,0.001329438291421203,0.0014349999999999153,0.0014349999999999279,0.0014349999999999491,0.00100434999999996,0.001004349999999953,0.001004349999999985
2025-06-11T21:01:02Z,40.02357647810938,-75.21399757396945,38.803557347675486,5.099457709098346,-2.927965981007662,1.2087723310224552,1.0893914026952065,6.276850807434568,4.1848110479212925,0.000999999993149673,0.0009999999889413337,0.0009999999925196497,0.0010000000032151421,0.0009999999964800013,0.0010000000114171678,8.984373126593256e-10,8.984373131911701e-10,0.09559083144406784,0.03500952191060634,0.03494009703099126,0.007826903846469955,0.00006499101109355515,0.00007363560680631363,0.0013294285878123657,0.0014349999999999153,0.0014349999999999279,0.0014349999999999491,0.00100434999999996,0.001004349999999953,0.001004349999999985
2025-06-11T21:01:07Z,40.02370142366239,-75.21410367465852,39.21576356348968,5.084617206646937,-2.921908529241045,1.2458511725358636,1.089878067064027,6.276531232739957,4.1847614409511,0.0009999999931550713,0.000999999988939308,0.0009999999925253118,0.0010000000032131062,0.000999999996481204,0.0010000000114173309,8.83378483551409e-10,8.833784840261543e-10,0.09335970444491394,0.03480644971453794,0.034737887170225704,0.007808432105106151,0.00006497764566252401,0.00007362239561956121,0.0013294111211328546,0.0014349999999999153,0.0014349999999999279,0.0014349999999999491,0.00100434999999996,0.001004349999999953,0.001004349999999985
2025-06-11T21:01:12Z,40.02380253958788,-75.21418959954195,39.63959189286978,5.088480502268783,-2.925966877661958,1.283980471352224,1.090214299826849,6.27618324340612,4.184866809336977,0.0009999999931605806,0.0009999999889371853,0.0009999999925309432,0.0010000000032110853,0.0009999999964823765,0.001000000011417692,8.713089580735262e-10,8.713089585482219e-10,0.09123037685501098,0.03472269325117071,0.03465451700848632,0.007790966025358953,0.00006497123194563636,0.00007361603328741938,0.0013294038550955977,0.0014349999999999153,0.0014349999999999279,0.0014349999999999491,0.00100434999999996,0.001004349999999953,0.001004349999999985
2025-06-11T21:01:17Z,40.023833582869855,-75.21421630555727,39.75767441292583,5.092391622860098,-2.933672931531197,1.2944377900728252,1.0902613989046037,6.27611449732567,4.184910856950043,0.000999999993162126,0.0009999999889365534,0.0009999999925324502,0.0010000000032105141,0.0009999999964827174,0.0010000000114178647,8.677226324395521e-10,8.677226329003327e-10,0.0907131267110895,0.03465759446857145,0.03458968717880568,0.007786657276998975,0.00006496709421175819,0.0000736119483468361,0.0013293982662177025,0.0014349999999999153,0.0014349999999999279,0.0014349999999999491,0.00100434999999996,0.001004349999999953,0.001004349999999985
2025-06-11T21:01:22Z,40.02387771957926,-75.21425429516471,39.9617220341769,5.098265414550102,-2.9502134085468197,1.3123858330845133,1.0903340837523972,6.276019374875364,4.184973516483091,0.0009999999931647654,0.000999999988935447,0.0009999999925350486,0.00100000000320952,0.000999999996483316,0.0010000000114181874,8.62807293462044e-10,8.628072939228306e-10,0.08980788513087845,0.034421918119539756,0.034354954188440534,0.007778937224612053,0.00006495283437555454,0.000073597891181095,0.001329378082812756,0.0014349999999999153,0.0014349999999999279,0.0014349999999999491,0.00100434999999996,0.001004349999999953,0.001004349999999985
2025-06-11T21:01:27Z,40.02403445788858,-75.21439047446461,40.121444436096404,5.110228397083272,-3.00144471979385,1.3253047406768297,1.0901765894014919,6.276148681153297,4.185025092732957,0.0009999999931668098,0.0009999999889343972,0.0009999999925367827,0.0010000000032087143,0.0009999999964838589,0.0010000000114187987,8.457146511201291e-10,8.457146515149795e-10,0.08892047085336538,0.033867418593740393,0.0338026153004319,0.007770893029751457,0.00006492020683942972,0.00007356575748146151,0.0013293306600068613,0.0014349999999999153,0.0014349999999999279,0.0014349999999999491,0.00100434999999996,0.001004349999999953,0.001004349999999985
2025-06-11T21:01:32Z,40.02423130704486,-75.21456066992367,40.36613643865301,5.113474901907409,-3.03398762872658,1.3463402700184757,1.0902313845166518,6.276129248100703,4.18504438263164,0.0009999999931700034,0.000999999988933012,0.0009999999925398315,0.0010000000032074929,0.0009999999964846154,0.001000000011419278,8.250289764329511e-10,8.250289768280092e-10,0.08698664647938407,0.033330473551301386,0.03326775463342884,0.0077543537901171924,0.00006488780603802311,0.00007353383261998716,0.0013292846853373297,0.0014349999999999153,0.0014349999999999279,0.0014349999999999491,0.00100434999999996,0.001004349999999953,0.001004349999999985
2025-06-11T21:01:37Z,40.02425459482109,-75.2145813018427,40.418586179470275,5.107376699661526,-3.0332297077784705,1.3509820020061782,1.09031941692368,6.276106874060284,4.184999815014803,0.0009999999931706986,0.000999999988932771,0.0009999999925405744,0.0010000000032072348,0.0009999999964847711,0.0010000000114192785,8.225947773058934e-10,8.22594777700958e-10,0.08615394287922577,0.03327568179731805,0.033213189216559344,0.007747491966936394,0.00006488402477504046,0.0000735300961676637,0.0013292799618607517,0.0014349999999999153,0.0014349999999999279,0.0014349999999999491,0.00100434999999996,0.001004349999999953,0.001004349999999985
2025-06-11T21:01:42Z,40.02425459455981,-75.2145813018748,40.94179136460437,5.110035122962825,-3.0326789039477986,1.3981970804487784,1.0907720971205936,6.275652195952616,4.1851200687192005,0.0009999999931775848,0.0009999999889301764,0.0009999999925475603,0.0010000000032047399,0.0009999999964862682,0.0010000000114196777,8.225947773058933e-10,8.22594777700958e-10,0.08469458833411006,0.033275644121299144,0.033213187599184665,0.007735607542121704,0.00006488293232966983,0.00007352899405796556,0.0013292798847679794,0.0014349999999999153,0.0014349999999999279,0.0014349999999999491,0.00100434999999996,0.001004349999999953,0.001004349999999985
2025-06-11T21:01:46Z,40.024316171193554,-75.21459197322766,42.27491216221824,8.506872302968986,1.2129930698720273,1.268044524549623,1.0260388975730166,0.2582853808089567,-2.8959016278677154,0.0009999999928709258,0.000999999988934519,0.0009999999925014436,0.0010000000030885303,0.0009999999967718054,0.0010000000117678098,1.0008225958209523e-6,1.0008225965737111e-6,0.10679613617335768,0.06617881520679048,0.06739371836696567,0.008649872363013286,0.00008474418045198414,0.00007854313554491364,0.0013893087015753396,0.0014359999999999146,0.0014359999999999274,0.0014359999999999484,0.0010043599999999594,0.0010043599999999524,0.001004359999999984
2025-06-11T21:01:47Z,40.03133290073388,-75.2206815762918,44.347726116422564,8.91883491864428,1.7003708387928782,1.5153345304424874,1.1045958815229824,0.102027145959255,-2.6481347795634065,0.0009999999928140824,0.0009999999890766276,0.0009999999923167024,0.0010000000030885303,0.0009999999966865403,0.0010000000114942509,1.1060218074769967e-6,1.1060218093011826e-6,0.1399893897715539,0.09702403254560481,0.1067677640019931,0.009867588646850119,0.00008790461785376063,0.0000906076187053955,0.0013651185319331594,0.0014369999999999153,0.0014369999999999281,0.0014369999999999494,0.0010043699999999602,0.0010043699999999533,0.0010043699999999832
2025-06-11T21:01:48Z,40.031330902360715,-75.22068138055349,45.78538608311511,8.863346772598456,1.7162547403879356,1.7487139516777108,1.1056724319330224,0.10415656315693088,3.63755722835244,0.000999999992855563,0.000999999989044135,0.0009999999922934144,0.0010000000030978469,0.0009999999966936902,0.0010000000115533863,1.1060218074726278e-6,1.1060218093011406e-6,0.13256624279813387,0.09701297455721809,0.10676685787289673,0.009671974248861513,0.0000879004554477326,0.00009059133335096608,0.0013650959645772813,0.0014369999999999153,0.0014369999999999281,0.0014369999999999494,0.0010043699999999602,0.0010043699999999533,0.0010043699999999832
2025-06-11T21:01:49Z,40.03140678717234,-75.22066271739912,47.48517626291141,7.916773342061788,1.465069075275096,1.650866410069284,1.107557915704092,0.09222298432359821,-2.6463951933255885,0.0009999999932119863,0.0009999999890482059,0.000999999992359335,0.0010000000032306389,0.0009999999964946937,0.0010000000113237206,2.1060218154654208e-6,2.1060218235706744e-6,0.18487583629586352,0.1348074919271954,0.14356428437469348,0.010324496354062733,0.00009769623964507047,0.0001005891678697052,0.00137318211790385,0.0014379999999999144,0.001437999999999927,0.0014379999999999504,0.001004379999999961,0.001004379999999954,0.0010043799999999825
2025-06-11T21:01:50Z,40.03146379740731,-75.2206475404053,50.0654929173179,7.032329956593458,1.168251219933154,1.6474791686487151,1.1074119922122918,0.10371846194630052,-2.6446706123824697,0.0009999999930272452,0.0009999999888776756,0.0009999999923451242,0.0010000000032590606,0.0009999999966368023,0.001000000011320168,3.106021832078172e-6,3.1060218531010095e-6,0.24720734813978282,0.1894051024167472,0.19878871014837893,0.010977491879088717,0.00010787345097696865,0.00011056860076881054,0.0013847089727045726,0.0014389999999999128,0.0014389999999999278,0.00143899999999995,0.0010043899999999614,0.001004389999999955,0.0010043899999999835
2025-06-11T21:01:51Z,40.031486989368,-75.22063704832759,52.77806599019095,6.071423786168452,0.7919047426767065,1.6430675944575341,1.107171484240098,0.10683504925782472,-2.6370140656654257,0.0009999999929846126,0.0009999999885081934,0.0009999999919187985,0.0010000000031311629,0.0009999999964023232,0.0010000000112171392,4.106021857417608e-6,4.106021905108782e-6,0.32063504184968206,0.26253304669048566,0.2720825466841751,0.011688138807164905,0.0001178411085710979,0.00012057980253729093,0.0013948082280278034,0.0014399999999999136,0.0014399999999999272,0.0014399999999999496,0.0010043999999999609,0.0010043999999999555,0.0010043999999999839
2025-06-11T21:01:52Z,40.032066155975706,-75.2213770516329,55.192606101278216,4.966818889835849,0.45671228583159973,1.629590010852553,1.1012747893109918,0.14028839257844083,-2.6472792788699735,0.000999999993041456,0.0009999999886929345,0.0009999999917909008,0.001000000002932211,0.0009999999967504891,0.0010000000113343788,1.1152553339961055e-6,1.1152553402102208e-6,0.3889174143361309,0.34527337655898405,0.35314030255754525,0.012270481029620209,0.00012571858313305877,0.00012762085386124237,0.0014015047205455048,0.0014409999999999135,0.0014409999999999263,0.0014409999999999508,0.0010044099999999608,0.0010044099999999563,0.001004409999999983
2025-06-11T21:01:53Z,40.03210216246184,-75.22137428854124,58.10790739953518,3.9751543584861793,0.1823960209312645,1.6940567119017942,1.1016387222480262,0.1353576518013142,-2.6433393788756803,0.0009999999928709258,0.0009999999887071453,0.0009999999916630031,0.001000000002818524,0.0009999999966225914,0.0010000000113770113,2.115255362181175e-6,2.1152553887954675e-6,0.47306991256247194,0.4604452286437504,0.4665976276708822,0.013197437956000993,0.0001354767778697952,0.00013762754483610476,0.001410498104420648,0.001441999999999914,0.0014419999999999266,0.0014419999999999514,0.0010044199999999605,0.0010044199999999569,0.0010044199999999818
2025-06-11T21:01:54Z,40.032093184748405,-75.22137539688752,59.252777138589494,3.969036538101223,0.12882404726636348,1.84429713551927,1.1008912572073617,0.13555348880239274,3.640754992653908,0.00099999999289264,0.0009999999886929798,0.0009999999916546157,0.001000000002829055,0.0009999999966284626,0.0010000000114256586,2.115255361415237e-6,2.1152553887837937e-6,0.43217967257872203,0.460444061025294,0.4665080947402855,0.012493262140099564,0.00013545934819527133,0.00013762634837934765,0.001410472323598656,0.001441999999999914,0.0014419999999999266,0.0014419999999999514,0.0010044199999999605,0.0010044199999999569,0.0010044199999999818
