timestamp,latitude,longitude,altitude,velocity_north,velocity_east,velocity_down,roll,pitch,yaw,acc_bias_x,acc_bias_y,acc_bias_z,gyro_bias_x,gyro_bias_y,gyro_bias_z,latitude_cov,longitude_cov,altitude_cov,velocity_n_cov,velocity_e_cov,velocity_d_cov,roll_cov,pitch_cov,yaw_cov,acc_bias_x_cov,acc_bias_y_cov,acc_bias_z_cov,gyro_bias_x_cov,gyro_bias_y_cov,gyro_bias_z_cov,acc_x,acc_y,acc_z,gyro_x,gyro_y,gyro_z,mag_x,mag_y,mag_z,pressure,freeair,mag_anomaly
2025-06-11T20:34:27Z,39.9817130388692,-75.15340304933488,23.0,0.8486200686915898,-2.1377192892587162,0.0,-0.4323392516374588,-0.9550057911872863,1.9030615401268005,0.001,0.001,0.001,0.001,0.001,0.001,3.3469133385307203e-7,3.3469133385307203e-7,1225.0,1.0403999610900883,1.0403999610900883,1.0403999610900883,1e-9,1e-9,1e-9,0.001,0.001,0.001,0.001,0.001,0.001,2.6784293504059313,8.484495687484742,4.123358519077301,0.06874065679498012,0.05994705975055694,-0.1467638709815219,-23.15974739074707,-30.784503326416015,-3.3159599447250367,1014.2788391113281,0.026165128546137482,38.66589213607816
2025-06-11T20:34:28Z,39.981695161030956,-75.15344373083201,22.7394258743997,-7.647359748548859,-4.8001244634372515,-5.9838417309506085,0.22970671549073834,5.2229887266996515,1.2053950314436137,0.001000000000388468,0.0010000000004168896,0.001000000000388468,0.0010000000004026788,0.0010000000004026788,0.0010000000004026788,1.3346913468137535e-6,1.3346913773756357e-6,4.979692038064741,1.0415200109003266,1.0412114463588393,1.0406869340165397,0.000010002548831408345,0.000010000724981741697,0.000010002316074991646,0.0010010000000000008,0.0010010000000000004,0.0010010000000000008,0.0010000100000000006,0.0010000100000000006,0.0010000100000000006,1.8912243967652322,7.793756059646606,5.218536271095275,0.06709515250090041,-0.06507290056347848,-0.3952512175440788,-22.69687952041626,-31.872499313354492,-3.7946879529953,1014.3613891601562,-0.21150312800154147,39.31157874866268
2025-06-11T20:34:29Z,39.9816311323084,-75.15350738448046,19.65950059861526,-14.928261743869157,-6.064299414113767,-7.802572162996447,1.5554254745824567,5.68208068839443,5.918840357378711,0.0010000000007153176,0.0010000000004026788,0.001000000000672685,0.000999999999990564,0.0009999999999834586,0.0009999999999834586,2.334691385479881e-6,2.3346915077129193e-6,2.733253868315776,1.0429157985183557,1.0435899177259707,0.9430489613641668,0.000024704095060312492,0.00001238913952916474,0.0000323113992138198,0.001002,0.0010019999999999994,0.0010020000000000003,0.0010000199999999995,0.0010000199999999995,0.0010000199999999995,0.5852591828960767,8.28132478141743,4.763269819259255,0.04414973537723311,-0.946090110917047,-1.486203891396925,-10.519083776473998,-32.57302341461182,-3.4428399324417116,1014.3167724609375,-0.20830071576071355,34.40207314963065
2025-06-11T20:34:30Z,39.98151441555061,-75.15359075011632,16.38541395129329,-21.889713216455434,-8.159829136009083,-9.144717071754183,1.6095454974282548,5.632280693839672,5.85392279141549,0.0010000000008572663,0.0010000000001042508,0.0010000000005874199,0.0009999999999479314,0.0010000000002108322,0.0010000000002108322,3.3346914472339645e-6,3.334691723861298e-6,2.402487792698897,1.0453931073881808,1.0500783403589065,0.736567437246129,0.00003652246318646677,0.00002240711868002978,0.00004387633943123379,0.001002999999999999,0.001002999999999999,0.0010029999999999998,0.0010000299999999998,0.0010000299999999998,0.0010000299999999998,-0.6915496723810972,8.667664885501832,4.521013238831389,0.016166437255703214,-0.05229232881612826,0.05053499857989863,-1.6377877297298031,-31.547207618246272,-3.831546885626657,1014.3285217285156,0.020810461263685413,31.82115935459444
2025-06-11T20:34:31Z,39.98133517261309,-75.15369605733319,13.563605047180856,-30.00862736537177,-9.811163016334792,-10.662941877256065,1.5291274808041204,5.174924589473179,5.99549011917166,0.0010000000012408995,0.0009999999996501627,0.0010000000006584742,0.0009999999999907837,0.0009999999999052989,0.0009999999999052989,4.3346915242573535e-6,4.3346920250646925e-6,2.399650749751915,1.049099876577682,1.0643613148819844,0.514619657225054,0.00012656374585281308,0.00003233977799072276,0.0001087288807588014,0.0010039999999999982,0.0010039999999999982,0.001003999999999999,0.001000039999999999,0.001000039999999999,0.001000039999999999,0.0033559497586260617,8.763484004974261,4.40542798535467,0.03374527042976069,0.09709901014716263,0.49317164067114055,-2.7408519415557384,-31.141231231689453,-3.238123950958252,1014.3675506591796,0.029096258444371515,31.4288213661746
2025-06-11T20:34:32Z,39.981068188508985,-75.15382463308529,11.258078086220937,-37.303272451309155,-12.161615580457811,-11.465491590552142,1.45633554591163,5.38415677690201,6.113583350663546,0.0010000000009708413,0.0009999999993524338,0.0010000000003034745,0.000999999999635836,0.0010000000000331966,0.0010000000000296438,5.334691601773008e-6,5.334692410157484e-6,2.3553694424206166,1.055615225576969,1.087849060357151,0.34626420826346027,0.00007556939040247593,0.00004217960997558142,0.00007737210738537208,0.0010049999999999987,0.0010049999999999985,0.0010049999999999994,0.0010000499999999993,0.0010000499999999997,0.0010000499999999995,1.5259365507351863,8.410400718689315,4.626168883084592,0.028044076745203823,0.08022708943914778,-0.20567315874984327,-8.968951816558837,-31.87249942779541,-1.3317519718036055,1014.3609715511924,-0.05991689270975242,33.13711695891335
2025-06-11T20:34:33Z,39.98069393184092,-75.1539795639893,8.901043911034211,-45.16578334802094,-14.384649446292237,-13.187622910335293,1.5199210306488775,5.266388644560648,6.008055131334593,0.0010000000009006927,0.0009999999990122342,0.0010000000001342576,0.0009999999999488825,0.0010000000002880409,0.0009999999997454267,6.33469165282203e-6,6.334692879073013e-6,2.243659668091831,1.0642184705811872,1.1245312793888858,0.2386221083629351,0.0001161507649920865,0.00005218739857143379,0.00010512120243474095,0.0010059999999999976,0.0010059999999999976,0.0010060000000000002,0.0010000599999999984,0.0010000599999999992,0.0010000599999999984,0.08908932337067793,8.509243730545691,4.645889616250688,-0.02224372107406051,-0.07174312349319051,0.11498478778728113,-0.6473319771885871,-29.315379371643065,-2.9687479448318483,1014.3392578125,-0.08374609826386663,29.472376606893416
2025-06-11T20:34:34Z,39.98017360874447,-75.15416037685976,5.691786010017903,-52.8665610728622,-16.732047603000606,-14.932175157191244,1.3594907578370141,5.3426384456613585,6.19443444130007,0.0010000000011572915,0.0009999999992683258,0.0010000000000218606,0.0010000000001618129,0.001000000000116665,0.0009999999997738485,7.334691628908257e-6,7.334693432034674e-6,2.1047017288197076,1.0764090448166364,1.1769172082129478,0.17487029616693317,0.0001051996128383225,0.00006145085461362497,0.00010367686821704415,0.0010069999999999977,0.0010069999999999977,0.0010069999999999994,0.0010000699999999983,0.0010000699999999983,0.0010000699999999983,0.37345463802575407,8.383700789452588,4.8913177134989345,-0.004192886761338549,0.11182920585916442,-0.05811056956355611,-6.680475912094116,-31.105119400024414,-2.5756639575958253,1014.388540649414,-0.06550629114641819,31.918458926756582
2025-06-11T20:34:35Z,39.979443941103426,-75.15436532742355,2.112580616205559,-60.302845966999186,-18.8450909624956,-16.25748367026099,1.5022549859741554,5.364846631078347,6.014589675291175,0.0010000000008323347,0.0009999999993523243,0.000999999999924505,0.001000000000416057,0.0009999999998747957,0.0009999999994963205,8.334691447608317e-6,8.33469407036036e-6,1.9686867352021988,1.093200680522198,1.248344638580199,0.13938779899838027,0.00010970973838025054,0.00007147648989433947,0.0001120343212112247,0.0010079999999999985,0.0010079999999999965,0.0010079999999999993,0.0010000799999999985,0.0010000799999999985,0.0010000799999999985,0.37184903291497134,8.560861295700805,4.7436972364187024,0.0010424351309903405,-0.10640123135328784,-0.02995647763950488,-3.435275936126709,-30.170111503601074,-2.8482119417190552,1014.3623229980469,0.015496637089377405,30.498294514412606
2025-06-11T20:34:36Z,39.978435250579984,-75.15459220321931,-1.6625114812537714,-66.86620520354235,-21.102316796187793,-17.20770186500727,1.6007455589994393,5.561804099378978,5.882065336608973,0.001000000001316859,0.0009999999992658104,0.0009999999997432024,0.0010000000006689367,0.0009999999996485663,0.0009999999991108966,9.334690980821391e-6,9.334694796872728e-6,1.850950147595286,1.1164006587134945,1.3361181489904812,0.12050759317156548,0.00008427269083377836,0.00007997950779551327,0.00011440887498605927,0.0010089999999999984,0.001008999999999996,0.0010089999999999986,0.0010000899999999982,0.0010000899999999984,0.0010000899999999982,0.5870638175076863,8.26793820762699,4.687903369307593,0.0068168864193430215,-0.09135755608985278,-0.18993528444637559,-5.034207916259765,-30.035179405212403,-2.937027943134308,1014.362060546875,-0.2561469371078001,30.595396429775782
2025-06-11T20:34:37Z,39.98148421543849,-75.15359253542884,0.4119430836528437,-26.000214708001312,-7.18440289602416,-15.11873292060496,1.4770924117833237,5.465880478453673,5.997375260840382,0.0010000000014744027,0.0009999999992296729,0.0010000000000489977,0.001000000001040535,0.0009999999994509698,0.000999999999056447,5.37131071900457e-10,5.37131095652412e-10,1.6734569911292732,0.3631455431927627,0.3892712620620065,0.10981511488594067,0.00012462776093366592,0.00008619559574242849,0.0001287936087145252,0.0010099999999999977,0.0010099999999999968,0.0010099999999999977,0.0010000999999999977,0.0010000999999999994,0.0010000999999999977,0.2315016394171332,8.409314190622204,4.871319245601659,0.015035712220968426,0.05048354827461515,0.1921822985419581,-4.878535890579224,-29.935627479553222,-2.7320679450035095,1014.3042907714844,-0.05853782688980552,30.45329231650367
2025-06-11T20:34:38Z,39.9813244570026,-75.15368999685808,-3.5906464690363222,-31.389214703321677,-9.530962115924163,-15.407898100652732,1.4552030954710258,5.655109279878303,6.096598655686857,0.0010000000015000343,0.000999999998895437,0.0010000000002543812,0.0010000000010878692,0.000999999999206318,0.0009999999989696233,1.0005371358697353e-6,1.0005371481420928e-6,1.6370185698225506,0.3799785659348685,0.4304783603140199,0.10818060162812813,0.00010047482219698947,0.00009467856748094992,0.0001253418028082681,0.0010109999999999974,0.0010109999999999974,0.0010109999999999976,0.0010001099999999968,0.0010001100000000005,0.0010001099999999968,1.0815801928326645,8.236089281082924,4.6035391606539,0.05346153415682961,0.0887185057133229,-0.16400450243399736,-9.55040382385254,-30.35506332397461,-2.2352839410305023,1014.4613647460938,-0.2823025703703241,31.900365872802848
2025-06-11T20:34:39Z,39.98112356718528,-75.15381379515519,-6.400232561173757,-36.92294099084602,-12.121108270503834,-15.552820706188175,1.473117913879787,5.578460149085129,6.0097934535727875,0.0010000000014014966,0.0009999999986714907,0.0010000000001697173,0.0010000000009848247,0.0009999999993805077,0.0009999999989303277,2.000537150942946e-6,2.0005372021172685e-6,1.6165028031863742,0.40570021302201514,0.494961329244373,0.11251287480743874,0.00012751091313613648,0.00010177057369639617,0.00014130427009384337,0.0010119999999999966,0.0010119999999999966,0.0010119999999999966,0.0010001199999999976,0.0010001200000000013,0.0010001199999999976,0.2177297750621935,8.3504797782909,5.055106586456044,-0.022533831813063548,-0.08451466941567862,0.09546208084291438,-3.6675639390945434,-27.142559471130372,-3.640967923998833,1014.3424072265625,-0.015403401366020081,27.630117736912027
2025-06-11T20:34:40Z,39.98086111675333,-75.15395986177988,-8.395857963636816,-42.04663205098635,-14.20254662606668,-15.402753306563511,1.401454825490861,5.5831154994913,6.09690728048826,0.0010000000016706979,0.0009999999990990755,0.0009999999999166847,0.0010000000009980222,0.0009999999995149854,0.0009999999985414849,3.0005371755946855e-6,3.0005372987911003e-6,1.614136192564544,0.43887612575639345,0.5837413819146132,0.11882692831902791,0.0001426310145948479,0.00010766537332452138,0.00015340684867071633,0.0010129999999999972,0.0010129999999999972,0.0010129999999999972,0.0010001299999999977,0.001000130000000002,0.0010001299999999975,0.5444605013863137,8.31957967186107,4.957343835472891,0.0021682390849502194,0.054525783859812785,0.036835673494169996,-6.079747896194458,-29.025507392883302,-1.7489919638633729,1014.3355712890625,-0.07920408059007068,29.70689103702678
2025-06-11T20:34:41Z,39.98050768276899,-75.15412150065342,-9.428926227264403,-46.561082804354484,-16.15359309373587,-14.684183661935469,1.283191752202043,5.588982449578523,6.275699500255633,0.0010000000013303198,0.0009999999992504752,0.0009999999998221265,0.0010000000012384642,0.0009999999997813366,0.0009999999989735902,4.000537204758934e-6,4.000537446474887e-6,1.6272678807256837,0.4808704772362749,0.6994570026632345,0.12524201850338193,0.00016471206836054383,0.00010967988095633439,0.00016973839407296174,0.0010139999999999962,0.0010139999999999965,0.0010139999999999965,0.0010001399999999979,0.0010001400000000022,0.0010001399999999979,0.5399593954479379,8.398525423050827,5.161105342149818,0.014160715381082496,0.12019446211077343,0.06582279585075199,-9.605059852600098,-29.518631324768066,-1.3566399729251861,1014.3439331054688,0.0934666732616504,31.07159622598598
2025-06-11T20:34:42Z,39.98003590516551,-75.15429313653001,-9.307951902318138,-50.31374181173433,-17.710549196865212,-13.46092635245148,1.4795323049492959,5.889928090908916,5.9114244678458,0.0010000000018686585,0.0009999999996398916,0.0010000000000359478,0.0010000000010405468,0.0009999999998740502,0.0009999999990437701,5.000537223305935e-6,5.000537656029669e-6,1.6497229896949444,0.5302222640225613,0.8428446203529963,0.1291017452347912,0.00011858276568216478,0.00011922523352908942,0.0001660512213130094,0.0010149999999999962,0.0010149999999999964,0.0010149999999999966,0.0010001499999999978,0.0010001500000000013,0.0010001499999999978,-0.12928784523774398,8.539890628217064,5.012569853469615,0.03083926778023149,-0.2807842685503561,-0.3260782272209394,-3.038043951690197,-28.633887367248533,-1.0035719807818533,1014.3468322753906,0.12434628569701163,28.812036591950644
2025-06-11T20:34:43Z,39.97942525576972,-75.15447430359023,-7.909933213104695,-51.73429171271789,-19.861646033208324,-11.4992368088542,1.384230555021082,5.893201379017327,6.173202639162752,0.001000000001734666,0.000999999999898701,0.0010000000002868283,0.0010000000007633993,0.0010000000003906316,0.0009999999989198482,6.000537200605431e-6,6.000537939512092e-6,1.6688410017515318,0.5956873874852358,0.9923212800136468,0.12306959248944033,0.0001368080707035112,0.00011689542873818342,0.0001757279603279469,0.0010159999999999967,0.0010159999999999967,0.0010159999999999967,0.0010001599999999978,0.0010001600000000012,0.0010001599999999978,0.8685965015450433,8.413336552620294,5.1499977602958324,0.034400977435933,0.23448425511725274,0.07482555709025283,-11.30842378616333,-29.420787467956544,-1.0601799795031548,1014.3327941894531,0.12398908345777929,31.537025353639542
2025-06-11T20:34:44Z,39.97868907018379,-75.15466765503211,-5.775693088741749,-52.95814029377012,-21.830558174569568,-9.788014294083123,1.3754906602721289,5.947397889860202,6.105080418656021,0.0010000000017314752,0.0010000000003421482,0.001000000000505165,0.0010000000009122627,0.0010000000002689238,0.0009999999992246422,7.0005370872678425e-6,7.000538310614236e-6,1.6761677346891446,0.6690923615647094,1.1648339729968757,0.1170129563862359,0.00014010000467448304,0.00012161751900329494,0.00018540988148499048,0.0010169999999999962,0.0010169999999999962,0.0010169999999999962,0.0010001699999999986,0.001000170000000002,0.0010001699999999986,0.3101420616389747,8.365163777370181,5.307832692164713,-0.008283418681071778,-0.062427261134767355,-0.02383583405319619,-6.5011358642578125,-29.09407157897949,0.2835279928520322,1014.3987091064453,0.1334659802407847,29.812868602537446
2025-06-11T20:34:45Z,39.97783371930243,-75.15486854600248,-3.20034358257419,-53.4047603887087,-23.159389779642336,-8.198280069980443,1.3444443525225351,6.0523327821847435,6.067042396869059,0.0010000000020540037,0.0010000000004617663,0.0010000000008079865,0.001000000001084346,0.0010000000003742445,0.0009999999989447825,8.000536812574604e-6,8.000538784854523e-6,1.6705192971782687,0.7492938782084979,1.349965459585891,0.10726359560476595,0.0001389968143231666,0.0001265656937388512,0.00019590996573432348,0.0010179999999999968,0.001017999999999997,0.0010179999999999968,0.0010001799999999992,0.0010001800000000026,0.0010001799999999992,0.46838773482864804,8.313019508361474,4.985270673274489,-0.015630455601002763,-0.022472212299973482,-0.07521113201339492,-7.612555856704712,-29.48422748565674,-0.23131199277937411,1014.4052124023438,-0.0737098951097723,30.451947313737417
2025-06-11T20:34:46Z,39.97688122047394,-75.15507370018787,-0.6768678881718326,-54.96865475458462,-24.133452013740307,-7.112044484387045,1.2917447660331254,5.816846913317108,6.221401360832339,0.0010000000021337652,0.0010000000004316111,0.0010000000009696786,0.0010000000009719153,0.001000000000254723,0.0009999999992658104,9.000536281962521e-6,9.000539381266356e-6,1.6562032187599556,0.8341466661607855,1.5733056124464924,0.10239445498820449,0.00018678660458807092,0.00012244179619905397,0.00021483381229312246,0.0010189999999999965,0.0010189999999999967,0.0010189999999999965,0.001000189999999999,0.0010001900000000026,0.001000189999999999,-0.055622214359422655,8.313484949111476,5.115370091586497,0.024056465993482323,0.07408945909756993,0.3035939227204146,-6.822727890014648,-29.499355392456053,-0.33305999252945184,1014.441064453125,-0.01684155954089114,30.279852108848022
2025-06-11T20:34:47Z,39.98120890678331,-75.15351860001103,23.580446628602694,-24.591483786631823,-10.973992210221207,1.9691612168180304,1.157200724740914,6.12527058121011,0.13173488600026087,0.0010000000018065853,0.001000000000387419,0.001000000000883509,0.001000000000783451,0.0010000000001348698,0.0009999999993219088,6.61074948653711e-10,6.610750941377446e-10,1.3959013539879725,0.2917898283706684,0.358406644735184,0.07205650513944276,0.00012521774011833481,0.00009283339510476471,0.000206309995098043,0.0010199999999999968,0.0010199999999999968,0.0010199999999999968,0.001000199999999998,0.0010002000000000032,0.001000199999999998,0.7391734473534943,8.41603610420184,5.159739161967262,0.020714360433590026,0.15313155568738138,0.004060456209618888,-11.03367977142334,-31.352047386169435,1.1980399703606963,1014.418017578125,0.12022154120326907,33.258455957291
2025-06-11T20:34:48Z,39.98104132166095,-75.15365585287095,24.448943815570665,-25.909710415674304,-12.374788133636281,1.5990157118821118,1.1783005690536372,6.184323944339097,6.174603522610026,0.0010000000018114312,0.0010000000004645561,0.0010000000007748778,0.0010000000010131863,0.0010000000003548186,0.0009999999991207084,1.0006610787129994e-6,1.0006610911438245e-6,1.4053975092843078,0.33329139295551197,0.4158094194113579,0.06443871544326506,0.00012385352800644523,0.00010786502771111292,0.0002067897469590331,0.0010209999999999972,0.001020999999999997,0.001020999999999997,0.0010002099999999988,0.0010002100000000033,0.0010002099999999988,0.023455274695586587,8.384839586257549,5.000795608996461,-0.0114096702561221,-0.1992252250116425,-0.15279870986110997,-2.1491519629955294,-32.35391139984131,0.5860879850387574,1014.4640350341797,-0.016188292841461404,32.430458652177315
2025-06-11T20:34:49Z,39.98086165778542,-75.15380998296294,24.92400068837754,-28.668636216821938,-13.703902861882543,1.1744156073587042,1.0515562221019454,5.829310913539664,0.4580003546460715,0.0010000000020672182,0.0010000000005352698,0.0010000000006466895,0.0010000000009419356,0.0010000000004683378,0.000999999999227327,2.000661091130269e-6,2.000661143753693e-6,1.4021522802124844,0.3859258615458454,0.4942187749853265,0.06115147504102855,0.000178900334424459,0.00009907434026202234,0.00029115853489025613,0.0010219999999999967,0.0010219999999999962,0.0010219999999999967,0.0010002199999999994,0.0010002200000000028,0.0010002199999999991,0.1941318414608054,8.44989088701688,5.004388192101246,0.03737792481078029,0.39799591684305946,0.640383841634676,-15.366387634277343,-35.40195945739746,0.3293999917060137,1014.4060315583881,0.04357771506024983,38.59441920865263
2025-06-11T20:34:50Z,39.980659040607854,-75.1539887446777,24.88249303688593,-31.911427461090636,-16.411599786543114,0.49223682749204695,0.8100298072296227,5.755836575870605,1.3009554809692068,0.0010000000018681576,0.001000000000392487,0.0010000000005893337,0.0010000000008421818,0.0010000000008735127,0.000999999999451317,3.000661113357329e-6,3.0006612406467803e-6,1.3972167148973045,0.45029849879656597,0.589897858790644,0.06263889997903149,0.00016982549778557195,0.00012890590178553596,0.00030465941882241944,0.0010229999999999961,0.0010229999999999961,0.0010229999999999964,0.0010002299999999987,0.0010002300000000021,0.0010002299999999987,1.2802345941344093,8.422040914534987,5.3916804458716,0.20986945611085847,0.6924016568983294,0.6182561831406065,-34.660199279785154,-27.90871940612793,4.660155901908874,1014.4002380371094,0.30296527657023326,44.74302794907999
2025-06-11T20:34:51Z,39.98043081483708,-75.15420166605449,24.18732379843799,-35.068030677821575,-19.47526414757769,-0.5953534459885772,1.024525126420524,5.8086453164839735,0.9885626035408078,0.001000000001597293,0.0010000000001349004,0.0010000000003324988,0.0010000000008707345,0.0010000000006742079,0.0009999999993624104,4.00066114257961e-6,4.000661390767788e-6,1.3970100862834065,0.5230678272798784,0.6982117057141324,0.06575503624356915,0.00018800652097148267,0.00011899540907719139,0.00031146971900747957,0.0010239999999999967,0.0010239999999999967,0.001023999999999997,0.0010002399999999995,0.0010002400000000012,0.0010002399999999995,0.7876201138379928,8.57373769187888,4.639250173806555,0.06582012812615902,-0.1901130840787086,-0.21586667927299708,-32.340247268676755,-24.12354747772217,1.9998239588737488,1014.4062347412109,0.001773435737430658,40.395944560060286
2025-06-11T20:34:52Z,39.980170624047375,-75.15445293235452,22.892050006025027,-37.620150213623475,-23.174735816212074,-1.5706927767328975,0.802136855915118,5.78017308184079,1.5580239458961782,0.0010000000015823005,0.0010000000004316207,0.0010000000002464244,0.001000000001013476,0.0010000000005736364,0.0009999999989568264,5.000661163647011e-6,5.000661603271216e-6,1.403083120649695,0.6105367845168937,0.8211502612766555,0.07018708205035608,0.0001604971392153552,0.0001558285874495496,0.0003026220993398842,0.001024999999999997,0.0010249999999999966,0.001024999999999997,0.0010002500000000003,0.0010002500000000003,0.00100025,0.6012823837942304,8.545560840606555,4.976281976341869,0.054858861938179494,0.41598746383122737,0.3585088471478639,-39.52116714477539,-21.909491577148437,-4.89903190612793,1014.4158325195312,0.12909630550116033,45.45266086117573
2025-06-11T20:34:53Z,39.979882406637635,-75.15475106028862,20.38228357709417,-40.28031908351393,-27.39158385400679,-3.0182315717715964,0.801354674955216,5.806722051405194,1.543541398110039,0.001000000001496877,0.001000000000332,0.0010000000002746683,0.0010000000011556852,0.001000000000665908,0.000999999998935286,6.000661139203286e-6,6.0006618872068636e-6,1.4176775438052318,0.7093613706098054,0.9507632119029806,0.07759292846737653,0.00016225079216231655,0.00016143456567819917,0.000306781646603385,0.0010259999999999963,0.001025999999999996,0.0010259999999999963,0.001000260000000001,0.0010002600000000009,0.001000260000000001,0.21996106636625126,8.514656564546238,4.7189376666025105,-0.007073124055347755,0.009440957654314814,-0.02856741588520497,-38.552264420882516,-23.26593005138895,-8.566521551298058,1014.7184753417969,-0.040286358863046004,45.836243714198574
2025-06-11T20:34:54Z,39.979494606827245,-75.15507141118353,18.679665941576655,-42.43208381911128,-30.25901836269816,-3.7276459794982792,0.9649683227683247,5.873633655564964,1.1729968207414172,0.0010000000018102035,0.0010000000003158244,0.000999999999851056,0.0010000000009150643,0.0010000000007986322,0.0009999999987924195,7.00066100398009e-6,7.000662251021129e-6,1.439548297276117,0.8227415416314554,1.0968279620424772,0.08158177277523289,0.0001916180389925441,0.00013922866994450965,0.0003206704381464574,0.0010269999999999951,0.0010269999999999951,0.0010269999999999954,0.0010002700000000019,0.001000270000000001,0.0010002700000000019,0.4473247404530577,8.473670410155918,4.670413700580323,-0.00025024117458695547,-0.22831614142722914,-0.26827785214675287,-34.61676765441894,-27.28871543884277,-11.121275749206543,1014.3053588867188,-0.09151365797892937,45.460672660246836
2025-06-11T20:34:55Z,39.97902335665068,-75.15541865645055,16.529181748684984,-44.76896501354801,-33.9458575886784,-4.945172403887684,0.8330272613371983,5.6974485356637,1.442863838895232,0.0010000000017249438,0.0010000000001468834,0.0010000000000526515,0.001000000000617527,0.0010000000006993276,0.0009999999984549603,8.000660665438252e-6,8.000662701986423e-6,1.467956340851969,0.9518257843109051,1.239996790425519,0.09026758136296709,0.0002111585060493835,0.0001627410681337843,0.0003640340335409553,0.001027999999999994,0.001027999999999994,0.0010279999999999948,0.0010002800000000023,0.0010002800000000014,0.0010002800000000023,-0.32337776210712615,8.393419860839527,4.613403305053859,-0.005868817671806741,0.07448104851385699,0.3014701793124082,-33.19034343719483,-27.631535415649413,-8.07957184791565,1014.4119567871094,-0.19384273575768432,43.93604071851091
2025-06-11T20:34:56Z,39.97842601676294,-75.15578767730501,14.146456705274955,-46.7654077065089,-37.4339070141937,-5.888035042124344,0.7131864464632376,5.777087979971579,1.7410768682443123,0.0010000000021357619,0.0009999999999373112,0.000999999999786506,0.0010000000009026235,0.0010000000007357361,0.000999999998156618,9.000660019989695e-6,9.00066324464969e-6,1.5043090977338367,1.1043136790061334,1.386315639822351,0.09852542890264951,0.000167490806374486,0.00018935218922614221,0.0003346280796393464,0.0010289999999999943,0.0010289999999999943,0.0010289999999999954,0.0010002900000000013,0.0010002900000000016,0.0010002900000000013,0.6088876722943246,8.475615419574666,4.7489113398439216,0.0287486322951904,0.23419358031229712,0.1405330401770255,-38.083170365314096,-24.867334365844727,-9.192077432359968,1014.4572143554688,-0.04229073332127687,46.40260517352918
2025-06-11T20:34:57Z,39.981125393155246,-75.15325109172214,44.65393687871408,-16.74406782731125,-10.885449251557546,6.039600755464164,1.135915166574138,5.993535788587576,1.6265238438318275,0.0010000000022657735,0.001000000000172712,0.0010000000000837006,0.0010000000009535385,0.001000000000942711,0.000999999998034031,7.02389232056009e-10,7.023894681567244e-10,1.1423930994906686,0.25312258595990483,0.26312802731096974,0.06057871141642324,0.00012403827842742836,0.00010727794287354105,0.00036053357691809735,0.0010299999999999942,0.001029999999999994,0.0010299999999999958,0.0010003000000000021,0.0010003000000000021,0.001000300000000002,0.05643590224734616,8.688379342397116,5.467100624780074,0.05635642636972385,-0.10042154120992021,-0.020877950701373833,-34.61519504123264,-24.827541859944663,-5.953599855634901,1014.3645935058594,0.4863121573246958,43.01231862265902
2025-06-11T20:34:58Z,39.980982508003,-75.15340292994227,43.78238407853866,-16.704044560697593,-14.223702542416335,4.761278920878526,1.0865735788413358,5.927835852699576,1.6948918247369418,0.0010000000019823134,0.0009999999998925116,0.0010000000002253519,0.0010000000008843256,0.0010000000009011737,0.0009999999976818188,1.0007023922538126e-6,1.000702401175318e-6,1.1945035285469696,0.30266363349026393,0.30718259227763695,0.05884997614588989,0.00013346469648017772,0.00011811650205876441,0.0003790672719393495,0.0010309999999999944,0.0010309999999999944,0.0010309999999999946,0.0010003100000000025,0.0010003100000000025,0.0010003100000000025,0.6499325569100373,8.637535585403269,4.850529520153915,-0.01613228179716198,0.03125759432404778,0.07124498001332939,-40.88543584395428,-25.118554562938456,-3.460567284603508,1014.4422607421875,0.14877241947755532,48.10957593010366
2025-06-11T20:34:59Z,39.98082101915915,-75.15360818966062,41.97933344862387,-16.658312303298402,-18.198938284532144,3.3883365887690085,1.064991182026309,5.8558494992329635,1.6760450289007975,0.0010000000020962947,0.0009999999999428968,0.0009999999998439788,0.0010000000010452353,0.0010000000012609085,0.0009999999978175685,2.0007024024966444e-6,2.0007024390027607e-6,1.2372230784645457,0.3686373574470939,0.36486607021903605,0.059124557005926705,0.0001492793400704853,0.00012400784155756323,0.0004045458745435012,0.0010319999999999936,0.0010319999999999936,0.0010319999999999936,0.001000320000000002,0.0010003200000000018,0.001000320000000002,0.8016231961863781,8.492470926284897,5.032825557827724,-0.01796766489739487,-0.04400804340836368,0.038490738295707025,-44.46021522521973,-21.654267539978026,-9.407907829284667,1014.3851928710938,0.12584662895448423,50.340060259501286
2025-06-11T20:35:00Z,39.98065523231323,-75.15386948645538,39.37598149093773,-17.01995099896692,-21.96766874822605,2.13148722425848,1.0868730312186268,6.032657390860005,1.52612742467195,0.0010000000021242288,0.0010000000001413475,0.0009999999999591059,0.0010000000011773137,0.0010000000013534497,0.0009999999978270106,3.000702421797451e-6,3.0007025072693266e-6,1.2712298925845316,0.45275172920984147,0.4328675632050319,0.058805331319978074,0.00014790427978807647,0.00012190230453093797,0.000374851448253562,0.0010329999999999938,0.0010329999999999938,0.0010329999999999938,0.0010003300000000015,0.0010003300000000015,0.0010003300000000015,0.6357492434186615,8.492761870325886,4.796458013253709,-0.020573776850723816,-0.031673093087711594,-0.24317326558756078,-39.67937874307438,-23.78925268990653,-12.218673258411641,1014.4182321648849,-0.0036863177254746805,47.85052524475224
2025-06-11T20:35:01Z,39.98049452537365,-75.15418136507627,36.329267189862406,-17.611414906630245,-25.689994643736657,0.6342706714578579,1.065545145906618,5.9370328983737926,1.5141937240036694,0.0010000000019784994,0.000999999999917021,0.0009999999998350144,0.0010000000012362765,0.001000000001224487,0.0009999999974358246,4.000702448053508e-6,4.000702609856454e-6,1.2973232740062342,0.5534679035337634,0.5029519848825831,0.05848925531081985,0.00016526581814606183,0.0001257965578248882,0.00040295644326268025,0.001033999999999994,0.001033999999999994,0.001033999999999994,0.0010003400000000006,0.0010003400000000006,0.0010003400000000006,0.15250374974554134,8.280484097850424,4.492171453399966,-0.020442102258339635,-0.04440940345214051,0.06565891962343194,-40.17411148071289,-24.90922748565674,-9.693143825531006,1014.3809814453125,-0.35586916803012114,48.25330032862349
2025-06-11T20:35:02Z,39.98034454003112,-75.15453329020747,33.15723648909568,-18.07685318494528,-28.447232634080446,-0.0797351067618588,1.109067704363327,6.183329916812461,1.4328864008826112,0.0010000000021028739,0.0009999999999205365,0.0009999999996530414,0.0010000000014644842,0.0010000000011727332,0.000999999997125149,5.0007024655533e-6,5.000702750211096e-6,1.3137588348687956,0.6811951085872875,0.5850114678053728,0.05497082173348039,0.00016127631674281675,0.00012537321672255266,0.0003630509125698114,0.0010349999999999945,0.0010349999999999927,0.0010349999999999945,0.001000350000000001,0.001000350000000001,0.001000350000000001,0.3744362633059506,8.598979934692466,4.563099621176884,0.02776628955702534,0.05568689373758174,-0.2719547001563448,-43.63192959221042,-26.737419945853098,-10.90679982243752,1014.3725891113281,-0.03543608498896615,52.32196368042362
2025-06-11T20:35:03Z,39.98020363771867,-75.15491392376661,30.145138492370105,-18.105966830681037,-30.815413899320653,-0.7420969572908782,1.0905373307150794,5.99708018772229,1.6176347142504612,0.001000000002328448,0.0009999999998956388,0.000999999999355862,0.001000000001649272,0.0010000000011854539,0.0009999999968093658,6.000702430368308e-6,6.00070293214428e-6,1.318145577173366,0.8330010399973878,0.6728122914925532,0.05101383855218489,0.00017113938957723712,0.00013895963862533168,0.00039843318008103576,0.0010359999999999937,0.0010359999999999927,0.0010359999999999935,0.0010003600000000018,0.0010003600000000018,0.0010003600000000018,0.3548382322914701,8.479937305761922,4.597365157234773,0.01874597967490787,0.08769175671138135,0.24545593211652722,-46.47278680606764,-26.285024020136618,-3.0280897349727396,1014.4177551269531,-0.12457622571337666,53.47696987782392
2025-06-11T20:35:04Z,39.98005974669982,-75.15531514867001,27.552115355475433,-17.807643447509353,-32.95609970874596,-0.9339339615345855,1.0706159095075642,6.060000777189738,1.6432357524210948,0.0010000000024120554,0.0010000000001413965,0.0009999999991870425,0.00100000000159045,0.0010000000009352677,0.0009999999967284872,7.00070225557927e-6,7.000703160991062e-6,1.312718831234918,1.0190527013378192,0.7718433196470764,0.04771632599803552,0.00017317593251762336,0.00014372134966806227,0.0003937922464022343,0.0010369999999999943,0.0010369999999999921,0.0010369999999999939,0.0010003700000000024,0.0010003700000000024,0.0010003700000000024,0.9986525305486282,8.631056360244855,4.966416366488386,-0.012081174528711373,0.05740824220210975,-0.04907549281658053,-44.87477111816406,-12.597475738525391,-2.2728599596023558,1014.4242248535156,0.231013480935351,46.66479014734374
2025-06-11T20:35:05Z,39.97988859511418,-75.1557365190454,25.26911147788351,-17.869541890926982,-35.847698258924815,-1.6806327865926307,1.0590178718723267,5.886369909270003,1.6468993363535258,0.0010000000025379033,0.0010000000003866033,0.0009999999990475863,0.0010000000019570342,0.0010000000008492551,0.0009999999967368136,8.000701796257161e-6,8.000703441067406e-6,1.3049053691635784,1.226015337939089,0.8606735913416792,0.04821489841804659,0.00020251775560212792,0.00014680031944413606,0.00043709396214542724,0.0010379999999999944,0.001037999999999991,0.0010379999999999944,0.0010003800000000019,0.001000380000000002,0.001000380000000002,0.42877865610030486,8.41229960823045,4.422360992074826,-0.009817909850466735,-0.07844765278045482,0.15222758132336917,-36.25092969621931,4.253567284467269,6.906942737345793,1014.4173583984375,-0.2630137470891521,37.147339481158696
2025-06-11T20:35:06Z,39.97963839437719,-75.15618018614101,23.121603111492565,-17.666732586713938,-39.50826760224106,-2.4307059392651125,0.9807800296592438,5.838146125727995,1.7782994983752294,0.001000000002563106,0.00100000000036,0.0009999999991089754,0.0010000000017532634,0.0010000000010135946,0.0009999999965115435,9.000700851388143e-6,9.000703774115364e-6,1.3048347833411134,1.4672488420752101,0.947690641844319,0.05365480202933846,0.00021052054584645743,0.0001577825787826376,0.0004501682083167584,0.0010389999999999937,0.0010389999999999898,0.0010389999999999935,0.0010003900000000025,0.0010003900000000027,0.0010003900000000025,0.4141740254808915,8.47431538009605,4.839076274872779,-0.024499746036359703,0.07770925101999338,0.10417302943079618,-35.36572306206886,-1.1813233854605796,16.50114854853204,1014.3506774902344,-0.008805403018811808,39.04374262130309
2025-06-11T20:35:07Z,39.98111702423061,-75.1528450754758,32.924172758517194,-10.793131017099657,-22.53505751147602,0.5108885079984304,1.0545014897947722,5.968540136463527,1.941462337410865,0.001000000002479722,0.001000000000528558,0.000999999998626242,0.001000000001933415,0.0010000000012471103,0.0009999999956749577,1.5699103787920444e-9,1.5699102884360307e-9,1.0680853325522244,0.6195656150473206,0.48441678682587963,0.04146098832073583,0.00014265266561189912,0.0001093951124915377,0.00045669393529252896,0.0010399999999999943,0.001039999999999989,0.0010399999999999943,0.0010004000000000024,0.0010004000000000024,0.0010004000000000024,-0.1218697767022551,8.424571451584137,4.432487906897711,-0.0023911323193555782,0.035498272371891466,0.08077421604968861,-34.30117081622688,-15.594338475441447,6.019081539037276,1014.3685302734375,-0.25766015124683617,38.15729531953898
2025-06-11T20:35:08Z,39.9809497357882,-75.15313422564589,31.038753576440758,-9.54689695666605,-26.181540984646784,-0.011368487209333977,0.97684181454371,5.903684319139587,2.1868473877156127,0.0010000000026160782,0.0010000000008055622,0.0009999999982216279,0.0010000000021390795,0.0010000000008551528,0.0009999999959064791,1.0015699170668412e-6,1.0015699315283291e-6,1.1038515836721743,0.7427321401766358,0.5569758072266737,0.04619911078458541,0.0001491851857566078,0.00012455965767333452,0.0004703956065477843,0.0010409999999999953,0.001040999999999988,0.001040999999999995,0.001000410000000002,0.0010004100000000015,0.001000410000000002,0.2414936089274676,8.764008131662475,5.08867082874585,0.009259485136380686,0.170511087820768,0.17487849107642325,-37.3810483192911,-18.19019959897411,-2.036155070577349,1014.3415222167969,0.3595677481269091,41.62172320834259
2025-06-11T20:35:09Z,39.98076956413322,-75.15347383499636,28.859558827742344,-7.8697069747542265,-30.163327819276528,-0.977410255614276,1.0493443801115556,5.855791631366443,2.0805949810597064,0.0010000000028269832,0.0010000000006937636,0.0009999999980396294,0.0010000000020215709,0.0010000000009115894,0.0009999999959553454,2.0015699399182828e-6,2.001569997843623e-6,1.1466414055368501,0.8843294571131594,0.6307587500675406,0.052998372025685456,0.00016858025211406708,0.0001268258844961921,0.0004964719008949591,0.0010419999999999958,0.0010419999999999885,0.001041999999999996,0.0010004200000000006,0.0010004200000000006,0.0010004200000000006,0.11821752826049085,8.570360588072925,4.873773903441221,0.03370129988712116,-0.10412743595297604,-0.015587122182620747,-42.14001914978027,-21.523971672058106,-6.404267854690552,1014.3642578125,0.0828412688001379,47.7501034178366
2025-06-11T20:35:10Z,39.98058073711717,-75.15386217932168,26.212967411506025,-5.720276439167372,-34.36610913335226,-2.231871727601169,1.0166052781227626,5.688894809091167,2.1788208802238636,0.0010000000029801073,0.0010000000006493753,0.0009999999982030722,0.001000000002428364,0.0010000000010262355,0.000999999995792662,3.001569983407627e-6,3.0015701111475365e-6,1.1989264079628124,1.0466365202600556,0.7031669158014696,0.0623450660826954,0.00020603041685577449,0.00013518999851007705,0.0005540006810275579,0.0010429999999999953,0.0010429999999999882,0.001042999999999995,0.001000430000000001,0.001000430000000001,0.001000430000000001,0.4884705987693412,8.448462509154579,4.779141907932335,0.017486513996527935,-0.008818498526071906,0.1861140985433735,-34.64999109384965,-20.13746892189493,-13.563909978282695,1014.3778381347656,-0.057870105970439685,42.30974949098843
2025-06-11T20:35:11Z,39.98038143481559,-75.15429165418044,23.218276371784455,-3.217195952544834,-38.589741002471634,-3.4930741529309435,1.0806072532355164,5.768787640560977,2.0682999729755425,0.001000000002989698,0.0010000000009718442,0.000999999998397736,0.0010000000022794052,0.001000000000757719,0.0009999999954736964,4.0015700490435214e-6,4.001570270260375e-6,1.262631910956162,1.2346678261927044,0.7726097923604583,0.07418982210649232,0.00020217231968096193,0.0001331070996537777,0.0005416641403785077,0.0010439999999999948,0.0010439999999999876,0.001043999999999995,0.0010004400000000013,0.001000440000000001,0.0010004400000000013,0.3854510880054907,8.559231771468466,4.844409350397,0.005936018231690452,-0.04146765594845815,-0.11706406012594922,-34.176591339111326,-22.23767147064209,-11.39309181213379,1014.3567810058594,0.06637228798750719,42.33617456810073
2025-06-11T20:35:12Z,39.98016441271869,-75.15475139746553,20.159848680311317,-0.3915279350549413,-42.0069179630518,-4.0678976673182925,1.0982068041714594,5.791118104852266,2.1482200462498255,0.0010000000027588379,0.001000000000768095,0.0009999999985175604,0.001000000001933881,0.0010000000004968014,0.0009999999950409412,5.001570125832077e-6,5.001570473009678e-6,1.334957852682931,1.45573929988512,0.8467830240992893,0.08477379105123903,0.0002033816110569258,0.00013689838423234504,0.0005392037328057382,0.0010449999999999947,0.0010449999999999876,0.0010449999999999947,0.0010004500000000013,0.0010004500000000013,0.0010004500000000013,0.2708029713266263,8.801497892962672,5.236687239843141,0.05518015178890455,0.06991395914771002,0.015348255784485702,-33.59465129852295,-19.685919494628905,-6.171735825538636,1014.4098815917969,0.4692100612962648,39.423626781543646
2025-06-11T20:35:13Z,39.97990591271293,-75.15522074720634,17.659376040455093,2.5051919601126333,-44.640345010771306,-4.680141401226321,1.1774154756390771,5.800003474297759,1.9840732048594534,0.0010000000025015686,0.001000000000649343,0.0009999999987618568,0.0010000000021167966,0.0010000000004084895,0.0009999999948996753,6.001570177685011e-6,6.001570718318445e-6,1.4088687004077916,1.6928291368035324,0.9146441310209681,0.09388654576233371,0.00022261085343413436,0.0001281422830241865,0.0005564858574511701,0.0010459999999999942,0.001045999999999987,0.0010459999999999942,0.0010004600000000016,0.0010004600000000016,0.0010004600000000016,0.09052584072275806,8.554171022414392,5.169512025953821,0.00031532569688140825,-0.13610946631481255,-0.06208718947011532,-36.626839065551756,-26.465947494506835,-1.840247972011566,1014.337158203125,0.2196357890267941,45.22558616990986
2025-06-11T20:35:14Z,39.97958803650862,-75.15569066596991,15.51579410972073,5.064269155821124,-46.22395496978883,-5.181118140530847,1.0844801680637535,5.8102322153831985,2.1735971820965063,0.0010000000021217132,0.001000000000577122,0.0009999999985458466,0.0010000000022743205,0.0010000000005395574,0.0009999999950334093,7.0015701369143315e-6,7.001571009090861e-6,1.4755552665278993,1.938740737712537,0.9777956470691855,0.09812153924722912,0.00022342869741076197,0.00013288396927573867,0.000556401891725849,0.0010469999999999945,0.0010469999999999874,0.0010469999999999948,0.0010004700000000011,0.0010004700000000013,0.0010004700000000013,0.4651073978319077,8.128371399781493,5.243733980725027,-0.007373116291731498,0.14663187068008013,0.07359850235420876,-37.79145126342773,-26.838291358947753,-12.389587764739991,1014.3425903320312,-0.09131851310315937,47.979002622096765
2025-06-11T20:35:15Z,39.979185231211936,-75.15615339042635,13.924215371693752,7.078313891269998,-47.18197079709169,-5.269980175129951,1.134330306253776,5.91461963188253,2.038020168373385,0.0010000000023831668,0.0010000000008044349,0.000999999998385956,0.0010000000020784932,0.0010000000008667184,0.0009999999952261787,8.001569904474109e-6,8.001571354871965e-6,1.5270246886277887,2.201358634023074,1.0446922602213844,0.09853515903789363,0.0002230668339774643,0.00012318818379330074,0.0005438007548203538,0.0010479999999999936,0.0010479999999999862,0.0010479999999999936,0.0010004800000000004,0.0010004800000000022,0.0010004800000000024,0.29733848224857057,8.168822750090976,5.29957549297955,-0.0065770597722772835,-0.08015501005535881,-0.13656844830016338,-36.668219663658924,-19.28795063252352,-13.393607976485272,1014.3194580078125,-0.03357041707648243,43.542711138056625
2025-06-11T20:35:16Z,39.978686368541794,-75.1566134301031,12.850323021112608,8.661175220300654,-47.85295040331182,-5.251744036018271,1.10276662800501,5.870180291723362,2.083462087167448,0.001000000002358711,0.0010000000005221216,0.0009999999983398616,0.001000000001927899,0.0010000000006872099,0.0009999999948409962,9.001569355654417e-6,9.00157177267894e-6,1.5608508667307868,2.473373385125251,1.1209052722500048,0.09665526386051751,0.00024325200841395753,0.00012095358988741121,0.0005676448621882783,0.0010489999999999929,0.0010489999999999857,0.0010489999999999929,0.0010004899999999993,0.0010004900000000027,0.0010004900000000027,0.20900416675458247,8.093223382520845,5.2941206187828795,-0.012498133638226133,0.0009679363947158982,0.07241041261186744,-41.244713530248525,-12.290877361686862,-7.21891417795298,1014.3218994140625,-0.10211134972140075,43.638290049738245
2025-06-11T20:35:17Z,39.981069133430815,-75.15247048137653,27.421942773230437,9.648268982041113,-23.693310220167962,-0.3837405063961222,1.1426472094073452,6.090545660067257,2.291290764712259,0.0010000000024950467,0.0010000000004700283,0.0009999999978728303,0.001000000002504169,0.0010000000007419465,0.0009999999943755798,2.2307778393930532e-9,2.230777995094564e-9,1.196484417159414,0.7059492886542207,0.5126530956992159,0.06107030525017376,0.0001522818083374347,0.00009378798428239558,0.0005257041092950968,0.0010499999999999921,0.001049999999999985,0.0010499999999999921,0.0010004999999999997,0.0010005000000000031,0.0010005000000000031,0.44048929908635776,8.071459621428922,5.734566048623792,0.0039526673818580564,0.04289187581388324,-0.035471543481622236,-33.397125944799306,-9.298640591757637,-15.122771185271594,1014.3635559082031,0.13320299823319326,37.82230971512014
2025-06-11T20:35:18Z,39.98100618102386,-75.1527501124726,25.730910031923,11.727715672649012,-23.748260443459404,-0.8757178475687057,1.159591074686872,6.200136550441743,2.1972483531142255,0.001000000002375431,0.0010000000002757337,0.0009999999979698154,0.0010000000027060906,0.0010000000010477687,0.0009999999944433613,1.0022307872728315e-6,1.0022308001955475e-6,1.2485334396403143,0.7874652549651472,0.5724477658854876,0.057202720908380536,0.00015669426651772754,0.00009990575780444601,0.0005024358117630604,0.0010509999999999918,0.0010509999999999845,0.0010509999999999918,0.00100051,0.0010005100000000033,0.0010005100000000035,0.3070862266370071,8.048628865484627,5.358681632006659,0.0027664471681333814,-0.037899390798513004,-0.14169218847338183,-38.40086862992267,-11.877820248506508,-6.611154945529237,1014.4203186035156,-0.1035863805609666,40.735887928920754
2025-06-11T20:35:19Z,39.98095199183564,-75.15303175279747,24.116078137179723,14.168975048696915,-23.899579931797682,-1.2186421175599558,1.1682427813919902,6.092378571367709,2.1796292476016905,0.0010000000021345356,0.0010000000006014466,0.000999999997530955,0.0010000000030891878,0.0010000000011843285,0.0009999999944204632,2.0022308185837775e-6,2.0022308704801064e-6,1.2816129832990084,0.8827316768939328,0.6518135510417659,0.055239087951943044,0.00016980400965869985,0.00010587799994578411,0.0005411725775469412,0.001051999999999991,0.0010519999999999837,0.0010519999999999907,0.001000519999999999,0.001000520000000003,0.0010005200000000028,-0.02998929406195004,8.105165409087858,5.544038485529069,0.00533081532744165,-0.05725822302058804,0.09108476866219785,-36.15421150207519,-18.79531951904297,-3.8603239035606385,1014.4123992919922,0.042143921031661695,40.93029435934944
2025-06-11T20:35:20Z,39.98090880113842,-75.15331226136223,22.734100281993623,15.872415127717494,-23.839697967605964,-1.3268337723907053,1.1856391778848259,6.113857971087272,2.374449843467807,0.001000000001908549,0.001000000000672605,0.0009999999976029403,0.0010000000030887003,0.0010000000008646367,0.000999999994241918,3.002230874769805e-6,3.0022309968751324e-6,1.2986490886042572,0.9912027118228068,0.746915684199902,0.05146496707898934,0.00017860288190737114,0.00010980965948562981,0.0005430827881757845,0.0010529999999999906,0.0010529999999999832,0.0010529999999999906,0.001000529999999998,0.001000530000000003,0.0010005300000000032,0.7383578839828108,8.484844806748391,4.953110238019337,0.05274452976999284,0.18805580758321813,0.054283826773113,-46.67371337267817,-7.146212130176778,-5.865710112513328,1014.4040222167969,0.07466745698101575,47.58051701353622
2025-06-11T20:35:21Z,39.98087000500375,-75.15358962115002,21.4692323100331,17.75460407707807,-23.796430081366832,-1.68864553079237,1.187152983292155,6.142895437555735,2.2871296224857076,0.0010000000017824499,0.0010000000000336064,0.0009999999975466847,0.0010000000030028775,0.0010000000009636751,0.0009999999940118786,4.00223095009907e-6,4.002231191521856e-6,1.3029638800687395,1.1040712598708675,0.8633219696127864,0.049262676084803926,0.00018503712473019211,0.00011554067814662311,0.0005428655497259607,0.0010539999999999896,0.0010539999999999823,0.0010539999999999896,0.0010005399999999988,0.0010005400000000033,0.0010005400000000033,0.11609292299854636,8.280738224028868,4.861273517849458,-0.011650682085602463,-0.07019391570005508,-0.05882711611275782,-38.93068717956543,-12.246359767913818,-14.818851680755616,1014.4258575439453,-0.17489132517352243,43.4184948525215
2025-06-11T20:35:22Z,39.98083104797258,-75.15386422539899,20.125669072965437,20.165264592444696,-23.752522528792937,-1.9793050716813576,1.1223805180973299,5.963133355133383,2.571616467372492,0.0010000000015427237,0.0009999999998359446,0.0009999999975043579,0.0010000000032582106,0.001000000000892148,0.0009999999941540819,5.0022310151098006e-6,5.002231471436782e-6,1.3024022155831156,1.2233343284745835,1.0107575525538968,0.049845685213213586,0.00020926858872278756,0.00012105587715418495,0.0006068249311867455,0.0010549999999999898,0.0010549999999999824,0.0010549999999999898,0.0010005499999999991,0.0010005500000000028,0.0010005500000000028,0.26481175647497746,8.141608203887905,5.3702987327600225,0.001483513571889149,0.18635504220143448,0.2869952841187793,-41.445889064243865,-14.156730359914352,-16.60843238052057,1014.4960744757401,-0.02098612924674167,46.84026059205826
2025-06-11T20:35:23Z,39.98077745302245,-75.15413318666252,19.04321364502914,22.59642084373081,-23.472338094726755,-2.081385047172334,1.1821591847128337,6.058081504823278,2.5730761986889386,0.0010000000016032252,0.0009999999996970672,0.0009999999975189567,0.0010000000032287357,0.0010000000006429655,0.0009999999941536716,6.0022309979996585e-6,6.002231858857107e-6,1.3030511595549257,1.3479813732097143,1.1912717331043658,0.05189286319365606,0.0002075184364586699,0.0001251012147604016,0.0005827509258438455,0.001055999999999989,0.001055999999999982,0.0010559999999999892,0.0010005599999999984,0.001000560000000002,0.001000560000000002,0.3682951363798636,8.309437183380291,5.43283377552282,0.061291599434336166,0.036029291364869105,-0.08425053888719804,-38.89506301879883,-16.079355754852294,-18.88657558441162,1014.4573059082031,0.15681392066540606,46.13100550950073
2025-06-11T20:35:24Z,39.98070240329188,-75.15439623902446,18.088450336002666,24.40591612292616,-22.857126220626785,-2.206612493830018,1.1679314023844682,6.1275102564808375,2.5181903166898634,0.0010000000013497036,0.0009999999997139372,0.0009999999973202246,0.0010000000032424643,0.0010000000003596125,0.0009999999939257565,7.002230765765509e-6,7.002232379635338e-6,1.3054177620947032,1.4717081921012127,1.3978624610994268,0.052691688966436376,0.00021058384184151346,0.00012893051007252618,0.0005707625818984108,0.0010569999999999892,0.0010569999999999818,0.0010569999999999892,0.0010005699999999975,0.0010005700000000027,0.0010005700000000027,0.1596718854031326,8.247210449219052,5.2379308148647326,-0.02265959329116013,-0.028167616904481867,-0.08219594233894387,-37.41864410711794,-20.580403658808493,-19.644738333565847,1014.4839477539062,-0.0066748860667485265,47.00658379721303
2025-06-11T20:35:25Z,39.98058257743052,-75.1546533833821,17.284768867952156,26.287053272774003,-22.25652102279587,-2.351028584865749,1.199124756508461,6.092198921407976,2.4227000239559073,0.0010000000015366896,0.0009999999995323546,0.0009999999970087701,0.00100000000312861,0.0010000000001413902,0.0009999999941346842,8.002230111741455e-6,8.00223306310518e-6,1.3099114514332415,1.5879997353685187,1.6397092478584494,0.054962961633790844,0.00021848879124613136,0.00013516894830169977,0.000587506697218089,0.0010579999999999884,0.0010579999999999813,0.0010579999999999884,0.0010005799999999966,0.0010005800000000035,0.0010005800000000035,-0.09345990357478443,8.137636813444537,5.408807317399854,0.018357955151283217,-0.10734809717267825,0.0002874491324056415,-35.721848390540295,-24.814052659638072,-14.632530290253309,1014.4771423339844,-0.006385834020849928,45.890020181307925
2025-06-11T20:35:26Z,39.98040110247437,-75.15490761234851,16.651718791554924,27.86190527664316,-21.605529183057925,-2.38065550073537,1.1912044632389118,6.092854684372293,2.421117583662731,0.0010000000015658761,0.0009999999996061159,0.0009999999972939639,0.0010000000034126259,0.0010000000003424284,0.000999999994161674,9.002228753219176e-6,9.00223394159109e-6,1.318006776793764,1.6954018284288874,1.9178496638652835,0.05706890621991709,0.00022329032256211074,0.00014091602587582857,0.0005937707139259882,0.0010589999999999886,0.0010589999999999812,0.0010589999999999886,0.0010005899999999974,0.0010005900000000043,0.0010005900000000043,0.3152361763601923,8.190696984427783,5.40981950129594,-0.0031027221631811175,-0.009039506236232642,0.0020160225829322243,-37.3992240282954,-23.43370974793726,-14.528705830476722,1014.4631500244141,0.042937351123963005,46.464172144658605
2025-06-11T20:35:27Z,39.98107084830961,-75.15208160007546,28.13614231162721,1.2325082052758973,-3.520843000139544,1.2396906981010245,1.1917970211403377,0.08774348040210368,2.8355834404510363,0.0010000000010386932,0.0009999999997371452,0.0009999999965561506,0.0010000000035709508,0.0010000000003350601,0.0009999999932969368,7.850167867949968e-10,7.850169657504521e-10,0.9097357782846588,0.10745264610224592,0.10913687806088743,0.02647865965845389,0.000107073529527945,0.00008237090240843719,0.000552570969274457,0.001059999999999988,0.0010599999999999809,0.0010599999999999878,0.0010005999999999978,0.0010006000000000047,0.0010006000000000047,0.5932273939198989,8.158228372574246,5.346533292773092,0.036868940535601566,0.23745230898196418,0.04541511072323284,-38.678232076216716,-21.044501674418548,-17.09120374796342,1014.4871215820312,-0.007837170499842679,47.233263113994695
2025-06-11T20:35:28Z,39.981069546597126,-75.15211173687337,27.850815894262546,2.351853649959516,-1.6062102379117356,1.0363602956449638,1.2088891651604583,6.191023809254366,2.7697213542880754,0.0010000000008655453,0.000999999999804866,0.0009999999964522893,0.0010000000035104409,0.000999999999947137,0.000999999993579963,1.0007850183211255e-6,1.0007850219398673e-6,0.9354299714405591,0.13292259035798876,0.13335063034685063,0.028204551473342304,0.0001154722408888664,0.00009292509761897124,0.0006091427357074217,0.0010609999999999884,0.0010609999999999812,0.0010609999999999886,0.0010006099999999981,0.0010006100000000033,0.0010006100000000055,-0.2938946650783673,8.291625846863056,5.53121750736581,0.014100130876497273,-0.12477500902811883,0.14494808926960956,-34.13584308624267,-25.700763473510744,-12.985923748016358,1014.5388793945312,0.19139477995344265,44.65887050165121
2025-06-11T20:35:29Z,39.98108521892712,-75.15211821713162,27.243385717511586,4.161057077156449,0.48827799977409486,0.5865781343053158,1.1468234884315875,5.849173253061632,3.4517529490126986,0.0010000000006515992,0.0010000000000481297,0.000999999996864433,0.0010000000038221989,0.0009999999999606428,0.0009999999937665707,2.0007850233652156e-6,2.0007850391288265e-6,0.9644539964919591,0.17706534674757732,0.17203606511270186,0.031548098294165605,0.0001468334351287955,0.00010269659145505932,0.000736189502129769,0.0010619999999999885,0.0010619999999999811,0.0010619999999999885,0.0010006199999999985,0.001000620000000002,0.0010006200000000057,1.1849986538020791,8.05353268362571,5.526895647655843,0.1455848950090793,0.6090585560004445,0.6894344605928227,-46.13728413683303,-12.966004006406093,-19.49040812634407,1014.5826721191406,0.05882642459900051,51.73622533021597
2025-06-11T20:35:30Z,39.98113182630236,-75.15209045847759,26.251428813842864,5.725399110025266,4.131205972750485,-0.10744161501484992,1.044015499964477,5.735303594543999,4.149990932233801,0.0010000000008820802,0.0009999999997528791,0.0009999999971665036,0.0010000000035642964,0.0009999999998690776,0.00099999999394021,3.0007850299057657e-6,3.0007850736178585e-6,1.0004806463880374,0.25180769312145745,0.22556545359574223,0.03821712393379134,0.0001531191152080108,0.00012617979271436678,0.0007227344833376954,0.0010629999999999889,0.0010629999999999817,0.0010629999999999887,0.0010006299999999987,0.0010006300000000021,0.0010006300000000067,1.6721283150686053,7.823483546804826,6.034690198556505,0.27351602850347995,0.5931419340670503,0.4443129246893274,-40.36555580470873,-2.462278215781502,-33.32270804695461,1014.5751953125,0.2401951575922529,52.400748741907364
2025-06-11T20:35:31Z,39.98120442425307,-75.15202476951976,25.009445569670834,6.696498355773824,6.823414828201173,-0.5770579935273834,1.1706919990456235,6.044479442992753,3.876308105214979,0.001000000000745822,0.0009999999998418958,0.0009999999973418236,0.001000000003518584,0.001000000000077602,0.0009999999937506773,4.0007850234190105e-6,4.000785132220326e-6,1.0440268185167654,0.3422817906784218,0.2985689067804399,0.042472714609612536,0.00013500175568171365,0.00012579292865109524,0.0006595926460042037,0.0010639999999999881,0.001063999999999981,0.0010639999999999883,0.0010006399999999977,0.0010006400000000014,0.0010006400000000058,1.2464601467441638,8.126081811428318,5.228399452609671,0.02238344221091203,-0.08985707939505713,-0.4121114965349051,-27.217420862076132,-9.137280707663678,-34.22541208470121,1014.5309600830078,-0.0382648254661924,44.67272322824435
2025-06-11T20:35:32Z,39.98129490519774,-75.15193418534778,23.72244860151876,5.7503278368369735,8.23337499032704,-0.5984503035054075,1.1971773338292675,0.17691598106830417,3.2893044715749586,0.001000000000706733,0.0009999999997731446,0.000999999997230761,0.0010000000031328083,0.0010000000002358916,0.0009999999938156972,5.0007849591452295e-6,5.000785224170846e-6,1.0838190970825463,0.43832829421262975,0.40473868107634936,0.03981805559575687,0.00015090687031028843,0.00012195351068491625,0.0005754321754736585,0.0010649999999999876,0.0010649999999999802,0.0010649999999999876,0.0010006499999999966,0.0010006500000000003,0.0010006500000000068,0.47119044398441834,8.38069313430802,5.180972751620089,0.007002031236887276,-0.4745493596111801,-0.7261793298123594,-13.237746725277026,-13.011922271884217,-28.490983145577566,1014.5710693359375,0.08283351125081721,34.00412817408971
2025-06-11T20:35:33Z,39.98139367487439,-75.15181988093606,22.572122417441268,5.966622583580307,10.82963084812511,-0.8094512794092344,1.2659816753076205,6.115342489830752,3.419473383002847,0.001000000000482894,0.0009999999998747,0.0009999999969765162,0.0010000000033588508,0.0010000000003585424,0.0009999999938482362,6.000784740388211e-6,6.00078536033124e-6,1.1169045163755054,0.5674035633695022,0.5211167887345051,0.04281184844671336,0.00015690940253890967,0.0001294504068600739,0.0006581691534978173,0.001065999999999987,0.0010659999999999797,0.001065999999999987,0.0010006599999999972,0.0010006600000000004,0.001000660000000007,-0.615527230300716,8.184230903625714,5.446777035239128,0.06919354415744183,0.011883127964797145,0.38569301310706916,-26.39323543548584,-16.112295742034913,-30.17133140563965,1014.5838256835938,0.06870636657418644,43.2031689779413
2025-06-11T20:35:34Z,39.981470385142046,-75.15169039406314,21.080926230170338,5.192309800321376,11.285281526039642,-2.2061391859958697,1.2158086017613048,0.024555700316350813,3.2896219241679394,0.001000000000658644,0.0009999999997064117,0.0009999999972052718,0.0010000000030316967,0.0010000000002108682,0.0009999999934393428,7.000784199466604e-6,7.000785550372897e-6,1.1415564509054676,0.6661164512848451,0.6404572830967097,0.038224987747865466,0.0001586327920334578,0.00013686159232081732,0.0006137542734592226,0.0010669999999999874,0.0010669999999999803,0.0010669999999999877,0.0010006699999999965,0.0010006700000000004,0.0010006700000000073,1.23715958490737,7.6505067499512345,3.272525716701923,-0.06042113132418875,-0.061804426435226545,-0.22821228168243987,-30.493390957514446,-13.842424730459848,-30.017845273017883,1014.5549072265625,-1.369113250472263,44.972503711477216
2025-06-11T20:35:35Z,39.981582318612595,-75.15154844278389,18.692466797380636,4.273036419717127,12.305277930762214,-1.9711276362303454,1.3865428463817278,6.099499592241835,3.6679088640535875,0.0010000000005988966,0.0009999999999328532,0.000999999997261771,0.0010000000032017026,0.0010000000004023407,0.0009999999936919554,8.000783083783595e-6,8.000785805793798e-6,1.1512428780219601,0.815331469102583,0.8034391172311272,0.035635249900431314,0.00017147443613879938,0.0001423840907952393,0.0006597734133065836,0.001067999999999987,0.0010679999999999796,0.0010679999999999871,0.0010006799999999968,0.0010006800000000014,0.0010006800000000073,1.467341902505936,9.263456639484778,3.7626132641742394,0.21352627673441987,0.33735505302043034,0.32355162803367193,-32.584420124689736,-9.971466501553854,-31.566737095514934,1014.9791687011718,0.32380729503169964,46.450282677532336
2025-06-11T20:35:36Z,39.981520965852674,-75.15141036631672,17.464439086119768,0.6714152123268327,14.00438656090169,-2.453330831275296,1.4783867390751522,0.1976823092345806,3.7044979563573173,0.0010000000005813993,0.0009999999999211477,0.0009999999971203085,0.0010000000035448194,0.001000000000338778,0.0009999999934201512,9.000781039393012e-6,9.000786140292634e-6,1.1525550712865453,0.996419701243855,0.9998024186811697,0.03869265167250356,0.00017901661909930928,0.00014843920579803426,0.0005964826013782731,0.001068999999999988,0.0010689999999999786,0.0010689999999999862,0.0010006899999999955,0.001000690000000002,0.0010006900000000063,1.6420865805970255,8.4528589983571,4.685422313965402,0.09868227993842416,0.0879614966507703,-0.3900591975238423,-24.80796745300293,-10.9333957862854,-38.53491912841797,1014.5743103027344,0.02115516342823877,47.115916718620774
2025-06-11T20:35:37Z,39.98115588741466,-75.15193655533768,18.674285927596543,-2.4127839597911698,0.9341955946807041,-1.8181974440547677,1.3522354587924412,0.4081733992142479,3.776910286124264,0.0010000000007488097,0.0010000000000432471,0.0009999999968782112,0.001000000003589149,0.0010000000000389428,0.0009999999938190547,4.544984333535469e-10,4.5449830698945424e-10,0.8335277211106147,0.08358796295835437,0.08374598164481838,0.020820418873789392,0.00006939269080913071,0.00007329330505912448,0.00044607511733536754,0.0010699999999999874,0.0010699999999999774,0.0010699999999999865,0.0010006999999999963,0.0010007000000000006,0.001000700000000007,1.0106602557833317,8.772838183459193,4.362036534368365,0.019002019526313287,0.016478102931832175,-0.1705639405865947,-22.644693452484752,-13.118236463897082,-35.92875017438616,1014.5443115234375,0.06900248988800853,44.449306545304864
2025-06-11T20:35:38Z,39.981145777319206,-75.15193023527874,17.233175873936222,-6.582883197620678,0.18247845250645847,-2.623833270793337,1.3755174569058306,0.22527684555564578,3.8555785356748444,0.0010000000010667593,0.001000000000105116,0.0009999999969649267,0.0010000000033715181,0.0009999999999707047,0.000999999993623647,1.0004544997080056e-6,1.0004545023553808e-6,0.8522109092286346,0.1041571786146381,0.11640870139935722,0.025290065491549395,0.00007201393049514342,0.00008256115032218802,0.0004570619694928581,0.0010709999999999871,0.001070999999999977,0.0010709999999999871,0.0010007099999999954,0.0010007100000000014,0.0010007100000000058,0.743635629951205,8.96067203903194,3.972210637572549,-0.0003191882852500447,0.03623180276570673,0.1964550244390375,-23.921271591186525,-12.982507762908936,-35.088663024902345,1014.54248046875,0.04944625607457841,44.40700973152696
2025-06-11T20:35:39Z,39.981116210707775,-75.15192764197847,15.526646935460443,-10.620599203076933,0.4424017848057732,-3.0165822338209143,1.311739332098182,0.32755161471447336,3.6462855569873747,0.0010000000013950254,0.0010000000002592878,0.000999999997249472,0.001000000003299513,0.0010000000000283352,0.0009999999932412298,2.0004545039975303e-6,2.000454517415685e-6,0.880508278386934,0.13816459845514656,0.172702858449153,0.03176762327601499,0.00008437450033841056,0.0000936993403700933,0.00047349041934131376,0.0010719999999999868,0.0010719999999999777,0.0010719999999999868,0.0010007199999999957,0.00100072,0.0010007200000000046,0.4741023949346082,8.948505009651079,4.726830083373244,-0.004303801944591246,-0.1768952112914701,-0.14868782737958566,-19.744967651367187,-13.556883640289307,-37.40227142333984,1014.5640355160361,0.35090961831797857,44.413716874436275
2025-06-11T20:35:40Z,39.981056296249385,-75.15192919105141,13.86291514342361,-14.908344168743497,-0.18364179891143376,-3.609025002925362,1.3633198561012942,0.34273438776551046,3.747358916835056,0.0010000000011973788,0.0010000000004539464,0.0009999999970367506,0.001000000003297976,0.0010000000002845814,0.0009999999930646022,3.000454510138677e-6,3.0004545500112266e-6,0.9238568514079133,0.1855784730047655,0.25699170140036864,0.04063016161558556,0.00009509133938896458,0.00010260601404091951,0.0004781256084763671,0.001072999999999986,0.001072999999999978,0.0010729999999999865,0.0010007299999999957,0.0010007300000000005,0.001000730000000004,0.8279343091284173,9.096377134828893,4.123227727785112,0.02255609853821144,0.09516304628491153,0.003533260915420829,-19.79238327182069,-13.617938528255541,-36.52480759912608,1014.4927368164062,0.2411575058290268,43.7177746852497
2025-06-11T20:35:41Z,39.9809526788635,-75.151939945515,11.875207454750925,-19.515676974256216,-0.6306299369301733,-4.499211829050229,1.4123698058437284,0.4024537551750673,3.84653650022149,0.0010000000013095916,0.0010000000002219874,0.0009999999972499013,0.0010000000029847641,0.001000000000255497,0.0009999999926346328,4.000454507426843e-6,4.000454609482884e-6,0.9872938811166723,0.24113444946448065,0.37540872165829636,0.05265242467751127,0.00010908174717423705,0.0001107709698079432,0.0004819489545758849,0.0010739999999999858,0.0010739999999999784,0.0010739999999999858,0.001000739999999996,0.0010007400000000006,0.0010007400000000043,0.6117869546401448,8.790161479949496,4.465932468715294,0.020061194011903198,0.09923985324631857,-0.04800431298469489,-18.329279594421386,-13.90653579711914,-37.885635147094725,1014.5760498046875,0.09822895771877303,44.3246103789335
2025-06-11T20:35:42Z,39.98077589674034,-75.15196278616791,9.75107152556127,-23.990202996371032,-1.3228188230191944,-5.419062728338431,1.4365407456465864,0.3598941290639417,3.9683543101307466,0.001000000001279491,0.0010000000000605328,0.0009999999972351433,0.0010000000033811665,0.0009999999999147804,0.0009999999925961558,5.0004544643347345e-6,5.0004547090291385e-6,1.0734783970672257,0.3020413134117576,0.528578284710746,0.06632616153430844,0.00011399352930476307,0.00011807336059219962,0.00048532918425213075,0.001074999999999986,0.0010749999999999794,0.001074999999999986,0.0010007499999999962,0.0010007500000000008,0.0010007500000000042,0.4703676227813757,8.651895338681058,4.554397769629056,-0.009152780611103594,0.10107664028444233,0.04961642053754587,-24.338237007459004,-15.679033120473227,-37.924715757369995,1014.5606384277344,0.008446284266197564,47.712273981512375
2025-06-11T20:35:43Z,39.98049294201518,-75.15200563203126,7.510710966919143,-28.239260939094507,-2.840762410172065,-6.448632073470912,1.4559659282004718,0.5201567461729106,4.042388680243866,0.0010000000007243269,0.0009999999998581233,0.0009999999970644149,0.001000000003109046,0.0009999999997107596,0.0009999999927463317,6.0004543192622875e-6,6.000454864924702e-6,1.1790611830570892,0.36455712863359035,0.7184060329142794,0.08082021683512634,0.00013937895415500878,0.00012497871023454596,0.0004901445567391268,0.0010759999999999852,0.00107599999999998,0.0010759999999999856,0.0010007599999999962,0.0010007599999999998,0.0010007600000000033,0.3227638615857255,8.531522571330107,4.3977577934682035,0.006243061182588487,0.08115197779169135,-0.16488552629346975,-25.348295370737713,-16.464408059914906,-36.068790912628174,1014.6044311523438,-0.1764275763360295,47.05917251788127
2025-06-11T20:35:44Z,39.980051136079524,-75.1520817950794,5.577164029245026,-32.56069818106826,-5.384042264891284,-7.421220423383877,1.50187263789376,0.5601621721190351,4.158184776301605,0.0010000000009092503,0.0009999999997422147,0.0009999999970510382,0.001000000003234951,0.0009999999996570454,0.000999999993043394,7.0004539868649484e-6,7.000455099501112e-6,1.2979604487603376,0.4245182569716902,0.9643701999520786,0.09806926767334771,0.00015072641058848317,0.0001314760220106551,0.0004946884907848527,0.0010769999999999847,0.00107699999999998,0.0010769999999999866,0.0010007699999999967,0.0010007700000000002,0.001000770000000004,0.19207359234887036,8.780083883023872,4.580250627747222,0.013781006869544907,0.0971271385544078,-0.04733382703092547,-20.673387603759764,-12.603087749481201,-34.6375072479248,1014.5150307103207,0.12491800824468201,42.26084949277096
2025-06-11T20:35:45Z,39.979437740486055,-75.15219733422614,3.7660069310878734,-36.82391588346511,-8.385781780792465,-8.473642545070843,1.3907553849300975,0.7046353854724141,4.038692644194972,0.001000000001217348,0.0009999999996016592,0.0009999999972068777,0.001000000003119947,0.0009999999996946052,0.0009999999928927785,8.000453385112502e-6,8.000455442145197e-6,1.4230191238436274,0.4711250348577259,1.2713756774044107,0.11608862992904224,0.0001949988155606268,0.00013457103476743418,0.0005299630362982302,0.001077999999999985,0.0010779999999999798,0.0010779999999999863,0.0010007799999999976,0.001000780000000001,0.0010007800000000028,0.024230399266838752,8.573068784714003,5.097365733626454,-0.006956320173719124,-0.08155391881048443,-0.17905947107517578,-18.825819854736327,-13.764527778625489,-40.06919128417969,1014.5614013671875,0.1944084382857943,46.361720290464056
2025-06-11T20:35:46Z,39.97862393490301,-75.15235915661198,2.011574542976618,-40.510057066638254,-12.643376593262136,-10.08243438829188,1.406246164750979,0.8034312734636855,4.0719618077029285,0.0010000000013942554,0.0009999999996752648,0.000999999997544387,0.0010000000032460092,0.0009999999998076305,0.0009999999925997486,9.000452471712946e-6,9.000455928399027e-6,1.5434222707761247,0.5074450198656375,1.6219047494234746,0.1326467678390693,0.00024348976340901244,0.00013777211140816604,0.0005681780930225402,0.0010789999999999845,0.00107899999999998,0.0010789999999999856,0.0010007899999999966,0.00100079,0.0010007900000000036,0.4356089411219763,8.496452492160856,4.593720369207672,0.030106163111189355,0.04422900748097142,-0.12234734518580943,-23.78726067834971,-15.455656849608129,-35.824428091243824,1014.5675048828125,-0.11060751130628378,45.695690330719366
2025-06-11T20:35:47Z,39.98166089999325,-75.15180638861125,11.178347024138974,-30.550741705697657,-5.6102466430179305,-5.014459624349659,1.326833771176005,0.47077547354969557,3.9890002305316066,0.0010000000018283983,0.000999999999458378,0.000999999997297912,0.0010000000032577747,0.000999999999557521,0.0009999999924365903,3.718654340723897e-10,3.718653800415927e-10,1.0248714280126732,0.2640011750077517,0.5051653073070563,0.08741941547311936,0.0001495761645620552,0.00010915742698946768,0.00040133483913020417,0.0010799999999999853,0.0010799999999999805,0.0010799999999999853,0.001000799999999997,0.0010008000000000005,0.0010008000000000022,0.3145318641369258,8.329768468380298,4.419740775170397,0.029874950221093644,-0.04044373282361553,0.1331871031595201,-23.755351486206056,-15.21974380493164,-35.295819396972654,1014.6689758300781,-0.34491791692069185,45.18570140779915
2025-06-11T20:35:48Z,39.98149825862629,-75.15187557875379,9.040792948467063,-35.03001001131778,-6.2546729468154805,-5.810794280857407,1.2736858677607679,0.49926630367228253,3.9014714804780706,0.0010000000020922103,0.0009999999990678442,0.0009999999972868873,0.0010000000029005036,0.0009999999993088944,0.0009999999926741095,1.0003718699622596e-6,1.0003718887633491e-6,1.191028626388549,0.29507384460094394,0.6179804782660517,0.09679825149887908,0.0001709260001795955,0.0001099631134515124,0.000432148659636043,0.0010809999999999858,0.0010809999999999793,0.0010809999999999843,0.0010008099999999978,0.0010008100000000013,0.0010008100000000013,-0.10191987244815619,8.047162466409798,5.734522393063893,-0.004750867546201559,-0.06312518286219815,-0.060209730271384244,-19.769710419025827,-14.497493358368569,-34.75208866849859,1014.5992431640625,0.10206798918712988,42.529073808055486
2025-06-11T20:35:49Z,39.981314340340084,-75.15195166867612,7.418377133005746,-38.71949839641649,-7.096087429381965,-6.122283478217312,1.2735031313328848,0.36379643248022164,3.9378998735730955,0.00100000000187128,0.0009999999992003892,0.0009999999973157043,0.0010000000028027038,0.0009999999991205562,0.0009999999928823886,2.000371884903552e-6,2.0003719676917985e-6,1.3425864157069078,0.32411512506067425,0.7481451427087152,0.10083558348975517,0.00015862131049984124,0.00011597206612759436,0.00040332732436680537,0.0010819999999999853,0.0010819999999999797,0.0010819999999999842,0.0010008199999999984,0.0010008200000000019,0.0010008200000000017,0.2725151010730802,8.23883961582277,5.4169137933281375,-0.005939477561722896,-0.0034208394169554326,0.12321438949756694,-21.732012073198955,-11.456816414992014,-36.56644940376282,1014.6105346679688,0.0840752015775863,44.052692847002454
2025-06-11T20:35:50Z,39.98110330197899,-75.15203387575365,6.31921941174679,-41.86475193975299,-7.775189380699692,-6.144859298479484,1.2585793590404448,0.39230776412645396,3.911950185602011,0.0010000000019115443,0.0009999999988635753,0.0009999999975145821,0.0010000000028469458,0.0009999999991510855,0.000999999992833862,3.0003719117963346e-6,3.0003721162929004e-6,1.4582446304212309,0.349141579597316,0.8976290507905011,0.09994002047880746,0.00017516962031509,0.00011697797611944573,0.0004284045957677204,0.0010829999999999846,0.00108299999999998,0.0010829999999999846,0.0010008299999999977,0.0010008300000000014,0.0010008300000000012,0.4344958178418773,8.251049786704726,5.3620744097211,0.005306732222676209,-0.009861236567964995,-0.05344042784836634,-20.459399515268753,-14.539163063983528,-38.46610151018415,1014.694091796875,0.07014761173167151,45.93049749474002
2025-06-11T20:35:51Z,39.98085406593915,-75.15211764932008,5.863086830759935,-44.616923025172284,-7.948758692150615,-5.977238223536487,1.2485247055452728,0.30790220841600247,3.937591960352465,0.0010000000016001304,0.000999999998754818,0.0009999999975420658,0.0010000000030032652,0.000999999999108914,0.0009999999928747402,4.000371949366257e-6,4.000372350741361e-6,1.5313747861624414,0.3698922920936549,1.0690417818294953,0.09568228755647298,0.00017293028623506753,0.00012135663707121587,0.000419519165050175,0.0010839999999999845,0.001083999999999981,0.0010839999999999847,0.0010008399999999972,0.0010008400000000007,0.0010008400000000007,0.22302395934635771,8.057432502747718,5.601303259375197,-0.007490359905228843,0.0015233996480650536,0.06764972772327675,-21.536734289052536,-15.366771153041295,-37.61284793153101,1014.6930847167969,0.035861438975389875,45.985761350963806
2025-06-11T20:35:52Z,39.980554315311416,-75.152197497307,5.8135478984625175,-47.0318460189579,-7.556584176731379,-5.599553595119112,1.2435501863494207,0.23866331045545058,3.9639590139764964,0.0010000000016623307,0.0009999999987432375,0.0009999999978670192,0.001000000002860921,0.0009999999994332064,0.0009999999925973844,5.000371985653768e-6,5.000372689609062e-6,1.5662882068761483,0.3896084629553185,1.2643836163309694,0.08960798958864835,0.00017349776033830718,0.000126567718302624,0.0004166386825027781,0.0010849999999999844,0.0010849999999999807,0.0010849999999999844,0.0010008499999999976,0.0010008500000000013,0.0010008500000000013,0.23257634244207784,7.932734924236487,5.9097953436855795,-0.00023120128595273686,0.0066556980336081656,0.054501007501090694,-22.592841980305124,-14.91748481101178,-37.5643184743029,1014.7222290039062,0.11500567427261583,46.30379239377948
2025-06-11T20:35:53Z,39.98018439161991,-75.15227337989384,6.254200009846673,-49.39606816415054,-7.607303993307389,-5.25613055436765,1.235917200250893,0.3179845686900118,3.9732571746063527,0.0010000000014830388,0.000999999998574885,0.0009999999978503233,0.0010000000031020234,0.000999999999308754,0.000999999992750337,6.000371988353913e-6,6.000373154664415e-6,1.5742930182021957,0.4127494732499896,1.4881103612042925,0.08502322980070072,0.00019010092304383994,0.00013136440916719088,0.00045047167609093614,0.0010859999999999854,0.0010859999999999817,0.0010859999999999835,0.0010008599999999975,0.001000860000000001,0.0010008600000000012,0.44454291859254963,8.02147215777153,5.7507901829332155,0.002487660807490439,0.03985602567587846,-0.09043513314430737,-22.85840763092041,-14.735159721374512,-36.318423461914065,1014.6502075195312,0.1000658697956269,45.37240366576513
2025-06-11T20:35:54Z,39.979735857242694,-75.15234947346933,6.799910944298665,-51.2696999517813,-7.6402736088479255,-4.886360550950943,1.223287732357412,0.21192073245093188,3.9959914697223247,0.0010000000010655494,0.0009999999982075478,0.0009999999981321573,0.0010000000031566065,0.000999999999080149,0.000999999992904966,7.000371895045058e-6,7.000373770259249e-6,1.5654853373865945,0.4395399003918567,1.732969204182728,0.07955759457304495,0.00018531967539761265,0.0001384275213024003,0.0004376496521448077,0.0010869999999999862,0.0010869999999999823,0.0010869999999999823,0.0010008699999999979,0.0010008700000000014,0.0010008700000000022,0.11275053876824623,8.06049239442929,5.532398667162496,-0.0058657159017336084,-0.00899734389442161,0.09175045269893874,-25.097640407328704,-13.092093565026108,-35.55702357389489,1014.64990234375,-0.00280041477127496,45.448782006324
2025-06-11T20:35:55Z,39.97920882124368,-75.15242685267367,7.306589919958197,-52.9026650124549,-7.628433132362797,-4.442908195787004,1.1904706417986413,0.20403763746935843,3.9988617037380774,0.0010000000010741954,0.0009999999982089089,0.0009999999978759018,0.00100000000369196,0.0009999999993975267,0.0009999999931683977,8.000371605169072e-6,8.000374563266313e-6,1.5456890064753126,0.47143499675432854,2.006393994589587,0.07427204062361566,0.00019208178306941623,0.00014426967402970408,0.0004489909994773784,0.0010879999999999868,0.0010879999999999833,0.0010879999999999833,0.0010008799999999965,0.0010008800000000004,0.001000880000000003,0.2859540520839914,8.088636421205406,5.607637471200903,-0.021044117662377397,0.005408487860115593,-0.005098493236956529,-20.471599578857422,-10.984391784667968,-35.24287162780762,1014.6954056589227,0.06656368757344623,42.21136071593605
2025-06-11T20:35:56Z,39.97859759806303,-75.15250694398163,7.821286706873619,-54.26572493314394,-7.788392059373057,-4.06675256675294,1.1691450393576672,0.19873730272769644,3.969602919575971,0.0010000000008532858,0.0009999999978549995,0.000999999997905906,0.0010000000038843317,0.000999999999669635,0.0009999999932958643,9.0003709716089e-6,9.000375563911506e-6,1.519647203713858,0.5082673607645286,2.3069599815404533,0.06915133371738198,0.00020273104463549554,0.00014679572555162648,0.0004615725930116748,0.001088999999999987,0.001088999999999983,0.0010889999999999834,0.0010008899999999956,0.0010008900000000008,0.0010008900000000028,0.22748195651000427,8.083537001218904,5.491304577549085,-0.0037249118443245057,-0.022611771913574157,-0.017631588291064478,-22.66052349090576,-12.126311759948731,-36.58487106323242,1014.7214660644531,-0.004978870486270253,44.710122119337264
2025-06-11T20:35:57Z,39.98223365574054,-75.15167566321634,47.184693854196034,-4.865147655932459,1.374521531392446,10.053135271965001,0.7677786311660388,6.087300337521888,3.7437182089707894,0.0010000000018850186,0.0009999999967571422,0.0009999999988332623,0.0010000000041202903,0.000999999999191116,0.0009999999927078785,2.065953273808107e-10,2.0659527332727134e-10,0.8208546958722839,0.036637010508426306,0.03931589159517645,0.02471093131569684,0.00012650843994876958,0.00009495100675885593,0.00044617322166188255,0.0010899999999999866,0.001089999999999983,0.0010899999999999827,0.0010008999999999951,0.0010009000000000016,0.0010009000000000025,0.29324402851297965,7.942619231790625,5.639910197279552,-0.005287564176179659,-0.017360992139705836,-0.04171161289503751,-23.0860595703125,-12.933463821411133,-37.230007095336916,1014.739013671875,-0.034733613147428045,45.67613633670367
2025-06-11T20:35:58Z,39.98221340187914,-75.15166420264042,50.62394938703008,-1.8545598856194685,0.6206887156049835,8.793068894449469,0.788638216246312,6.0210706274134616,3.757184372534148,0.0010000000021611174,0.0009999999966973955,0.0009999999992837483,0.0010000000045975576,0.000999999998930908,0.000999999992835244,1.0002065959933666e-6,1.0002065973196714e-6,0.8508340767444628,0.04951433421772157,0.07539489873500337,0.020824441870371874,0.0001390418666420327,0.00010646622581547777,0.0004352823009932595,0.001090999999999986,0.0010909999999999824,0.0010909999999999824,0.0010009099999999937,0.0010009100000000011,0.001000910000000002,-0.12461562941411886,8.425237268451118,5.054895576478217,0.02307304971299678,-0.0386021381897831,0.06090902268178882,-23.644844444430603,-13.715787537243902,-37.38104816358916,1014.7228393554688,0.045690945839995806,46.309173644514054
2025-06-11T20:35:59Z,39.98220560660836,-75.15166961023701,52.11720798048659,2.545421657499875,-1.3687420799640875,6.889115955899318,0.7575945216963179,5.94115143213757,3.8521376929995172,0.0010000000020846712,0.000999999996801264,0.0009999999990968824,0.0010000000049547036,0.0009999999992581715,0.0009999999927391386,2.000206599267829e-6,2.000206608196415e-6,0.8715607035383283,0.07377522171452212,0.19206913799418462,0.018960377109128464,0.0001458264656522132,0.00012591271788203352,0.00042827015247556073,0.001091999999999986,0.0010919999999999823,0.0010919999999999823,0.001000919999999994,0.001000920000000001,0.001000920000000001,0.1337770952598001,9.40956694031092,3.3400067224509726,-0.0031170444494919717,0.005654234529610647,0.1271101629395905,-22.806779121866033,-14.147517963331573,-37.92780724350287,1014.6463928222656,0.20548293964732042,46.463052960423774
2025-06-11T20:36:00Z,39.98224247349354,-75.15170133843704,51.750870097926644,5.657108105665475,-3.501952083038241,5.404647488382097,0.7766088300713451,6.112481846910231,3.7526617340572352,0.0010000000023076756,0.000999999996470946,0.0009999999993014917,0.0010000000048356098,0.0009999999989806906,0.0009999999930631954,3.000206607045846e-6,3.00020664215027e-6,0.8835332298396057,0.11457838834418227,0.36820582909842553,0.020723432130099348,0.00015272710936442107,0.0001268463996757705,0.00048122360853802414,0.001092999999999985,0.0010929999999999814,0.0010929999999999814,0.001000929999999994,0.0010009300000000012,0.001000930000000001,0.8007750881515427,8.916706577148522,4.005441556678429,-0.0031431496232081167,0.0579669672585681,-0.1829897088886894,-18.425485338483536,-15.753187432581065,-38.17479503398039,1014.7216186523438,0.02782684604356258,45.22136459324085
2025-06-11T20:36:01Z,39.98235750349305,-75.15175941289306,49.99791412266605,9.02660971864924,-4.98361488249589,3.9184122069031857,0.7925931430615014,5.958173918596653,3.6638718428100034,0.001000000002320054,0.0009999999964017308,0.0009999999996897324,0.0010000000046000348,0.000999999999023788,0.0009999999930050461,4.00020661385674e-6,4.0002067219120965e-6,0.8934968656440846,0.16792729179580335,0.6180098774393732,0.024270598443830987,0.0001836099504741778,0.00012934697772149913,0.00043787239074049536,0.0010939999999999845,0.0010939999999999808,0.0010939999999999806,0.0010009399999999938,0.001000940000000001,0.001000940000000001,-0.18198818499360034,8.61331520462389,4.590622464657528,0.003159397643916363,-0.1679173296340716,0.05709731673244897,-17.75622813555659,-15.805473133009308,-35.66856625615334,1014.8266906738281,-0.017818908867554408,42.86419125362447
2025-06-11T20:36:02Z,39.98257417511692,-75.15184429058755,47.55100515639702,12.347001554377135,-6.726267353852199,2.7774450542810136,0.8302755113285936,6.0048790200861655,3.5781050857937906,0.001000000002476485,0.0009999999964762254,0.0009999999994558294,0.0010000000046153064,0.000999999998975751,0.0009999999925807597,5.0002065900441994e-6,5.000206878760368e-6,0.908447208626416,0.24068821569003956,0.9376678532886986,0.029656396652883187,0.0001947304792651141,0.00013279071687971884,0.00045784412549971674,0.0010949999999999834,0.0010949999999999816,0.0010949999999999795,0.0010009499999999935,0.0010009500000000005,0.0010009500000000005,0.37784424219854357,8.747109165506652,4.807665572380843,0.026770386073300123,-0.02040646218038332,-0.0834608101905223,-19.493312120437622,-13.968237141768137,-36.13436579704285,1014.703857421875,0.2087976178308239,43.3680626870516
2025-06-11T20:36:03Z,39.98290619368734,-75.15196754080561,44.47791319821621,15.525588296083498,-9.54140101345016,1.6366619250054342,0.847911018250028,5.979781667712213,3.481659600955788,0.0010000000027364912,0.000999999996280995,0.0009999999994565897,0.0010000000049583278,0.0009999999990038717,0.0009999999921875761,6.000206460627307e-6,6.000207151097065e-6,0.935751483287121,0.3391592996123509,1.310068887162558,0.037494406188463024,0.0002129870712837619,0.00013597412141098649,0.00045626024842885447,0.001095999999999983,0.0010959999999999822,0.0010959999999999783,0.001000959999999993,0.00100096,0.0010009599999999997,0.673856795616455,9.028783057235053,4.235308091850217,0.008730875731952817,-0.07488138524969126,-0.037819784855035725,-18.62915070202886,-11.462522156384527,-34.40773399508729,1014.6896667480469,0.2162222460312969,40.77159176859107
2025-06-11T20:36:04Z,39.98336003056588,-75.15213886307902,40.7477603000161,18.913382508034932,-12.307390895742415,0.670277833216849,0.8778289694538436,5.981711893309103,3.5018846025454127,0.00100000000253963,0.0009999999962689082,0.0009999999995568996,0.0010000000051908424,0.0009999999992098222,0.0009999999924690296,7.000206089569478e-6,7.00020758225883e-6,0.9800853711446821,0.4587311605481671,1.746785091576083,0.04545410497125172,0.00021612773880028664,0.00014830039058296053,0.0004686046116366868,0.001096999999999984,0.0010969999999999815,0.0010969999999999776,0.0010009699999999938,0.0010009700000000001,0.0010009700000000001,0.6578094897447729,9.0237277736701,4.502473976255007,0.05847708951511982,0.029551588387293364,0.014834199272458003,-18.6877156829834,-14.365255718231202,-35.71037544250488,1014.7859497070312,0.327032371724372,42.788057512448525
2025-06-11T20:36:05Z,39.98387998963821,-75.15235177023915,36.45277772014745,22.621458134404417,-14.794478057016544,-0.9686272379142271,0.7960645954275779,5.961776180303445,3.513925360270281,0.001000000002552245,0.000999999996290579,0.0009999999993546634,0.001000000005688659,0.0009999999989704022,0.0009999999925994296,8.000205271655994e-6,8.00020821962577e-6,1.0403491946460117,0.5842659653979602,2.2186211842718198,0.052866981166318876,0.0002208641502987109,0.00015971776245655135,0.00047346688264947236,0.0010979999999999846,0.0010979999999999812,0.0010979999999999772,0.0010009799999999925,0.0010009799999999996,0.0010009799999999998,0.3115166161606655,8.245397159541222,4.539740955849526,-0.05552012602872969,0.008470292942780415,0.025386581882002515,-20.65111393831214,-13.754130382927096,-36.84225642924406,1014.7679443359375,-0.36110536239886526,44.41837418355511
2025-06-11T20:36:06Z,39.98437168265996,-75.15259549318074,31.655590974801477,27.572294409018877,-17.59278105968267,-2.374117294933464,0.7369180991267202,5.853277907995166,3.6027733897326595,0.0010000000027934515,0.000999999996440277,0.0009999999994664995,0.0010000000056690956,0.0009999999988541568,0.0009999999924653227,9.000203764724464e-6,9.00020912037306e-6,1.1168253776306853,0.7318033435157499,2.8212819696428073,0.06560054585042327,0.00023109241217871929,0.00017763408449401273,0.00045876011799925176,0.0010989999999999852,0.0010989999999999817,0.001098999999999976,0.0010009899999999924,0.0010009899999999996,0.0010009899999999993,0.21014782861425785,8.87855051052698,4.657582073085807,-0.006975353100076673,-0.011165679058436937,0.13726479737398592,-20.451774676640827,-14.276033083597818,-34.68968288103739,1014.7187307257401,0.24971990512329684,42.72528495928248
2025-06-11T20:36:07Z,39.9826385450005,-75.15160074812677,38.23713746557263,-1.17976907770307,-6.371094795157487,5.103582983651103,1.0318415773235594,6.043802909089492,3.6970947867874777,0.001000000002884676,0.000999999996867488,0.001000000000153617,0.0010000000063292037,0.0009999999989374186,0.000999999992360518,2.4791344915894626e-10,2.4791346411398653e-10,0.7497664638784748,0.05321575597181518,0.05646663914349265,0.02216217862543647,0.00006542015621321047,0.00006814098429047976,0.0002157191520490764,0.001099999999999984,0.0010999999999999823,0.0010999999999999758,0.0010009999999999915,0.0010009999999999989,0.0010009999999999989,0.26719111843566307,8.528661476615651,4.562675762465136,-0.0024502216553894196,0.05074334950859689,0.15186819074125055,-22.92379955369599,-11.931599753243583,-36.75710545753946,1014.806918334961,-0.10349884608185277,44.93265967009954
2025-06-11T20:36:08Z,39.98260774631997,-75.15167245516773,39.45177135328865,0.7480575522512726,-5.797886632543404,4.629150032612201,1.0301508453955648,6.07364065108961,3.7228528201277933,0.0010000000030103264,0.0009999999965548958,0.0010000000003969924,0.0010000000065753867,0.0009999999990693814,0.0009999999923137317,1.0002479142312215e-6,1.0002479161011249e-6,0.7887546083924262,0.07155222281682104,0.07334269614833147,0.023010697515033148,0.00007375648055136601,0.0000785025145634132,0.0002220656424147789,0.0011009999999999833,0.0011009999999999824,0.001100999999999976,0.0010010099999999925,0.0010010099999999994,0.0010010099999999994,0.4005387744062756,8.70955315952225,4.764091978165414,0.008135176236018971,0.03720167845981584,-0.016371213965936354,-18.103305855575872,-14.27897935984086,-36.0305828950843,1014.8378540039063,0.15576727273978538,42.776366156876826
2025-06-11T20:36:09Z,39.982595368556844,-75.15173826998559,39.92700184109862,3.062151522424789,-5.175109808696549,3.883329335111048,1.0032736873892785,6.043893326279805,3.7700196639698493,0.001000000003167256,0.0009999999963399549,0.0010000000003695237,0.0010000000065345583,0.0009999999988975696,0.0009999999925485866,2.000247917013446e-6,2.000247925668639e-6,0.8283955147028541,0.101004361430068,0.10187574167069316,0.024301061583669195,0.00008333632444516312,0.0000891709473938493,0.0002331821995925678,0.0011019999999999821,0.0011019999999999812,0.0011019999999999747,0.001001019999999993,0.0010010199999999983,0.00100102,0.09527085083794565,8.574050392154323,4.654722730755409,-0.011044263924345545,0.024877882238933283,0.04496216447835653,-16.15670358657837,-13.864811668395996,-32.957079315185545,1014.7271057128906,-0.023231229917419743,39.23566200148358
2025-06-11T20:36:10Z,39.9826209855444,-75.15179702305633,39.51983015342033,5.560513683774327,-4.400286911255728,3.17928761931979,0.9902255485387149,6.045413822990163,3.791160502525221,0.0010000000033390246,0.00099999999620632,0.0010000000001977208,0.0010000000064472197,0.0009999999991381326,0.0009999999922968876,3.0002479198816617e-6,3.0002479460350817e-6,0.867622445064881,0.1435722923305555,0.1443809213328357,0.025886263444588203,0.00009215083607575968,0.00009917028260961553,0.0002419996395423114,0.0011029999999999814,0.0011029999999999805,0.001102999999999974,0.0010010299999999926,0.0010010299999999987,0.0010010299999999995,0.13411677276026382,8.541529649738157,4.909242837667096,-0.0015669266312768912,0.02095401001870668,0.004362557619743044,-22.11173701286316,-14.620683014392853,-35.91400361061096,1014.7442321777344,0.07288556631207052,44.63747770166094
2025-06-11T20:36:11Z,39.982702077717384,-75.15185325024356,38.47003359565666,7.274578541807863,-4.637683701481273,2.5284022895031937,0.995832773659012,6.220135890501064,3.7080650842402822,0.0010000000034392845,0.0009999999963822446,0.0010000000004496477,0.0010000000067238034,0.0009999999988805454,0.00099999999204673,4.000247909681774e-6,4.000247982907001e-6,0.9044539895219524,0.19687408593818512,0.20272251940825894,0.025868869339869163,0.00009852863174291997,0.0001067507101344544,0.00024066658657414684,0.001103999999999981,0.001103999999999981,0.0011039999999999737,0.0010010399999999921,0.0010010399999999993,0.001001039999999999,0.5668609725130518,8.47436407198604,4.626857547481252,-0.0001618664286956548,0.03191423332830595,-0.19991865816793558,-20.487357934315998,-15.636841317017874,-36.6142323811849,1014.733154296875,-0.10801227390614608,44.77544098119325
2025-06-11T20:36:12Z,39.98285610801476,-75.15191384951407,36.99862582254269,8.61109322393109,-5.1126752449023565,2.1648694546944975,1.018229805435559,6.21666346184826,3.662673058758661,0.0010000000036102822,0.000999999996842725,0.001000000000460559,0.001000000007043753,0.0009999999988848725,0.0009999999917020945,5.000247843676915e-6,5.000248043823713e-6,0.9352160150033559,0.26401355273054083,0.2819573018037106,0.02481777001736703,0.00010899382539591319,0.00011466983134165819,0.000250540802859712,0.00110499999999998,0.0011049999999999797,0.0011049999999999743,0.0010010499999999912,0.0010010499999999983,0.0010010499999999981,0.27724663490644386,8.73121327782039,4.755093640625027,0.02566697989267805,-0.03349414738307765,-0.027777439495692127,-23.531807646459463,-12.587661042505381,-35.87397493634905,1014.7700042724609,0.1661698620658112,44.71166208624723
2025-06-11T20:36:13Z,39.98309534935934,-75.15197758647093,35.39368779482102,9.944156296834153,-5.243433511380035,1.7562252847651465,1.0349094702322914,6.212691070033839,3.604139465827955,0.0010000000038095978,0.0009999999968462864,0.0010000000005274748,0.0010000000072912791,0.0009999999990398,0.00099999999152765,6.000247625465233e-6,6.0002481392446316e-6,0.9577366156105374,0.3449245216740151,0.3821671622616938,0.0236088612511094,0.00011990007294990313,0.00012185461421772234,0.00026044805756952167,0.00110599999999998,0.0011059999999999803,0.0011059999999999738,0.0010010599999999916,0.0010010599999999985,0.0010010599999999985,0.1931379969713421,8.573895956081511,4.8414821064175655,0.01816184726925576,-0.045065212739504715,-0.03358353450969279,-19.88269555568695,-14.430820524692535,-36.17909908294678,1014.7627868652344,0.0685295985970447,43.73205849802742
2025-06-11T20:36:14Z,39.98341990921351,-75.15203902372504,33.77561315263442,11.544392211593708,-4.911832141267951,1.3373317279486803,1.0064593080842679,6.125684030114279,3.6474006693663035,0.0010000000041082637,0.0009999999967591857,0.001000000000636881,0.0010000000070663183,0.000999999999117965,0.000999999991265376,7.0002470771555135e-6,7.000248282539352e-6,0.9726183462899712,0.4408359394211688,0.5046462672071911,0.022881092809081356,0.00013025921474314617,0.00013147958263389867,0.00027547579388922824,0.001106999999999981,0.001106999999999981,0.0011069999999999745,0.001001069999999992,0.0010010699999999993,0.001001069999999999,0.2138511723577133,8.361575407031351,5.103074373244711,-0.018652459515538886,-0.0022143751720286016,0.09063216424394624,-18.03209756345165,-11.031040639293437,-34.48193001260563,1014.7073211669922,0.01830550877247592,40.445516403377454
2025-06-11T20:36:15Z,39.98383328113485,-75.1520927471794,32.03569732130401,14.450194714151559,-4.247612541071404,0.7971136130573956,0.9873908027839271,5.938526846497403,3.7553303388049386,0.001000000004079588,0.0009999999968554575,0.0010000000004333192,0.0010000000069546602,0.0009999999987397074,0.0009999999915852084,8.000245912729185e-6,8.000248489004572e-6,0.9847213203582377,0.5502188675469606,0.6478190997743929,0.024688956759573104,0.00014852004636424393,0.00014278939487612422,0.0003010472689087473,0.0011079999999999814,0.0011079999999999816,0.0011079999999999749,0.0010010799999999925,0.0010010799999999995,0.0010010799999999997,0.31086721373404264,8.50442398453083,4.879752272605259,0.013231271778736396,-0.007884860528501727,0.2110538331199429,-21.654999674582967,-13.633624154694227,-35.79305648803711,1014.7066345214844,0.02999131595634486,43.99946761660378
2025-06-11T20:36:16Z,39.984333288357064,-75.15212946610025,30.02124744766011,18.21760447471001,-2.5389695563360704,0.08292264610745304,0.9763197688319551,5.882587066718986,3.8088620802216715,0.001000000004148434,0.000999999996936911,0.001000000000085776,0.0010000000071856857,0.0009999999989156812,0.000999999991698756,9.000243719833566e-6,9.000248777499015e-6,1.0013202854735685,0.6750469563541618,0.8130595571351393,0.02988334117985404,0.00016145142051968048,0.00015220068682468522,0.00031534230342590943,0.0011089999999999804,0.0011089999999999813,0.0011089999999999735,0.0010010899999999918,0.0010010899999999992,0.001001089999999999,0.27147345573378273,8.520334637539088,5.212587019509306,0.013698518779887902,0.015677800136987777,0.06855611980703667,-24.294266255696616,-14.956657473246256,-34.255430433485245,1014.7431793212891,0.21193769191723671,44.57962505793031
2025-06-11T20:36:17Z,39.98330500867852,-75.15147517239099,30.085350619184652,1.1008153357958215,-0.14176475438571898,1.7836899771321584,1.089921264242356,6.031748056200318,3.91523721262769,0.00100000000433633,0.0009999999967853972,0.0009999999999351053,0.0010000000076601215,0.0009999999989121894,0.0009999999913754749,3.30548478095606e-10,3.305482934148395e-10,0.7244027224705433,0.19457873994440525,0.2063464516970839,0.018121855237437232,0.00008264778387364158,0.00007212992834374999,0.0003168131293693566,0.001109999999999981,0.0011099999999999819,0.0011099999999999743,0.0010010999999999922,0.0010011,0.0010010999999999993,0.44416563885776006,8.34922114714293,5.0044496571731205,-0.020604768568479568,0.033776822895939584,0.04837362359347444,-23.61818289756775,-14.400066395600637,-37.663432359695435,1014.7409475226151,-0.03602192476664139,46.730181629995975
2025-06-11T20:36:18Z,39.983318773028586,-75.15146577853663,29.822659561848305,2.7555586854144543,1.7144137805228832,1.1493564973077464,1.0950527636146679,6.01021290810406,3.9448650660238753,0.0010000000042745157,0.0009999999967283352,0.0009999999999044322,0.0010000000074639232,0.0009999999987592664,0.0009999999911818867,1.0003305512830388e-6,1.0003305578868102e-6,0.7550704053384926,0.24314449893986492,0.256018423134929,0.020307430897395506,0.00009320375010709738,0.00008215228262743129,0.0003287278688056935,0.0011109999999999814,0.0011109999999999816,0.001110999999999974,0.0010011099999999917,0.001001109999999999,0.001001109999999999,0.21321371835781625,8.422177165988321,4.678238273650472,0.013461140527216774,0.016533092275573574,0.030099432457403437,-21.588771119409678,-15.839832325370944,-37.723146010418326,1014.7447814941406,-0.14390640510007527,46.2602029998725
2025-06-11T20:36:19Z,39.98335317429898,-75.15143312568418,29.010752592560436,4.245727483602672,3.6658077275508174,0.5665557896620197,1.1208354233046012,6.067733014706763,3.8534535093662616,0.0010000000043734341,0.0009999999966687997,0.0009999999998428332,0.0010000000073750934,0.0009999999987298368,0.0009999999909215873,2.000330560475285e-6,2.000330591120383e-6,0.7895189390407096,0.30495618609061803,0.3194416916219698,0.02268617509596248,0.00010123692017495861,0.00009085465945248365,0.0003326927953027542,0.0011119999999999806,0.0011119999999999826,0.0011119999999999733,0.0010011199999999908,0.001001119999999999,0.0010011199999999988,0.17345607116132486,8.400449184031741,4.784363326267416,0.004302739455218243,-0.052110834081613884,-0.09425065093243773,-20.881419824094188,-15.625460994486906,-36.22628099091199,1014.7423034667969,-0.11184040416727802,44.637737780942544
2025-06-11T20:36:20Z,39.983415852805315,-75.15137315725548,27.655804314844517,5.12842102451291,6.100042324117653,-0.23331565986261033,1.107746273469035,6.03749077157057,3.8781072994396912,0.0010000000042572322,0.0009999999962947933,0.001000000000068017,0.001000000007597964,0.0009999999990070174,0.0009999999909861199,3.0003305737299304e-6,3.000330655805654e-6,0.8275119146488912,0.3806748544326968,0.39573072573913515,0.025195611889363496,0.00011226044614862195,0.00010010821273266,0.0003454238093562676,0.0011129999999999799,0.0011129999999999827,0.0011129999999999725,0.0010011299999999903,0.0010011299999999998,0.001001129999999999,0.18514319618353997,7.836179851535314,5.350096160411992,-0.0071002895396458515,0.01064710329244348,0.0345543155472438,-23.009453852971394,-14.406674722830454,-34.04994519551595,1014.7511535644531,-0.29084435357257993,43.547463716404465
2025-06-11T20:36:21Z,39.98350508420438,-75.15128544255093,26.0338090629445,5.18614608549491,8.100238760184423,-0.5264440154955197,1.1161281602047468,6.217180882838363,3.7959131679579508,0.0010000000040962197,0.0009999999966453256,0.000999999999726751,0.0010000000074504869,0.0009999999989724654,0.0009999999908040945,4.000330573957597e-6,4.000330761597998e-6,0.8668675140352925,0.47341250127109963,0.49284926356532527,0.02638217702881426,0.00011666596570643444,0.00010798132250073686,0.00033817857546337277,0.0011139999999999794,0.0011139999999999828,0.0011139999999999716,0.0010011399999999902,0.0010011400000000006,0.0010011399999999998,0.4923372312741623,7.977026237491498,5.682601384162835,-0.004632216574655138,0.00939236962312479,-0.20271209677152466,-20.005559577941895,-12.250507736206055,-37.047007369995114,1014.7240356445312,0.025240159972494874,43.849443136802755
2025-06-11T20:36:22Z,39.98362156519886,-75.15116766174988,24.326844600401373,5.092491095115032,10.918542896550472,-0.8764778476403584,1.119358180086681,6.082679748195931,3.814071319301603,0.0010000000042202026,0.0009999999970267714,0.000999999999613094,0.001000000007374841,0.0009999999986600233,0.0009999999910129595,5.000330508782982e-6,5.00033091935209e-6,0.906287319944791,0.5878341124117356,0.6059678347727019,0.02941398021816833,0.0001305540865278102,0.00011607605199053618,0.00035995121987870304,0.0011149999999999802,0.0011149999999999819,0.0011149999999999708,0.0010011499999999893,0.0010011499999999997,0.0010011499999999997,-0.06808852663114508,7.680365251544492,6.28725251579312,0.005041628624255659,-0.040393622822725773,0.12695840743755854,-24.532928625742596,-14.48699140548706,-35.74599917729696,1014.7542419433594,0.14425862196673123,45.7111510453099
2025-06-11T20:36:23Z,39.98375083727817,-75.15101690972648,22.592944009389054,5.387688744541318,13.728134105960198,-1.3151409358486894,1.0562077144346818,5.997564559043953,4.120252379926314,0.0010000000039600214,0.0009999999970955072,0.0009999999997719242,0.0010000000076406327,0.0009999999983972168,0.000999999990811203,6.000330264879141e-6,6.000331139786212e-6,0.9484874112765881,0.7210939490266592,0.7301707242929947,0.03360417701054188,0.00014299125491079367,0.00012588189328540387,0.0003752673561249498,0.0011159999999999805,0.0011159999999999814,0.00111599999999997,0.0010011599999999888,0.0010011599999999994,0.0010011599999999994,0.32222944140552034,7.7760893330506455,5.981190881457034,0.011182161503946308,0.2334037105855912,0.21799748974599165,-25.50638695557912,-12.19694972038269,-36.986332654953,1014.7310485839844,0.03370075063270946,46.55454265185418
2025-06-11T20:36:24Z,39.98387306316624,-75.15083690041045,20.841619106762703,5.977800047591521,16.40310293425186,-1.7122139248505444,1.0358051857923325,6.001226003036129,4.189629551722826,0.0010000000037433837,0.0009999999968797076,0.0009999999995337135,0.0010000000075948074,0.0009999999987108433,0.0009999999908579355,7.000329645431227e-6,7.00033143190671e-6,0.9955571714331471,0.8756785883038057,0.862472152362715,0.03832348352401845,0.00015175605888431595,0.00013263902431053288,0.00038304972613070385,0.0011169999999999802,0.0011169999999999804,0.0011169999999999691,0.0010011699999999887,0.0010011699999999991,0.0010011699999999991,0.25492968619963896,7.979830497744604,5.691524290085066,-0.0009890085333763307,0.06037763301303699,0.029481308335313924,-20.1541556930542,-13.053511714935302,-38.71694351196289,1014.7144927978516,0.02268969989968342,45.55854756157783
2025-06-11T20:36:25Z,39.98396965652793,-75.15062851746146,18.983142151748847,7.05146694196886,19.615370649464065,-2.293410868956524,0.9283077994883371,5.840744530034027,4.524496543810473,0.0010000000035571704,0.0009999999964515308,0.0009999999994802762,0.0010000000078058144,0.000999999998832743,0.0009999999910743512,8.000328365305608e-6,8.000331801878692e-6,1.0504567164366525,1.0583239339042363,0.9923092079120447,0.04594537035820875,0.0001760464036590753,0.00014170976303614895,0.00040714926951888284,0.0011179999999999806,0.0011179999999999803,0.0011179999999999693,0.0010011799999999878,0.0010011799999999982,0.0010011799999999982,0.10071616240961531,8.090180734637519,5.515816835403909,0.012780596399181537,0.17919491088306388,0.31981674473628163,-20.802991322108678,-14.357905893909688,-38.05304414398816,1014.7438354492188,0.009516145278852993,45.68307615318953
2025-06-11T20:36:26Z,39.98398756195663,-75.15040638455956,17.354672979057355,7.545897572581982,20.990219102679358,-2.281414862871398,0.7789662692583668,5.820159296046591,5.058509693442904,0.0010000000035717998,0.0009999999965646768,0.000999999999427888,0.0010000000079173083,0.0009999999984715425,0.0009999999912473651,9.00032606804365e-6,9.000332252832764e-6,1.1079166677083572,1.2551672548913797,1.1304343322163501,0.046940085055122885,0.0001772948270124704,0.0001550062191406096,0.00040544653877238733,0.0011189999999999816,0.0011189999999999796,0.0011189999999999683,0.0010011899999999882,0.0010011899999999986,0.0010011899999999986,2.8608910443747235,7.582340597156259,5.61950368309073,0.09283842548971857,0.3759574693974604,0.36114249127505704,-17.84859981536865,-12.482551727294922,-38.96509101867676,1014.7089233398438,0.07905904296442198,44.639224965284285
2025-06-11T20:36:27Z,39.98359930016334,-75.15138694808384,24.47606659907781,1.4412006038747516,4.632881793902269,0.6808017086350784,1.0403082045330538,6.196227551044461,4.4132532030904725,0.0010000000033747653,0.0009999999962834517,0.0009999999995099881,0.0010000000082457951,0.0009999999982136995,0.0009999999912041085,5.784454079588376e-10,5.784452901105776e-10,0.8108104092747922,0.22056719013263512,0.21331975763733524,0.02425179865312016,0.00008763604983978147,0.00007223901397178773,0.0003900567536277071,0.0011199999999999806,0.0011199999999999795,0.0011199999999999685,0.0010011999999999881,0.001001199999999999,0.0010011999999999987,-0.18381440756507836,8.75050042164426,4.3119451664132376,-0.006683838937364724,-0.4955574806366974,-0.6560837773742172,-17.82953715324402,-14.964570502440134,-36.50341590245565,1014.6984558105469,-0.02391243976637036,43.2934839073498
2025-06-11T20:36:28Z,39.983644417005394,-75.15130942479671,23.987851699660613,3.3572158159023466,8.479388279038561,-0.044043547726274015,0.990114126234814,5.8579794879963885,4.8441742392227285,0.0010000000030850622,0.0009999999963229756,0.0009999999995261245,0.0010000000082549573,0.0009999999984719294,0.000999999991403597,1.0005784482230104e-6,1.0005784548450403e-6,0.8501464758509525,0.26863635483192794,0.2500461736871956,0.029877467839989534,0.00011068610648645707,0.00008478510441722612,0.00045959668564245237,0.0011209999999999814,0.0011209999999999807,0.0011209999999999695,0.001001209999999988,0.0010012099999999985,0.0010012099999999985,-1.168113468696944,8.994906124118707,3.8002845039372577,0.06727659118922767,0.2009217976301297,0.5567746208046844,-24.2889794921875,-16.617375659942628,-32.51543979644775,1014.7167454769736,0.053084249327047243,43.855912686874056
2025-06-11T20:36:29Z,39.9837161653828,-75.15118696362299,22.837444780594545,4.93426241959247,12.065446607474168,-0.8567368418161376,0.9746070687887435,5.917743244247956,4.8524253577110645,0.0010000000029415721,0.000999999996520911,0.000999999999869703,0.001000000008595185,0.000999999998621793,0.000999999991629626,2.000578456850972e-6,2.0005784863179195e-6,0.8996825284410992,0.331380470169445,0.2961640760828987,0.03595046197666489,0.00011489226715376344,0.00009365229938963894,0.0004555593482529394,0.00112199999999998,0.00112199999999998,0.0011219999999999687,0.0010012199999999876,0.0010012199999999982,0.0010012199999999982,0.5275028814462517,9.09922970041007,3.6939686780576677,-0.011742831722161331,0.04053802849386273,-0.04722308929344153,-27.937999486923218,-7.437933176755905,-40.18197031815847,1014.7618713378906,0.05290670381664799,49.50192304716598
2025-06-11T20:36:30Z,39.98381438812739,-75.15102046397512,21.24070398100861,4.894638129781304,15.956830972904424,-1.5162217787059222,0.8959232179411653,5.83876538857481,5.084177445187146,0.0010000000033267762,0.0009999999965357364,0.000999999999703031,0.0010000000088908744,0.0009999999985385811,0.0009999999915991224,3.000578467852489e-6,3.000578543998289e-6,0.9599415787305232,0.4147922088392804,0.34957966604951024,0.042236529956696287,0.00012783994164551876,0.00010544517471650268,0.000474199744953119,0.0011229999999999788,0.0011229999999999788,0.0011229999999999678,0.001001229999999987,0.001001229999999998,0.0010012299999999977,0.2573197091754291,8.494269834998748,5.165239897410205,0.013832171211475848,0.12756440658685866,0.1918352225579548,-20.44364122549693,-13.092378894488016,-37.933611710866295,1014.7667541503906,0.1626145177325161,45.036731489166485
2025-06-11T20:36:31Z,39.98392717230182,-75.15081045089643,19.27669028763707,4.471556487565333,19.783437989747718,-2.2917994929709677,1.006534136572028,5.894447706815713,4.838963118372528,0.0010000000035570247,0.000999999996608131,0.0009999999996775477,0.0010000000093561825,0.000999999998199638,0.0009999999914499236,4.000578463256586e-6,4.000578631799662e-6,1.029050074633418,0.5178857093951048,0.4074922811956436,0.04874697736754559,0.00013604997223707542,0.0001082648366226378,0.00048085110697465203,0.0011239999999999798,0.0011239999999999798,0.0011239999999999686,0.001001239999999987,0.0010012399999999976,0.0010012399999999976,0.2019145822920165,8.27730402374614,5.26043483161956,0.011179555809912868,-0.15298875987281346,-0.17871545074514822,-19.33948952811105,-13.079644592440857,-39.186897355682994,1014.809326171875,0.02691293491269016,45.61470440284543
2025-06-11T20:36:32Z,39.984034626280085,-75.15056486706975,17.107536405476658,4.111936097248618,23.084059061719536,-3.0491233336414005,1.0164888945736026,5.862423185474073,4.8377669776202055,0.0010000000034046106,0.0009999999964257712,0.0010000000000210403,0.001000000009151069,0.0009999999982100553,0.0009999999915731065,5.000578394638711e-6,5.00057875226504e-6,1.10234696746829,0.6390310883665005,0.46730594709230855,0.054085195632685,0.0001496171179918951,0.00011389848810351327,0.0004987160655287235,0.0011249999999999804,0.0011249999999999804,0.0011249999999999691,0.001001249999999988,0.001001249999999997,0.001001249999999997,0.33810874249057904,8.205314892772252,4.984637699365938,0.008785557372239145,-0.01901987176503385,0.02823454175355276,-15.712105828888562,-12.31851408432941,-37.51275852748326,1014.80810546875,-0.17632803647680825,42.49492679093688
2025-06-11T20:36:33Z,39.98411046698319,-75.15029004943108,15.062506935304015,3.31441159097838,26.889038007929734,-3.538306746304032,0.9892969591354032,5.77836161144179,4.884315365924056,0.0010000000032383395,0.0009999999965566505,0.0010000000004611856,0.001000000009243597,0.0009999999981572198,0.0009999999913864255,6.000578170536895e-6,6.000578906613199e-6,1.1770582544885044,0.7961814523139568,0.5276893576051803,0.06196010988473603,0.0001716811472488454,0.00011925509878987867,0.000530592814335404,0.0011259999999999792,0.0011259999999999792,0.0011259999999999677,0.0010012599999999878,0.0010012599999999973,0.0010012599999999973,0.21451784705410334,8.442162966751248,5.438862939567113,-0.008202282279686586,-0.01309179656599248,0.09806096663673332,-14.370354847032196,-14.703489556604502,-38.04781559535435,1014.7526245117188,0.2613150958870947,43.247330445534814
2025-06-11T20:36:34Z,39.98411853052007,-75.14998970674561,13.201383086508685,3.031934912620549,30.448230287340046,-4.300948116682346,1.2150849228649991,5.876846109749391,4.429832378769205,0.0010000000032844303,0.0009999999966581587,0.0010000000007262004,0.001000000009266648,0.0009999999982952456,0.0009999999914380364,7.000577653450449e-6,7.000579093871052e-6,1.252740860452944,0.9794524793116143,0.5768236047529998,0.06977466264016711,0.0001758152514292772,0.00011437267096869296,0.0005274565962555906,0.0011269999999999802,0.0011269999999999802,0.001126999999999968,0.0010012699999999868,0.0010012699999999968,0.0010012699999999968,0.0013642705348533301,8.479783128741847,4.665085154413716,0.022794433369836546,-0.3460589138250996,-0.2787478309634619,-14.260823593139648,-15.224135665893554,-38.13549125671387,1014.6966247558594,-0.10556928238365026,43.46788104881369
2025-06-11T20:36:35Z,39.98404061302972,-75.14967337808211,11.492977714724788,3.1837763206912597,32.52386198965661,-4.461065938551288,1.158200498647513,5.862592629731568,4.5372090881292415,0.0010000000033842816,0.0009999999964458261,0.0010000000009176824,0.0010000000093645515,0.000999999998097353,0.000999999991369957,8.000576672458397e-6,8.000579312914811e-6,1.3207034748785158,1.1794928681358092,0.6224662191905155,0.07101137178904493,0.00018911660069632888,0.00011628828040201466,0.0005428135267309409,0.001127999999999979,0.001127999999999979,0.0011279999999999678,0.0010012799999999872,0.0010012799999999978,0.0010012799999999976,0.7854067007431569,8.783152026082481,3.9675756369505644,-0.01258678767266681,0.07847143468710636,0.06060212836618845,-19.4406995010376,-14.944755687713624,-37.64724746704101,1014.7315673828125,-0.11447723514940157,44.92880152586487
2025-06-11T20:36:36Z,39.98388335636995,-75.14934281529825,10.060902558716895,2.866105274663216,35.124595284766755,-4.482836027130438,1.1296901083625053,5.87976406219869,4.364755495037225,0.0010000000031699127,0.000999999996573494,0.001000000000868725,0.0010000000090405101,0.0009999999983236036,0.0009999999911758932,9.00057504242011e-6,9.000579564594535e-6,1.3756138108665552,1.4268365746442904,0.6609502446481036,0.07439675464504764,0.00019720293641840395,0.00011766683650404567,0.0005522161131015755,0.0011289999999999781,0.0011289999999999783,0.0011289999999999668,0.0010012899999999863,0.0010012899999999971,0.0010012899999999971,0.28753337233785276,8.549764611792714,5.1359780607664405,-0.09653046294493144,-0.14808195726196935,-0.07089077637040388,-18.411044490580657,-13.387134396300024,-36.58481154149892,1014.8280944824219,0.19349389811150558,43.08858310186727
2025-06-11T20:36:37Z,39.98386387448274,-75.15131192615192,25.416026253709386,-0.2420786789119613,15.447942235277443,0.9181167195219875,1.0233825209492484,5.92797826624621,4.6950234783724305,0.0010000000030676959,0.0009999999961480851,0.0010000000008947218,0.0010000000092310309,0.000999999998307648,0.0009999999910999496,5.371301247465222e-10,5.371300680879443e-10,0.9469691268541871,0.24861326589255298,0.20030876949627985,0.03989599179822878,0.00015993105691331394,0.00007638919476758329,0.0006016474595003054,0.0011299999999999776,0.0011299999999999776,0.0011299999999999663,0.0010012999999999867,0.0010012999999999973,0.001001299999999997,0.2646277044551413,8.448954833987802,4.556971950470532,0.019796730276469908,0.10754715476911515,0.26191786168187375,-14.452119731903077,-11.188131685256957,-28.07805534362793,1014.8146057128906,-0.17892748514718776,33.50241559529608
2025-06-11T20:36:38Z,39.98395003396092,-75.15110713990833,24.71668909101791,-0.308081218945482,19.270179199385517,0.013510159400313748,1.0942305551970157,5.84388529211063,4.731559288293299,0.0010000000032234953,0.0009999999957349388,0.0010000000012096407,0.0010000000091667793,0.0009999999985080606,0.0009999999908630159,1.0005371330370296e-6,1.0005371388727254e-6,1.0080483179808661,0.30066515448314324,0.23152665352185478,0.044325781281739834,0.0001809588031275882,0.00008482158009698242,0.0006506029251120058,0.001130999999999977,0.0011309999999999769,0.0011309999999999656,0.001001309999999987,0.0010013099999999977,0.0010013099999999974,0.20005009317091307,8.454081405047454,4.842535848221778,0.08502819412790569,-0.009850081420326891,0.08765461357864414,-19.16619954790388,-9.250836537808787,-33.19794211095693,1014.7242126464844,-0.03771698985059632,39.43374879872599
2025-06-11T20:36:39Z,39.9840571461148,-75.1508529674067,23.43691570827047,-0.6066593048091283,23.534213038253142,-0.7331124387383999,0.9482629031393665,5.7341457859913545,5.189422098341016,0.0010000000031126508,0.0009999999962479955,0.001000000001108569,0.0010000000091620136,0.0009999999981834436,0.0009999999909579887,2.000537141763724e-6,2.000537167061139e-6,1.0722807459455843,0.3731164890708109,0.2699749521602352,0.0501740876973507,0.0001929908546525145,0.00010683157366577221,0.0006962404739031493,0.0011319999999999774,0.001131999999999977,0.0011319999999999661,0.001001319999999987,0.0010013199999999974,0.0010013199999999974,0.9556945691747021,8.859846223835442,4.61584838950513,0.0786126596305121,0.3072994197323936,0.318742650305676,-20.257477079119003,-13.92891399227843,-39.592485233229034,1014.7181701660156,0.2527004827992541,46.60407905728943
2025-06-11T20:36:40Z,39.98417965073609,-75.15055472128482,22.3394844246919,-2.205066536263413,26.69474969341873,-0.2080986768238403,0.9690926779197546,5.902476523090688,5.637096582386343,0.001000000003584149,0.0009999999961223182,0.0010000000007212616,0.0010000000086466728,0.0009999999985046805,0.0009999999911715022,3.000537153392209e-6,3.0005372175929837e-6,1.1361860299090438,0.47117570154719063,0.32529453161800786,0.0534123372376613,0.00013860885712551837,0.00014261948661498306,0.0005875886356243054,0.0011329999999999776,0.0011329999999999776,0.0011329999999999663,0.0010013299999999863,0.001001329999999997,0.001001329999999997,1.7431255150574676,9.223153341162329,5.545150405120777,0.24220807470993977,0.4613040705937431,0.10117066544701851,-14.990314035999532,-20.905322016501913,-34.5095667936364,1014.6894836425781,1.1185775401139786,43.04239584524384
2025-06-11T20:36:41Z,39.984312106570464,-75.15022042785812,20.82333047207115,-3.031635579863947,29.464044243848267,-1.6525088660716225,1.0577371332889511,5.963209168725831,5.56973091976352,0.0010000000034433457,0.0009999999959807379,0.0010000000009331251,0.0010000000086162679,0.0009999999983846804,0.000999999991591265,4.000537152391393e-6,4.000537293075936e-6,1.1928684792907207,0.5714023177429556,0.36917310160845057,0.054477209581646355,0.00014536495527128171,0.00014531948417312548,0.000585888600544268,0.001133999999999977,0.0011339999999999773,0.001133999999999966,0.0010013399999999856,0.0010013399999999964,0.0010013399999999964,0.7651835043655257,8.190560007635657,3.327051038706575,0.0672799012313743,-0.02084886506215873,-0.08692785711862604,-1.7443347482577614,-23.024051624795664,-28.55383421027142,1014.8381652832031,-0.9102041796654258,36.72148393195032
2025-06-11T20:36:42Z,39.984436218956795,-75.14986971390675,19.096300771766906,-3.01283550686482,30.312566999034566,-1.7474619104114453,1.090441952920899,6.234576601609571,5.623570436977192,0.0010000000033727602,0.0009999999962103895,0.001000000000957083,0.0010000000087443813,0.000999999998477131,0.0009999999913183784,5.0005370980208475e-6,5.00053739545852e-6,1.23240593879587,0.6998555109084321,0.42304918554359316,0.048735862482251646,0.00013533255047687163,0.0001559110511231102,0.0005350199094915513,0.0011349999999999767,0.0011349999999999767,0.0011349999999999655,0.0010013499999999868,0.0010013499999999972,0.0010013499999999972,1.2361932254138428,8.718244158271993,3.960212680934927,0.04363912657531754,0.18073906676632762,-0.21912185823076513,-2.0304285442950776,-22.523938354180785,-26.211326093089824,1014.8116149902344,-0.1288547328017829,34.61907775889134
2025-06-11T20:36:43Z,39.98454309748984,-75.14951613467312,17.706162997473157,-2.902071094963936,31.01814347731208,-1.926105524762723,1.0959231887226832,6.139548567087549,5.589346738008856,0.0010000000033722038,0.0009999999961688686,0.0010000000008834014,0.0010000000083911027,0.0009999999987675315,0.0009999999911161153,6.00053691148177e-6,6.0005375285965324e-6,1.2492842889256304,0.8554368943936529,0.47961590496907447,0.04338999782967216,0.0001485174878579804,0.00015971247021991629,0.0005633303118803444,0.001135999999999977,0.0011359999999999773,0.001135999999999966,0.0010013599999999876,0.0010013599999999974,0.0010013599999999974,0.4644905261932311,8.809416387055741,3.7365763473186426,0.001111229784579443,-0.07518690074063511,0.07000669867960477,4.495575442606089,-21.78770567446339,-24.87828928110551,1014.7940673828125,-0.20357707847589718,33.374244727532364
2025-06-11T20:36:44Z,39.98459860628694,-75.14916638495232,16.84728623573313,-3.566292500230771,31.600178797342874,-2.058397338488783,1.0875814206015928,6.130190144568982,5.656160422357333,0.001000000003044364,0.0009999999962405908,0.0010000000009802996,0.0010000000082966312,0.0009999999988853621,0.0009999999910814158,7.000536461734312e-6,7.0005376977226555e-6,1.2494177419164272,1.0403541411309674,0.5442233113613274,0.039677303763532956,0.00015138857952025302,0.00017168178717294052,0.0005734351465900158,0.0011369999999999777,0.0011369999999999777,0.0011369999999999664,0.001001369999999988,0.0010013699999999977,0.0010013699999999977,0.2579524637432119,8.645914452926418,4.108105193948592,-0.0012967726662846983,0.05204834984366161,0.041543066734950056,4.358387674604144,-23.85348927244848,-25.15490570846869,1014.6312480725741,-0.20827714778836492,34.939236290968815
2025-06-11T20:36:45Z,39.98460847129631,-75.14881735331038,16.19910144957399,-4.323112966981583,31.6008583489759,-1.772201124117867,1.085070013844086,6.1552744854102395,5.746953836861297,0.0010000000032148865,0.0009999999963532966,0.0010000000011508741,0.0010000000084268495,0.0009999999984933849,0.000999999991053537,8.000535550432363e-6,8.000537910892998e-6,1.2375688155386988,1.2668642192743667,0.6223518898504105,0.03560044214138251,0.00015051166026254267,0.0001860872024671933,0.0005763270522375319,0.001137999999999977,0.001137999999999977,0.0011379999999999656,0.0010013799999999868,0.0010013799999999975,0.0010013799999999975,0.44889004578821184,8.767592707968598,4.686915652685256,0.0069089055914258145,0.08881756725440984,0.022588387420937647,5.515644769279325,-22.104905692898498,-23.937146595546178,1014.6529235839844,0.16782841242421603,33.04592001744528
2025-06-11T20:36:46Z,39.984561807461006,-75.1484717200848,15.808698273770903,-4.692677900883163,31.594839014237987,-1.7193670162156114,1.092859928168909,6.172764861352847,5.648515712970131,0.001000000002874281,0.0009999999965506423,0.0010000000009948043,0.001000000008414129,0.000999999998202691,0.000999999991241956,9.000533894374864e-6,9.000538177318252e-6,1.2168563495742686,1.5234064336059334,0.7062936369779333,0.032094909000053094,0.0001671995748043112,0.00018389518281705945,0.0005865041953932482,0.0011389999999999775,0.0011389999999999775,0.0011389999999999662,0.001001389999999987,0.0010013899999999976,0.0010013899999999976,0.4756782313857238,8.658073255503663,4.33755762058868,-0.007243796611428035,-0.08188978736490897,-0.05790674689952104,9.3205457230409,-18.455803751945496,-20.013083000977833,1014.6549072265625,-0.08851389233174593,28.775160097554906
2025-06-11T20:36:47Z,39.984089584805346,-75.15190499538264,26.00269621139494,3.0139574466831074,0.051676789279121366,1.6866472866929831,1.2929832922273228,0.14095680324683757,5.7217530457069,0.001000000002980025,0.000999999996082371,0.0010000000014324959,0.00100000000837428,0.0009999999979633549,0.0009999999912049706,3.305484916179364e-10,3.3054843367671897e-10,0.7698071425054358,0.14034384011844805,0.1267413217789524,0.015830735384516098,0.00008182937962690728,0.00008114256747837006,0.0005869068080553378,0.0011399999999999785,0.0011399999999999785,0.0011399999999999672,0.0010013999999999878,0.0010013999999999984,0.0010013999999999984,0.7834631835789548,8.783879684451692,4.361257931231457,-0.0028353987184898616,-0.015742868698422643,-0.0002686162222863504,1.0211659408313163,-17.9197231860871,-25.823765612663106,1014.7024230957031,0.057897839605066885,31.448735126288394
2025-06-11T20:36:48Z,39.98409260438172,-75.15191792567424,26.544958496836784,3.53377571953018,-2.335023363825081,1.388295911127857,1.3498301888166244,0.10078735370966606,5.863268369185079,0.0010000000029019745,0.000999999996266715,0.0010000000016762163,0.0010000000083931668,0.0009999999979719571,0.0009999999914417064,1.0003305503683408e-6,1.000330554271417e-6,0.7894509194803154,0.18550389188123542,0.157299142916548,0.014988588532428657,0.00008711812709024116,0.00009499736510968948,0.0006062828833517791,0.0011409999999999775,0.0011409999999999773,0.001140999999999966,0.0010014099999999884,0.001001409999999999,0.001001409999999999,0.4638103218495848,8.958219489101513,4.2626452401042565,0.03991664597224042,0.12764009081589692,0.0736071627148833,2.3573387350354875,-25.297321981313278,-25.827399429009887,1014.5760803222656,0.15143864949427524,36.22930352109113
2025-06-11T20:36:49Z,39.98408756323268,-75.15195998268695,26.599023341039967,3.73801912895894,-5.100645776157535,1.0040208729746412,1.3710631073317887,0.13214616555529962,5.938115288272226,0.0010000000030874325,0.0009999999965242133,0.001000000001420433,0.0010000000083757294,0.0009999999977632714,0.000999999991026381,2.0003305568467636e-6,2.0003305746277474e-6,0.8038503979699698,0.2713664793452227,0.20147316213052588,0.015316220884425125,0.00009579168013543501,0.00010691144778345981,0.0006131478598459972,0.0011419999999999766,0.0011419999999999764,0.001141999999999967,0.0010014199999999883,0.001001419999999999,0.001001419999999999,0.16439210148376804,8.868406765586247,4.509763994032922,0.012296273214978354,0.08009398079022424,-0.015668011332010946,5.369493786169558,-23.509648692851165,-25.040375028337753,1014.651611328125,0.1707902326500253,34.764233089361845
2025-06-11T20:36:50Z,39.98407699277519,-75.15203379337079,26.365824856539646,3.5239071181610675,-7.805222908578129,0.5131754488747224,1.3728685013441277,0.026374016651689244,5.988912365481761,0.0010000000028324394,0.000999999996027627,0.0010000000013751641,0.0010000000081200845,0.0009999999979395905,0.0009999999910653787,3.0003305678639845e-6,3.0003306149854277e-6,0.8152658870359124,0.39694247053318,0.2593547704834848,0.016945605102412706,0.00010290300560533533,0.00011813863273272823,0.0006387637637362856,0.0011429999999999758,0.0011429999999999758,0.0011429999999999674,0.001001429999999989,0.001001429999999998,0.0010014299999999996,-0.04738616543571942,8.712965001109737,4.488143113492499,-0.0028043998541552873,0.02972645430135107,0.11388577308393884,4.350519890785217,-23.64384349822998,-25.209347381591797,1014.56982421875,0.02162118971591516,34.83483920568898
2025-06-11T20:36:51Z,39.984062617177564,-75.1521409317445,25.742423702455383,3.013555634960204,-10.732067599819647,0.05005095896200515,1.3684063876236474,0.03369423483568383,5.894413321240202,0.0010000000032310673,0.0009999999964117848,0.0010000000014729377,0.0010000000082336826,0.0009999999978038427,0.000999999991147217,4.000330573956366e-6,4.0003306826775e-6,0.8278079850101994,0.5698198531773403,0.3331027859504509,0.020196318935035814,0.00011505705947807097,0.00012582809888459347,0.0006468350657762165,0.0011439999999999768,0.0011439999999999766,0.0011439999999999664,0.001001439999999989,0.001001439999999997,0.0010014399999999997,0.26683146868575774,8.674993033821808,4.751508727870267,-0.002665050623985476,-0.09031387180722096,-0.026114767643602523,5.568926402500698,-23.383913818670777,-24.824758724290497,1014.5790405273438,0.11546849499667157,34.55554238006198
2025-06-11T20:36:52Z,39.984040343123844,-75.15228065601939,24.88823810542731,2.0391708399687696,-13.171970664246501,-0.5609848494066625,1.3628643035889239,6.196824465133072,5.812893067377016,0.001000000003331273,0.0009999999965823103,0.0010000000019260479,0.0010000000083659139,0.0009999999973569235,0.000999999990937723,5.000330541264393e-6,5.000330786997435e-6,0.8460124686701643,0.7709853666411077,0.42121164786131693,0.024072315164323344,0.00012736134135214158,0.00013370033750968112,0.0006786306574551913,0.0011449999999999757,0.0011449999999999757,0.001144999999999967,0.0010014499999999888,0.0010014499999999957,0.0010014499999999994,0.40980867055699005,8.506465956166021,4.416021140606779,-0.008820396716597031,-0.1040085651317846,0.10174210184106812,3.880638211331469,-22.832429277135972,-25.450237842316323,1014.4778747558594,-0.18570649337016487,34.410613148413944
2025-06-11T20:36:53Z,39.984003070469136,-75.15244996730773,23.79005049019754,0.40378251049189,-15.614528859388955,-0.9021049645368118,1.3590416711555733,6.112205617975581,5.915345723355079,0.0010000000030468725,0.000999999996553402,0.0010000000020388767,0.0010000000085971079,0.0009999999972940257,0.0009999999909271252,6.0003303905588345e-6,6.000330938213309e-6,0.8736659921133789,1.0170032485770113,0.52839357005215,0.029474830253644165,0.00013608025543091035,0.00014642238015662176,0.0007024414898798998,0.0011459999999999743,0.0011459999999999745,0.0011459999999999667,0.001001459999999988,0.0010014599999999953,0.0010014599999999987,0.7475411809444643,8.685778755191407,4.762080258963566,0.008526033811772655,0.08318088265899538,0.10465237227267198,3.117722394515057,-24.693297561334106,-25.47185668166803,1014.4575805664062,0.15510299050617105,35.613073578123746
2025-06-11T20:36:54Z,39.98394867240818,-75.15264571704705,22.40653850934729,-1.553593220601572,-17.58001431327444,-1.3844397533707744,1.356127657585419,6.0793378562678715,5.984115586935945,0.001000000002932782,0.0009999999962401222,0.0010000000021946878,0.0010000000082580997,0.0009999999973589588,0.0009999999912222218,7.0003299822843086e-6,7.000331147747526e-6,0.9131521011863649,1.2822553475813936,0.6514699699406851,0.03505553328502145,0.00014361197403088801,0.0001580514549322891,0.0007141981367067689,0.001146999999999973,0.0011469999999999749,0.0011469999999999673,0.0010014699999999874,0.0010014699999999943,0.0010014699999999995,0.5800547936304737,8.679404233935943,4.385196988520968,0.009238753183586653,0.059999515041449875,0.04655743445633462,6.668669291904995,-22.211219982225067,-23.166554704004405,1014.5410308837891,-0.03683252057089299,32.77949628708049
2025-06-11T20:36:55Z,39.98382442294365,-75.15286259551549,20.955671564958863,-4.048558040372776,-19.74360715336686,-1.946798518538684,1.3685060797253297,6.06015080121454,6.018375182621199,0.0010000000025198596,0.0009999999964084468,0.0010000000024049543,0.001000000008263931,0.0009999999970939982,0.0009999999914711093,8.000329113324897e-6,8.000331425412704e-6,0.9662463015920266,1.5899959875105765,0.7903632664381016,0.04353258170539377,0.00015009980730659636,0.00016857284708669034,0.000722560694822018,0.0011479999999999726,0.001147999999999974,0.0011479999999999683,0.0010014799999999871,0.0010014799999999934,0.0010014800000000003,0.1635415154256401,8.598183931354468,4.721136365173052,0.020449549448001925,0.027795960580492086,0.025690432107376884,5.850662410259247,-23.318520387013752,-23.772462089856464,1014.4612121582031,0.03224495395730151,33.80991230074074
2025-06-11T20:36:56Z,39.98362016167639,-75.15309778746244,19.05025399712921,-5.563267080301068,-21.608647056149174,-2.9568852774773533,1.3530459947232027,6.230939746859386,5.979430780282431,0.0010000000024636304,0.0009999999962793807,0.0010000000024308212,0.0010000000083808377,0.0009999999971475348,0.0009999999910798932,9.00032754614949e-6,9.000331779990551e-6,1.0323008067485913,1.9042969384611976,0.9301352277440005,0.049774119950109004,0.0001482799244832856,0.00017740897064384795,0.0007013315958643524,0.0011489999999999732,0.0011489999999999732,0.0011489999999999693,0.0010014899999999873,0.0010014899999999942,0.0010014900000000011,0.1529815857981279,8.04315110126497,4.193581443068961,-0.01852602421953806,-0.004898032842985265,-0.1767513754345641,5.8778582115968065,-22.727837045987446,-22.257882992426556,1014.5332397460937,-0.7059619181789922,32.34986660815013
2025-06-11T20:36:57Z,39.98422940125238,-75.1528864630261,18.07873822376474,-5.5092201261317175,-7.402409451039438,-1.2359984605867573,1.2183946272592532,6.084115267579388,5.892128545443113,0.001000000002734139,0.00099999999678753,0.001000000002709298,0.0010000000079877984,0.0009999999968954955,0.000999999991358604,3.3054849305072524e-10,3.305482646326581e-10,0.7182945180829672,0.035509869905542,0.03487504056809104,0.017690289471238616,0.00005630441156427201,0.0000764705239580059,0.0004045348939953924,0.0011499999999999722,0.0011499999999999722,0.0011499999999999685,0.001001499999999988,0.0010014999999999944,0.0010015000000000015,0.468959807484703,8.647296268622556,4.394771104763968,0.0005998165776653292,-0.11717104791324011,0.07402653473130316,4.027991766832312,-30.201970820524256,-28.01169749668666,1014.4385681152344,-0.06820259566202186,41.38882409139173
2025-06-11T20:36:58Z,39.98416794352277,-75.1529771457598,17.54481225784667,-7.06583240515728,-8.086573752930553,-1.6040600274471981,1.2070080089173365,6.125672617851471,5.828976717630092,0.00100000000304768,0.0009999999968129667,0.0010000000023936556,0.0010000000081314252,0.000999999996689427,0.000999999991684809,1.0003305489969468e-6,1.0003305499077215e-6,0.7510917229701788,0.04733346178860674,0.04719161408298823,0.01869089928186628,0.00006535328152141448,0.00008634362102061914,0.0004123856223895895,0.0011509999999999726,0.0011509999999999726,0.0011509999999999687,0.0010015099999999889,0.001001509999999995,0.001001510000000002,0.5320465671392756,8.343930229190224,4.497571837839756,-0.021408850627367155,-0.04420022940553308,-0.06092346881423803,5.57003189086914,-24.802355537414552,-23.487927665710448,1014.3512878417969,-0.2856390360733738,34.61013338089123
2025-06-11T20:36:59Z,39.98409561788508,-75.15307480695746,16.90858103235895,-8.785854597902945,-8.65315057759976,-1.4845160156496418,1.20250022984743,6.081299637595101,5.873366414026903,0.0010000000032175983,0.0009999999970955057,0.0010000000023360786,0.0010000000083303859,0.0009999999965628792,0.000999999991914117,2.000330550868602e-6,2.000330555958884e-6,0.7839466906003056,0.07270309620333201,0.07216145301507916,0.019926696550113608,0.00007593884226996146,0.0000964150044374388,0.00042392775835609997,0.0011519999999999727,0.001151999999999973,0.0011519999999999692,0.001001519999999988,0.001001519999999995,0.001001520000000002,0.4450544407869414,8.785356814056781,4.737716083519351,0.004996426079387613,0.024592973069462305,0.05731177866832351,5.861726429997658,-24.48390583116181,-24.515276928337254,1014.4432220458984,0.2119324406790175,35.1399590465445
2025-06-11T20:37:00Z,39.984008184083635,-75.1531755012203,16.394558949194874,-10.832238486311269,-8.747043155452618,-1.8933911359890971,1.177254808722073,6.0648890934089055,5.931585728263665,0.0010000000029191279,0.000999999997161941,0.0010000000021336255,0.0010000000085457384,0.0009999999964978381,0.0009999999922197076,3.000330553055459e-6,3.000330568728388e-6,0.8165589834014559,0.1113245870888945,0.10997811039198166,0.02155415368959338,0.00008599035124184452,0.00010628547316543643,0.00043631427632450276,0.0011529999999999715,0.0011529999999999737,0.0011529999999999698,0.0010015299999999888,0.0010015299999999957,0.0010015300000000029,0.08166542708024241,8.4254926314383,4.380085174776761,-0.01075422744550842,0.04647921852936803,0.03729299552652096,6.348232483377262,-23.0928565823302,-23.450640386464645,1014.3594874331826,-0.2830318120517651,33.518789016290626
2025-06-11T20:37:01Z,39.98389293864302,-75.1532760304636,15.890154441523558,-12.290799727139984,-8.864893741948636,-1.9835083736217218,1.1885660846648352,6.154996448088704,5.91777654174951,0.0010000000027918703,0.0009999999970441028,0.0010000000020461554,0.0010000000086886332,0.000999999996694435,0.0009999999924993062,4.0003305455032034e-6,4.000330592170279e-6,0.8487170756733287,0.16702824371321787,0.16216493941010365,0.02281650347754295,0.00009264271799906657,0.00011605575286440783,0.0004445174182997878,0.0011539999999999712,0.0011539999999999743,0.0011539999999999686,0.0010015399999999891,0.0010015399999999963,0.0010015400000000035,0.27605109788625604,8.626376743394285,4.351602928290384,0.012168907902476211,0.02149109815225044,-0.08687219665911604,6.132207899093628,-24.816751594543458,-26.134595565795898,1014.2923278808594,-0.11361259591709276,36.55801570760543
2025-06-11T20:37:02Z,39.983740576533265,-75.15337976264063,15.442386929061817,-13.077265009066242,-9.543345959526286,-1.8796276179331863,1.1935023032046221,6.1911412043087966,5.873312996260088,0.0010000000029483842,0.0009999999965897793,0.00100000000243027,0.0010000000087715456,0.0009999999970056793,0.0009999999925567125,5.000330494084425e-6,5.000330631718119e-6,0.8796755100113756,0.23857985720072716,0.2289740469756713,0.023484859674289718,0.00010097267423352831,0.00012569484874650627,0.00045354381564388066,0.0011549999999999705,0.0011549999999999744,0.0011549999999999677,0.0010015499999999882,0.0010015499999999952,0.001001550000000002,0.5010730767929947,8.623653739932156,4.648023453889231,0.003701397285722793,-0.027208583045704907,-0.047261882867613965,5.4421758848428725,-21.128935508728027,-22.400175704956055,1014.3534240722656,0.030004269659700735,31.27001591758456
2025-06-11T20:37:03Z,39.98353211901649,-75.15348869074442,15.27141018263981,-13.999135777246696,-10.168306346773486,-1.8588329580101182,1.1868213550589026,6.156983723402641,5.825636374275387,0.0010000000027781918,0.0009999999964904077,0.0010000000022013502,0.0010000000088270056,0.0009999999973107103,0.0009999999927191574,6.000330319548059e-6,6.000330694768088e-6,0.9089035514750063,0.32588377103297644,0.3133131724190064,0.024494567472161825,0.0001105686231469995,0.0001351341432784219,0.0004622397451575418,0.0011559999999999715,0.0011559999999999754,0.0011559999999999678,0.001001559999999989,0.001001559999999996,0.001001560000000003,0.3282655789217299,8.487107919696403,4.730023371217205,-0.0072159849656080605,-0.05589466909485389,0.017790702299027048,8.834293754733338,-29.98884422925054,-23.714060763923488,1014.2843322753906,-0.05752155943517542,39.23937084236094
2025-06-11T20:37:04Z,39.9832529140755,-75.15360186003034,15.26317227482154,-15.328858057653383,-10.726444298106294,-1.7952457184916535,1.172119673918889,6.080868785037393,5.834551007826135,0.0010000000027646065,0.0009999999962230588,0.001000000001904576,0.0010000000087254115,0.0009999999977607426,0.0009999999926627785,7.000329875669738e-6,7.000330790550674e-6,0.9375201275257248,0.4299588289422918,0.4194771758054608,0.02650057685514884,0.00012204528519485142,0.0001442659895391419,0.0004726951578216093,0.0011569999999999719,0.0011569999999999755,0.0011569999999999682,0.001001569999999988,0.001001569999999995,0.0010015700000000024,0.43366283391883315,8.404096406940154,5.044772581694309,-0.0076384503097942195,-0.020096930864385982,0.07832764716813355,6.782467842102051,-23.337623634338378,-24.90215145111084,1014.2531890869141,0.0323667479047178,34.795979166383425
2025-06-11T20:37:05Z,39.982906096062166,-75.15371783988246,15.304412862999833,-17.325151215398986,-11.009311943063791,-1.6664167549251525,1.1440496591268343,5.998893971327107,5.962887653088847,0.00100000000282152,0.0009999999964827098,0.001000000001653818,0.0010000000086521261,0.0009999999973776955,0.0009999999928437919,8.000328934445897e-6,8.000330931070739e-6,0.9683924235466473,0.5518651448300107,0.5528971685318842,0.030262794282658392,0.00013694213066211972,0.0001517052609931235,0.0004912526980973607,0.0011579999999999724,0.001157999999999976,0.0011579999999999685,0.001001579999999989,0.0010015799999999958,0.0010015800000000028,0.36716653770555313,8.499263457399369,5.2780635678213885,0.008799490506417259,0.08229617079571297,0.1312496574247519,5.593211908340454,-25.88888748168945,-27.202095565795897,1014.3097598427221,0.2323368851668982,37.96667839765998
2025-06-11T20:37:06Z,39.98245362003221,-75.1538315256737,15.479322286800173,-19.328980508921294,-10.944854186394963,-1.8474063969346042,1.1137787819617868,5.98787070565231,6.05893595661688,0.0010000000026375048,0.000999999996158436,0.0010000000015160315,0.0010000000088776209,0.00099999999772882,0.000999999992367117,9.000327187798878e-6,9.000331130800297e-6,1.0039578181374893,0.6829480784440941,0.7070528708120156,0.03477386365571508,0.00014873660613914892,0.00015737236528010222,0.0005070183720496853,0.0011589999999999734,0.0011589999999999762,0.0011589999999999697,0.00100158999999999,0.0010015899999999962,0.0010015900000000032,0.3652439144608271,8.321823122439444,4.9948436299171926,0.0034086216652857637,0.07861698938597986,0.05670278171420462,6.546031827926636,-24.758435592651367,-25.302311401367188,1014.2452697753906,-0.06658688871638734,36.00047191610979
2025-06-11T20:37:07Z,39.984346224264726,-75.15384123569282,20.35564723408449,-1.3551625467455224,-6.411020598525364,1.2043018022133154,1.020086324847132,6.171155183266787,6.0345646533540265,0.0010000000023333954,0.0009999999960343966,0.0010000000018770322,0.0010000000089516606,0.0009999999977207833,0.0009999999928149283,5.371300908827237e-10,5.371300687875928e-10,0.7227936461233954,0.20717107366559961,0.21272073758370885,0.01903234118551153,0.00008727585224303776,0.00007426323228309024,0.0005070889191750269,0.0011599999999999736,0.0011599999999999755,0.0011599999999999707,0.001001599999999991,0.0010015999999999953,0.0010016000000000024,0.41974821586456895,8.280378438079225,5.118774337856445,0.001749933400912073,0.05890647492392394,0.09645491365239918,6.100259466374174,-23.888378265056204,-26.707876043116794,1014.2721557617188,-0.03576851313733951,36.34796747239027
2025-06-11T20:37:08Z,39.984312179833154,-75.1539151254386,21.88786782713217,-2.0987945261082843,-6.215852081524047,1.194264141617874,1.0173207274680638,6.14767706140639,6.095339897877225,0.0010000000021241715,0.0009999999958692286,0.0010000000017800692,0.0010000000088014607,0.0009999999975826158,0.0009999999923012521,1.0005371329028257e-6,1.0005371399931033e-6,0.7580464049886739,0.2591676902106377,0.2664037752987995,0.019434706342893456,0.00009868823479258346,0.00008301707049145529,0.0005221273261420377,0.001160999999999974,0.0011609999999999748,0.0011609999999999709,0.001001609999999991,0.0010016099999999944,0.0010016100000000013,0.400293641028455,8.326133750919492,5.131113498447449,0.004992007150144123,0.03884701647104689,0.05216912087056917,4.451008086301843,-24.69578727410764,-27.4283383427834,1014.228515625,0.008769644660852487,37.17530574712252
2025-06-11T20:37:09Z,39.984276720363006,-75.15398504897948,23.09151485942107,-3.08636834649127,-5.742859106925277,0.9005647452574825,0.9958231067884459,6.097278216623335,6.264440366310265,0.0010000000018676363,0.0009999999961823505,0.001000000001354644,0.0010000000085454222,0.0009999999974468115,0.0009999999923467127,2.000537142757079e-6,2.000537174362638e-6,0.7924674617900312,0.322239264932398,0.33382295248174554,0.020006243480810256,0.00011235762304196778,0.00009044920608388184,0.0005441796163929593,0.0011619999999999727,0.0011619999999999736,0.0011619999999999697,0.0010016199999999902,0.0010016199999999939,0.0010016200000000008,0.4796359884587295,8.245924991611796,4.799452197192319,0.005792794601572207,0.11520362005030794,0.13340200761730453,3.384035930633545,-24.321919517517088,-26.696283493041992,1014.2149353027344,-0.226684194933818,36.27251498231006
2025-06-11T20:37:10Z,39.98423728650151,-75.15405195392132,23.91987853784743,-4.741422606648561,-5.666197506289905,0.8093021196041091,1.0006751121235002,6.0800272063335425,6.2075342126315975,0.0010000000015108529,0.000999999996167757,0.0010000000010563336,0.0010000000087302713,0.0009999999977737325,0.0009999999922459318,3.0005371610824645e-6,3.0005372415899396e-6,0.8259096572381984,0.3978116129969249,0.4199169386101111,0.021370760938719785,0.00012252763173454823,0.00010011907667447368,0.0005570904921284597,0.0011629999999999722,0.0011629999999999742,0.0011629999999999703,0.0010016299999999897,0.001001629999999993,0.0010016300000000003,0.2584196953392937,8.279818433181532,5.336716944362298,-0.00611807821148595,-0.05636857137201215,-0.015869272484707025,6.594343857765198,-20.82954776763916,-25.64683952331543,1014.2379028320313,0.074362958976507,33.69142907233848
2025-06-11T20:37:11Z,39.984189885994546,-75.1541217069241,24.522144587508247,-6.738705174232204,-6.1795200311398615,0.6589329825362169,0.9923989439019827,6.059225782226907,6.223654853875095,0.0010000000012252393,0.0009999999961388532,0.001000000001212182,0.0010000000085315108,0.0009999999976605452,0.0009999999924067047,4.0005371824589526e-6,4.000537352344496e-6,0.8594686709193974,0.48248802156357007,0.5245688149964426,0.02329497479725484,0.0001337930542607698,0.00010865971912152588,0.0005716361995292357,0.0011639999999999728,0.0011639999999999728,0.00116399999999997,0.0010016399999999885,0.0010016399999999922,0.0010016399999999998,0.16836533894162756,7.929510627983967,5.889264462450489,-0.00486234662152159,0.0019752712258143653,0.025609201296098952,4.766963149211844,-24.83123207092285,-19.22122406472965,1014.2295227050781,0.09905496661379468,31.76108087517263
2025-06-11T20:37:12Z,39.98413618259546,-75.15419504256268,24.9501431340396,-8.286956830486778,-6.255891845386818,0.5147331068877165,1.009562109674404,6.137075704315826,6.088897940868537,0.001000000001281476,0.0009999999959254074,0.001000000001012857,0.0010000000083751949,0.0009999999974618387,0.0009999999925666345,5.000537179470048e-6,5.000537518813319e-6,0.8926895908407679,0.5803216147503465,0.6497175043872995,0.024525725298665688,0.00013809369329447483,0.00011867884111251578,0.0005635931195774267,0.0011649999999999727,0.0011649999999999727,0.0011649999999999688,0.001001649999999988,0.0010016499999999915,0.0010016499999999985,0.3275125685577402,8.095724393420285,5.491452923131237,-0.0077781393315276325,-0.0700957191225495,-0.13858257075384886,2.8203959330916404,6.174175882637501,-35.09793546676636,1014.1903839111328,0.008304696079864001,35.74823815017295
2025-06-11T20:37:13Z,39.98407831511419,-75.154270309338,25.22660187759295,-9.997367488763699,-6.498752463576501,0.3630584969285066,0.9513585109780048,6.0256417307618895,0.19148802277542762,0.001000000000883285,0.000999999995612503,0.0010000000006998798,0.0010000000085030477,0.0009999999975045279,0.0009999999928188346,6.000537082463701e-6,6.000537756572128e-6,0.9246508579499951,0.6875033214436085,0.7975536144211839,0.02605878547753556,0.00015775238475727348,0.00012329725953920848,0.0006013118987504794,0.0011659999999999733,0.0011659999999999715,0.0011659999999999696,0.0010016599999999871,0.0010016599999999908,0.001001659999999998,0.36914807231596114,8.005057834629318,5.64477001571554,0.021036780099798633,0.26687972548299027,0.3178253517243839,91.44796083411391,-39.53273007334495,-11.677640625408717,1014.1554260253906,0.022444680746301744,100.30913920867823
2025-06-11T20:37:14Z,39.98402311333025,-75.15434746475937,25.218425694296386,-12.213849063803515,-6.5325561110622665,0.0815415879250435,0.9588599070006477,6.042058433080173,0.1528887642665445,0.001000000001152083,0.0009999999958960409,0.0010000000009264304,0.0010000000086595017,0.000999999997312982,0.0009999999930183207,7.000536758435241e-6,7.000538083094048e-6,0.9568601043523249,0.8019420086312831,0.9685354754787613,0.02873763564134965,0.00016629355411257017,0.00013036030695282662,0.0006064304407977548,0.0011669999999999743,0.0011669999999999704,0.0011669999999999706,0.0010016699999999866,0.0010016699999999897,0.001001669999999997,0.32502605112002686,8.17784243528487,5.3643966585788085,-0.001903821266334362,-0.020889966516763003,-0.03596244473848272,-7.953383227189382,-10.08711231748263,-5.8120291245480376,1014.189697265625,0.006045250435062318,14.0990919143601
2025-06-11T20:37:15Z,39.98396530481143,-75.1544278452941,24.93019083823496,-14.839469495362698,-7.029969840478086,-0.167024271535973,0.9443462938854099,5.956589776972377,0.2598769794985723,0.0010000000010667275,0.000999999995853301,0.001000000001096855,0.0010000000084748014,0.0009999999974976963,0.0009999999933027878,8.000535998468647e-6,8.000538518864021e-6,0.991937119231156,0.919629346044978,1.168025347984771,0.03269712503712275,0.0001840387348265397,0.0001370765189910188,0.0006384061074292921,0.0011679999999999742,0.0011679999999999705,0.0011679999999999703,0.0010016799999999872,0.00100167999999999,0.0010016799999999978,0.23155179926637834,8.097999261860183,5.718527931212452,0.01572918055388321,0.034539766073119954,0.12885782363218862,0.3508719911798835,-16.20086772918701,-25.1632315826416,1014.2270812988281,0.13669842768887888,29.92952414748171
2025-06-11T20:37:16Z,39.98387797305763,-75.15450660272106,24.597572563251163,-16.662651436811114,-6.367727408079016,-0.388300090309456,0.9659606120157793,5.9816469336382525,0.18395610467357454,0.0010000000008139615,0.0009999999960253441,0.0010000000010417238,0.001000000008772962,0.0009999999969709458,0.0009999999930312385,9.000534515131541e-6,9.000539087755686e-6,1.028606975772687,1.0436810263749643,1.3939436327113344,0.034561706451811974,0.00019132900346466018,0.00014198143261214493,0.0006406245309567472,0.0011689999999999737,0.0011689999999999698,0.0011689999999999698,0.0010016899999999874,0.0010016899999999891,0.0010016899999999982,1.4368265385714392,8.453912555465173,4.701002924314686,-0.0017913935695597913,-0.04456461626110893,-0.06254317276115426,-2.2726856640407016,-19.752297615518376,-22.50551398919553,1014.1667448344983,-0.0004823563687393061,30.03020940004635
2025-06-11T20:37:17Z,39.984381068288606,-75.15426234610447,31.023163173618492,-0.9468150771603911,-0.30642959331198905,1.697693430654408,0.9563333367561775,6.141897855158336,0.13115371095153203,0.0010000000007217367,0.0009999999956855142,0.0010000000008393156,0.001000000008480562,0.0009999999972665735,0.000999999993409412,6.61074969816685e-10,6.61075081752433e-10,0.7659267547860533,0.06383370162478766,0.06493532324580918,0.014716251705148257,0.00008007124288825789,0.000060993682789668545,0.0006370254201123165,0.0011699999999999742,0.0011699999999999703,0.0011699999999999705,0.0010016999999999862,0.0010016999999999888,0.0010016999999999986,1.3054254471588111,8.496548691773837,4.673054795122119,-0.001084629041147156,-0.0018510485337216805,-0.0001441932223347612,-2.031830378200697,-19.62449550628662,-22.58246479863706,1014.1747436523438,0.00402101703777263,29.986894384130956
2025-06-11T20:37:18Z,39.9843799962044,-75.15425972331288,31.377656171742032,-1.214622540238578,0.7531950394360715,1.4996630226556598,0.9546557018324004,6.139194255212008,0.13130025648094498,0.0010000000007404713,0.0009999999957417888,0.0010000000010704023,0.0010000000086762147,0.0009999999976783845,0.000999999993511037,1.0006610758760713e-6,1.0006610781027202e-6,0.7755936188259016,0.08205392770255823,0.0838604296506948,0.014927766780066938,0.0000900966058849131,0.00007098362544095685,0.0006475208282661073,0.0011709999999999735,0.0011709999999999696,0.0011709999999999696,0.0010017099999999855,0.0010017099999999881,0.0010017099999999985,1.3131262624770783,8.490180064635759,4.679150854820459,-0.001063216873242719,-0.0013466731149391572,0.001893361029609592,-1.9390374546249707,-19.668687025705974,-22.529587268829346,1014.1778869628906,0.002317862409485706,29.969924585364797
2025-06-11T20:37:19Z,39.98438441568625,-75.15424449391186,31.49553588987406,-1.5581578270533105,1.8351087888127122,1.291941551325038,0.9536856586514703,6.1420928647766955,0.12985671072538602,0.0010000000006833874,0.0009999999959120424,0.00100000000122698,0.0010000000088042462,0.0009999999978709355,0.0009999999938894585,2.0006610790245056e-6,2.000661089024964e-6,0.7860263734220083,0.11331152621899272,0.1177211982149324,0.015284092717703809,0.00009995842094872489,0.00008093183624544943,0.0006567441053399665,0.001171999999999974,0.0011719999999999702,0.0011719999999999702,0.0010017199999999853,0.0010017199999999887,0.0010017199999999993,1.2523436369888532,8.499274925236191,4.676092475890043,-0.00034316999961049675,0.0005514777779686616,-0.004014689852921263,-1.8356119537353515,-19.68909164428711,-22.44531562805176,1014.173828125,0.000661347074139585,29.913524733235533
2025-06-11T20:37:20Z,39.984399911267204,-75.15421613821005,31.403546881145132,-1.8394527155276283,2.9453735474686367,1.0804167962238933,0.9552539011422274,6.157077105406242,0.12262845100234168,0.0010000000007272523,0.000999999996140521,0.0010000000013989229,0.0010000000087473815,0.0009999999977292546,0.0009999999939581774,3.0006610832402582e-6,3.000661112018912e-6,0.7969133656931106,0.1593699189180416,0.16868015785740195,0.015722061064744806,0.00010947359799321198,0.00009079972238131264,0.0006633529292615719,0.001172999999999974,0.0011729999999999703,0.0011729999999999703,0.0010017299999999858,0.0010017299999999893,0.0010017299999999997,1.2410385241501651,8.500310482029235,4.671524051665033,0.0017309005145007682,0.002691389005709903,-0.017611760404064314,-1.5908291265368462,-19.645812273025513,-22.46223282814026,1014.1716918945312,-0.002188074619803495,29.883733888578927
2025-06-11T20:37:21Z,39.98443496970187,-75.15417388403071,31.12972647814993,-2.191577955736684,4.1021021574410055,0.8659613387088466,0.9548247491105025,6.16369871179302,0.12305141939802489,0.0010000000003168579,0.0009999999962421306,0.0010000000012870588,0.0010000000085478883,0.0009999999975154748,0.0009999999941752954,4.000661076929514e-6,4.0006611536176874e-6,0.8082443709286453,0.2219689013334444,0.23793703221406465,0.016338877051786826,0.00011905095908203984,0.00010068404807484033,0.0006716074354410243,0.001173999999999973,0.0011739999999999691,0.0011739999999999691,0.0010017399999999854,0.0010017399999999888,0.0010017399999999986,1.0837544276707052,8.532653125766798,4.651830257414372,0.0010784073125670445,0.003800987620780417,-0.00677157726023592,-1.0135959046227592,-19.54937915412747,-22.295126155931122,1014.1707763671875,-0.002235700385938035,29.66943282780324
2025-06-11T20:37:22Z,39.984497849818,-75.15411677476483,30.697494699320465,-2.3743709817485152,5.300558149694088,0.6612002054549186,0.9529050826391338,6.164917089076551,0.12062260636857415,0.0010000000001193126,0.0009999999964865219,0.0010000000012602322,0.001000000008390316,0.0009999999974289865,0.0009999999939327624,5.000661019954227e-6,5.000661222350812e-6,0.8201216195091312,0.30281030604992454,0.3286479514966829,0.016993086209464322,0.0001286322048112289,0.00011051241761575447,0.0006808703609782949,0.0011749999999999736,0.0011749999999999697,0.0011749999999999697,0.001001749999999985,0.0010017499999999888,0.0010017499999999992,1.230863160133045,8.511642459873142,4.664546407698298,-0.00041578101970527034,-0.0019192955579676089,-0.0042928100293753635,-1.2600159823894501,-19.587831535339355,-22.420915718078614,1014.1762534693668,0.0027841624811122817,29.798745361213864
2025-06-11T20:37:23Z,39.984595395038795,-75.15404393505501,30.147048870015645,-2.6389325324793798,6.546894385971597,0.4597387461959581,0.9491718796717804,6.159063234497416,0.12368769637086618,0.0010000000001787778,0.000999999996503797,0.0010000000014185261,0.0010000000082466777,0.00099999999781221,0.0009999999942682213,6.000660814717127e-6,6.00066132898933e-6,0.8327362855761816,0.4034874130587891,0.44031214447896483,0.017838075249929513,0.00013814862747146145,0.00012036141002992929,0.0006913803561256963,0.0011759999999999729,0.001175999999999969,0.001175999999999969,0.0010017599999999841,0.0010017599999999878,0.0010017599999999985,1.1859298874161968,8.513467819067785,4.671190712946211,-0.001295440282266304,-0.0018713323022067185,0.004452155417543466,-1.3193079781532289,-19.635167808532714,-22.37528747558594,1014.1755981445312,0.001850814850036356,29.798168685586248
2025-06-11T20:37:24Z,39.9847324476219,-75.1539542026907,29.473545608217236,-2.999731759779462,7.87365715681182,0.2522534335247041,0.9463024497486895,6.16052562727267,0.12471944032226753,0.0010000000002387903,0.0009999999962926132,0.0010000000015771859,0.0010000000081599404,0.0009999999978836213,0.0009999999938784347,7.000660273145786e-6,7.000661486594492e-6,0.8466007675992083,0.5257327518031528,0.5728493427400733,0.018918275029334086,0.00014711942051406012,0.00013018075341502764,0.0007001339700848796,0.0011769999999999723,0.0011769999999999687,0.0011769999999999687,0.0010017699999999845,0.0010017699999999882,0.0010017699999999986,1.1275144591329693,8.525882019046465,4.6523599662766575,-0.0004220115491206562,0.0004717480361964548,-0.0027809881669401213,-1.1309399795532227,-19.613207588195802,-22.399687614440918,1014.1929931640625,-0.0033711337118383475,29.794293442485955
2025-06-11T20:37:25Z,39.98490541674096,-75.15384672160948,28.71261468926724,-3.346121169971082,9.254401889722052,0.05398060455792422,0.9427086260185208,6.163222409506648,0.1368826332091704,0.0010000000005561175,0.000999999996051829,0.001000000001351631,0.0010000000081305262,0.0009999999981470686,0.0009999999941589894,8.000659081927821e-6,8.000661710060975e-6,0.8621649909989284,0.6711563977809755,0.7271268742982686,0.020143686289054514,0.0001554916967848758,0.0001401110365151348,0.0007082850244641477,0.0011779999999999727,0.001177999999999969,0.001177999999999969,0.0010017799999999855,0.001001779999999989,0.0010017799999999996,1.1328804282391722,8.522711643970682,4.6615170988179315,0.00033331156858551546,0.00998491552824904,0.0027527908166618768,-0.9802326389721462,-19.550126056281886,-22.371562996689153,1014.2012329101562,-0.0013121061951600606,29.72628638132552
2025-06-11T20:37:26Z,39.985085829065675,-75.15371265367959,27.929272857421335,-3.2925275673431242,12.329445923688752,-0.31277794361774325,0.9485974571499153,6.1690636692360625,0.07406659545190572,0.0010000000005915498,0.0009999999961520967,0.001000000001324548,0.0010000000079171854,0.000999999997826594,0.0009999999938583028,9.000656777081019e-6,9.000662015528255e-6,0.8831111667696006,0.8581112736809425,0.9022026903226759,0.02520391894935226,0.0001638591088180309,0.0001492633756703714,0.0007158277234468342,0.0011789999999999724,0.0011789999999999685,0.0011789999999999685,0.0010017899999999864,0.0010017899999999898,0.0010017900000000007,1.5817902781957787,9.293657688144817,3.168260158537467,0.0006633514114793514,-0.0484629487766772,-0.04300828514946024,-1.5145079731941222,-20.064607582092286,-22.066383514404297,1014.1273803710938,0.16371523231240775,29.86309537907975
2025-06-11T20:37:27Z,39.98438667562429,-75.15426824292608,14.348169025628136,0.245911388471013,2.928801575040897,-0.5156532725068704,1.0714340249761392,0.06685986562970908,5.925923777643751,0.0010000000002678008,0.0009999999963098238,0.001000000001054575,0.001000000007785185,0.0009999999976867669,0.0009999999943144159,2.0659535321042473e-10,2.0659537350924627e-10,0.45003526990644493,0.16990344232202403,0.16976957852211558,0.012963839206841233,0.00006633933759250959,0.00007316704195992246,0.0006128171026626751,0.0011799999999999717,0.001179999999999968,0.0011799999999999678,0.001001799999999986,0.0010017999999999898,0.0010018000000000002,0.882985688073007,9.111904208050898,3.729460943006631,-0.003221214583222139,-0.19493749747324393,-0.3021837872071863,0.6530734543137404,-21.44261998546367,-23.90851371142329,1014.183837890625,0.10444539266343437,32.12205205206039
2025-06-11T20:37:28Z,39.98440443529517,-75.15423018269479,14.825862773219594,1.860231298420255,3.653802953586592,-0.5562873380435115,1.045194759600916,0.11488307584763553,5.680788900044418,0.0010000000004856114,0.0009999999964376888,0.0010000000007915433,0.0010000000075899075,0.0009999999980332586,0.0009999999946422647,1.0002065976969606e-6,1.0002066033398284e-6,0.49392038269403354,0.21055349540482643,0.2159015219279731,0.01447816094797601,0.00007894411983929618,0.0000810650066377405,0.0006168497560745168,0.0011809999999999711,0.0011809999999999672,0.0011809999999999674,0.001001809999999985,0.0010018099999999901,0.0010018099999999988,0.1377709199122269,9.164195598605986,3.492770233391661,-0.005401388756961333,-0.19351234281804894,-0.1645134729062732,4.248089722224644,-23.732236278300384,-25.42704033365055,1014.142333984375,0.02746210561880212,35.0399219852388
2025-06-11T20:37:29Z,39.98442333167223,-75.1541933351262,15.237415878445752,4.694141653182072,2.980596607393583,-0.6464678983538914,1.0310768350379387,0.3041847793379234,5.494837915532771,0.0010000000002547249,0.0009999999965773494,0.0010000000009345435,0.0010000000075358246,0.0009999999982109838,0.0009999999946288408,2.000206605638748e-6,2.0002066315901807e-6,0.5439919481577633,0.2632993635038864,0.28638361414148794,0.01607797755711315,0.00009736898423092371,0.00008916970157346572,0.0006084612752167083,0.0011819999999999717,0.0011819999999999676,0.0011819999999999678,0.001001819999999986,0.00100181999999999,0.0010018199999999983,0.43809781490765154,9.195006599741236,3.8023176739597186,0.023173809114704267,-0.06249420998793861,-0.26056476307869625,4.792004166765416,-24.56742497707935,-25.137191001405107,1014.2100830078125,0.17913308574567494,35.47388404065931
2025-06-11T20:37:30Z,39.98443848290118,-75.15416988927466,15.240098494224398,7.88149412379807,1.800652270687071,-1.6105940622981243,1.0317180711315699,0.3176634350996836,5.589245795435667,0.0010000000004088702,0.000999999996560534,0.0010000000011623714,0.0010000000075676837,0.0009999999984088414,0.0009999999944049192,3.0002066180866216e-6,3.0002066885766196e-6,0.5984710870508316,0.3281896080379257,0.3787113564843815,0.019166609110101096,0.00010662264855742243,0.00010014735363158407,0.0006206745522004572,0.0011829999999999712,0.0011829999999999673,0.0011829999999999673,0.0010018299999999861,0.0010018299999999898,0.0010018299999999978,0.2367816468847231,8.651665865424716,3.4929528009286117,-0.031543955257252544,0.08486163365116622,0.03519032283850688,3.8528637683137936,-22.812701732554334,-25.059578104222073,1014.2035217285156,-0.44737206017706466,34.10634715871114
2025-06-11T20:37:31Z,39.984431651363856,-75.15416805937049,14.850544702050415,11.180726676200852,0.00042652575797419434,-1.9931621148262018,0.9982051024278467,0.37700247162686074,5.456505959751753,0.0010000000005627706,0.0009999999968833117,0.001000000001332865,0.0010000000076011177,0.000999999998194386,0.0009999999947512442,4.000206620335962e-6,4.000206785876491e-6,0.6584551809267182,0.4194068085821256,0.505481988383487,0.024339740916676816,0.0001219753969424329,0.00010876185872409201,0.0006222097980877265,0.0011839999999999709,0.001183999999999967,0.001183999999999967,0.0010018399999999854,0.0010018399999999889,0.0010018399999999986,0.181083532549032,9.06500827217446,4.144883427112132,0.006624089725740155,-0.07338228866975455,-0.11681601258948185,5.550999889373779,-24.908983421325683,-27.584199485778807,1014.1185913085938,0.1889615175677166,37.57865492920138
2025-06-11T20:37:32Z,39.98438257367164,-75.15419412775893,14.209165338345345,14.14142433159067,-2.2136144996594425,-2.555390831888133,0.9539980380233902,0.30111489351864396,5.346563327018166,0.0010000000006867896,0.0009999999968364759,0.0010000000015865345,0.0010000000077173825,0.0009999999982082592,0.000999999994597783,5.000206560752341e-6,5.0002069388137695e-6,0.727153592130817,0.533205943511571,0.6573324724517967,0.03131270109033561,0.0001254076455563445,0.00011750382836468968,0.000633997493082778,0.0011849999999999714,0.0011849999999999675,0.0011849999999999675,0.001001849999999986,0.0010018499999999877,0.0010018499999999973,0.3240248506659602,8.749706958773869,4.320897697149374,-0.01489035545467551,-0.12556188383331635,0.0047069596723986785,5.037867884635926,-24.979499435424806,-25.25521942138672,1014.152099609375,-0.016280348877555657,35.87726265398608
2025-06-11T20:37:33Z,39.98425380291251,-75.15425093846076,13.546249406457731,16.409833174151423,-4.240792372369291,-2.873323418348658,0.939531690409888,0.2261275233103309,5.307386988285268,0.001000000000654054,0.0009999999971006496,0.0010000000017110877,0.0010000000075511101,0.0009999999982852948,0.0009999999946887358,6.000206322506156e-6,6.000207165859251e-6,0.8074614039433401,0.6651041066312833,0.8321740877250168,0.038658495661234096,0.00012864049988822824,0.00012670405695805286,0.0006488527090730508,0.0011859999999999703,0.0011859999999999664,0.0011859999999999664,0.0010018599999999864,0.0010018599999999872,0.001001859999999997,0.47472543464380307,8.621905234904437,4.493880087520025,-0.014323804047025898,-0.06805813759720691,0.038689314119902285,7.2256366038809015,-19.359656664789938,-19.86757496425084,1014.0863904451069,-0.04555401457898888,28.665724467620183
2025-06-11T20:37:34Z,39.98402317872889,-75.15433161316874,13.102151218136786,18.025137841879182,-5.535282849031118,-2.846625981399752,0.9779492978701368,0.13963613843605976,5.424725843208692,0.0010000000003813146,0.0009999999969118063,0.0010000000019193128,0.001000000007921114,0.0009999999984614464,0.0009999999949010644,7.000205703556408e-6,7.000207488631474e-6,0.8984751269281683,0.8002803771902738,1.0329363390617803,0.044742589314857466,0.00013124644237365513,0.00013595692553561954,0.0006666710801650925,0.0011869999999999708,0.001186999999999967,0.001186999999999967,0.0010018699999999867,0.0010018699999999867,0.0010018699999999974,0.4690590562905126,8.755050645091563,4.3561600804506435,0.005476370623001871,0.05589939856700704,0.13666783768842267,3.6453101245724424,-23.2860648486079,-25.43127293489417,1014.08251953125,0.010380927096163138,34.67384071306616
2025-06-11T20:37:35Z,39.98369041134261,-75.15442707806255,13.000602534710755,18.6990611878557,-6.529201150246287,-2.625000286798375,0.9989888462798383,0.20353232298320847,5.39467925826707,0.0010000000001403931,0.0009999999971235859,0.0010000000017305667,0.0010000000081573255,0.0009999999985805547,0.0009999999950042553,8.000204421391838e-6,8.000207931819945e-6,0.9919924732449644,0.9336303097800068,1.2481426164652323,0.047459141106221694,0.00014147052987142748,0.00014301846130975598,0.0006671005749492002,0.0011879999999999705,0.0011879999999999666,0.0011879999999999664,0.0010018799999999876,0.0010018799999999876,0.001001879999999998,0.012274349178737556,8.670614503863561,4.493112612305152,0.014236962840060702,0.023591019934593484,-0.07308115899691559,5.190477449066785,-23.827595418813278,-24.595946487115356,1014.1415710449219,-0.014022681174397183,34.63599907184234
2025-06-11T20:37:36Z,39.983245851609354,-75.1545347587895,13.350017699486491,19.26211332413962,-7.742813480915438,-2.3268237462468884,0.9981400545147784,0.12571358948853953,5.36100114626301,0.0010000000000290824,0.0009999999969106928,0.001000000001714591,0.0010000000083632966,0.0009999999987420243,0.0009999999951747118,9.000202147107932e-6,9.000208523869951e-6,1.0784312873245085,1.0658234933733401,1.5009186866271835,0.05004058733134312,0.00014442680913928722,0.00014907990843127613,0.000679420338471915,0.0011889999999999711,0.0011889999999999672,0.0011889999999999672,0.0010018899999999875,0.0010018899999999875,0.0010018899999999983,0.3640302532298645,8.77344842397238,4.478082629386962,-0.007818924810013858,-0.0558283935234733,0.04308356576127518,3.9303917705404516,-23.110285155627192,-23.40681990798639,1014.1463012695312,0.07739824680862943,33.127165878633605
2025-06-11T20:37:37Z,39.984504270232485,-75.15494888846942,21.262061087503916,-4.513949012084194,-4.78226704982212,1.38678131418141,1.137998309264588,6.238764531836659,5.141029483577449,0.0010000000002076829,0.0009999999969188683,0.0010000000017551887,0.001000000008052272,0.0009999999987293853,0.0009999999950422204,3.305483820775368e-10,3.305483116294348e-10,0.7058809784243236,0.07311669093431648,0.07499902002467684,0.018642716398454162,0.00006954807253230776,0.00007281946784324184,0.0004931333829810223,0.001189999999999972,0.001189999999999966,0.001189999999999966,0.001001899999999987,0.001001899999999987,0.0010018999999999976,0.4132821843921847,8.568198007586707,4.523708994625284,-0.00002319743621146189,-0.09448516605062199,-0.05788056194368151,4.569771357945034,-13.04553442585225,-18.8153874533517,1014.1316528320312,-0.08193125771289801,23.34706013060467
2025-06-11T20:37:38Z,39.984461322721444,-75.15500602566753,23.065968132484105,-4.843935033649448,-4.960119405293594,1.3036776957220977,1.1366460968260865,6.224406612207648,5.101397993183113,0.0010000000004730674,0.0009999999965178182,0.0010000000014369161,0.0010000000082491258,0.0009999999984447207,0.0009999999948589616,1.0003305493997449e-6,1.0003305517403967e-6,0.7493636840831572,0.09125205572045296,0.09370192743027557,0.017975371142293153,0.00007871959609234254,0.00008341114384157245,0.0005016838250345017,0.0011909999999999714,0.0011909999999999666,0.0011909999999999666,0.0010019099999999865,0.0010019099999999863,0.001001909999999997,0.5452322272358248,8.609874643134258,4.374124181714055,-0.003641173448787216,-0.04157129128585489,-0.004256007877616196,5.186219902038574,-22.737139587402343,-23.47401943206787,1013.9926452636719,-0.10713501789162051,33.08928266218569
2025-06-11T20:37:39Z,39.98441139314463,-75.15507074148361,24.691373578760846,-5.126126907763491,-6.093432394000561,1.4971780057889112,1.14042585336843,0.08764402707515698,5.061779585422105,0.0010000000007716647,0.0009999999964925566,0.0010000000017227576,0.0010000000083470843,0.0009999999986457216,0.000999999994613226,2.0003305528845108e-6,2.000330563875118e-6,0.7865783826464776,0.12263544512956238,0.1306821572810089,0.01793350660686776,0.00008811866927079904,0.00009388868251129808,0.0005310294828834482,0.0011919999999999706,0.0011919999999999659,0.0011919999999999659,0.001001919999999987,0.0010019199999999873,0.0010019199999999977,0.8160632269228735,8.765065769199039,4.771547767160887,0.004243550497589227,0.02580168383483461,-0.15108152009463388,7.065070688724518,-22.602532903353374,-23.333770354588825,1013.97509765625,0.23332980875943554,33.245318255969124
2025-06-11T20:37:40Z,39.98435714500851,-75.15514774405499,26.109683657247164,-5.479626639194768,-7.02988484903404,1.5147849665172217,1.1197724049261295,6.253254594721988,5.053803413111355,0.0010000000005450339,0.000999999996339025,0.0010000000015685565,0.0010000000085312614,0.0009999999987762968,0.0009999999947971684,3.0003305573897098e-6,3.000330588999579e-6,0.8172295940538579,0.16739116077060245,0.18685742574171157,0.01777609406783485,0.0000972790495441217,0.00010354177060559107,0.0005255170115643479,0.0011929999999999706,0.0011929999999999667,0.0011929999999999669,0.001001929999999988,0.0010019299999999877,0.0010019299999999985,0.4719236779726776,8.610932996514967,4.787744606970018,-0.020413354382549327,-0.05782040436285996,0.10348659903300308,6.633563129269347,-22.902387346540177,-25.071248541072922,1014.0148315429688,0.08418065926392371,34.598952319886166
2025-06-11T20:37:41Z,39.98430622754027,-75.15523266043044,27.240994566527778,-5.637566128655659,-7.3586076630830055,1.441254387813668,1.1261236458388746,6.246102719318553,5.102379761528505,0.001000000000261426,0.0009999999958994882,0.0010000000013568845,0.001000000008517627,0.0009999999986648443,0.0009999999947454268,4.0003305509762695e-6,4.000330633834084e-6,0.8406773779058269,0.22659910322335824,0.26217403258199473,0.017145088595919226,0.0001083738667119684,0.00011178441256564979,0.0005340024771040758,0.00119399999999997,0.0011939999999999664,0.0011939999999999661,0.001001939999999988,0.0010019399999999878,0.0010019399999999985,0.5411624917997185,8.668293642047729,4.484749382971148,0.008149524630372799,0.03992190987278963,0.027869380561048915,4.548110081225025,-22.520950550935705,-25.101126028566945,1014.0393371582031,-0.0048042937096806765,34.02854091827864
2025-06-11T20:37:42Z,39.98426648074338,-75.15532030645832,28.222335646114164,-6.261913523581615,-7.381123835492595,1.4673661117710313,1.12633534514366,6.1730794239177,5.218815679736879,0.0010000000006027009,0.0009999999959983015,0.0010000000011153893,0.0010000000084047346,0.000999999998786675,0.0009999999948381558,5.0003304937759895e-6,5.000330707402769e-6,0.8561481094336789,0.30406243975881175,0.3646807498029876,0.01616643165695478,0.0001222686102843799,0.00011832281187997432,0.000533000546619441,0.0011949999999999697,0.001194999999999966,0.0011949999999999658,0.0010019499999999874,0.0010019499999999874,0.001001949999999998,0.41432797983584024,8.654797575038447,4.784007222024646,0.008858111933203662,0.07275248361978083,0.11708384615056407,1.0133319783210755,-20.981803703308106,-24.401463394165038,1013.9935607910156,0.11814927853661991,32.197687492057035
2025-06-11T20:37:43Z,39.984244170392174,-75.15540805941721,29.035684758352502,-6.936203082077094,-7.216047860292429,1.278922343915588,1.1234584414579873,6.179609093547117,5.266535754868411,0.001000000000190612,0.000999999995769779,0.0010000000009726603,0.0010000000084622645,0.0009999999988015912,0.0009999999950302278,6.000330292532299e-6,6.000330821924064e-6,0.8637177189426933,0.3996659843381924,0.4905143510182365,0.015233215866755334,0.00013318856957445464,0.00012646160236037091,0.0005424817488930844,0.001195999999999969,0.001195999999999965,0.001195999999999965,0.0010019599999999862,0.0010019599999999862,0.0010019599999999977,0.4603491987430983,8.510849431995577,4.6377598063040555,0.0019922645141389386,0.04416233107890165,0.015185216343248072,7.499339818656445,-26.004055366516113,-18.409799766540527,1013.9447021484375,-0.0761771664305257,32.73176442287892
2025-06-11T20:37:44Z,39.984239650162344,-75.15549640097097,29.75592484510912,-7.900495575068748,-7.344361543920052,1.2778817471234656,1.1264861274854097,6.198377103815802,5.30946049530949,0.0010000000004176592,0.000999999996024517,0.0010000000010996519,0.0010000000086618467,0.0009999999991429469,0.000999999994678109,7.000329768547653e-6,7.000330992682131e-6,0.8651253961012866,0.5192515076763908,0.6498145110035151,0.014859576500192116,0.0001436106996525236,0.0001348221239452893,0.0005537754190743237,0.0011969999999999698,0.001196999999999966,0.0011969999999999659,0.0010019699999999864,0.0010019699999999862,0.001001969999999997,0.4114611029026986,8.519645141605793,5.045839517950038,0.0066701224411732565,0.04514530638736838,0.0020016994432883878,6.424519910812378,-24.43098747253418,-25.294991416931154,1013.8559722900391,0.13077471799773946,35.748854127691395
2025-06-11T20:37:45Z,39.98428173953538,-75.15559047239697,30.308234201843153,-8.581466651954322,-7.834675417704615,1.2682035194229673,1.1378267691516784,6.267010888342196,5.344334114674384,0.0010000000003750856,0.0009999999961657312,0.0010000000011417675,0.001000000008805851,0.000999999999045521,0.0009999999948130274,8.000328621620723e-6,8.000331238265298e-6,0.8633432784807622,0.6629071909963261,0.834166695843001,0.014915661136810327,0.00015316896170487608,0.00014352530519808206,0.0005730984892090749,0.0011979999999999697,0.001197999999999966,0.001197999999999966,0.0010019799999999865,0.0010019799999999865,0.0010019799999999972,0.3672382993814065,8.574245662615334,4.920538093259257,0.012388039801655057,0.05876440645697491,-0.04691583554594944,9.805627880096436,-24.686943435668944,-24.848227500915527,1013.8883209228516,0.11315737641658073,36.37342761721738
2025-06-11T20:37:46Z,39.984390294479574,-75.155694597758,30.6314719478812,-8.930274358712193,-8.610483351392242,1.0877207239285727,1.1383392825226029,6.250319071659537,5.439666980378731,0.0010000000004177262,0.000999999995823388,0.0010000000010130074,0.0010000000089360808,0.0009999999988833284,0.0009999999946206817,9.000326392847264e-6,9.000331578716334e-6,0.8610062720050086,0.8295723678885804,1.0376904862386922,0.015142770320092374,0.0001647612056788793,0.00015128251972873228,0.0005789550014934744,0.0011989999999999698,0.0011989999999999668,0.0011989999999999668,0.0010019899999999856,0.0010019899999999856,0.0010019899999999962,0.4548904226120536,8.516658386234303,4.689483520923903,0.0016455917212559981,0.07728728751165787,0.055674257325139746,7.120318227884721,-23.467321979756257,-25.76490561816157,1013.9320678710938,-0.04637632728088085,35.57022473749405
2025-06-11T20:37:47Z,39.98460868992103,-75.1558396730982,26.84328539639178,-5.12212576407836,4.520287621285252,1.162359251412147,1.0128003224961464,6.216261431497296,5.288876353017973,0.0010000000000799584,0.0009999999956877145,0.0010000000011984634,0.001000000008822467,0.0009999999987914173,0.0009999999948702282,3.3054838978363884e-10,3.305485418038633e-10,0.6853053458304736,0.0462139900153978,0.04661907261044251,0.011952965530601798,0.000051944942379827794,0.00005333282125769148,0.0004978682175821651,0.00119999999999997,0.0011999999999999672,0.0011999999999999674,0.0010019999999999864,0.0010019999999999864,0.001001999999999997,0.2901698436177742,8.44603258253029,5.071820497493105,0.0009219968430858076,-0.0075816908431647675,-0.05013683699818319,9.242719802856445,-22.227179679870606,-25.830327606201173,1013.9184112548828,0.07527083716383634,35.3083223964536
2025-06-11T20:37:48Z,39.98460788171569,-75.15578418679756,27.7850949523201,-5.083035756108607,4.946036057514254,1.0977790744992262,1.029199119130555,6.2307035318070865,5.163034104332393,0.0010000000002460669,0.0009999999955836872,0.001000000001411357,0.0010000000085473638,0.000999999998442995,0.0009999999951449674,1.000330549048193e-6,1.000330550734666e-6,0.7032898747519823,0.06185116552831019,0.06155660639723247,0.012030079072981223,0.00006188540027132228,0.00006325960714988001,0.0005077533353096389,0.0012009999999999705,0.0012009999999999666,0.0012009999999999669,0.0010020099999999857,0.0010020099999999855,0.0010020099999999963,0.22993663471385356,8.448366783613507,4.8891401648704065,0.008845723196323124,-0.1001815137002839,-0.07854319339623729,10.805465114359952,-19.544648540263275,-27.560048473124603,1013.900927734375,-0.01711031740941216,35.472581502063825
2025-06-11T20:37:49Z,39.98460637573319,-75.15572837272772,28.396707390709366,-4.27623292736957,4.591382316905252,0.926855815243704,1.0479228624716934,0.053132900105619406,5.2341944412077845,0.001000000000117258,0.0009999999954390694,0.0010000000014822427,0.0010000000082651488,0.000999999998514889,0.0009999999950139804,2.000330551199632e-6,2.0003305586630055e-6,0.7188503849313259,0.0875096841268136,0.08739048640538934,0.011965447272633689,0.00007182524544828203,0.00007327835199422657,0.0005207646039011391,0.0012019999999999707,0.0012019999999999668,0.0012019999999999679,0.0010020199999999863,0.0010020199999999846,0.0010020199999999967,0.6827768363763912,8.60171429022595,4.421626728811442,0.018592971778003686,0.11538095660756507,-0.0554759646872946,2.635962452739477,-19.836945454279583,-19.841266353925068,1013.9828338623047,-0.08515959524704418,28.180235920556417
2025-06-11T20:37:50Z,39.984606002534484,-75.15568086950104,28.961216162534125,-3.3535530391006376,3.5329835731520802,0.9035121952218826,1.03650333351228,0.148358125246194,5.149034213971796,0.0009999999999321459,0.0009999999955811628,0.001000000001724133,0.0010000000084066057,0.0009999999987131394,0.0009999999949072517,3.0003305534169952e-6,3.0003305755734806e-6,0.7315596918353179,0.12556690852197147,0.12791085203298985,0.012110446025894549,0.00008323534199629935,0.00008323006838164647,0.0005352333754252332,0.0012029999999999712,0.0012029999999999673,0.0012029999999999673,0.0010020299999999854,0.0010020299999999854,0.001002029999999996,0.36690085422357566,8.707653693301031,4.693902782117872,-0.0029709385339409585,-0.02552882272232899,-0.12587471723259386,11.283754913174377,-16.40402009535809,-22.87300783274125,1013.8722598427221,0.11828724433332752,30.32468323229366
2025-06-11T20:37:51Z,39.98461947133366,-75.15563757836999,29.5370132811237,-2.8844242169404866,3.9080796452664877,1.2138641411221187,1.0428590418182644,6.10625414276687,5.299041387471667,0.0010000000000872844,0.0009999999956788004,0.001000000001753013,0.0010000000085498592,0.000999999998571144,0.0009999999946477974,4.00033054344359e-6,4.0003306064444466e-6,0.7419607736427462,0.181593000052153,0.1857059889294277,0.012103253529565977,0.00009394442491975184,0.00009327349346704614,0.0005384020078667411,0.00120399999999997,0.001203999999999967,0.0012039999999999668,0.0010020399999999862,0.0010020399999999862,0.0010020399999999966,0.10046028283990253,8.93110211754287,4.5510882141572875,0.008630467537824047,-0.03637393407767475,0.3720322029638042,3.1954040397718853,-19.655195547609914,-28.646595312624562,1013.8940734863281,0.24355106775521287,34.887837493393434
2025-06-11T20:37:52Z,39.98465906601077,-75.1555866738337,30.042760350161096,-2.7651414689523572,4.8953892792227425,1.1171547338600727,1.0463558905816348,6.176810692356135,5.3742752428701355,0.0010000000003561427,0.0009999999956196138,0.0010000000019243908,0.0010000000086652255,0.0009999999987203771,0.0009999999942063764,5.000330478664853e-6,5.000330658396868e-6,0.7504630301967372,0.2544598226274501,0.2577349780335152,0.012078028458856537,0.00010206959897752635,0.0001032589599444728,0.0005485776087034909,0.001204999999999969,0.001204999999999968,0.001204999999999966,0.0010020499999999857,0.0010020499999999857,0.0010020499999999952,0.651314604583052,8.790891895999168,4.308941710256264,0.01393685337220989,0.09987304146228959,-0.02393446547367748,3.3828856409812462,-21.491917863184092,-26.604215855501135,1013.9543151855469,0.030892096404714495,34.36753214448822
2025-06-11T20:37:53Z,39.98471626148258,-75.15553035168446,30.84247286803914,-3.2274845932192187,4.8514700865900915,1.6678380826427481,1.0915513424020704,0.002816039330249779,5.355609960026082,0.001000000000527419,0.0009999999957483496,0.0010000000018822966,0.0010000000089918726,0.0009999999984993421,0.000999999994126971,6.000330256226645e-6,6.000330740719843e-6,0.7574053072638482,0.3502826441478235,0.3530777503210433,0.01202510144583596,0.00011090840038267184,0.00011326143124320519,0.0005597145454199048,0.0012059999999999695,0.0012059999999999666,0.0012059999999999669,0.0010020599999999843,0.0010020599999999843,0.0010020599999999952,0.2881349776891509,8.92383423437829,5.330058030223869,0.04429129311332552,0.03604094912984778,-0.10544995946602816,6.8429290652275085,-18.00491225719452,-25.366849541664124,1013.8060302734375,0.6175500910216518,31.850845673500586
2025-06-11T20:37:54Z,39.984822764815185,-75.15547268782812,31.54080473459902,-3.1586842743189028,5.214371819242264,1.267077067542125,1.1352363544206894,6.241952871765446,5.3649195992583145,0.0010000000008687441,0.0009999999959742348,0.001000000001926133,0.0010000000091937129,0.0009999999984417706,0.0009999999939257459,7.000329674088618e-6,7.000330865051838e-6,0.7629539983394361,0.4592217031002352,0.4615580207933446,0.01204698723935273,0.00012109424557948409,0.00012325570975262374,0.0005689159493623996,0.0012069999999999702,0.0012069999999999674,0.0012069999999999674,0.0010020699999999843,0.0010020699999999843,0.0010020699999999949,-0.0687697059553022,8.622769280961492,3.923758194122115,0.04386162212709437,-0.011511611810316036,0.043417629191937035,4.93278355501136,-21.008897508893693,-31.447117630316285,1013.8415679931641,-0.3071283046901912,38.13952633021605
2025-06-11T20:37:55Z,39.98497652823891,-75.15541051615595,31.78380097216175,-3.743957367492944,5.655265563013911,0.7534482233143449,1.140787737516576,6.194012032975592,5.351480277890551,0.0010000000008275902,0.0009999999960606835,0.001000000002069026,0.001000000009522067,0.0009999999984906117,0.0009999999935647287,8.000328384650525e-6,8.000331044064177e-6,0.7672938473070493,0.588332726168637,0.5873277917086062,0.012101919373023972,0.0001318464247659875,0.00013325402393520692,0.0005785017660991757,0.0012079999999999702,0.0012079999999999663,0.0012079999999999663,0.0010020799999999831,0.0010020799999999833,0.001002079999999994,-0.09289694108761178,8.435310849193785,4.108720579570096,0.00466674554418864,-0.03268116470275368,0.037616326199955405,3.6060759305953978,-27.76695545196533,-32.07087120056153,1013.8072814941406,-0.39775929251914444,42.573983393237334
2025-06-11T20:37:56Z,39.985201882429564,-75.15534697114683,31.551741970461812,-4.1792736558902455,5.508398483088565,0.46983826753387997,1.123450017278999,6.239967721625104,5.399621149125601,0.0010000000010137971,0.0009999999962036006,0.0010000000023407318,0.0010000000091832358,0.0009999999981908745,0.0009999999931914018,9.000325850067225e-6,9.0003312938897e-6,0.7706945302188773,0.740834538502818,0.7399416612574224,0.012097240116026713,0.00014105598430880694,0.00014322669678120255,0.0005889262374098438,0.0012089999999999699,0.001208999999999966,0.001208999999999966,0.001002089999999982,0.001002089999999984,0.0010020899999999945,0.49001784616625993,8.492318338398103,4.453506519024986,-0.014166299278785066,0.06274004442143473,-0.021661250982439928,2.1404775040490285,-29.687080967183014,-24.430374924017457,1013.8849426269531,-0.17922136814681547,38.50641161307001
2025-06-11T20:37:57Z,39.98476618187362,-75.1567065541335,25.269175169885248,-4.0695499831759,6.980810585210177,-0.37549317353679573,1.0783087890089254,6.126515995881023,5.4407517233068425,0.0010000000007213598,0.0009999999963745823,0.0010000000022133125,0.0010000000095946567,0.0009999999979953592,0.0009999999934392767,3.3054842494542617e-10,3.3054829334368866e-10,0.6478420151204747,0.14204107635835947,0.14200849060971454,0.011181166159356907,0.00006221017165952553,0.00006123147149025207,0.0005933538989437858,0.0012099999999999691,0.0012099999999999652,0.0012099999999999652,0.0010020999999999813,0.001002099999999984,0.0010020999999999945,0.44886900666627233,8.139083751682264,4.970046646831079,-0.020318529586177723,-0.014712491982669995,0.11241575619048498,3.105387930870056,-22.78325553894043,-21.800423469543457,1013.860238647461,-0.2340016871482632,31.685571135892648
2025-06-11T20:37:58Z,39.984781655956645,-75.1566217129852,25.14829750791055,-4.168924930914596,7.492785323597483,-0.6369052586864834,1.0672647403260827,6.214376322490228,5.482410566324416,0.0010000000011690883,0.0009999999963535618,0.0010000000025307343,0.001000000009775006,0.0009999999981459287,0.0009999999930446373,1.0003305504080982e-6,1.000330554910996e-6,0.6669320291696117,0.17835826990108958,0.17778582148040145,0.011468598612774711,0.0000709884933240368,0.00007122109239119497,0.0006018327944764138,0.0012109999999999684,0.0012109999999999647,0.0012109999999999645,0.0010021099999999806,0.001002109999999984,0.0010021099999999944,0.6255404480502247,8.466038214210322,4.288955858449411,-0.006317911059540212,0.07867617834544016,-0.05747409991497743,3.697378635406494,-22.38440387806994,-23.963654822491584,1013.7588684082032,-0.27012266121217454,32.999781098690214
2025-06-11T20:37:59Z,39.984797565406964,-75.15653190317107,24.82762050927569,-4.4703743799788285,7.835032261781287,-0.7144140999954623,1.0626572140705455,6.222814110761783,5.5504381836488825,0.0010000000011545012,0.0009999999964946237,0.0010000000025447392,0.0010000000099028366,0.0009999999979687826,0.0009999999935633404,2.000330557032876e-6,2.00033057788507e-6,0.685053795724573,0.22759952864889357,0.22651557773232706,0.01174216395956664,0.00008092199653912835,0.0000811973413659243,0.0006117457366352688,0.0012119999999999692,0.0012119999999999655,0.0012119999999999633,0.0010021199999999803,0.0010021199999999837,0.0010021199999999944,0.16736215509935168,8.504777099306482,4.667812390642409,-0.00016418216412033345,0.06362408955549582,0.02568094228251674,6.702212638043343,-21.70172293642734,-25.318373903315116,1013.8308410644531,-0.07824669062674293,34.01324802744768
2025-06-11T20:38:00Z,39.984808482314584,-75.15643970333147,24.654466272552142,-4.009557359424799,7.909351915984983,-0.661659107699757,1.074019145225208,0.021566046010025094,5.483015269428201,0.001000000001366381,0.0009999999961241772,0.0010000000023721483,0.0010000000097712656,0.0009999999979356624,0.0009999999934245678,3.0003305675612325e-6,3.000330623250894e-6,0.7016995708119176,0.2914652564515159,0.29043137878585906,0.011806430392196247,0.00009065332556008818,0.00009118737647147066,0.0006213514874183367,0.0012129999999999687,0.0012129999999999648,0.0012129999999999637,0.0010021299999999793,0.0010021299999999828,0.0010021299999999934,0.45782331845700774,8.761142281535793,4.388544402954418,0.010132469851865344,-0.019667030509392728,-0.10440809225392406,6.45355592250824,-19.83768772125244,-23.983491630554198,1013.7362060546875,0.02828347299666875,31.786583432689646
2025-06-11T20:38:01Z,39.98480975633397,-75.15634805968884,24.653836125396282,-3.773872414614385,7.747399990014201,-0.6546465354875266,1.0679419973618018,6.263243433385476,5.4586647709458145,0.001000000001606055,0.000999999996052305,0.00100000000244138,0.0010000000096686851,0.0009999999976187076,0.0009999999939457323,4.000330570040188e-6,4.000330699052803e-6,0.7163847469496876,0.37082040407555644,0.37038280159214876,0.011852031206190916,0.00010064461223768815,0.00010116468225757393,0.0006313969179232677,0.0012139999999999692,0.0012139999999999653,0.0012139999999999645,0.0010021399999999795,0.001002139999999983,0.0010021399999999936,0.2528572023795292,8.582786249164643,4.6199618970728045,-0.006008162113830274,-0.041243161421067466,0.02511598725855379,8.501935806274414,-20.79050765991211,-24.01569953918457,1013.6386108398438,-0.0307127310859097,32.882801154849076
2025-06-11T20:38:02Z,39.9847995602014,-75.15625731168711,24.56248166003275,-3.6045568124983327,7.757556092845945,-0.7023979111609072,1.0661890125108735,6.238716747389439,5.509136448146739,0.0010000000017475008,0.0009999999957966874,0.0010000000024705058,0.0010000000094289876,0.000999999997264016,0.000999999994287772,5.000330522298115e-6,5.000330815111242e-6,0.7290181597656945,0.46818962768179334,0.46799341984786846,0.011902720336950064,0.00011081072596019173,0.00011113149978086387,0.0006415892110914955,0.001214999999999969,0.001214999999999965,0.0012149999999999652,0.001002149999999979,0.0010021499999999825,0.0010021499999999933,0.4029646757378015,8.550332798008098,4.565752721590343,-0.00009036528121835927,0.03240773310750433,0.04616252600913934,5.6920318603515625,-22.077119522094726,-25.888887405395508,1013.7114105224609,-0.07983673458268825,34.49680313842764
2025-06-11T20:38:03Z,39.98476317954934,-75.15616712351627,24.477013291240805,-3.6969422747763394,7.644808622088528,-0.7830437852927679,1.0601792717173308,6.265879961402341,5.484336672548071,0.0010000000014902255,0.0009999999957967516,0.0010000000025121684,0.0010000000091161694,0.0009999999974371072,0.0009999999944895542,6.000330321111395e-6,6.0003309834378205e-6,0.73968920771275,0.5847085473376045,0.5846974421506297,0.011931987531940233,0.00012062119926332365,0.0001211080831104232,0.0006513709771973746,0.00121599999999997,0.001215999999999966,0.001215999999999966,0.0010021599999999783,0.001002159999999982,0.0010021599999999924,0.2872888176274706,8.369166540150077,4.819762548444185,-0.00675715267004103,-0.008443616099827656,-0.03549057666453153,6.638995838165283,-20.852971496582033,-24.64936756134033,1013.6782836914062,-0.11912869824916113,32.96226122886576
2025-06-11T20:38:04Z,39.98470801424995,-75.15608080474726,24.17628470749631,-3.576724103643958,7.066368139711349,-0.9014694518142236,1.0399337354589642,0.02603514823207532,5.5106186251113805,0.0010000000013917977,0.000999999995555933,0.0010000000023431819,0.0010000000093182456,0.000999999997620278,0.0009999999946459532,7.000329763889018e-6,7.000331218653739e-6,0.7483881189806573,0.7217060370767715,0.7227915899042305,0.011939629038562083,0.00013066694976787054,0.0001310817064447345,0.0006613853255227628,0.0012169999999999694,0.0012169999999999657,0.0012169999999999655,0.0010021699999999776,0.001002169999999981,0.0010021699999999915,0.43007365634070294,8.196378425041363,5.073376972280122,-0.020348172293778898,0.044415199047654744,-0.02432645780088678,4.059671914577484,-23.620175552368163,-23.87979148864746,1013.8036499023438,-0.13205290430353253,33.83244952216696
2025-06-11T20:38:05Z,39.98461594613284,-75.15600363083465,23.78598209855595,-3.6802605320104096,5.997765650311389,-0.967268056954288,1.061615741559486,0.017318465742588943,5.544200504858556,0.0010000000012924954,0.0009999999953578928,0.0010000000024712877,0.0010000000091770224,0.0009999999979539542,0.0009999999948038967,8.000328506702004e-6,8.00033153774211e-6,0.7552415532922844,0.8832806874075921,0.8849553574120407,0.012167234278913891,0.00014061897634279712,0.0001410636253139398,0.0006713329143482018,0.0012179999999999687,0.0012179999999999646,0.0012179999999999648,0.0010021799999999782,0.0010021799999999814,0.0010021799999999905,0.4282668937132746,7.994074481968555,5.557570214656632,0.021043774146581633,0.02484952485519945,0.024412193416383916,4.8379223492680765,-23.394371149491292,-26.447358656902704,1013.8529663085938,-0.03548760582791013,35.63932183460574
2025-06-11T20:38:06Z,39.98439787583702,-75.1559324573948,23.69243697647867,-4.0456388307135684,5.754719379911388,-0.9606176357211369,1.0581104254953937,6.259742934499042,5.426967415276049,0.0010000000012330562,0.0009999999952744953,0.001000000002467788,0.0010000000089044451,0.000999999998320231,0.0009999999949309034,9.000326021123687e-6,9.000331960975517e-6,0.7609527000632396,1.071824927808609,1.073320345068682,0.012295771110359068,0.00015062811185569686,0.0001510744529336977,0.0006814169742776862,0.0012189999999999682,0.0012189999999999645,0.0012189999999999647,0.0010021899999999788,0.0010021899999999822,0.0010021899999999896,-0.07309631838793965,8.267115997319095,5.148298830905701,-0.003596946145132934,-0.12270283827091989,-0.021784074346233213,6.479216555754344,-19.091220498085022,-23.035378615061443,1013.6392308285361,-0.04160341440505628,30.61177080315145
2025-06-11T20:38:07Z,39.98491707772076,-75.15773593155028,21.7811846270529,5.517803515403172,2.221481328632317,-0.7858924932224927,0.951676708738447,0.1474675365989855,5.347104997560511,0.0010000000016206776,0.0009999999952128302,0.0010000000027273969,0.0010000000091753693,0.0009999999982940458,0.0009999999951550314,4.958145198328303e-10,4.958144037735046e-10,0.7052807562978952,0.1684390163704746,0.1684498321149372,0.011811435097179395,0.00006699487750111424,0.00006675773943363475,0.0006919213357076133,0.0012199999999999668,0.001219999999999964,0.001219999999999964,0.0010021999999999798,0.0010021999999999824,0.0010021999999999904,0.19391645216818526,8.1467990639257,5.940813076732075,-0.04472431851901595,-0.021140688731651012,-0.12665846991579477,8.770579872131348,-21.287291526794434,-22.74104362487793,1013.70556640625,0.3041144294431259,32.360834910540795
2025-06-11T20:38:08Z,39.984946330572704,-75.15771728271339,21.989598119508457,6.665238180473987,0.9520132857135345,-0.7328439587870188,0.9796629027668585,0.1285149508264912,5.478309946487343,0.0010000000015579489,0.0009999999951792694,0.0010000000028775173,0.0010000000090206887,0.0009999999985149312,0.0009999999953278845,1.0004958168531581e-6,1.000495822166667e-6,0.7182738376552301,0.20718246888385644,0.20688163517803698,0.012317148198853208,0.00007663839263500836,0.00007674852534921169,0.0007013439072007169,0.0012209999999999676,0.0012209999999999645,0.0012209999999999647,0.00100220999999998,0.001002209999999982,0.0010022099999999908,0.3516652975523869,8.177802237223528,5.597136751016498,0.010218613983288806,0.09699837332142391,0.08984976968193749,11.464016145589401,-18.039567071564342,-27.363354546683176,1013.7279968261719,0.13560402321111104,34.721741000741886
2025-06-11T20:38:09Z,39.98497462948021,-75.1577114799445,22.324166845918896,7.406559171136531,-0.019863752751750067,-0.6763432327331149,0.9746750766816719,0.11275187719956258,5.45704466205156,0.0010000000014999426,0.00099999999532335,0.0010000000028473424,0.0010000000091637375,0.000999999998810536,0.000999999995369669,2.000495824802003e-6,2.000495849081173e-6,0.7308791608378026,0.26055080449409274,0.25956108391453037,0.012926052598214981,0.00008633626196960928,0.00008672175316317172,0.0007111615430522945,0.0012219999999999681,0.001221999999999965,0.001221999999999965,0.0010022199999999808,0.0010022199999999816,0.0010022199999999899,0.047890972993486096,8.075019515598669,5.624883013007148,-0.0020162426665115587,-0.025895107530633153,0.0008801192745245877,4.509679103891055,-18.978370507558186,-23.390703678131104,1013.6495666503906,0.06077553101331996,30.457145030728224
2025-06-11T20:38:10Z,39.98499915633136,-75.15771115596998,22.704975896691753,8.092235035511164,-0.08457430884773742,-0.6597075628842455,0.9732055599434438,6.257227128458199,5.513016117477501,0.0010000000015706026,0.000999999995239334,0.0010000000026339172,0.001000000009420191,0.0009999999986794804,0.0009999999951215064,3.0004958383998117e-6,3.000495901801958e-6,0.7430952870891092,0.3266390051228116,0.32794773461941984,0.013136690109656748,0.0000952772920747291,0.0000966491697452159,0.0007211071498296654,0.0012229999999999674,0.0012229999999999648,0.0012229999999999648,0.0010022299999999814,0.0010022299999999814,0.0010022299999999894,0.13956620989985238,8.267792385962355,5.112820937212218,-0.00341414938572746,-0.031370060893448834,0.14659723030493757,6.697052916701959,-17.750750619537975,-24.627566979855906,1013.6112670898438,-0.05835831434917192,31.08783634885599
2025-06-11T20:38:11Z,39.985013795952355,-75.15771062047119,22.970435073591144,9.198465076324501,-0.10867708782749633,-0.7677220573739437,0.9168481441405862,0.0938159134433042,5.359334890203595,0.0010000000012874908,0.0009999999954949771,0.0010000000024366219,0.0010000000094919027,0.0009999999983931823,0.0009999999948900491,4.000495847586029e-6,4.000495989274e-6,0.7546459644970264,0.40868859605135954,0.41530691172838713,0.01356656920895771,0.00010607828523170553,0.00010649344297369138,0.0007312346782182487,0.0012239999999999677,0.001223999999999965,0.001223999999999965,0.0010022399999999817,0.0010022399999999817,0.0010022399999999898,0.46945769871000703,8.237817767774445,4.992160465766106,-0.05124766550410057,-0.0546695117157301,-0.19037899345698117,5.211941550175349,-21.631107886632282,-24.134395281473797,1013.6419372558594,-0.136491616711916,32.82582627602023
2025-06-11T20:38:12Z,39.985003672086506,-75.15771670403872,23.210911180599183,9.327125354754676,-1.4298550277453312,-0.7828739692969153,0.9921300802899374,0.05321113431977251,5.417500393702511,0.0010000000012312204,0.0009999999954100434,0.0010000000025791843,0.0010000000093499414,0.0009999999987183165,0.000999999994697511,5.000495813157551e-6,5.000496122211148e-6,0.7664910065249331,0.5164364769349302,0.5170599974294253,0.014467763802701471,0.00011542793619870441,0.000116269129353175,0.0007408390693332863,0.0012249999999999672,0.001224999999999966,0.001224999999999966,0.001002249999999981,0.001002249999999981,0.0010022499999999893,0.48435415811373456,7.516761259667367,6.247301495092252,0.07155040504486125,0.024781909350049956,0.06568656306852286,3.1055223844489275,-20.9914689355967,-27.076529911586217,1013.599365234375,0.005775973664228289,34.400886931837555
2025-06-11T20:38:13Z,39.98497327848226,-75.157717792555,23.608148327589138,9.77647423006297,0.5344060424996052,-0.3662092637608183,0.9964825953396594,6.038618231153829,6.182981360502126,0.0010000000010340294,0.0009999999952110695,0.0010000000027222105,0.0010000000089252711,0.0009999999985746237,0.0009999999944608443,6.00049563979571e-6,6.000496313808431e-6,0.7768885048106318,0.6361716816853197,0.6470743964273411,0.013504090378504934,0.0001323848959140131,0.00012574613559105898,0.0007619250998241367,0.0012259999999999678,0.001225999999999967,0.0012259999999999647,0.0010022599999999805,0.0010022599999999805,0.0010022599999999896,0.9700478027152624,9.078062786106885,4.015665401456161,0.10228821124893353,0.6363563905569813,0.8522871091403318,-1.824662462497751,-23.207703630129497,-28.517499446868896,1013.5935668945312,0.19344734298374425,36.81264651402498
2025-06-11T20:38:14Z,39.984922643319436,-75.15769379211689,23.964898714963887,7.550278266020448,2.785856940670595,-0.6904415114942175,0.9844491871921713,6.025057866636405,6.250011594456589,0.0010000000008943569,0.0009999999950405505,0.001000000002283524,0.0010000000091686244,0.0009999999986021546,0.0009999999944204543,7.000495132100501e-6,7.000496578192907e-6,0.7811226432326405,0.773794050371509,0.7738845885346312,0.012541630048974071,0.00014311306227717088,0.00013556255864965292,0.0007729823785220325,0.0012269999999999688,0.0012269999999999657,0.0012269999999999649,0.0010022699999999816,0.0010022699999999813,0.0010022699999999896,0.10581431908057046,9.18893821144583,3.629474691388269,0.005666557975501346,0.04711646194339775,0.046059938354368904,5.498051900863647,-22.258411445617675,-25.33817943572998,1013.6155395507812,0.09967289594291279,34.17141096682037
2025-06-11T20:38:15Z,39.98482258010788,-75.15764572891165,23.834419881244138,3.333276889891559,4.665496673712971,-1.3050193725731187,1.0449746206859947,5.721715999990547,6.249692124083429,0.0010000000009953176,0.0009999999951122566,0.0010000000023702913,0.0010000000092968814,0.0009999999984808396,0.0009999999947088482,8.000493955153769e-6,8.000496928923654e-6,0.7791074254968413,0.9352683214501966,0.9267951185218731,0.015548738222414676,0.0001965126897343865,0.00014552767037866166,0.0008285011913841364,0.0012279999999999683,0.0012279999999999654,0.0012279999999999641,0.0010022799999999817,0.0010022799999999817,0.0010022799999999886,-0.2113125982147519,9.302562378401753,3.8199214854430457,0.06255809739691276,-0.16579073038983205,0.2654733530001973,5.015419888198376,-22.672235565185545,-24.32582344055176,1013.6422424316406,0.27767517989664653,33.62925777902795
2025-06-11T20:38:16Z,39.98459447679759,-75.15757788260957,22.910366348252314,-1.6164811236612187,6.208945511175152,-2.7133494775086744,0.9493366431168898,5.8032369307049185,0.1496455078514589,0.001000000001222143,0.000999999994789344,0.0010000000021995151,0.0010000000091262905,0.0009999999985433308,0.0009999999949613586,9.0004915958329e-6,9.000497381583355e-6,0.7803694329100421,1.1063289151081939,1.1203062286556162,0.02580365074572858,0.0001894052598952698,0.00015521509604257333,0.0008218349001610199,0.0012289999999999677,0.0012289999999999656,0.001228999999999963,0.0010022899999999808,0.0010022899999999825,0.0010022899999999895,-0.08805241094424635,9.037664462524514,3.7366041216569457,-0.004205367031167742,0.17892266957628952,0.0186298562157212,6.124399871826172,-21.094531745910643,-24.284099464416503,1013.6034851074219,-0.000985093569238576,32.7444912986054
2025-06-11T20:38:17Z,39.98496940172958,-75.15825306288775,19.517781439086612,-1.0202239988711732,6.292595459817787,-3.232713199520178,0.8877585121241547,5.895401277588515,0.35327063317003765,0.0010000000014219082,0.0009999999946687368,0.0010000000021142578,0.0010000000087916174,0.0009999999989183824,0.0009999999946754658,7.850167481008781e-10,7.850169776394136e-10,0.7283585060323121,0.1425392109680893,0.14324807695104425,0.021941975796768057,0.0000793291712494497,0.00007182830958646788,0.0007924282165947608,0.001229999999999968,0.0012299999999999653,0.0012299999999999633,0.0010022999999999812,0.001002299999999982,0.0010022999999999892,0.5743102156507669,8.980721935277428,3.8535944350935876,0.0047769062418497234,0.1942030819669031,0.07956526380163635,7.393443841934204,-20.956915550231933,-24.250671424865722,1013.6897165398849,0.008410394079540702,32.892963547559724
2025-06-11T20:38:18Z,39.98499731755318,-75.1581744321991,17.888320044946827,-4.908520395261312,7.137304045543915,-3.8901300116699096,0.8242779990099957,5.871893552155276,0.6004323750442341,0.0010000000016830626,0.0009999999951192252,0.0010000000024580587,0.0010000000086360786,0.0009999999989159106,0.0009999999951077426,1.0007850188108897e-6,1.0007850237192085e-6,0.7636345771155606,0.17256709701594627,0.18625210539685697,0.028208107887344375,0.0000899157826700072,0.00008232342903479386,0.0007951155810520311,0.001230999999999968,0.0012309999999999641,0.0012309999999999641,0.0010023099999999807,0.0010023099999999807,0.001002309999999989,0.6114386644209486,8.812549002016949,4.229428182828299,0.030480542626753506,0.15830825459879017,0.17194447210218494,0.016836001053452492,-21.75772357940674,-22.73201572418213,1013.5802307128906,0.012883397940750005,31.466492773609428
2025-06-11T20:38:19Z,39.985002247447795,-75.15809497269328,15.834477695188003,-9.638361814891596,6.565704412750677,-4.683780669481882,0.7903467925101962,5.7581959301632555,0.6663332269074976,0.001000000001905088,0.0009999999948399063,0.0010000000024183173,0.0010000000087833029,0.0009999999984282313,0.0009999999953103646,2.0007850260107163e-6,2.000785048130512e-6,0.8166147526211772,0.2104291370760726,0.26804016990063584,0.03723570099611098,0.00011005789622289582,0.000092134147780505,0.0008193286104857911,0.0012319999999999677,0.0012319999999999638,0.0012319999999999638,0.0010023199999999815,0.0010023199999999795,0.0010023199999999893,0.12328318756483207,8.728219738322876,4.873869479852343,-0.009366377624215008,-0.03761819801044256,0.1269036877915833,6.287730469995616,-21.35149356297084,-25.95263621271873,1013.7209167480469,0.21649280660783757,34.190023279822576
2025-06-11T20:38:20Z,39.98496681014713,-75.15802629112211,13.483992982275396,-14.52855610454485,5.5796290417971415,-5.7698167310993425,0.7679002217656615,5.728050320702488,0.723429585431921,0.001000000001543207,0.000999999994636115,0.0010000000028039786,0.0010000000087608469,0.0009999999981259982,0.0009999999951593934,3.0007850389361885e-6,3.0007851000255875e-6,0.8921257142688505,0.25583115095934067,0.3962361983836125,0.04944187105241328,0.00012263889360177108,0.00010159148437852767,0.0008311653528216357,0.0012329999999999661,0.0012329999999999626,0.0012329999999999622,0.0010023299999999823,0.0010023299999999788,0.0010023299999999892,0.2902202198784374,8.604847320561802,4.801105713745024,-0.001574729566179504,0.010661471933633829,0.06205440339076601,6.0173386554328765,-21.932362770547673,-25.903338179296377,1013.7518920898438,0.07690800173438818,34.470513997267034
2025-06-11T20:38:21Z,39.98486683047142,-75.15797286995512,11.212489598867805,-18.438447956589492,4.382897417804413,-6.203447564318767,0.7646061369444773,5.849552640368082,0.7561857281594403,0.0010000000017360172,0.000999999994814795,0.0010000000029606326,0.0010000000086819027,0.0009999999982935688,0.0009999999952655758,4.000785050134753e-6,4.000785193891446e-6,0.9903706999113892,0.3120394654267579,0.5579393940753867,0.06091595985588679,0.00011533339678925342,0.00011041801516497877,0.0008217580319605128,0.0012339999999999665,0.0012339999999999626,0.0012339999999999628,0.0010023399999999827,0.001002339999999979,0.0010023399999999896,0.5147702939987564,8.412279728019005,5.233262379453735,-0.0008481165437557768,0.10311088661478102,-0.05520579508801682,5.258199892044067,-22.81473159790039,-25.412599449157714,1013.7715759277344,0.13972945262706485,34.55368795848579
2025-06-11T20:38:22Z,39.98467809010162,-75.1579368822551,9.559229978735946,-21.49546359175134,3.0307628973730862,-6.255474967881813,0.8154653649453915,5.841880668889825,0.719437738924281,0.0010000000014206009,0.0009999999947179453,0.0010000000028898156,0.0010000000084320901,0.0009999999987653056,0.0009999999955436956,5.000785034431843e-6,5.000785348098617e-6,1.1026547365330481,0.3739030985988313,0.7498975908176742,0.07042924634139841,0.0001241106599643541,0.0001177187245991516,0.0008365188347317103,0.0012349999999999675,0.0012349999999999633,0.0012349999999999636,0.0010023499999999824,0.0010023499999999778,0.0010023499999999887,0.26406955236022917,8.333913439755857,5.328159311947246,0.018119010225167972,-0.03776888278250076,-0.00682984590648617,7.303895835876465,-21.545443611145018,-25.88571548461914,1013.8063659667969,0.11436068307251777,34.461860179419475
2025-06-11T20:38:23Z,39.98437423426318,-75.15791540572079,8.753546693665427,-23.38517716665035,2.23299626330056,-6.438872206493322,0.8055662476281907,5.950712442745915,0.8587094125472181,0.001000000001138951,0.0009999999949858816,0.0010000000031735248,0.0010000000085082638,0.0009999999985129899,0.0009999999951890383,6.00078494094559e-6,6.000785582735015e-6,1.2141273929177077,0.4271784246542158,0.9531191163714605,0.07514873944830769,0.00011806250675390468,0.00012624575089829939,0.0008296663036700588,0.001235999999999967,0.001235999999999962,0.001235999999999963,0.001002359999999983,0.0010023599999999786,0.001002359999999989,0.5736892091990212,8.014808229451694,4.571413505312891,0.021272169581564235,0.15771691649592703,0.02359122436469724,4.23289159933726,-22.622357845306396,-26.502974549929302,1013.7503662109375,-0.5359899529622977,35.101175864268455
2025-06-11T20:38:24Z,39.98395279407341,-75.15790869822662,8.556306275417395,-24.417960706464008,0.3784921741118229,-5.854834994081207,0.8222287006286259,5.922440057997565,0.8367653856779865,0.0010000000013162928,0.0009999999953697234,0.0010000000032281534,0.001000000008549664,0.0009999999987557787,0.000999999995239458,7.000784693085e-6,7.000785920119821e-6,1.3084494672066986,0.49002761433081504,1.1755203842568227,0.0762567729544107,0.00012707867944268067,0.00013189697873521443,0.0008448931718258425,0.0012369999999999662,0.0012369999999999612,0.0012369999999999625,0.0010023699999999833,0.0010023699999999788,0.0010023699999999894,0.1411480929581653,7.937548321631638,5.764578178267565,-0.01397475215380495,-0.04822979430724385,0.019731052759813753,6.080330459439025,-18.755383180112254,-23.040571095992107,1013.8408508300781,0.03049229938873278,30.324901627164152
2025-06-11T20:38:25Z,39.983398484590616,-75.15791714828863,9.437603785498116,-24.95206979040445,-0.9100227844481323,-5.164076414528384,0.9399442875331735,6.012736670411384,0.5924144901647243,0.0010000000014197743,0.0009999999951576094,0.0010000000031132356,0.0010000000089986961,0.0009999999986082292,0.0009999999951830465,8.000784192558007e-6,8.00078638528002e-6,1.3773897887398627,0.5445676754480678,1.4235608736965863,0.07492476771839171,0.00013672943563489256,0.00012762185830644446,0.0008579813257948086,0.001237999999999965,0.001237999999999961,0.001237999999999962,0.0010023799999999826,0.0010023799999999783,0.001002379999999989,0.18039131534808042,8.138352847123397,5.311901517867247,0.021457790794614573,-0.1428579606326893,-0.204588989826281,6.825167856216431,-18.6296435546875,-27.60884338378906,1013.7361145019531,-0.060163116972556815,33.998401747104495
2025-06-11T20:38:26Z,39.98273317131905,-75.15793473092857,11.229761801977862,-24.99200544871414,-2.217755629488695,-3.8738885961242504,0.9919832463572742,5.969108275007525,0.689134855956156,0.0010000000015514337,0.0009999999953860912,0.001000000003156002,0.0010000000086642655,0.0009999999982186528,0.000999999995321903,9.000783322956777e-6,9.000787006617645e-6,1.4198685938745705,0.6039619745918349,1.6964330132572771,0.0715373326474529,0.00014562458166014408,0.00013416535302685618,0.0008724716036319076,0.0012389999999999647,0.0012389999999999608,0.0012389999999999608,0.0010023899999999815,0.001002389999999978,0.0010023899999999886,0.27527591724365535,8.702687870507315,5.414196410414443,0.06414730093304555,0.03314085157801029,0.10719278716125723,5.530747885704041,-21.43125160217285,-22.017095489501955,1013.6456298828125,0.47291692131125024,31.21917753760104
2025-06-11T20:38:27Z,39.98508303162656,-75.15908252558638,25.686368067707235,-7.5557272349883755,-4.901330625809463,1.5130281318682186,1.0992023960619375,6.035965667823727,1.126521668005618,0.0010000000019344142,0.0009999999949205393,0.0010000000034517092,0.001000000008470687,0.0009999999981440924,0.0009999999953927046,5.371300503823287e-10,5.371301707686654e-10,1.0145260792643738,0.2423849147852845,0.3295123182973221,0.038416113834226176,0.00010494147986877591,0.00010813680874047548,0.0006206664264302095,0.0012399999999999636,0.0012399999999999597,0.0012399999999999597,0.0010023999999999819,0.001002399999999978,0.0010023999999999886,0.6360133937758141,8.83856217279701,5.42964802033245,0.08234912968864366,0.22603635508372696,0.24159643184488924,1.478689772742135,-23.53056273168447,-28.09659953993194,1013.5896911621094,0.6127845357264982,36.678182793276626
2025-06-11T20:38:28Z,39.98501768143825,-75.15915188001442,27.376263933457405,-8.555984386451891,-6.940357075643053,1.3732237301779582,1.1027708625718922,6.056447201350003,1.1150665368435404,0.0010000000020070445,0.0009999999950034894,0.0010000000032722206,0.0010000000082059117,0.000999999998547547,0.0009999999950618095,1.000537133727779e-6,1.0005371449152952e-6,1.059064752711551,0.290270526975821,0.38018511623411855,0.038768692649339506,0.00011365159887409598,0.00011660858638632854,0.0006261349235831982,0.0012409999999999624,0.0012409999999999585,0.0012409999999999585,0.0010024099999999812,0.0010024099999999775,0.0010024099999999883,0.022996297122035363,8.850925606826177,4.430904989126905,0.0004686027400030066,-0.0007862183793458355,-0.022769372627701595,5.673746819398841,-24.101971022936763,-23.296770718632914,1013.6868286132812,0.118520922818085,33.997536517433616
2025-06-11T20:38:29Z,39.98493953087105,-75.15924361150853,28.497836362711723,-9.57412254941015,-8.691224721338848,1.1919783747566302,1.1221897346742713,6.104821836642472,0.9425669587530929,0.0010000000018389329,0.0009999999946325886,0.0010000000032597074,0.001000000007947652,0.0009999999987474664,0.000999999995312115,2.0005371460459787e-6,2.0005371935234307e-6,1.0940521037615594,0.3476560894867395,0.44926694384276056,0.038813892812260234,0.00013023494344963232,0.00011575035208316343,0.0006312687121423449,0.0012419999999999625,0.0012419999999999586,0.0012419999999999588,0.0010024199999999804,0.001002419999999977,0.0010024199999999876,-0.011608997273992457,8.805061657112601,4.410838822519669,-0.015244986871159025,-0.13143338182954933,-0.11962715092614692,8.352020224746393,-22.554064847985092,-22.964881118463012,1013.7450256347656,0.06869530017850983,33.253939260739116
2025-06-11T20:38:30Z,39.9848654603246,-75.15933608143234,29.25558464220376,-6.85644449875876,-6.966718174176913,1.1218883935150474,1.2537805409309786,0.41519584354582284,1.0771985323546065,0.0010000000022525257,0.0009999999946034921,0.001000000003161002,0.001000000008130908,0.0009999999990181188,0.000999999995099176,3.000537169216397e-6,3.0005372826522186e-6,1.107928405487778,0.3977363591052539,0.536420700913799,0.02822109691088481,0.000151525733880251,0.00013097608727198832,0.000534217810835031,0.0012429999999999627,0.0012429999999999588,0.0012429999999999588,0.0010024299999999795,0.001002429999999976,0.0010024299999999867,1.4010445160269975,8.356653856282833,4.807804992434103,0.12870604890238732,0.40085192905548694,-0.5759125126369783,9.270008009307238,-25.6167627840626,-16.329575227231395,1013.7592163085938,-0.03731212134727993,31.761665431698336
2025-06-11T20:38:31Z,39.98480811004643,-75.15942084604806,29.770434381689736,-4.685829429132467,-7.1672199468505,1.2238481826896344,1.2644728215273437,0.03827763759579589,0.7484364302258891,0.00100000000212651,0.0009999999945316512,0.001000000002820205,0.0010000000080298537,0.0009999999988555743,0.0009999999951735457,4.0005372007120535e-6,4.000537422429612e-6,1.0955761508917383,0.4762063111374102,0.6743315887785883,0.024027425421537112,0.00015456087752160482,0.00012120513436157683,0.0005975495851344901,0.0012439999999999621,0.001243999999999958,0.001243999999999958,0.0010024399999999803,0.0010024399999999769,0.0010024399999999877,-0.7981329928584571,8.736871060376796,4.767580862280545,0.0928066878733264,-0.45851777199968125,0.27876622690499603,9.833443784713745,-13.898971767425538,-25.620975456237794,1013.8163696289063,0.205433108603958,30.762140650351554
2025-06-11T20:38:32Z,39.984762906921546,-75.15951740308294,30.00103351880111,-2.002801596996712,-8.762534609523575,0.6047449454852349,1.2473314940545228,0.06744419880821574,0.8078036982983844,0.0010000000024112568,0.000999999994531449,0.0010000000031891835,0.00100000000834253,0.000999999998884091,0.0009999999949810647,5.000537220359309e-6,5.000537628299583e-6,1.071797829217789,0.5711360965620018,0.8526723741688368,0.02447513182453357,0.00016207824242583696,0.00013215106475694208,0.0005997281731492173,0.001244999999999961,0.0012449999999999573,0.0012449999999999573,0.0010024499999999805,0.001002449999999978,0.0010024499999999885,0.4889532210668761,7.892266132905161,5.79225505300162,-0.02059314893627002,0.06717021036673053,-0.010785018571368595,10.083922189413284,-7.6444202588529,-36.58132572563327,1013.8081604003906,0.022529182187813183,38.70803683056749
2025-06-11T20:38:33Z,39.984725950556495,-75.15963172104603,29.846570250294693,1.1966021998079064,-10.225376207727649,-0.08201131799960718,1.2261048241343477,0.1994428853316345,0.7042768075536379,0.0010000000027651614,0.0009999999948165958,0.0010000000029896094,0.0010000000082021959,0.000999999999039782,0.0009999999948029615,6.000537169094501e-6,6.000537919796233e-6,1.0478162649298475,0.6871336881485988,1.0837018124885784,0.02844818845621779,0.00018250169985796288,0.0001358528156173508,0.0005773029274209841,0.0012459999999999605,0.0012459999999999563,0.0012459999999999566,0.001002459999999981,0.0010024599999999785,0.0010024599999999889,0.20794796982166444,7.6848842635209405,6.114253508087784,-0.00806586173388321,-0.05310971358576361,-0.16044554827892785,8.393854051828384,-23.536595344543457,-22.37073278427124,1013.7076416015625,0.04345990910240019,33.53914714512052
2025-06-11T20:38:34Z,39.98470342767322,-75.1597607088092,28.96043263440173,5.237684514430516,-11.199371106101156,-1.0758442416658662,1.2347847487647494,0.2483039074221562,0.7668162494503354,0.0010000000029495193,0.0009999999945042959,0.001000000002889706,0.0010000000083876784,0.0009999999994661354,0.000999999994923628,7.000536920984168e-6,7.000538321552873e-6,1.0327840490625382,0.8218528564958276,1.3750377224246293,0.03647731350250317,0.0001923933033340217,0.00014749728005288527,0.0005778857317461822,0.0012469999999999615,0.0012469999999999571,0.0012469999999999573,0.0010024699999999808,0.001002469999999978,0.001002469999999988,0.4090160167664577,7.499192995076594,6.264799412724366,-0.006081073437358629,0.07483731139749986,-0.026073922462312285,7.265831890106202,-23.02945156097412,-22.850843353271486,1013.7652770996094,0.0011246583196244454,33.246136972207815
2025-06-11T20:38:35Z,39.98466287243545,-75.15989396787177,27.60666686025166,9.212492460197211,-11.797929876001277,-1.8277278961542927,1.196212930948455,0.23193078361630928,0.8193417582532753,0.0010000000031584382,0.0009999999943065957,0.0010000000028327963,0.0010000000084322007,0.0009999999997270285,0.0009999999951022655,8.000536254083959e-6,8.000538862658276e-6,1.0369021827957248,0.9849940573688529,1.7187751042508566,0.04736044904377909,0.00019541800766441253,0.00015912738629498397,0.0005905674014383539,0.0012479999999999603,0.0012479999999999564,0.0012479999999999564,0.0010024799999999812,0.001002479999999978,0.0010024799999999883,0.11535521053972932,7.610714859014284,6.314335440632791,-0.050679263540549385,0.041854827242505936,0.0332427603951196,3.758575897216797,-18.99686351776123,-23.764379501342773,1013.7297058105469,0.11069845806943399,30.655347680268363
2025-06-11T20:38:36Z,39.984569695765046,-75.16002396832862,26.034986098318935,12.872858365551803,-12.262521676927705,-2.363470368288293,1.2116622962372445,0.21789300727673766,0.8654581163849082,0.0010000000029258365,0.0009999999944649014,0.0010000000027767053,0.0010000000085470175,0.000999999999822745,0.0009999999951916345,9.000534846574551e-6,9.000539574592365e-6,1.068678347335347,1.174519569380675,2.1004437529783577,0.05979172722071785,0.00019655141217578826,0.0001707349782174846,0.0006019459182358261,0.0012489999999999598,0.001248999999999956,0.0012489999999999559,0.0010024899999999815,0.0010024899999999787,0.0010024899999999885,-0.1574617029539229,7.61066761319412,6.375940647758195,0.008058683522557987,0.03514209615167673,0.029247654171688228,3.9649998992681503,-18.35108721256256,-27.983241081237793,1013.7169799804688,0.1507246413042601,33.69780395017427
2025-06-11T20:38:37Z,39.98516447922223,-75.15963305395235,26.231793476975348,2.8536435968767786,0.3746552187692235,-0.4756820925648338,1.0519333298976612,0.28843994458043964,0.8834002628479223,0.0010000000030447151,0.0009999999946612931,0.0010000000023707987,0.0010000000087902097,0.0009999999999316727,0.0009999999951291819,8.26330121930064e-10,8.263300940059023e-10,0.8883765075900226,0.1971918515567411,0.2105953470104204,0.029141754076223433,0.00007816375054535135,0.00007881730931237648,0.0004586128762305518,0.00124999999999996,0.0012499999999999569,0.001249999999999956,0.0010024999999999808,0.001002499999999979,0.0010024999999999878,-0.24509784104967638,8.421114772802166,4.868107441899384,-0.002976036805147515,0.007938048570831685,-0.08316220947756098,5.64884388923645,-19.29869167327881,-26.551835403442382,1013.6875915527344,-0.050334175126276276,33.30683899842366
2025-06-11T20:38:38Z,39.98518703808959,-75.15961810738608,26.016343904160298,4.390459868465936,2.1582841280283374,-0.7327768472789941,1.050675289920785,0.2906804321078808,0.8842035524118388,0.0010000000032817753,0.0009999999943786052,0.0010000000022390811,0.00100000000860195,0.0010000000000703834,0.000999999995202094,1.0008263329493222e-6,1.0008263397279072e-6,0.9245499752738009,0.23776102269291038,0.254448609373551,0.029929637868098484,0.00008738746671029321,0.00008846502637676725,0.00046858092723907644,0.0012509999999999596,0.0012509999999999557,0.0012509999999999555,0.00100250999999998,0.0010025099999999801,0.0010025099999999873,-0.45262032513873274,8.438377139017357,4.929139849580937,-0.0005272330044972036,0.001837621472126752,-0.002098478038210453,6.819545686244965,-18.964391311009724,-26.36165777842204,1013.7493254009046,0.002442748853849698,33.18264573193404
2025-06-11T20:38:39Z,39.98522377240511,-75.15958197289355,25.649314175864358,5.856947745500388,3.9366457878047822,-0.9708892644893503,1.0481152701278713,0.28075931022740125,0.8853863316808669,0.0010000000032237004,0.0009999999941231025,0.0010000000020705061,0.0010000000086010394,0.0010000000000471492,0.0009999999954150409,2.0008263421975188e-6,2.0008263725761234e-6,0.9595612869142753,0.29492624368679593,0.31413659877306843,0.030971213765506996,0.00009581799694359572,0.00009784425787226942,0.00047839421899651037,0.00125199999999996,0.001251999999999956,0.0012519999999999558,0.0010025199999999785,0.0010025199999999796,0.0010025199999999868,-0.44773559010357017,8.43823782349195,4.923750204084064,-0.0015920633184441113,-0.003928368224326673,0.008249714717739247,6.792604009310405,-18.96159557501475,-26.292524456977844,1013.7511901855469,-0.0008195220060702897,33.12061382835687
2025-06-11T20:38:40Z,39.98527149481675,-75.15952492565259,25.19010888496209,7.217835224022271,5.676838346017342,-1.1691968604865026,1.0448825745095445,0.28015621889314063,0.883548597850245,0.0010000000033786498,0.000999999994237204,0.0010000000018741142,0.0010000000086425771,0.0010000000002367373,0.0009999999951448596,3.000826356759495e-6,3.0008264363702905e-6,0.9923682261937465,0.3679711127669817,0.39161442872527086,0.03221027607293452,0.00010467688256038256,0.00010680598599016094,0.0004881701258654223,0.0012529999999999592,0.0012529999999999553,0.0012529999999999553,0.0010025299999999785,0.0010025299999999785,0.0010025299999999859,-0.46757445676508874,8.43955559121514,4.929955194957383,-0.001035347079618782,-0.0018197799661788206,-0.0018398326378609308,6.712489624412692,-18.910497704330755,-26.258134141260264,1013.7514526367188,0.004170552112275728,33.04770337590834
2025-06-11T20:38:41Z,39.9853245038777,-75.15944718465231,24.683786825487225,8.516859564114313,7.450058802387919,-1.3551181274956812,1.04162113165102,0.27521287661209576,0.8842677148956128,0.0010000000030650582,0.0009999999941238762,0.001000000002203466,0.0010000000083431933,0.0010000000003621216,0.000999999994878688,4.000826363581772e-6,4.000826541122241e-6,1.022935185788528,0.45608386971790116,0.48899902994247363,0.0338138496511872,0.00011330586461151379,0.00011524734980585483,0.0004976859898631268,0.00125399999999996,0.0012539999999999542,0.0012539999999999542,0.001002539999999979,0.0010025399999999793,0.0010025399999999862,-0.4075683680806568,8.438967975622218,4.933606819150958,-0.0013857044426537051,-0.0018719984595702633,0.002407388931062314,6.566771869659424,-18.980027542114257,-26.234635467529298,1013.7511596679688,0.0026157590365488417,33.03962298025325
2025-06-11T20:38:42Z,39.98537445196537,-75.1593495483491,24.135962215292636,9.700921290583963,9.13914099818215,-1.5225571127302318,1.0471949208714524,0.2724334408753275,0.8990410795812378,0.0010000000028095417,0.0009999999941383774,0.0010000000021626522,0.0010000000085982211,0.0010000000004949995,0.0009999999946414737,5.000826319596659e-6,5.0008266996207515e-6,1.0517427781422726,0.5572013275871478,0.607633845301739,0.0355332279556309,0.00012198902554980502,0.00012320267490676997,0.0005067250135128254,0.0012549999999999608,0.001254999999999953,0.001254999999999953,0.0010025499999999792,0.0010025499999999792,0.0010025499999999864,-0.44290080195971865,8.414955581670915,4.932438155648889,0.003947569140452364,0.010948326868308178,0.006528924528814881,6.706339874267578,-19.008819694519044,-26.17729545593262,1013.7642822265625,-0.01733659644459698,33.03872982484818
2025-06-11T20:38:43Z,39.985406913241114,-75.15923216188642,23.758567873004562,9.357780047637055,11.029823130047111,-1.4529858342355153,1.0953676704943285,0.19427999792300407,1.0678558337064765,0.001000000002639696,0.0009999999943516964,0.0010000000021651635,0.0010000000088948022,0.0010000000004706663,0.0009999999944866427,6.000826129128467e-6,6.000826926161918e-6,1.0755899455704596,0.6771922221351149,0.7377825628777889,0.03493063472433049,0.00012412094880259218,0.0001328131068062962,0.0005137468761129672,0.00125599999999996,0.001255999999999954,0.001255999999999954,0.0010025599999999783,0.0010025599999999783,0.0010025599999999857,-0.6765851380396591,9.134195975613874,3.751857020558569,0.012078753316161848,0.10790838070437986,0.1446108681236437,7.310341536998749,-19.695374608039856,-25.114970405896504,1013.7192077636719,0.11626682229389416,32.743049539869624
2025-06-11T20:38:44Z,39.98541638400826,-75.15909442510457,23.431975839711146,8.530312667659494,13.001363442334311,-1.4124139355172225,1.0806832936695276,0.14963555381858729,0.9087446930522931,0.0010000000027133328,0.0009999999942657749,0.0010000000020791884,0.0010000000086385309,0.0009999999999112065,0.000999999994118802,7.000825620182495e-6,7.00082723571016e-6,1.0913162585300316,0.8148036225065911,0.8853816155916139,0.034579000529514764,0.00013426492634841767,0.00013668588362502644,0.0005252444740784007,0.0012569999999999593,0.0012569999999999541,0.0012569999999999541,0.0010025699999999787,0.0010025699999999783,0.0010025699999999865,-0.19995067545849304,9.388120864873812,3.203420504567842,0.015160949225723055,-0.16118691621767858,-0.038179176336228915,6.719212123325893,-19.550126173058334,-26.27332185239208,1013.7704772949219,0.13980396438954737,33.43111270483382
2025-06-11T20:38:45Z,39.985354396593074,-75.1589433339068,23.410601276868906,7.782194723630441,14.160244854789438,-1.45135590092319,1.0644374786269264,0.032816329719878225,0.7916347514919209,0.0010000000023598007,0.0009999999941665986,0.0010000000018411592,0.0010000000088214796,0.0009999999998465494,0.0009999999939979826,8.000824524299912e-6,8.000827644253538e-6,1.1006090811451206,0.9568307933386605,1.053037722752226,0.03370298476088984,0.00014383914348748206,0.00013968891468627047,0.0005378517727914153,0.0012579999999999586,0.0012579999999999536,0.0012579999999999536,0.0010025799999999778,0.0010025799999999778,0.001002579999999986,-0.0011012174549308892,8.957634778570785,3.624943665408879,-0.004099665106644853,-0.15975011686302815,0.0406147078835886,4.810947895050049,-20.509907608032226,-27.40876335144043,1013.6406860351562,-0.11865256562831478,34.56932648148539
2025-06-11T20:38:46Z,39.985257958600194,-75.15878242628163,23.26113528637356,8.109477210225537,15.394320753285188,-1.421454045596544,1.0699418806156131,0.1944431469247091,0.7450298425301072,0.001000000002490835,0.0009999999940102475,0.0010000000015416063,0.0010000000089779647,0.0010000000000211233,0.000999999994162107,9.000822463903466e-6,9.000828170371985e-6,1.1084044747265849,1.1213917335796597,1.2492017268401632,0.03481763145464084,0.00016069110468024014,0.00014356452899707607,0.0005447276449515718,0.0012589999999999587,0.0012589999999999526,0.0012589999999999529,0.0010025899999999768,0.0010025899999999766,0.0010025899999999864,0.5147229589299716,8.795226773949054,4.2290016807031705,0.01122596456811577,0.03789885825353186,-0.1718384205992849,3.9440159249305724,-23.13510353088379,-25.427483596801757,1013.719287109375,-0.009413831570161426,34.60262549119736
2025-06-11T20:38:47Z,39.98518592043867,-75.15973927597588,23.275024002114854,7.642599015578819,12.555348110581514,-1.0677210257669443,1.0875153275275455,0.1941934485111841,0.7086583126135086,0.0010000000022859412,0.0009999999940540388,0.001000000001303098,0.0010000000094236407,0.0010000000000265693,0.0009999999939077561,8.263301490996035e-10,8.263300716509636e-10,0.992829012700408,0.905803016500612,0.9886372292179926,0.02967684422831428,0.0001386848606247555,0.00012192254912284695,0.0005346792780993705,0.0012599999999999593,0.0012599999999999515,0.0012599999999999523,0.0010025999999999776,0.001002599999999976,0.0010025999999999857,-0.04024245752643284,8.558104948049813,4.808411004333147,0.01069836894409729,-0.020584991941249624,-0.05337753002786229,6.804427871704101,-23.00871154785156,-26.4303235244751,1013.7549133300781,0.0347262438918747,35.69677055759426
2025-06-11T20:38:48Z,39.98528037475814,-75.15958781248989,23.18875746365501,8.755582438841008,13.55070061405494,-1.1972226752589252,1.1341365684649192,0.07048016799992153,0.9519374896748093,0.0010000000025793747,0.0009999999937125763,0.0010000000011440914,0.0010000000092175467,0.0010000000001315868,0.0009999999941027447,1.000826341144891e-6,1.000826374479474e-6,1.0175622158426108,1.054945582672239,1.1525607105866356,0.031251401179733504,0.00014104417940234059,0.00013178020819135878,0.0005366868832563511,0.0012609999999999588,0.0012609999999999507,0.001260999999999953,0.0010026099999999784,0.0010026099999999758,0.0010026099999999863,0.6261876999325239,8.5948697260702,4.468244699695802,0.014285620009416182,0.1656319766267868,0.21832792865349115,0.8056879794597626,-25.870587577819823,-28.261787605285644,1013.783154296875,-0.07472020709343676,38.3231155830835
2025-06-11T20:38:49Z,39.985377508088135,-75.15943188112654,23.22328697806553,9.774268444776824,14.125792111336123,-1.1765574545886281,1.1638022851517216,0.17446090678607643,0.8671445860558541,0.0010000000024959442,0.0009999999938559358,0.0010000000014310229,0.0010000000093006488,0.0009999999999334972,0.000999999994033285,2.0008263744886124e-6,2.0008265196216774e-6,1.0417053869930497,1.2198028467614497,1.332679443823294,0.03211412253414524,0.0001561606581022223,0.00013655501091901286,0.0005513911998924335,0.0012619999999999585,0.0012619999999999504,0.0012619999999999535,0.001002619999999978,0.0010026199999999754,0.001002619999999985,0.42770426183308513,8.702466329580872,4.465294953542548,0.04012959335955734,-0.03439975361220968,-0.13563537097915457,7.134559860229492,-21.16407154083252,-24.14160343170166,1013.7083772358142,0.008584116022757396,32.88819773810983
2025-06-11T20:38:50Z,39.98547100660924,-75.15927886605517,22.741918160785193,12.594947718529461,13.396739526360891,-1.591767159807654,1.1531856428294134,0.15262946266929106,0.8674783674045485,0.001000000002254416,0.0009999999940960365,0.0010000000015668762,0.0010000000096584802,0.0009999999999796905,0.0009999999936966559,3.0008264238594585e-6,3.0008267843497106e-6,1.063253452946864,1.3710540319502464,1.538940115699068,0.03328321636639291,0.00016519509654099702,0.0001418477632954973,0.0005596050117885523,0.0012629999999999577,0.0012629999999999497,0.0012629999999999527,0.0010026299999999775,0.001002629999999975,0.0010026299999999848,0.1814199799331986,7.5686104554630464,6.197963777690279,-0.010763606792892455,-0.008308685268227933,0.015984263761114982,7.6080692738902815,-21.407513949335836,-24.417179224442464,1013.9327697753906,0.002366166822894991,33.35205588022879
2025-06-11T20:38:51Z,39.985553496091825,-75.15914370936069,22.347573013568915,14.466756343116415,12.471367954919838,-1.7336156655236876,1.1473168043543107,0.08988930318208913,0.7906167303285843,0.0010000000021302751,0.0009999999938693715,0.0010000000016693353,0.001000000009667753,0.0010000000001148404,0.0009999999940233097,4.000826463507605e-6,4.000827190573558e-6,1.0811770755250976,1.5391738752398096,1.7639582010602797,0.034350373011719865,0.00017358617681037305,0.00014582264368187737,0.000566484662742939,0.0012639999999999585,0.0012639999999999485,0.0012639999999999516,0.0010026399999999774,0.001002639999999974,0.0010026399999999848,0.09633926357165538,7.898380137528919,5.760132009325845,0.0034412635496158923,-0.09507690919933666,0.020159785082464243,6.863231868743896,-19.629067649841307,-27.320435523986816,1013.8189392089844,-0.0056490569832116574,34.333758383956834
2025-06-11T20:38:52Z,39.98561464391062,-75.15902276514261,22.07363323980182,15.877888503753812,12.075189288220056,-1.6603677987425067,1.1811677642026384,0.09092722299187134,0.9446689566716658,0.0010000000022465274,0.0009999999937846654,0.0010000000018527244,0.0010000000098356297,0.000999999999718759,0.0009999999942467514,5.00082643131709e-6,5.000827763977649e-6,1.0974120161551344,1.7304042799412747,2.014370430324751,0.03621719161430561,0.0001819693290061158,0.00015181227840598677,0.0005758795261964002,0.001264999999999958,0.001264999999999949,0.001264999999999952,0.0010026499999999767,0.001002649999999973,0.0010026499999999836,0.5242100434878028,8.400882257467678,5.183302593467951,0.020894106883581242,0.14319630466359679,0.053301247119522534,3.5272937988748354,-22.896411740050024,-25.876448495047434,1013.7914733886719,0.10340800536717486,34.73146322236951
2025-06-11T20:38:53Z,39.985640940477985,-75.15891502460953,21.892970599466764,17.047324006571287,10.93914203671483,-1.6833118051692129,1.1637038597824512,0.06789465186781081,0.8179663169150428,0.0010000000018225604,0.0009999999935015108,0.0010000000016513575,0.0010000000099193245,0.0009999999998421723,0.0009999999938550591,6.000826209811052e-6,6.000828536201211e-6,1.1125772946576262,1.9134356174069707,2.2895506606835134,0.037319674802303734,0.0001929752517617071,0.0001539262115561797,0.0005851195518750305,0.0012659999999999577,0.0012659999999999497,0.0012659999999999527,0.001002659999999977,0.0010026599999999734,0.0010026599999999842,-0.023387620460644923,8.134952385110648,5.411479266826567,-0.005629452316380033,-0.12505227190786786,-0.03510653066246069,6.336779467913569,-20.23457110657984,-27.021256583077566,1013.7937622070312,-0.011148640885209364,34.34730654512526
2025-06-11T20:38:54Z,39.98561865554534,-75.1588228679094,21.770174898268763,18.613551082218734,9.853274649400825,-1.7222043178818063,1.1626690226197542,0.12572970305668363,0.7674797205989751,0.001000000001868074,0.0009999999931488762,0.0010000000018197785,0.0010000000098896837,0.000999999999737836,0.000999999993968596,7.000825610427674e-6,7.000829547696357e-6,1.12849273548926,2.0945635804081353,2.611169955651479,0.041101594107671495,0.00020559112867308678,0.00015683099725307819,0.0005982648431208167,0.0012669999999999567,0.001266999999999949,0.001266999999999952,0.0010026699999999772,0.0010026699999999738,0.0010026699999999842,0.36921540989917057,7.983902038580717,5.764405310390728,0.006162878460461971,-0.021810923439159673,-0.08077016522808898,3.7007479286193847,-20.039231452941895,-27.439507484436035,1013.780029296875,0.0728041067277654,34.17878637716276
2025-06-11T20:38:55Z,39.9855393974354,-75.15874496470667,21.70048136353426,19.645066148434875,8.280894350461745,-1.697774830672012,1.144476835715231,0.12039036773906772,0.4995751486069877,0.0010000000021530727,0.0009999999933216583,0.0010000000017461865,0.001000000009918094,0.0009999999994706695,0.0009999999936347018,8.000824367369774e-6,8.000830847743578e-6,1.1472781689137244,2.2608885132970915,2.9692486545736667,0.04416462206941091,0.00021499673136614363,0.0001597109327983086,0.0006087291077025854,0.0012679999999999556,0.0012679999999999476,0.0012679999999999517,0.0010026799999999772,0.0010026799999999737,0.001002679999999984,-0.21417073782976326,7.9543037548133695,5.823877262113658,0.017604791171614433,-0.2491571146360429,-0.11364871243658621,2.996718331259124,-14.572775140100596,-33.00871755638901,1013.7757568359375,0.07941902629331668,36.20659967385942
2025-06-11T20:38:56Z,39.985389915465404,-75.15867345623602,21.328678838323498,22.939034570314146,8.001154840215518,-2.572992078806616,1.2238435076074452,0.2216177788593967,0.5472083140783635,0.0010000000019826844,0.0009999999931809926,0.0010000000017015567,0.001000000010229851,0.000999999999389067,0.00099999999414214,9.00082215646237e-6,9.000832494447588e-6,1.1809525541492907,2.385640829114925,3.4061515474158393,0.05879425621470975,0.00023314988434968448,0.00016078256079931364,0.0006293079640345656,0.0012689999999999557,0.001268999999999948,0.0012689999999999527,0.0010026899999999769,0.0010026899999999736,0.001002689999999984,2.403368070361845,7.665738138205532,5.488867081640405,0.07471061033055908,0.0848384698506844,-0.08556134684112564,-0.7244359961152077,-24.182595520019532,-26.856347427368163,1013.7881164550781,-0.05160323847707281,36.146679875238156
2025-06-11T20:38:57Z,39.98523058152745,-75.16016493774656,28.10637226879494,1.1234444327509696,0.2729907894300608,0.22505613198200222,1.1967739411996563,6.179502637099881,0.6363104391514922,0.0010000000020661387,0.0009999999934227803,0.001000000001277633,0.0010000000107929223,0.0009999999991573093,0.0009999999939518344,4.544985078328488e-10,4.544984558266958e-10,0.791194866187461,0.12220871257966463,0.12481660326607961,0.021434559363759726,0.00009599640166787194,0.00007884911495303046,0.0005749426142302459,0.0012699999999999567,0.0012699999999999485,0.0012699999999999528,0.0010026999999999762,0.0010026999999999725,0.0010026999999999831,-0.6035996182133713,9.004485897071028,3.7931617393476635,0.004928443152472169,0.05320152105762558,0.20004386052702539,9.574923231246624,-16.061689052175968,-30.176829317782786,1013.7756042480469,0.009078293548657643,35.50062588937778
2025-06-11T20:38:58Z,39.985227471025624,-75.1601740053046,28.038516193662534,1.3164040139138133,-1.8208091466809757,-0.045211310870637456,1.1945329263221605,6.120325128091258,0.6562316672862452,0.0010000000020917391,0.0009999999934229384,0.0010000000013809037,0.001000000010795972,0.0009999999990940142,0.000999999994130278,1.0004545001586814e-6,1.0004545040606693e-6,0.816320393124655,0.14883195573969565,0.14806404470473059,0.022213774527906845,0.00010689262343681817,0.000089013530500882,0.0005740978347523148,0.0012709999999999577,0.0012709999999999477,0.0012709999999999536,0.001002709999999977,0.0010027099999999735,0.0010027099999999844,0.16032048717394257,8.288385278180794,5.180004728407292,0.00020078077011700208,-0.003373011629870023,0.06253702579222419,11.707518129932637,-21.349501590339504,-26.492673017540756,1013.8285522460938,-0.004881873824702348,35.982291123142474
2025-06-11T20:38:59Z,39.985216528341084,-75.160206795256,27.87186539875898,1.80384743854132,-3.7747836442961447,-0.1389335256128642,1.234626224856124,6.140537429493659,0.6471004465653617,0.0010000000019791974,0.0009999999934810712,0.0010000000016096057,0.0010000000107648573,0.0009999999994000238,0.0009999999941918334,2.000454505551799e-6,2.000454523120551e-6,0.8442628894244931,0.1973122893462009,0.1890579475826968,0.023760359996557533,0.00011565589145091333,0.00009874856193220584,0.000587643968168221,0.0012719999999999587,0.001271999999999947,0.001271999999999954,0.0010027199999999767,0.001002719999999973,0.0010027199999999839,0.6830179273659562,8.470991140021848,5.119768374324897,0.03859812885519843,-0.001522862905506542,-0.022040820858809488,7.1704278087615965,-22.190823593139648,-23.04482353210449,1013.7925415039062,0.14158962165983655,32.78579348349624
2025-06-11T20:39:00Z,39.985200252703855,-75.16026077588039,27.636665659208965,3.1928890571097748,-5.430477155529218,-0.30382425359546916,1.2273287889193099,0.021207127127927532,0.5963336837570318,0.001000000002221523,0.0009999999932971014,0.001000000001553597,0.001000000010578092,0.0009999999996635589,0.0009999999941355912,3.0004545133549406e-6,3.000454560827482e-6,0.8757223337829869,0.2650304862399853,0.24529362932265186,0.026572459194822984,0.00012290584763096664,0.00010786647621436686,0.0006301477720212586,0.0012729999999999584,0.0012729999999999463,0.0012729999999999545,0.001002729999999976,0.0010027299999999725,0.001002729999999983,0.7387439827005144,8.318193992621266,5.225178693769752,-0.010466555481612651,0.006761399977376084,-0.17305590974791424,7.839719896316528,-24.48369152069092,-21.294855461120605,1013.7825028268915,0.0711856620711777,33.382328306679256
2025-06-11T20:39:01Z,39.98518199767621,-75.16033431337846,27.196574844759073,4.691702402044512,-7.121243911673017,-0.627070197556603,1.2087328086838984,0.12608208720181993,0.30644545315082966,0.001000000002236097,0.000999999993269072,0.0010000000013834886,0.0010000000106053215,0.000999999999592938,0.0009999999944271406,4.000454511558563e-6,4.000454623968659e-6,0.9120965104074483,0.35240445147454913,0.3178296727310528,0.029945781165278833,0.00013600217916598912,0.00011464416889625142,0.000664616033765581,0.0012739999999999577,0.0012739999999999457,0.0012739999999999536,0.0010027399999999768,0.0010027399999999716,0.001002739999999982,-0.0985667727558414,8.168703347349057,5.306077889538204,0.0031098506415885574,-0.24312213024463383,-0.20412734431932036,5.380199880016093,-18.789493521865534,-26.183440266823283,1013.8124694824219,-0.03830166709884262,32.6735496870616
2025-06-11T20:39:02Z,39.985158631539335,-75.16042714972225,26.618348364661095,6.087615594123664,-8.767560608017137,-0.7993962033000882,1.219546904734925,6.122584981903615,0.808512907611154,0.0010000000019952484,0.0009999999934830433,0.0010000000013560505,0.001000000010772966,0.0009999999997006128,0.0009999999943172528,5.000454461598018e-6,5.000454721382612e-6,0.9531894339584382,0.4604296672924529,0.4102963964146582,0.033309044005806934,0.00013742447807217164,0.0001313159717854485,0.0006157883711263799,0.0012749999999999574,0.0012749999999999454,0.0012749999999999535,0.0010027499999999757,0.001002749999999972,0.0010027499999999828,0.5530063032485535,8.226904615408953,5.325266784666585,0.02231376734865881,0.4224014001431935,0.495074618739232,0.9949224334286184,-22.319028192636917,-26.073142343637894,1013.8228454589844,0.03624102916054451,34.335610678488464
2025-06-11T20:39:03Z,39.98512448167916,-75.16053773135368,25.995280745589874,7.635490761782273,-10.279484638921302,-0.9618127513272877,1.2151009383822118,0.16094056513548297,0.39634569162613814,0.0010000000022657148,0.000999999993639726,0.0010000000015131356,0.0010000000107704338,0.000999999999609186,0.00099999999439887,6.000454278563489e-6,6.000454863922979e-6,0.998008321047638,0.5852644517424105,0.5209322613519316,0.03678603994249401,0.00015073634410850395,0.00013400056781140272,0.0006881705612895878,0.0012759999999999569,0.001275999999999945,0.0012759999999999527,0.0010027599999999754,0.001002759999999972,0.0010027599999999823,0.3521447526769793,8.206816571611965,5.326471324374342,-0.003445126117677326,-0.3058673813042031,-0.4852475914898312,5.958683202664058,-21.643816312154133,-22.881099502245586,1013.8382568359375,0.010945293708205434,32.054674458322616
2025-06-11T20:39:04Z,39.985063515415135,-75.16066855098542,25.392951165828546,8.004019934690342,-12.551463787391581,-1.1482741963648553,1.2406489452504394,6.169961038249798,0.647746631697132,0.0010000000020813167,0.0009999999940515903,0.0010000000017552982,0.0010000000105116896,0.000999999999695579,0.0009999999943593703,7.000453815395225e-6,7.000455063702107e-6,1.044410426414946,0.7412197604440899,0.6519057863859141,0.039957476863788054,0.00014908312076027564,0.00014818387036826122,0.000637349242936637,0.0012769999999999576,0.0012769999999999455,0.0012769999999999529,0.0010027699999999762,0.0010027699999999727,0.0010027699999999825,-0.9169816568254954,8.163446105566027,5.3246351451063925,0.022392712852570027,0.15490818751483926,0.3585492998986696,6.796670724948247,-15.903207977612814,-29.265766263008118,1013.8219299316406,0.010541825535193944,33.99394630526302
2025-06-11T20:39:05Z,39.984954998298775,-75.16082967723788,24.619824592394746,6.807046252886288,-15.989398015146277,-1.6577933658205355,1.2524806629033391,0.17363674518179706,0.16976810617862342,0.0010000000019818563,0.0009999999939224646,0.0010000000021098507,0.0010000000106952995,0.0009999999997172232,0.0009999999945681237,8.000452861747598e-6,8.000455333577812e-6,1.0903601282525857,0.9400341272776831,0.7989671501597095,0.04514903988598479,0.0001651299231786575,0.0001483005657448515,0.0007004478144917249,0.001277999999999957,0.0012779999999999448,0.0012779999999999517,0.0010027799999999766,0.001002779999999973,0.001002779999999982,-2.5691859607620033,7.706349066837577,5.6280644042328385,0.032470610055862346,-0.40411524271934585,-0.4684492786601039,10.017942642679019,-9.968893644761065,-30.567223918681243,1013.84375,0.10389806740177764,33.676249481167325
2025-06-11T20:39:06Z,39.98477137981176,-75.1610130351673,23.83895495975277,8.029570494545421,-17.477297197743507,-1.7646946510925772,1.2779230535079398,6.189483194487258,0.5526374753831088,0.0010000000018684416,0.0009999999937363472,0.001000000001867094,0.0010000000109348646,0.0009999999999942353,0.0009999999948289565,9.000451157678174e-6,9.000455683227756e-6,1.1373424097505365,1.1257941506554114,0.9486110578757206,0.048163810188920776,0.00015545981608018313,0.00016628505778617378,0.0006519427749681077,0.0012789999999999566,0.001278999999999945,0.0012789999999999527,0.0010027899999999774,0.001002789999999974,0.0010027899999999817,0.4642801788951009,8.439891313558935,4.94919009589938,0.015508682888016077,0.31449623608617444,0.39704097947276423,5.369463882446289,-19.479007606506347,-26.804131469726563,1013.8194885253906,0.016550752361303014,33.56666412394238
2025-06-11T20:39:07Z,39.98524001087473,-75.16031721183755,28.81470450424327,0.8933877777660779,-3.7460594718901636,0.3608002748690589,1.1723152052069716,0.18547590503277336,6.205161094180121,0.0010000000020551486,0.0009999999933584035,0.001000000001688812,0.0010000000111847359,0.0009999999996339907,0.0009999999952498891,4.544985021273079e-10,4.5449863244661784e-10,0.8333332035307276,0.1831582926514263,0.1769475580804584,0.024008435962482744,0.00007481595642362088,0.0000877548874370692,0.0005226034375869969,0.0012799999999999574,0.0012799999999999455,0.0012799999999999535,0.0010027999999999778,0.0010027999999999743,0.0010027999999999814,-3.819116470881068,7.422473236613834,5.248492584488441,0.11623583010910894,-0.4211583682000579,-0.42844145290408997,7.198487873077393,-1.6631039637327194,-37.531103439331055,1013.8746643066406,0.08037912190752758,38.25132663996339
2025-06-11T20:39:08Z,39.98521669319461,-75.16037497670108,29.25988093976454,0.5991509495582623,-6.072246448562778,1.2232335595608845,1.2434681123509146,6.1928748876311035,0.04101946014037953,0.0010000000020783904,0.0009999999934249071,0.0010000000018527907,0.001000000011351709,0.0009999999997396566,0.000999999994992415,1.0004545010001313e-6,1.0004545068406121e-6,0.8650754460253239,0.23111757236064776,0.22171671758376532,0.026298300034445405,0.00008102716461187796,0.00009891301211451252,0.0005171101714503199,0.0012809999999999564,0.0012809999999999447,0.0012809999999999525,0.0010028099999999781,0.0010028099999999747,0.0010028099999999818,-0.743705304326682,9.093756744212595,5.887827892540197,0.06639867832785606,0.014056761119004172,0.30966781640819985,-4.263899898529052,-9.62506784439087,-38.24041130065918,1013.7905883789062,1.0792543295326302,39.6629273828009
2025-06-11T20:39:09Z,39.98518043571004,-75.16046332393657,29.384658936464014,2.109284494909843,-8.781512813006952,0.11863672757701806,1.3815009478616123,6.163650092701285,0.5357648195893288,0.001000000001865154,0.0009999999933678085,0.00100000000223765,0.0010000000113403024,0.0009999999994547673,0.000999999994878374,2.00045450969619e-6,2.000454534585143e-6,0.9007684975878107,0.2878524315038685,0.2649428775712093,0.028772292771752694,0.00009172836365478498,0.0001075945136006292,0.0005372600683188596,0.0012819999999999566,0.0012819999999999457,0.0012819999999999535,0.0010028199999999776,0.0010028199999999742,0.001002819999999981,1.528855181061846,7.6661392808220885,4.915751231464168,0.2051340690555378,0.5178031695461803,0.1689958161055583,-9.122152017510455,-15.975634595622187,-32.75063411049221,1013.8822937011719,-0.5450967938553327,37.56374294985674
2025-06-11T20:39:10Z,39.985144750252864,-75.16057684777599,29.087014737591424,3.999437332183603,-10.367751107132069,-0.14737096200801292,1.4116839930137983,6.00641612664045,0.9628810453315224,0.0010000000022497907,0.0009999999935101623,0.0010000000026068256,0.001000000011463054,0.0009999999995203776,0.0009999999948465711,3.000454525541393e-6,3.000454586459249e-6,0.9376555092449248,0.35849722463059797,0.3242680045971351,0.029639135488378137,0.00011535365755242553,0.00010886157643000028,0.0005814409756294033,0.001282999999999957,0.001282999999999945,0.0012829999999999528,0.0010028299999999771,0.0010028299999999737,0.0010028299999999808,2.211892831586413,8.784072745115722,3.9247868674314272,0.12203598932928247,0.41589380091118355,0.24199984427243976,-7.227628435407366,-20.27341192595813,-27.366591239462092,1013.7571716308594,0.09280477127231769,34.81632706266798
2025-06-11T20:39:11Z,39.98511446833723,-75.16070998170032,28.38355649518035,6.638677627452986,-11.910856163143418,-0.5360842031626386,1.5176275138991326,0.0651531123777572,0.9837959212731254,0.0010000000020511182,0.000999999993524448,0.0010000000026220328,0.001000000011619925,0.000999999999683948,0.0009999999944387853,4.000454542066332e-6,4.000454667959143e-6,0.9722331950940837,0.44558833759619365,0.3973327142884807,0.031431587893634705,0.00011691581287965838,0.00011698269201212073,0.0005428584231183651,0.0012839999999999562,0.0012839999999999443,0.0012839999999999523,0.001002839999999978,0.0010028399999999745,0.0010028399999999814,1.185630713527635,8.864027184492878,3.911484703955428,0.11124665347271748,0.05945034410479944,-0.3542916056499505,1.2214639681577681,-22.485087547302246,-21.817503623962402,1013.8767121967517,-0.01806754335333976,31.35396979323676
2025-06-11T20:39:12Z,39.985083924133654,-75.16085887477588,27.24633870464867,11.407394645244699,-13.467350029884619,-1.7161171518781035,1.517513023947829,0.20562777484535713,0.8753230998609627,0.0010000000021364085,0.0009999999934819919,0.0010000000029465126,0.0010000000120699282,0.0009999999992444703,0.0009999999942530513,5.000454531335428e-6,5.000454785316658e-6,1.006584212450121,0.5422463102598357,0.4912285695397609,0.038305921959981025,0.00012695775744065457,0.0001285310500412267,0.0005431885719830138,0.0012849999999999567,0.0012849999999999448,0.0012849999999999526,0.001002849999999978,0.0010028499999999746,0.0010028499999999818,0.41816037263143585,8.494170831686773,5.201679628131152,0.014699970072622595,-0.10106665274003575,-0.14740148005823478,9.53966788291931,-18.028183670043944,-23.66019161224365,1013.8267517089844,0.19023875308354155,31.23815247099886
2025-06-11T20:39:13Z,39.98504232474534,-75.16102168346703,25.220201616629872,15.412368267273203,-15.306323201934047,-3.28046516049792,1.4984708254510248,0.1297583569535444,0.7560828667412353,0.0010000000020507918,0.000999999993339785,0.0010000000026012324,0.0010000000119649989,0.0009999999993801896,0.000999999994330688,6.000454423282388e-6,6.0004549462836224e-6,1.0492754579186834,0.6502584044321812,0.5994276657409056,0.04857435400431084,0.00012726462930637698,0.0001411224897992281,0.0005607247134759624,0.0012859999999999575,0.0012859999999999454,0.0012859999999999532,0.0010028599999999774,0.0010028599999999757,0.0010028599999999809,-0.03527617421245247,7.976046470259353,4.819644210793021,0.0026506036030862334,-0.12272067184305784,0.06950685404082126,7.052097811990855,-19.967914036342076,-22.46891379842953,1013.834228515625,-0.4594942251619867,30.87553451311213
2025-06-11T20:39:14Z,39.984939348672114,-75.16120056254701,22.97971604314754,18.874975638647978,-18.28875389346867,-3.616230378232919,1.5187890357693163,6.186112722833603,0.8473827374742194,0.0010000000016106014,0.0009999999933253034,0.0010000000025956264,0.0010000000116184102,0.0009999999991673818,0.0009999999945685884,7.000454092910505e-6,7.0004551613572755e-6,1.1111533880190891,0.7968777664093448,0.7343535980824573,0.06320817316212993,0.00013381576951485157,0.00014825454373814027,0.0005922374310013088,0.001286999999999956,0.0012869999999999438,0.001286999999999952,0.001002869999999976,0.0010028699999999756,0.00100286999999998,0.001091935908233723,8.903254565245613,5.555849346158288,0.024584061492376654,0.07807207433196298,0.23791492003676237,2.2709079689532516,-18.647211799621584,-25.313291511535645,1013.7806701660156,0.7161440764938947,31.521977447293736
2025-06-11T20:39:15Z,39.98474794451092,-75.161396548801,20.829984848960336,21.69930390100783,-20.598417864147756,-4.442083166787833,1.4020793861613443,6.006731434390088,1.2435685323848973,0.001000000001797004,0.000999999993480608,0.0010000000023938558,0.001000000011844628,0.0009999999989829778,0.0009999999945109852,8.000453369451776e-6,8.000455442046914e-6,1.1938659422096838,0.9441098553810706,0.8687251551249602,0.07544680402775057,0.00016195348417319145,0.0001428868102011838,0.0006454011942795869,0.0012879999999999552,0.0012879999999999428,0.0012879999999999509,0.0010028799999999751,0.0010028799999999751,0.0010028799999999786,0.7254950638376368,8.152889387256621,5.18686850034931,-0.03502326153821793,0.3876301949628573,0.23601037899202845,1.769731985628605,-23.52477149963379,-19.2071915435791,1013.8012084960938,-0.08799336159252133,30.421373212363847
2025-06-11T20:39:16Z,39.98443275825367,-75.16161023899112,18.560979589609698,23.28705239860993,-24.068473226352044,-5.270351869018159,1.4597224148431969,5.851040483626664,1.25679115876284,0.0010000000020676603,0.000999999993563973,0.0010000000027620224,0.0010000000115766455,0.0009999999992947187,0.0009999999942789444,9.000452076122998e-6,9.000455798071109e-6,1.2890655083156637,1.117014760750294,0.9889933942396013,0.08641206772115388,0.00018291971940265545,0.00015078741228165374,0.0006983388798705354,0.0012889999999999553,0.0012889999999999432,0.001288999999999951,0.001002889999999976,0.0010028899999999757,0.0010028899999999794,-0.3033076652263072,8.506772835548265,4.822817120520475,0.07308710317071936,-0.018355070087269755,0.16248764582192707,5.9801959037780765,-25.161523475646973,-18.280479621887206,1013.8742065429688,0.005674204773767453,31.670770924100854
2025-06-11T20:39:17Z,39.985310189511594,-75.16063458319096,36.74212180718115,2.8326837990638007,-7.294336725090537,2.382322437483424,1.2407978850409345,5.981265657650204,1.2205585284051992,0.0010000000018987655,0.000999999993390434,0.0010000000030157116,0.0010000000120910521,0.0009999999990298642,0.0009999999942796485,6.610750409529548e-10,6.610751499047039e-10,0.8874661020665566,0.18524244313344884,0.17902245568813582,0.03962485982780745,0.00008987962776261881,0.00011986252693454652,0.0005502303623735256,0.0012899999999999557,0.0012899999999999435,0.0012899999999999516,0.0010028999999999759,0.0010028999999999759,0.0010028999999999793,0.1160704768577403,9.162627443320035,3.819601237115482,0.008538870681297342,-0.19456590698519044,-0.08764506171684748,1.9804666461811091,-25.906699419021606,-11.291354060173035,1013.8069152832031,0.14803856245002264,28.329686324367433
2025-06-11T20:39:18Z,39.985272999825625,-75.16074524598596,36.41969724822551,3.498771371220283,-11.29351925743241,1.473458700294483,1.3890225690046833,6.1015637599213886,0.8287686152933773,0.0010000000021189353,0.000999999993026619,0.0010000000029968899,0.0010000000122894108,0.0009999999990947445,0.000999999994361221,1.0006610776863194e-6,1.000661083118729e-6,0.9505039440791452,0.22504685822204773,0.20942963565829398,0.042821279638057666,0.00008354268148713984,0.00013920342766787213,0.0005165606832149479,0.0012909999999999567,0.0012909999999999443,0.0012909999999999526,0.0010029099999999762,0.0010029099999999762,0.0010029099999999797,-0.586793816374651,8.800109352118426,4.612450093266332,0.04935741119833412,-0.354118738233073,-0.2225269131633526,13.568107770681381,-5.829647927284241,-39.020235290527346,1013.9596252441406,0.1738437148146982,41.721132243454576
2025-06-11T20:39:19Z,39.985223208472476,-75.16090531145296,35.3619338957298,4.648796603441,-15.18724597657139,0.27437977958540144,1.3399276208927533,5.849402796197276,0.9534307357910632,0.0010000000019491774,0.0009999999932247478,0.0010000000028487811,0.001000000012525338,0.0009999999990980375,0.0009999999942633825,2.000661086789863e-6,2.0006611093173125e-6,1.0168762201816637,0.27707955800968165,0.2513024705201543,0.04750930442164597,0.00010700592952510666,0.00014782774143056428,0.0005604488374026614,0.0012919999999999557,0.0012919999999999436,0.0012919999999999518,0.0010029199999999753,0.0010029199999999753,0.001002919999999979,0.5992559816937764,8.312741674235562,4.7529012462478955,-0.016985667219422212,0.06936691162980968,0.2784958923534067,20.54352879524231,-23.9112370411555,-18.78952467441559,1013.8291564941406,-0.1843619063269223,36.69913280931252
2025-06-11T20:39:20Z,39.98515812206591,-75.16112411271735,33.04749038857346,4.442762766879871,-20.943110676973216,-1.8183739293730914,1.3990896144663878,5.695129233970123,0.8622698970765876,0.0010000000021917327,0.0009999999931392589,0.0010000000028000619,0.0010000000128196705,0.0009999999989793625,0.000999999994641499,3.0006611026603584e-6,3.0006611574116906e-6,1.0865233257453477,0.35392439529751146,0.29780884474702357,0.057579576713569953,0.00013093194708646227,0.00015882250776779483,0.0005780264118367359,0.0012929999999999567,0.0012929999999999428,0.0012929999999999507,0.0010029299999999761,0.0010029299999999761,0.0010029299999999796,-0.08719574830130945,8.361739992148499,4.790750801798833,0.009671560749596058,-0.10736359250411477,0.1356785981694956,7.006459859460592,-16.90651563644409,-29.779467430114746,1013.8497314453125,-0.1407624406712884,34.953310106627576
2025-06-11T20:39:21Z,39.985068368675336,-75.16140672202417,29.65663445533597,4.748271795098495,-26.398836421035288,-3.486582725657669,1.3483158107857298,5.765001353146053,1.0396930848301231,0.00100000000247739,0.0009999999931113715,0.0010000000029783704,0.0010000000129273278,0.0009999999991658567,0.0009999999949516403,4.000661119131818e-6,4.000661230273592e-6,1.1643244109248205,0.45611739813889335,0.3527974828348838,0.07054689199109265,0.00013032789019368988,0.00016378127047738907,0.0006092976257219444,0.0012939999999999558,0.0012939999999999428,0.0012939999999999508,0.0010029399999999765,0.001002939999999975,0.0010029399999999804,0.7767998183645742,8.416492408759302,4.9609022083254475,0.040348926937074765,0.16417988482250123,-0.04034094083092635,1.5117616769164166,-19.157114597077065,-25.986778259277344,1013.8514099121094,0.02308135033210238,32.32011495293528
2025-06-11T20:39:22Z,39.98493342699512,-75.16174515060415,25.648959533375447,4.838252995231992,-32.11550899650427,-5.50101588352411,1.3851222139725925,5.6717407347335635,0.9648349833305144,0.0010000000023634515,0.0009999999928861818,0.0010000000029732176,0.0010000000126213196,0.000999999998960277,0.0009999999950031347,5.0006611136590205e-6,5.000661329198221e-6,1.2547278855576893,0.5909811058881251,0.40353763257215663,0.0874269542531634,0.00014734788435761062,0.00017348486671362853,0.0006249126522203313,0.0012949999999999548,0.0012949999999999418,0.0012949999999999498,0.0010029499999999764,0.0010029499999999756,0.00100294999999998,0.02915347743159152,8.223831008918022,5.054297038552167,-0.0014309620249484331,-0.08158790514656386,0.08021293583410832,4.299877438010002,-20.28386906215123,-20.016215810970383,1013.8203703227796,-0.12402583269782229,28.81961595196234
2025-06-11T20:39:23Z,39.98471518866029,-75.16212866948753,21.307419948483634,4.41694835317823,-37.46239738410176,-7.271295029180733,1.425373534712932,5.740254595381706,0.8768834525988304,0.001000000002319276,0.00099999999287653,0.0010000000026022789,0.001000000012842701,0.0009999999990874275,0.0009999999948165019,6.000661042381489e-6,6.000661453421546e-6,1.3573592813936983,0.7609350514973267,0.4488851116558347,0.1048973090362777,0.0001356927812696518,0.0001815062629760782,0.0006043537411819528,0.0012959999999999537,0.0012959999999999415,0.0012959999999999493,0.0010029599999999764,0.0010029599999999764,0.0010029599999999798,0.11100222092425281,8.296238826758822,4.955414355760394,0.0011687468283096945,-0.061866963423756145,-0.07292447633762096,1.3370203689805098,-15.00450579974116,-28.362011812171158,1013.8003692626953,-0.11220757841416905,32.114222330336645
2025-06-11T20:39:24Z,39.98437751057812,-75.16254492195901,17.120292426583326,4.409725437483288,-42.23135537795408,-8.330343404157453,1.3126797775093182,5.627862616096652,1.0832061001943754,0.0010000000024166806,0.000999999992527631,0.00100000000266315,0.0010000000125705078,0.0009999999992696066,0.0009999999948718057,7.000660845425325e-6,7.000661599425617e-6,1.4647679235088624,0.9701855986670258,0.482680395260363,0.11897866174938179,0.00018292221796647548,0.00017276602962986904,0.0006945831198539913,0.0012969999999999527,0.0012969999999999406,0.0012969999999999486,0.0010029699999999767,0.0010029699999999767,0.0010029699999999802,0.662116115544813,8.23604711129396,5.512818660200546,0.02001789369433326,0.14769239024909198,0.16163670638721966,7.178479881286621,-21.84409969329834,-22.994803581237793,1013.8628845214844,0.15698023958403173,32.51850180523662
2025-06-11T20:39:25Z,39.98389127788925,-75.16298219497364,13.768358133109302,4.033616145448397,-46.36728295237415,-8.823142495071808,1.3585446404530377,5.758922563615099,0.9946173623867787,0.001000000002527981,0.0009999999926905152,0.0010000000023729385,0.001000000012558445,0.0009999999991102705,0.0009999999947037828,8.000660461601628e-6,8.000661764035981e-6,1.5646140640850272,1.220700548372154,0.5048892153223006,0.12854959258606852,0.000156054748483563,0.00017677719277473726,0.0006520493909656706,0.0012979999999999526,0.0012979999999999407,0.0012979999999999487,0.0010029799999999767,0.0010029799999999767,0.0010029799999999802,0.38704622309040754,8.429452585227809,5.433912667271812,0.017118794636520173,-0.038040570229657164,-0.12001892633486273,4.167519906759262,-21.37879154205322,-18.86827548980713,1013.889404296875,0.26108603851234485,28.817179742256595
2025-06-11T20:39:26Z,39.98324447971793,-75.16343539883128,11.475636704594635,3.2257298138255517,-49.86063545049248,-9.014556181656108,1.32509302131312,5.685309132443349,1.053048181242193,0.001000000002850483,0.0009999999928204182,0.0010000000026519282,0.0010000000128444497,0.0009999999989467674,0.0009999999946043987,9.000659844606604e-6,9.000661945787577e-6,1.64569901280412,1.509801940949505,0.5140924883838544,0.13303457247644063,0.00019462130970172365,0.00016708676414739737,0.0007051741151437662,0.0012989999999999512,0.0012989999999999402,0.0012989999999999471,0.0010029899999999762,0.0010029899999999762,0.0010029899999999797,0.08507753950849696,8.487758792884508,5.146372039554131,0.02203744858889666,0.03814993127174697,0.11627985698898247,10.890865097240527,-13.085371134232501,-36.29748901055784,1013.8878234863281,0.15129860800478515,40.091664022306446
2025-06-11T20:39:27Z,39.9853525598727,-75.16109692031424,52.83682759355179,-1.9575887344530527,-11.745322314896503,7.564778468327797,1.1945417574397663,6.135548942931564,0.7138063766871882,0.0010000000031093715,0.000999999992340274,0.0010000000027906874,0.0010000000133181745,0.0009999999992273835,0.0009999999951767538,6.197603176627529e-10,6.197603865673498e-10,1.01624300449734,0.10862063826941586,0.0926787342816967,0.05859242078228647,0.00017669555273954016,0.00010756571775706603,0.0005726306117981656,0.0012999999999999507,0.0012999999999999407,0.0012999999999999466,0.0010029999999999757,0.0010029999999999757,0.0010029999999999792,0.21132828050566774,8.177649902350929,5.352189599511356,-0.012984483009475859,0.003940546866162575,0.030267705807269986,19.255747585296632,-24.31606346130371,-20.55748764038086,1013.8666076660156,-0.003330432507055131,37.2110371099942
2025-06-11T20:39:28Z,39.98527507701383,-75.16125966047342,52.80879000724609,-2.115611008375048,-15.316449771787159,5.896173856726522,1.1645645780729306,5.9706184456247735,0.8398759972488932,0.0010000000032314529,0.000999999992085039,0.0010000000029630261,0.001000000013419593,0.0009999999992954683,0.0009999999951487565,1.0006197616786288e-6,1.0006197645104813e-6,1.097544068173254,0.13141763529166658,0.11145538574901916,0.05829638789471803,0.0002139786407258344,0.0001015248541912371,0.0006712310232468453,0.0013009999999999509,0.0013009999999999398,0.001300999999999947,0.001003009999999976,0.001003009999999976,0.0010030099999999798,0.06761342496417132,8.125575635411662,5.316607504978114,-0.006604372454621163,0.058361510960925,0.18457879083340883,18.797709737505233,-16.92936708489243,-31.156558367670797,1013.8946838378906,-0.06805306266567858,40.13333305007042
2025-06-11T20:39:29Z,39.985183627984995,-75.16147522707108,50.967668489306355,-1.8130824282386702,-19.048217438024967,4.275021758758983,1.186317868532901,6.077907069332391,0.8308757866557971,0.0010000000035897889,0.0009999999923290866,0.0010000000028440568,0.0010000000137034715,0.000999999999542733,0.0009999999950164992,2.0006197666099813e-6,2.0006197781838594e-6,1.1684940033386728,0.17283930210944384,0.14202836625514986,0.0564969216957042,0.0002090661059561311,0.00010994260433940999,0.0006065063536243557,0.0013019999999999501,0.0013019999999999401,0.0013019999999999462,0.001003019999999976,0.0010030199999999758,0.0010030199999999793,0.6225826603883913,7.9870020569861016,5.60658990170708,0.013881998715201618,0.03955607444095099,-0.12327054032943305,10.665341516335806,-21.792503754297893,-22.885928710301716,1013.9427490234375,-0.00003800654919858693,33.35303705818762
2025-06-11T20:39:30Z,39.98509243752302,-75.16174805245842,47.95001898065179,-1.1939608067133178,-23.529091366564728,2.6022821406832404,1.22007586746308,6.130919384038565,0.598371411013026,0.0010000000037172299,0.0009999999921396668,0.001000000002956298,0.0010000000137998276,0.000999999999732616,0.0009999999953794543,3.0006197754516125e-6,3.000619804032042e-6,1.2234639204940898,0.23216849425032798,0.1850057666943082,0.05658734281416001,0.00018411488683668702,0.0001456913920396299,0.0005714622537337906,0.0013029999999999505,0.001302999999999939,0.0013029999999999463,0.0010030299999999755,0.0010030299999999755,0.001003029999999979,-0.026707126717460842,7.680495355107719,6.22009949345207,-0.017260109418969577,-0.1929494362659836,-0.1530688862994459,24.39999954067931,-15.134722125773527,-18.776546556122447,1013.9393920898438,0.10554674680478543,34.3070694432757
2025-06-11T20:39:31Z,39.98502160973915,-75.16207025621767,44.460569738705864,-1.2660125026961366,-26.53920554247038,1.3260013100210106,1.2326452989770744,6.104342517418387,0.725733888532251,0.0010000000037383957,0.0009999999924076718,0.0010000000027296022,0.0010000000138351663,0.0009999999998980631,0.0009999999949553895,4.000619782926196e-6,4.000619845559657e-6,1.261031403129447,0.31896991744907033,0.23789725126137315,0.05316596308759993,0.0002107769130853647,0.00013592443803778456,0.0005922064607206578,0.0013039999999999512,0.0013039999999999387,0.001303999999999947,0.0010030399999999755,0.0010030399999999752,0.0010030399999999787,0.37638310357220545,8.425227130149773,4.691240696324403,0.023465945780219145,0.11503998982051172,0.053202342538830216,24.759136994679768,-19.434345444043476,-12.617595613002777,1013.8619384765625,-0.1268896666208314,33.9103071149911
2025-06-11T20:39:32Z,39.98497174484951,-75.16243519877837,40.6547533854245,-1.4414972297228357,-30.264264173519592,0.18838129871133957,1.238341159512985,6.040251732821789,0.7261040044624252,0.0010000000038729111,0.000999999992404371,0.0010000000023728005,0.0010000000135420692,0.0009999999995612657,0.0009999999946504136,5.000619767494989e-6,5.000619906831557e-6,1.2831751650156078,0.4288583369031496,0.2992661054746323,0.05234786564701761,0.00022397462452100893,0.00014261635838145567,0.0006272394081039647,0.0013049999999999514,0.0013049999999999373,0.0013049999999999475,0.0010030499999999763,0.0010030499999999752,0.0010030499999999789,0.12991420172824922,8.410970019348108,5.03441299700464,-0.0031858250443485957,-0.015168309648892231,0.04898253166093483,25.28163633541185,-18.548979155871333,-13.237248712656449,1013.9320220947266,0.02630279279849013,34.035967244571616
2025-06-11T20:39:33Z,39.98493053434631,-75.16284031251514,36.97955195063331,-1.5034561156197,-33.752852459490065,-0.7674248508663688,1.2520732063924986,6.050081555351662,0.6920733555639572,0.0010000000037631881,0.0009999999926262363,0.0010000000021882067,0.0010000000134030435,0.0009999999994612636,0.0009999999941101658,6.000619678180965e-6,6.000619992525479e-6,1.296019924032017,0.5658637233328082,0.3687214029972649,0.05172676270988558,0.00022518060997890344,0.00015408355023131996,0.0006256373470397793,0.0013059999999999502,0.001305999999999938,0.0013059999999999459,0.001003059999999977,0.0010030599999999745,0.0010030599999999777,0.5285995486557376,8.399901074319768,4.952817090207277,-0.0019392109194683693,-0.023100425439491666,-0.02774894655209275,23.330881157699896,-19.999285483846858,-13.4222405492043,1013.9110107421875,-0.011078305832859948,33.53288799204002
2025-06-11T20:39:34Z,39.98487898592029,-75.16328139800333,33.48422908854404,-1.747332023137877,-37.2742720506863,-1.6046504206440941,1.2566782599571755,6.027676739815006,0.6954068483726283,0.0010000000036401431,0.0009999999923031243,0.0010000000022632202,0.0010000000136098357,0.0009999999997695177,0.000999999993925456,7.0006194216222986e-6,7.000620107476987e-6,1.3036566936941445,0.7289166695026433,0.44227962273649435,0.052215329803060304,0.00023475954442395185,0.00016069846524363973,0.0006436665258728904,0.0013069999999999512,0.001306999999999939,0.0013069999999999451,0.0010030699999999762,0.0010030699999999753,0.0010030699999999788,0.3019682662672915,8.434281391151172,4.935824445722299,-0.00045144078714374136,0.00015353781778612422,0.01747359891001823,24.408464821017517,-19.120885342967753,-13.398338551423988,1013.9237365722656,0.0006610642976413025,33.77711448088343
2025-06-11T20:39:35Z,39.98478694102492,-75.16375446068535,30.22807347394553,-1.9685962803573962,-40.616433417737866,-2.300089979534394,1.2593728676202225,6.009800165238973,0.695678635617088,0.0010000000036758658,0.0009999999923603444,0.0010000000025971085,0.0010000000136922622,0.0010000000001014796,0.0009999999942091515,8.000618853598539e-6,8.000620256774906e-6,1.3097839393716537,0.9209850408319372,0.5196042237331738,0.05331335161817933,0.0002430105096931717,0.00016793105980130447,0.0006603254591472748,0.0013079999999999503,0.0013079999999999381,0.001307999999999945,0.001003079999999977,0.0010030799999999759,0.0010030799999999776,0.4505696496343217,8.424408051946124,4.9397268251668915,-0.00080491141029075,-0.0025994546223548336,0.014589754413877028,24.318920373916626,-19.245753804842632,-13.397633075714111,1013.9410247802734,0.00017096172883649362,33.783162589964974
2025-06-11T20:39:36Z,39.98461291960257,-75.16425380356935,27.321122507071326,-2.2945828026127124,-43.7704607067146,-2.872869875451308,1.2598400752314407,6.016722822273735,0.6928659398390177,0.0010000000037999027,0.0009999999924877275,0.00100000000266056,0.0010000000133917348,0.00100000000031172,0.0009999999942650608,9.000617778475408e-6,9.000620445215553e-6,1.3166431422873544,1.1426734134300407,0.5972661786729209,0.05506603483899942,0.0002468439203292585,0.00017589098464285726,0.0006651293173793081,0.0013089999999999506,0.0013089999999999385,0.0013089999999999445,0.001003089999999976,0.001003089999999976,0.001003089999999977,0.3499324602015519,8.430171043254038,4.944163474360842,-0.0012063045058963316,0.00022015343669496324,-0.007980705088181635,24.44367546081543,-18.879743576049805,-13.489783687591553,1013.9288940429688,0.0035713346217201222,33.703246645475446
2025-06-11T20:39:37Z,39.98535396791668,-75.16122722579901,29.67204552101066,-0.006213471352785834,-0.038653996925250546,5.186997871933392,0.7909116293811076,0.03860072918641435,1.0970234652700555,0.0010000000047168554,0.000999999991640778,0.0010000000023530958,0.0010000000138403813,0.0010000000007675165,0.0009999999943372114,1.2395828172226388e-10,1.2395816452862073e-10,0.4895413128515977,0.0003998794846133921,0.00039970539395900304,0.014144463942031641,0.00007006124759124826,0.00007804093369576184,0.0005839322365608271,0.0013099999999999507,0.0013099999999999395,0.0013099999999999436,0.0010030999999999768,0.0010030999999999768,0.0010030999999999768,0.37420731627561143,8.430456604011418,4.942189992902002,-0.0014226761192006469,0.0008822243328916099,-0.012430240993008108,24.367303581237792,-19.107639694213866,-13.488319778442383,1013.9244232177734,-0.0008669530907484202,33.775712051516756
2025-06-11T20:39:38Z,39.98536150794226,-75.16121762731714,33.794766973297065,-1.8517508088797963,1.6757582499201353,4.744504416571925,0.7892414455315786,0.03966231852883989,1.0962428766193268,0.0010000000046035725,0.0009999999916736086,0.0010000000023732234,0.0010000000137341345,0.001000000000847763,0.000999999994745869,1.0001239583437065e-6,1.0001239582770347e-6,0.5329414186753465,0.016527129074492004,0.010479838381957075,0.01399341728453162,0.00007991550397890243,0.00008813819994765696,0.000593385267089213,0.00131099999999995,0.00131099999999994,0.001310999999999944,0.0010031099999999772,0.0010031099999999772,0.001003109999999977,0.31841044836764715,8.433154529579893,4.941845859525235,-0.0011255704552546875,-0.0006962327760083065,-0.0029095367254464415,24.69548343658447,-18.883403816223144,-13.340455722808837,1013.9286723889803,-0.0008831491087444119,33.829191107220964
2025-06-11T20:39:39Z,39.98537165055807,-75.16118782122462,36.97568993921919,-3.770930994456034,3.4339834697518303,4.233324347505051,0.7883123632293358,0.0554166398841268,1.113792616474489,0.0010000000043668483,0.0009999999918420181,0.0010000000023141773,0.0010000000137623138,0.0010000000007948748,0.0009999999945400548,2.0001239589820072e-6,2.000123959912788e-6,0.5796431912540005,0.06415964734325558,0.03977499740964513,0.01445700214796142,0.00009073974621989419,0.00009734376566105881,0.0005991608269818508,0.0013119999999999493,0.001311999999999941,0.001311999999999944,0.001003119999999978,0.0010031199999999763,0.0010031199999999763,0.29066083957073924,8.467074619778376,4.898010509250175,-0.0007763619322362877,0.02208978907363195,-0.0019135856082534081,24.85823154449463,-18.755791549682616,-12.899303684234619,1013.9167236328125,0.00530715620508903,33.70608269174795
2025-06-11T20:39:40Z,39.98539601858089,-75.16113681653337,39.154102276415855,-6.555074557130147,5.389408640208149,3.4601356822860554,0.790757725806092,0.04217320947745479,1.1583673792871154,0.001000000004255232,0.000999999991769928,0.0010000000025409397,0.001000000013918251,0.0010000000006691024,0.0009999999947047642,3.0001239599646427e-6,3.0001239669218003e-6,0.6271518540363954,0.14679714159600238,0.09767075798512728,0.01649433590846449,0.0001025549328123646,0.00010522508039740936,0.0006105580743735744,0.0013129999999999485,0.0013129999999999403,0.0013129999999999444,0.0010031299999999788,0.0010031299999999754,0.0010031299999999754,0.2287640559033594,8.88362369919639,4.161743129727911,0.0023076693277923493,0.01999003778258677,0.03600191769653446,23.975240434919083,-19.840187384157765,-11.917407931113729,1013.8675354003906,0.03186188078360914,33.32366160299089
2025-06-11T20:39:41Z,39.98545936973708,-75.16104805257618,40.04486681803211,-8.49800415102233,10.019328224860619,2.06718550717067,0.7300132528175097,0.1727999113509017,0.6004232152143018,0.0010000000043115338,0.0009999999917270196,0.001000000002513561,0.001000000013960714,0.0010000000009734139,0.000999999994777979,4.000123951345303e-6,4.000123985779155e-6,0.6749172931560509,0.31831928013561395,0.1663852840068968,0.020051337594633907,0.00009256258057861467,0.00013718954941955113,0.0006184980340964144,0.001313999999999948,0.0013139999999999398,0.001313999999999944,0.0010031399999999781,0.0010031399999999744,0.0010031399999999744,1.2842696733981478,9.055361366728992,3.4597760064716736,0.004744931139103493,-0.33028766954757127,-0.5595223372600174,3.57386794090271,-71.84921268463135,-16.302371711730956,1013.8099365234375,-0.0029844881807442923,73.76206166136073
2025-06-11T20:39:42Z,39.9855832988466,-75.1609016990177,39.27723976998009,-8.85130831843786,15.239140430175185,0.24537940203944109,0.855034844030202,0.2849010292112432,0.7457389054916949,0.001000000004623511,0.0009999999915710257,0.0010000000026291838,0.0010000000137462984,0.0010000000011684523,0.0009999999948581357,5.000123895003248e-6,5.000124023024436e-6,0.7239635774287279,0.570501924919885,0.22546466026423134,0.02593820832098536,0.00011101556212573888,0.00014346305429956162,0.0006106329823618851,0.001314999999999948,0.0013149999999999401,0.001314999999999944,0.0010031499999999774,0.001003149999999974,0.001003149999999974,1.2443192801988923,9.127610119535973,3.164530154288951,0.09831180592971925,0.1796230266733112,0.013719112790572476,-3.036306079553098,-14.786399705069405,-24.431619916643417,1013.8252563476562,-0.04166119215517119,28.718598694274718
2025-06-11T20:39:43Z,39.985778023214515,-75.16069734173999,37.078022487094216,-9.30705758775144,19.621533570242843,-0.9370983383946332,0.8837065930960446,0.2112666209358747,0.8483811902318976,0.0010000000044939948,0.000999999991329234,0.0010000000027024156,0.0010000000138300914,0.0010000000010821838,0.0009999999947842462,6.000123697251866e-6,6.0001240855998725e-6,0.7802436335644438,0.8720273439825135,0.3054377074323744,0.033997520258688005,0.00011933995012037054,0.00015006004192941028,0.0006193031068454973,0.0013159999999999485,0.0013159999999999405,0.0013159999999999446,0.0010031599999999765,0.001003159999999973,0.0010031599999999728,0.7201662195149038,9.124429523242894,3.636991009239443,0.010282511331573603,0.025798852167007193,0.11747248096153083,5.784324864546458,-20.566403826077778,-25.88738278547923,1013.9268188476562,0.06633729949640955,33.56469223740473
2025-06-11T20:39:44Z,39.9860156411722,-75.16044060488693,33.98754011903804,-9.803216475179237,23.647858391596884,-2.1862296434450945,0.8041821951276271,0.23557207984666595,0.7734416099977315,0.0010000000047608569,0.0009999999911732749,0.0010000000021912422,0.0010000000136300693,0.001000000000994799,0.0009999999942206838,7.00012317988063e-6,7.0001241833695514e-6,0.8507282899851654,1.216011083598017,0.4015015677668402,0.04303580067318538,0.0001256149502430587,0.00016273255825301685,0.0006317296004048259,0.0013169999999999473,0.001316999999999939,0.001316999999999943,0.0010031699999999758,0.001003169999999972,0.001003169999999972,0.6292003127914978,8.700184000296408,3.976709621796533,-0.0567008539702372,-0.04103122854819973,-0.06801871239752377,7.473620190912364,-19.072583373712035,-22.888444433406907,1013.9766235351562,-0.19645664773731739,30.71638340831434
2025-06-11T20:39:45Z,39.986231388653664,-75.16013717154001,30.533125379011985,-10.858901292297471,27.3180364143456,-2.860929355002852,0.8093811340498954,0.1962361439181,0.8697728894307244,0.0010000000046997341,0.0009999999914461501,0.0010000000024901984,0.0010000000134310803,0.0010000000010943005,0.0009999999938951295,8.000122075228772e-6,8.000124328347554e-6,0.9381004495687081,1.6140065083800885,0.5297703592364581,0.0520174267805477,0.00013378450091331036,0.00016877314405382962,0.0006396593269673234,0.001317999999999948,0.00131799999999994,0.0013179999999999418,0.0010031799999999766,0.0010031799999999733,0.0010031799999999712,-0.08747556890278303,8.937506660470254,4.37243736052294,-0.011305103473025525,0.03937039785546421,0.0942643327938444,2.615435953736305,-22.69370746612549,-25.165671615600587,1013.9526672363281,0.16659875591533668,33.987533682111184
2025-06-11T20:39:46Z,39.98637772167292,-75.15979246045781,27.03062402068451,-11.305349011912371,31.017094980911057,-3.516599225211916,0.7756908763548646,0.2990982088432555,0.72658590074141,0.0010000000042693076,0.0009999999912214423,0.00100000000277569,0.0010000000132052314,0.00100000000139522,0.0009999999941449394,9.000120058431706e-6,9.000124531441618e-6,1.038569352419734,2.0808766310151627,0.655620785398505,0.06078561367952301,0.00013990891511757287,0.00018323953062562848,0.0006516986049203564,0.001318999999999948,0.00131899999999994,0.001318999999999941,0.0010031899999999774,0.001003189999999974,0.0010031899999999702,-0.022154647661215277,8.706869992545212,4.651582334826822,0.003023916333055581,-0.02755931443085427,-0.17182942644222166,20.629711537361146,-21.21555564880371,-26.13215564727783,1014.0044860839844,0.0875697445310091,39.478732955630946
2025-06-11T20:39:47Z,39.98535929304219,-75.16154260214151,29.33056893410621,-4.897403226193345,21.4604312871819,-0.259238086764384,0.9543862449106288,0.17284306786997566,0.6431490695357459,0.0010000000044903528,0.0009999999908365384,0.0010000000033857153,0.001000000012450231,0.001000000001435397,0.0009999999942037143,9.50267796177457e-10,9.502677160915665e-10,0.8068928213291032,0.5678683372970615,0.3253631467353798,0.043323892644807876,0.00009225596156415586,0.00010054315690164664,0.00030301325113777755,0.0013199999999999473,0.001319999999999939,0.001319999999999942,0.0010031999999999784,0.0010031999999999747,0.0010031999999999713,0.2772074858702246,8.797170646040477,4.16568563386303,-0.0012284917181162361,-0.1080223219380696,-0.006911469811073661,6.110929071903229,-21.338816165924072,-24.666874329249065,1013.9688110351562,-0.04525131915805565,33.183427405005986
2025-06-11T20:39:48Z,39.9854467025694,-75.16127390692508,28.301600205177976,-3.8389377037906454,24.258125123431483,-0.928272934340579,0.9222414502899499,0.2286470157654058,0.5566194317542291,0.0010000000044674611,0.0009999999906086323,0.001000000003460755,0.001000000012419703,0.001000000001787044,0.0009999999943715349,1.0009502748690322e-6,1.000950282246408e-6,0.9093469185906667,0.6867090698190298,0.38628472293935434,0.046840223378091475,0.00010133093338567334,0.00011060178194084212,0.00031470723717366017,0.0013209999999999466,0.0013209999999999383,0.0013209999999999422,0.0010032099999999792,0.0010032099999999747,0.0010032099999999723,0.5244967378749635,8.596863849337652,4.336690326933005,-0.013266791308019277,-0.03578558896233993,-0.09469316950278922,8.997375352042061,-21.429424130186742,-23.595297443623444,1013.9503784179688,-0.14010725885831105,33.11959669717071
2025-06-11T20:39:49Z,39.98555187683366,-75.1609723544866,26.78650363553425,-2.55715759455707,27.00040010859334,-1.7080394653924666,0.9324094906508223,0.21979450155982538,0.5963834113713165,0.0010000000043532964,0.0009999999909513057,0.0010000000038148877,0.0010000000121097397,0.001000000002103196,0.000999999994283965,2.0009502970370314e-6,2.0009503285254503e-6,1.0091955700716022,0.8236695163253378,0.446469137718527,0.04983900231889404,0.0001078456052060033,0.00011948848205575666,0.00032460123337326135,0.0013219999999999467,0.0013219999999999385,0.0013219999999999426,0.0010032199999999796,0.0010032199999999753,0.0010032199999999724,0.470236877468759,8.437803454249556,4.40802688478084,0.002130579712775491,0.025559079975639065,0.030747303235008596,5.969285575710997,-21.142101560320175,-23.935901680771185,1013.9783935546875,-0.25202537175029305,32.48915086626225
2025-06-11T20:39:50Z,39.98567131533,-75.16064414697013,24.9729803217978,-1.590908964088773,29.271303375249946,-2.2655083630387396,0.9259998539608408,0.20533511451541978,0.6359277019458633,0.0010000000045239424,0.0009999999906691258,0.0010000000041100357,0.001000000012100664,0.0010000000019712307,0.0009999999937031613,3.000950331915111e-6,3.0009504087320167e-6,1.0975630974932409,0.9779088034787662,0.5075138087776211,0.0510315605696693,0.0001139426133307623,0.00012746162694923243,0.00033427952594257025,0.0013229999999999466,0.0013229999999999386,0.0013229999999999425,0.0010032299999999787,0.0010032299999999752,0.0010032299999999715,0.14619551264804387,8.385140356072892,4.575314529176712,-0.015351587753488872,0.022452437150431683,0.03434706287201457,7.874855794906616,-20.086079635620116,-26.661879463195802,1014.0135803222656,-0.23044316029441736,34.2974676638534
2025-06-11T20:39:51Z,39.98579261252238,-75.16029916607064,23.38221546837777,-0.677776706600058,31.31646902770556,-2.443703151146156,0.9070432055965791,0.19942790928808798,0.5804818994389006,0.0010000000048652265,0.0009999999904446398,0.001000000004274023,0.001000000012350052,0.0010000000021725885,0.000999999993809663,4.000950362084295e-6,4.000950523023341e-6,1.1690212068773231,1.160206860296112,0.5685283257465809,0.051676126945368994,0.00011860891200367543,0.00013636780250991811,0.00034341668317824226,0.0013239999999999472,0.0013239999999999392,0.0013239999999999433,0.0010032399999999795,0.001003239999999976,0.001003239999999972,0.13928057943538372,8.576115376799697,4.784544699985149,-0.010518896070606559,-0.045821775439551,-0.030202792340560784,4.678954059878985,-21.0015371243159,-25.775041262308758,1013.9578857421875,0.03747092674939427,33.575385637135334
2025-06-11T20:39:52Z,39.985911584795986,-75.15993618675509,21.663010576575697,0.32724254342415127,33.3584982118693,-2.9004153819442484,0.8868447325808216,0.1876564902836708,0.4951984570026486,0.0010000000044673482,0.0009999999902467523,0.0010000000039309652,0.001000000012095723,0.001000000002016194,0.0009999999941336947,5.000950340553421e-6,5.000950670867803e-6,1.2233269576805168,1.3651277617137583,0.6218696256088732,0.052351567520233906,0.00012174358237054306,0.00014584922435664023,0.0003521041595383806,0.0013249999999999467,0.0013249999999999389,0.0013249999999999428,0.0010032499999999799,0.0010032499999999764,0.0010032499999999727,0.3243854787021652,8.353206228265782,4.635799588795202,-0.007208640763299589,-0.07164521072795743,-0.04529644774642849,8.065419816970826,-18.70235565185547,-21.246543579101562,1014.107421875,-0.22536919089508944,29.43198487734908
2025-06-11T20:39:53Z,39.98598973918874,-75.15956946575932,20.416094477890333,1.1692448704668583,35.28259349076622,-3.1212697329265575,0.8995746807872859,0.169242369809529,0.581615408251589,0.0010000000044967266,0.0009999999899956216,0.0010000000040940348,0.0010000000119052047,0.0010000000021271516,0.0009999999943101864,6.000950177660011e-6,6.0009508519929584e-6,1.2637693318349905,1.604466568745834,0.6728486249686684,0.05366420885171254,0.0001291794088766973,0.00015050628765288836,0.0003624874385958077,0.0013259999999999457,0.0013259999999999377,0.0013259999999999416,0.0010032599999999794,0.0010032599999999759,0.0010032599999999716,0.4912527508214298,8.590595776236809,4.507990266489458,-0.008723673116347244,0.057715890530305264,0.06366711241844367,4.5981290737787885,-21.81766641139984,-24.821407834688824,1013.9601745605469,-0.07047900277357026,33.36543514967557
2025-06-11T20:39:54Z,39.98603822355144,-75.15918976803891,18.997532606332783,1.1780652765110402,36.638753016418214,-3.363882623865263,0.9106635647463598,0.14185574761750028,0.5418694599020121,0.001000000004567972,0.0009999999900105027,0.001000000004137367,0.0010000000120318577,0.0010000000017179847,0.0009999999945529334,7.000949732183467e-6,7.000951067885006e-6,1.2913519313876831,1.8595015422914265,0.7201039673677726,0.05202905652885278,0.00013272390338424196,0.0001582859156482782,0.0003714540949031358,0.0013269999999999454,0.0013269999999999372,0.0013269999999999413,0.001003269999999979,0.0010032699999999754,0.0010032699999999721,-0.16478905048701434,8.458708651727834,4.351122739865627,0.011339126425680185,-0.04441850126810823,-0.007201985062285423,6.432514789256643,-19.490927351281996,-24.24944642249574,1014.1287841796875,-0.27100678383842036,31.769575482432096
2025-06-11T20:39:55Z,39.98601688695048,-75.15881041329027,18.041734228405964,2.05864932582008,37.35227671325918,-2.849016189192729,0.9004665966842978,0.08418624852875733,0.4739803881603737,0.0010000000042138387,0.00099999998996958,0.0010000000037535684,0.0010000000120607097,0.0010000000015866343,0.000999999994632268,8.00094880274395e-6,8.000951323107426e-6,1.3053261125204447,2.150069299366321,0.7776730313719108,0.05015171900919489,0.00013415680616700603,0.0001673729449095581,0.00038007598423460144,0.0013279999999999455,0.0013279999999999375,0.0013279999999999414,0.0010032799999999784,0.0010032799999999745,0.001003279999999971,0.6558794782848673,8.564102244426861,5.447627841965193,-0.009585437329410678,-0.0845967039789062,-0.0012782590205948092,5.0871457159519196,-16.942749679088593,-23.350545287132263,1014.1345825195312,0.3863441213801416,29.29472330227078
2025-06-11T20:39:56Z,39.985917251418286,-75.15843101118689,17.81553663277818,2.401114810582413,38.42505125018277,-2.3760877319017215,0.8929246786455177,0.12050952789046279,0.4921367309952271,0.00100000000398935,0.000999999989899455,0.001000000004067659,0.001000000012016864,0.0010000000018034248,0.000999999994618861,9.000947125935753e-6,9.000951624278822e-6,1.310484326131876,2.4833142511808792,0.835298098771836,0.04958792167165859,0.00014218417962419812,0.00017260600549730441,0.00039091244289581924,0.001328999999999946,0.0013289999999999385,0.0013289999999999416,0.0010032899999999787,0.001003289999999975,0.0010032899999999716,0.5827892966380425,8.873258190403478,4.914844753380836,-0.017085590759692022,0.04184251704265334,-0.022641748884059284,6.140920718510945,-21.524866342544556,-23.675878643989563,1014.0802612304688,0.3753599478523972,32.5818155505289
2025-06-11T20:39:57Z,39.98552974025377,-75.16265294876591,28.052941630634,0.18591026431157393,23.459903424689585,0.527499785976183,1.0333044004995717,0.06845819933933288,0.49927335089397595,0.0010000000035536468,0.0009999999897295454,0.0010000000044723607,0.0010000000113830506,0.0010000000019067198,0.0009999999945060974,1.074202574049904e-9,1.0742023657214423e-9,1.0971196501008247,1.057935494018993,0.5754895878154123,0.03551316893088914,0.00011216529481882047,0.00012735692827632022,0.0003677399319821527,0.0013299999999999462,0.0013299999999999382,0.0013299999999999423,0.0010032999999999796,0.0010032999999999752,0.0010032999999999724,0.036108628163781444,8.482062191019622,4.668347196813331,0.005660908850347202,0.013873242953486211,-0.024729854620926014,5.413314177065479,-18.523334269620936,-22.483852658952987,1014.1701354980469,-0.10109121456288983,29.63002715424914
2025-06-11T20:39:58Z,39.98564133242002,-75.16237051102006,27.808233737725665,1.4476436595575404,24.43047729700997,0.5253962734757027,1.0257463947110277,0.14294709785495482,0.4528529715705585,0.0010000000036089634,0.0009999999897664321,0.0010000000046881024,0.0010000000111082005,0.001000000002058282,0.0009999999942570635,1.0010742129114118e-6,1.0010742270347606e-6,1.1127744332858467,1.199242639511527,0.6469531223398871,0.03383967989849171,0.0001210695206373968,0.0001369404806478067,0.00038299105338434177,0.0013309999999999462,0.001330999999999938,0.001330999999999942,0.0010033099999999804,0.001003309999999976,0.0010033099999999732,0.32262424538115436,8.583467048655288,5.10925294690877,-0.000802484470161124,-0.002693369390137789,-0.08643286641510291,5.161844808228162,-19.533444579766723,-25.407121852952606,1014.1000366210938,0.21106436702078582,32.46103277359213
2025-06-11T20:39:59Z,39.985763465953454,-75.16207634258664,27.751113212770644,1.1890862820621095,25.114487857149516,0.4735198044878293,1.0399073976728548,6.09778000733442,0.600565211964145,0.0010000000038230884,0.0009999999900958739,0.001000000004799403,0.0010000000114807992,0.0010000000017306178,0.0009999999944986506,2.0010742439202793e-6,2.0010743035447293e-6,1.1180728867727092,1.3617576670200573,0.7248073467807502,0.030362656275126392,0.00013659580341958747,0.0001398390219754979,0.00037307856803708617,0.0013319999999999463,0.001331999999999938,0.0013319999999999422,0.00100331999999998,0.0010033199999999764,0.0010033199999999731,0.2233128839311954,8.585796784897743,4.48457654791518,0.01924604787661487,-0.043834523174004984,0.37499724775032267,-2.068273433084999,-31.02061598641532,-38.28758317597058,1014.0083312988281,-0.09421371651476379,49.32028382153131
2025-06-11T20:40:00Z,39.98589288407585,-75.1617699481397,27.651786566889548,1.2142963776631013,25.591960612088805,0.9937695267011742,1.062025705679992,0.05305765372356237,0.5946353718996389,0.0010000000036641651,0.00099999998989617,0.0010000000045884685,0.0010000000117208073,0.001000000001401682,0.0009999999944780382,3.0010742909421544e-6,3.001074436971405e-6,1.1122530143716596,1.5605299854377837,0.8230763477265736,0.02692878195919518,0.00014096622078149358,0.00014758043119677213,0.00039666210815703855,0.0013329999999999473,0.0013329999999999388,0.001332999999999943,0.0010033299999999794,0.0010033299999999755,0.001003329999999974,0.6808940033527748,9.037071705380438,5.004655802971617,0.023654370439787634,0.11327146227236379,-0.21226171992541565,1.3793786965469097,-24.940174102783203,-18.286501742423848,1014.144621196546,0.5694267246117702,30.956549828355033
2025-06-11T20:40:01Z,39.986038566594274,-75.161449643294,27.590702694095462,2.336346346304412,26.59349824102968,0.7936638115230504,1.0530989977635352,0.10462384289535778,0.45517211946540215,0.0010000000034064388,0.0009999999895974566,0.0010000000049586154,0.001000000011650408,0.00100000000133524,0.00099999999420458,4.001074333098516e-6,4.001074634919702e-6,1.1000270004358261,1.7767997387394732,0.9256753384553793,0.025692218472105822,0.00014509355715603282,0.00016089067277703117,0.0004093647725218841,0.0013339999999999479,0.0013339999999999394,0.0013339999999999435,0.0010033399999999785,0.0010033399999999741,0.0010033399999999741,0.38089612298837455,8.51992350007114,4.792941452014328,0.004258970332718335,-0.09880238763569389,-0.11197129657312371,23.00446891784668,-18.633881276967575,-20.679497582571848,1014.2119445800781,-0.0004482559694235968,36.111841280393506
2025-06-11T20:40:02Z,39.98619501502809,-75.16112350114251,27.71769987209769,2.598404528742811,27.015041252146325,0.7215276467510556,1.0529215483547991,6.263941406647471,0.49695301209638276,0.0010000000033946832,0.0009999999898979322,0.0010000000048846303,0.0010000000115543209,0.00100000000123635,0.000999999994520275,5.001074317000189e-6,5.001074907340016e-6,1.0840748336017572,2.0212078009818737,1.0438880894723546,0.02328961055400575,0.00015401751795129654,0.00016693534676040246,0.0004102119054040858,0.0013349999999999478,0.0013349999999999393,0.0013349999999999437,0.0010033499999999775,0.0010033499999999738,0.0010033499999999738,-0.20334363306445324,8.524805736085046,4.801327317845971,-0.0004947205809965045,-0.026722288977292993,0.13029172484038654,5.307248864855085,-22.133787310853297,-25.296325917146643,1014.0544738769531,0.0025638778509319924,34.02898890751066
2025-06-11T20:40:03Z,39.98636414994859,-75.16079138648982,27.727535440307307,2.9288291307173924,27.64608679463357,0.35150633746512094,1.047646357658591,0.013991418583547499,0.4551422271113813,0.0010000000032816374,0.0009999999898989804,0.0010000000046416961,0.0010000000113706434,0.001000000001172264,0.0009999999943568448,6.001074134625885e-6,6.001075267639544e-6,1.064771737869933,2.287906567218164,1.173423562954219,0.02171219005893008,0.0001608832253643038,0.00017663658850905565,0.0004217125537302755,0.0013359999999999481,0.00133599999999994,0.0013359999999999442,0.0010033599999999768,0.0010033599999999731,0.0010033599999999731,0.41717696041581137,8.349865541730026,4.512790508106433,-0.004227193590632042,-0.021165213838990317,-0.04865514820498989,5.651771898269653,-22.65442363739014,-24.573971519470216,1014.0105895996094,-0.28303982899220426,33.897523145882055
2025-06-11T20:40:04Z,39.98655947419987,-75.1604503099841,27.42424369590833,3.1836297201124517,27.997399641661097,0.22934971192573667,1.0090810788629458,6.265053533416571,0.4848919807090294,0.0010000000032662458,0.0009999999896858922,0.0010000000045703385,0.0010000000115981747,0.0010000000011209872,0.0009999999943035246,7.001073596802885e-6,7.0010757324476495e-6,1.043554122707922,2.5920788768537775,1.3269949749476395,0.01990910630014148,0.00017126404531967091,0.00018303723690904904,0.0004292681623676826,0.001336999999999947,0.0013369999999999387,0.0013369999999999437,0.0010033699999999757,0.0010033699999999722,0.0010033699999999722,0.17940609072565694,8.344168166170684,5.025065325732357,-0.037267541078579734,0.007289647249031152,0.04404215122764864,5.620051851272583,-22.37357955932617,-23.495979537963866,1014.085205078125,-0.041480991046616275,32.92749248204035
2025-06-11T20:40:05Z,39.986744864467006,-75.16010868626373,27.4126313670415,3.535432254968693,28.866770892406876,0.3479742771521333,1.0253937374072497,0.08502475661412814,0.43597993466245855,0.0010000000030562933,0.0009999999894308358,0.0010000000044826794,0.0010000000114008013,0.0010000000014722052,0.0009999999941252683,8.001072402181737e-6,8.001076322746688e-6,1.022582076815942,2.938927935244175,1.5070610936471025,0.019373909084036738,0.00017889569659641674,0.0001934176586014679,0.00044603541444984554,0.0013379999999999458,0.0013379999999999378,0.001337999999999945,0.001003379999999975,0.0010033799999999713,0.0010033799999999715,0.2472742270049573,8.740664371500793,4.785806774581869,0.018679585683668547,0.011832832963947522,-0.1133828813260267,5.647379903793335,-23.155355644226074,-25.128339500427245,1013.9491641395971,0.18447327598953747,34.63370221973522
2025-06-11T20:40:06Z,39.98693153815982,-75.159759377103,27.567382954175756,3.850486094862994,29.728415328288705,0.35231131464601284,1.0198783605279054,6.226468599735859,0.4541519135964436,0.0010000000027731042,0.0009999999896158687,0.001000000004424978,0.001000000011344389,0.0010000000015588065,0.0009999999939224056,9.001070105107455e-6,9.001077061809e-6,1.0043707198706149,3.3162408505360546,1.7065602383102092,0.019085680575506307,0.00018817643394518146,0.00020033593956886756,0.00044674336402441845,0.0013389999999999444,0.0013389999999999383,0.0013389999999999435,0.0010033899999999758,0.0010033899999999723,0.001003389999999972,0.43922785767607236,8.670527709971507,4.61907908015995,-0.005338676181555741,-0.05932797038516099,0.13174061367968834,5.203299894332885,-23.128271484375,-25.112235527038575,1013.8809692382813,0.05016894821146663,34.534216995617655
2025-06-11T20:40:07Z,39.98567793831062,-75.16383801510634,33.9885867278808,-5.116919842421676,3.7271184495076053,1.6186070392919198,1.1744273595520747,6.046707560503132,0.4795011931614962,0.001000000002227214,0.0009999999890760033,0.001000000005156152,0.0010000000108545178,0.001000000001931643,0.0009999999936864152,7.437032002869556e-10,7.437031782577388e-10,0.8209061373654433,0.49864558996794417,0.44118957317586915,0.013484732176697871,0.00009359152370469184,0.00010523475410847829,0.00045330849756853046,0.0013399999999999443,0.001339999999999939,0.001339999999999944,0.001003399999999976,0.0010033999999999722,0.0010033999999999725,0.08291615668300498,8.783774970045547,4.426178204055176,-0.006969914560840408,0.00789896297652475,0.05356159112404351,9.557330422559563,-19.090758790775222,-20.123526242314554,1013.8750610351562,0.05553577610339391,29.33859181877084
2025-06-11T20:40:08Z,39.98566535953625,-75.16380180767712,34.06846459685939,-6.096229077452416,2.255434284687238,1.303980900376413,1.1844056414593367,6.055959529198345,0.44331296817524596,0.001000000002354836,0.0009999999891456234,0.0010000000048350085,0.0010000000108028025,0.0010000000017295059,0.0009999999937680382,1.0007437093102676e-6,1.0007437230053004e-6,0.8177741302679578,0.5713352687519367,0.5132180029927894,0.01295314342809942,0.00010261807128737306,0.00011576214804056523,0.0004644927147944562,0.001340999999999944,0.0013409999999999397,0.0013409999999999436,0.0010034099999999748,0.001003409999999971,0.0010034099999999728,0.5673011844918211,8.615755895625547,4.664812791580766,0.00120797439883002,-0.03119619452785615,-0.021999908419997282,8.967243795394898,-20.535283546447754,-21.90021957397461,1013.8886260986328,0.03335549610106336,31.332503448086314
2025-06-11T20:40:09Z,39.985644467385505,-75.16378140418573,33.78272452274263,-7.573426970326051,0.6942293443752905,0.8213677475806136,1.1720864511457738,5.950076064546385,0.4625536924956245,0.0010000000024956573,0.00099999998933095,0.0010000000047188904,0.0010000000107895806,0.0010000000016322215,0.0009999999934949386,2.0007437288923e-6,2.0007437885170617e-6,0.8133949217500277,0.6709363001960947,0.6041131093101519,0.0135110919706251,0.00011938946719522827,0.00012549922699060993,0.0004694902605618616,0.0013419999999999446,0.0013419999999999385,0.0013419999999999446,0.001003419999999974,0.0010034199999999706,0.0010034199999999732,0.5458655942170616,8.579563011180287,4.514039424891406,-0.007434938788725732,-0.025245800023034903,0.1050579435085634,9.210999803543091,-22.18765167236328,-23.490611610412596,1013.906982421875,-0.0704545207748652,33.59969987070945
2025-06-11T20:40:10Z,39.9856146307984,-75.1637827240869,32.829165400574595,-10.2166300478628,-1.6345607299627454,-0.13498949162660545,1.1787731595692008,5.8897331624555544,0.43562994272058686,0.001000000002268399,0.000999999989246928,0.0010000000048017096,0.0010000000105773437,0.0010000000017407395,0.000999999993289144,3.000743761530124e-6,3.0007439109244045e-6,0.8100970238422824,0.8012896077547749,0.7184775160314215,0.01703003504085474,0.00013448197480054244,0.00013589525100185778,0.00047945222084046034,0.001342999999999945,0.0013429999999999378,0.001342999999999945,0.001003429999999974,0.0010034299999999703,0.001003429999999974,-0.07107621031276018,8.463103095396162,4.681215641951221,-0.003367913608085637,-0.04749974182542006,0.04525129256078654,5.457134616618254,-22.35886492047991,-24.9903300538355,1013.9931182861328,-0.10840690820569826,33.973700276701294
2025-06-11T20:40:11Z,39.98557097149208,-75.16381242077456,31.318347792770684,-12.989701300136257,-3.9247027373739796,-1.0057151779107991,1.1807941419551393,5.8481361448449105,0.37634819275631587,0.0010000000021787442,0.0009999999893367637,0.0010000000051112385,0.0010000000107523535,0.0010000000018928557,0.0009999999934618203,4.000743797094783e-6,4.000744104232787e-6,0.8144822085415693,0.965269141366011,0.8620184361183197,0.023552525160149676,0.00014841576590593649,0.00014641414468217706,0.0004926734988020222,0.001343999999999944,0.0013439999999999381,0.001343999999999944,0.0010034399999999727,0.001003439999999971,0.0010034399999999744,0.4702088225716548,8.513342377593938,4.669743021488355,-0.022267036773597197,-0.06605614719527687,0.016546220670645786,8.015145699183146,-20.419495344161987,-24.687970280647278,1013.9418640136719,-0.058575931522019294,33.02560944062094
2025-06-11T20:40:12Z,39.985505623035486,-75.16387327151776,29.62530194452861,-14.802342778736,-6.587337285806056,-1.240825939310953,1.221783262288159,6.094202923207594,0.3383997276842024,0.001000000002019483,0.0009999999894124245,0.0010000000053367133,0.001000000010629028,0.0010000000021293315,0.0009999999933633218,5.0007438025775025e-6,5.000744386603473e-6,0.8345280553817156,1.1804780509437902,1.03238569528281,0.030893915293228793,0.00013596023953024323,0.0001559237139856953,0.0005100888365751128,0.001344999999999943,0.001344999999999939,0.0013449999999999428,0.0010034499999999735,0.00100344999999997,0.0010034499999999735,0.4839769938342837,8.540265215884382,5.320491868192807,0.02937502351139582,0.05686314323754353,-0.24907588548258863,6.97640804855191,-21.79816284958197,-24.56905664716448,1013.8969848632812,0.29399076014185427,33.577750268353114
2025-06-11T20:40:13Z,39.985415768968984,-75.16396483438466,27.95941587298265,-17.029461961961093,-8.938086337759025,-1.5529328351631102,1.1641406010208895,5.808655027698216,0.4451148065150109,0.0010000000017446606,0.000999999989557843,0.0010000000059039362,0.0010000000108028675,0.0010000000019094826,0.000999999993417517,6.000743707627122e-6,6.000744777761904e-6,0.8758333931976128,1.4234978334233026,1.2337275003608754,0.040110917310337404,0.00017716540357654655,0.00016230819210316904,0.0005099350086935034,0.0013459999999999416,0.0013459999999999377,0.0013459999999999416,0.0010034599999999743,0.0010034599999999708,0.0010034599999999743,0.3962731760007167,8.671567348864802,4.865857534524779,-0.023205432573964936,-0.010981806423002474,0.3112308079447745,0.7402959668636322,-30.148395347595216,-27.74328754425049,1013.8981781005859,0.1719736473629091,40.97755030935605
2025-06-11T20:40:14Z,39.98529586529866,-75.16408450748933,26.076065746720733,-19.231268839948125,-11.36625632629579,-2.0281719324213605,1.2145764099585619,6.032772725877008,0.3591902751194639,0.0010000000020912515,0.000999999989843607,0.00100000000570399,0.0010000000111029673,0.00100000000215088,0.0009999999931289021,7.00074339654806e-6,7.000745298392536e-6,0.9414640033525339,1.6922263861585891,1.4567908787106265,0.05034296484069398,0.00015756633104900214,0.00016935023526583608,0.0005266976630689317,0.0013469999999999422,0.001346999999999938,0.0013469999999999424,0.0010034699999999738,0.0010034699999999703,0.0010034699999999738,0.544731338037296,8.517491859446476,4.887991297179517,0.01998120143507103,0.00904740204328587,-0.24287961537492958,7.069277403305988,-23.04007300552057,-23.52956690107073,1014.0136962890625,0.056348644162486056,33.68169756400377
2025-06-11T20:40:15Z,39.98506315897271,-75.16422138240458,24.585284334956796,-21.418763207076818,-13.578958157024802,-2.4074525488242164,1.173038818908671,5.854760572574422,0.39427156622062287,0.0010000000021666957,0.000999999989901911,0.0010000000053721452,0.0010000000111760289,0.001000000001970363,0.0009999999928104496,8.000742722723072e-6,8.000745966350138e-6,1.0302637134005566,1.977945154802708,1.705514378856436,0.06157933348884573,0.00018927389385619729,0.00017191730339654134,0.0005311430854180431,0.0013479999999999423,0.0013479999999999393,0.0013479999999999432,0.0010034799999999746,0.0010034799999999711,0.0010034799999999746,0.09878733433317816,8.61401409770074,4.836173269757885,-0.029120628778274642,-0.03793122326668513,0.183106539171978,7.385232553342167,-21.76255891761001,-21.411497738896585,1013.7731018066406,0.10033300750578591,31.410184357505297
2025-06-11T20:40:16Z,39.98474799813535,-75.16437059302095,23.13476113970869,-23.389342572894385,-15.340101592308223,-2.693617392156643,1.1809429062619663,5.9588945738130725,0.4102368318914753,0.0010000000023958336,0.0009999999900560017,0.0010000000052162424,0.001000000011301733,0.0010000000016996712,0.0009999999927652384,9.000741549526398e-6,9.000746797229024e-6,1.1345750137882062,2.2616783558337166,1.9717108632522287,0.07063435282299255,0.00018445762063667886,0.000171680222859883,0.0005400510108998745,0.0013489999999999433,0.0013489999999999403,0.0013489999999999433,0.001003489999999975,0.0010034899999999715,0.001003489999999975,0.5150787234403269,8.6699862436668,4.660652697586993,0.015079515117277453,0.04916122167086746,-0.08551516774704894,3.8483374317487082,-23.03868289788564,-23.543712099393208,1013.8195953369141,0.07801515824114248,33.1646442412272
2025-06-11T20:40:17Z,39.98584313005209,-75.16500218399932,32.729456262364316,5.504654221400405,-5.176342185671683,1.8594680536944996,1.168651867307612,6.1094467702186845,0.5399831883740643,0.0010000000020120201,0.0009999999902473426,0.0010000000050202134,0.0010000000115360172,0.0010000000018745767,0.0009999999923694515,8.263300028148164e-10,8.26330157152209e-10,0.9105811516935501,0.23421231513681165,0.23110242755565777,0.033894053075639634,0.00009664603357010603,0.00008318268604507453,0.0004573568020414096,0.001349999999999944,0.0013499999999999409,0.001349999999999944,0.0010034999999999745,0.001003499999999971,0.0010034999999999745,0.2303519482838018,8.433204627066456,4.976337653838508,0.0037656817293078475,-0.039283330380753614,0.07414308618639433,6.052942704181282,-22.181093410569794,-23.996652564223933,1013.9224548339844,0.01492579511087992,33.23364236887478
2025-06-11T20:40:18Z,39.98583274122937,-75.16507823401818,32.60114596618008,4.7728848608857195,-7.662122943682517,1.3174159631008813,1.2019946813128977,6.079239396485465,0.45195829356022177,0.001000000001644872,0.0009999999900170502,0.0010000000051328156,0.0010000000117589025,0.0010000000015727858,0.0009999999921032712,1.0008263330489144e-6,1.0008263405042544e-6,0.9635941947089586,0.27646535788894044,0.26849109637617063,0.03564030755714323,0.00010604005812278554,0.00009262802894076738,0.00047070008893585613,0.0013509999999999447,0.0013509999999999408,0.001350999999999945,0.0010035099999999738,0.0010035099999999703,0.0010035099999999735,0.20672778695503682,8.261523609643293,5.272001882370435,0.014818542360899313,-0.08854558142462075,-0.008602173715649883,9.953979845046996,-19.614915618896486,-24.558355445861817,1014.106494140625,0.023036256756695676,32.968714095388286
2025-06-11T20:40:19Z,39.98580929270123,-75.16518376669127,32.6019699453886,3.966954565873094,-9.922972321530864,1.467504442042155,1.2130681013779845,6.158940484572548,0.4742329750502429,0.0010000000014682951,0.000999999990342557,0.0010000000049309652,0.0010000000116734214,0.0010000000014923345,0.0009999999917157496,2.0008263433105247e-6,2.0008263747478646e-6,1.013791706195379,0.3373568302533357,0.3226293253120397,0.036812075420313756,0.0001129363643111957,0.00010017462888261031,0.0004679334678312787,0.001351999999999944,0.0013519999999999398,0.0013519999999999442,0.0010035199999999735,0.00100351999999997,0.0010035199999999724,0.17277201108363546,9.024442571066116,5.12353071438023,0.012726148645974667,0.05177255955693425,-0.0703481923258127,3.698093823024205,-23.21635067219637,-25.61601595975915,1013.88427734375,0.5996297891136011,34.76854303872916
2025-06-11T20:40:20Z,39.985777940099396,-75.1653152382312,32.89765489782241,4.189179864194768,-11.752830546529312,1.6707601767724807,1.203462499757163,6.219442802368671,0.460751120010075,0.0010000000012591508,0.0009999999901431213,0.0010000000050142577,0.0010000000117444806,0.0010000000018397619,0.0009999999918078558,3.0008263626321668e-6,3.000826438863118e-6,1.055732134766284,0.4147555565005631,0.39126338514614245,0.03563760777248443,0.00012057353588873969,0.00010794792172614315,0.0004691286853259539,0.0013529999999999434,0.0013529999999999393,0.0013529999999999434,0.0010035299999999721,0.0010035299999999695,0.0010035299999999721,0.5821270614738281,8.936251083714547,5.135994889799364,-0.013028537654796455,0.0115451486243445,-0.06470696422471262,3.4857142117558695,-23.55969351165149,-25.808726057714345,1013.7558898925781,0.5444194249215699,35.118316333717154
2025-06-11T20:40:21Z,39.985749733235274,-75.16547010515886,33.19392014470519,4.291263605486632,-13.425370353440224,1.54961934998569,1.1796322990390453,6.170521077124795,0.5248212518696317,0.0010000000015457878,0.0009999999896168291,0.0010000000055533829,0.0010000000120588498,0.0010000000022171078,0.0009999999921006773,4.0008263876961425e-6,4.000826539761078e-6,1.085581485428888,0.5077094036975742,0.4722251249340015,0.03421475561509552,0.0001318314150518053,0.00011397042728330521,0.00048477217968191427,0.001353999999999944,0.0013539999999999397,0.0013539999999999438,0.0010035399999999725,0.0010035399999999688,0.0010035399999999725,0.4698057208620345,8.649026259383502,4.941795788141998,-0.020597228105539492,0.044213652713456245,0.06589771655245656,-0.5029387863314881,-22.113121966926418,-23.40756688799177,1013.7169157329358,0.19348375475376958,32.20487591987162
2025-06-11T20:40:22Z,39.9857298918983,-75.1656449555458,33.449270849606144,4.651470418406128,-14.768649042539712,1.3889084424789089,1.2139830709827728,0.015219465858238811,0.551594698275755,0.0010000000012928298,0.0009999999898700792,0.0010000000057110612,0.0010000000121864984,0.0010000000024313308,0.000999999992350867,5.000826398934943e-6,5.000826685180127e-6,1.1030447303579605,0.6186791955763759,0.5667219607039758,0.03208355243903366,0.00013970456163184646,0.00012058294455976693,0.00047890735842970913,0.0013549999999999435,0.0013549999999999394,0.0013549999999999433,0.0010035499999999724,0.001003549999999969,0.0010035499999999724,0.40650596231189223,8.666787318337372,4.682307374574925,0.03347256339054484,0.0748398437983404,-0.11305528844878514,4.87925293494244,-23.99366483882982,-20.35457930272939,1013.6269836425781,0.08041011696371747,31.84036325168851
2025-06-11T20:40:23Z,39.98572834872528,-75.16584220698809,33.61156339528643,6.086168985799197,-16.579690161413012,1.4955642560629416,1.213177371583305,6.272971786201713,0.45823918015673376,0.0010000000008812356,0.0009999999898127835,0.001000000005854074,0.0010000000125298648,0.0010000000022334498,0.000999999992200315,6.000826342462811e-6,6.000826883771436e-6,1.1094555295252668,0.759542872134848,0.6822068874305871,0.031291996631930996,0.0001455966134390471,0.00013066083784352237,0.0004907006771461442,0.001355999999999943,0.0013559999999999389,0.0013559999999999419,0.001003559999999971,0.0010035599999999678,0.001003559999999971,0.6999285119710372,8.721673901499932,5.462383587337641,-0.0036275778539245473,-0.09390363763379046,-0.011815522093659502,12.1957670474539,-15.819167000906807,-31.353003443503866,1013.6321105957031,0.5362722953919256,37.17512386444278
2025-06-11T20:40:24Z,39.985770792609856,-75.16606664081662,33.55428718507366,6.651250792737436,-18.261695529608268,1.3569457751609868,1.2274246689683526,6.2064886343070045,0.4941561034688662,0.0010000000010657682,0.0009999999898559545,0.0010000000058688887,0.0010000000127338277,0.0010000000021488484,0.0009999999923504207,7.0008261080735184e-6,7.000827145576728e-6,1.1094221948739276,0.9231389861686364,0.8056396321652178,0.030709755334695752,0.0001553079725332838,0.000137597326133992,0.0005070310325933872,0.0013569999999999418,0.0013569999999999399,0.001356999999999941,0.0010035699999999719,0.0010035699999999684,0.0010035699999999719,0.5614069568878541,8.750746914396938,4.721296526761459,0.011751561937896681,0.014236324325764408,0.07206600974255692,4.64073049778841,-23.258677034961934,-25.645395473558075,1013.7296752929688,0.18063383209035302,34.9311494858211
2025-06-11T20:40:25Z,39.985829884586806,-75.16631585708139,33.61105490436294,7.035862498960123,-20.605147696606366,1.2709099948921851,1.2502564604495197,6.2075677595820355,0.5158493909060742,0.0010000000009819893,0.0009999999898246523,0.0010000000056998041,0.0010000000125745406,0.0010000000022046304,0.0009999999920141803,8.0008255084429e-6,8.000827480237266e-6,1.1088997314799331,1.1219821225815176,0.9389392419530463,0.032162055184396354,0.00016326286366220207,0.00014518777654408478,0.0005158047870850408,0.0013579999999999409,0.00135799999999994,0.00135799999999994,0.0010035799999999727,0.001003579999999969,0.0010035799999999705,0.304633335135834,8.726374235214765,5.023948210047862,0.020725188671440773,0.023774212426048713,0.003909842928956464,4.837299947738647,-23.267351608276368,-25.77225555419922,1013.6219329833984,0.2957457148488456,35.05673578210997
2025-06-11T20:40:26Z,39.985961564179014,-75.16660268449236,33.26389804613498,7.878376329888979,-22.964447352817178,1.0615524369697016,1.2721008641913425,0.04401032617625647,0.38479291023989204,0.0010000000010392147,0.000999999989668509,0.0010000000056708176,0.001000000012621257,0.0010000000019985342,0.0009999999924271228,9.000824265145828e-6,9.000827897658905e-6,1.1113991647968344,1.3508402945720437,1.0814412943930054,0.033970616198438115,0.00016369094063488487,0.00015935052672830246,0.0005138743742775627,0.0013589999999999406,0.0013589999999999406,0.0013589999999999408,0.0010035899999999718,0.0010035899999999683,0.001003589999999971,0.2671386202563956,8.714829424868269,4.861361826890968,0.014353899958076132,-0.08619604751129373,-0.15737583571618913,7.344399890899658,-22.552675514221193,-25.2386275100708,1013.7776794433594,0.20474830074635542,34.634494217473986
2025-06-11T20:40:27Z,39.98598353498432,-75.16612695859637,33.829301305362144,-0.7011678643400682,-12.670950058638654,1.6778956485453156,1.1160909761736506,6.22106679468371,0.3979557066884811,0.0010000000010867087,0.00099999998938722,0.0010000000059743165,0.0010000000125654355,0.0010000000019612055,0.0009999999923993982,4.958144440068056e-10,4.958144270753818e-10,0.8438004982912222,0.20089183450561424,0.192478735864499,0.018853627860424434,0.00007612905327911868,0.00008570318007133065,0.0004996479514080204,0.0013599999999999396,0.0013599999999999396,0.0013599999999999396,0.0010035999999999721,0.0010035999999999687,0.0010035999999999704,0.38166376003519087,8.123220659445128,4.764998154276899,-0.029513185027303417,-0.026555247124572447,0.06156906046548124,2.449027945995331,-23.63042339324951,-27.813071365356446,1013.6543273925781,-0.3535729260581088,36.57810653719395
2025-06-11T20:40:28Z,39.98592457553758,-75.16627430924684,33.982691028282495,0.4020250680334095,-12.335714443523987,1.205176227624323,1.109777820141415,0.11713848400932468,0.41676982518307387,0.0010000000009911664,0.0009999999896496941,0.001000000006301902,0.0010000000125374492,0.001000000001847845,0.0009999999926535114,1.0004958170950692e-6,1.0004958231852048e-6,0.8565669323898113,0.2413972477794181,0.23176452751191864,0.018419070104801254,0.0000867181685576496,0.00009552953770046202,0.0005034408503636258,0.0013609999999999395,0.0013609999999999397,0.0013609999999999395,0.001003609999999973,0.0010036099999999695,0.0010036099999999695,0.9300545464966755,8.482118051052773,4.186887448733907,-0.008681188252680572,0.09722778940974018,-0.1537516538562387,5.364265208341638,-24.09425268367845,-24.86982384506537,1013.8004272460937,-0.27417150889690944,35.04016180143799
2025-06-11T20:40:29Z,39.98587362872066,-75.16641883661684,33.84609311203845,2.1934317826878127,-11.939923650763197,0.8502045856460307,1.120773072614552,0.2221467923522661,0.40649305527082624,0.0010000000010928435,0.000999999989860839,0.0010000000064174233,0.0010000000128749837,0.001000000002073795,0.0009999999921282074,2.000495826303756e-6,2.000495852818519e-6,0.8673985177348192,0.30072656687739824,0.28796197516450345,0.01881379983357772,0.00009931482029078013,0.00010556709965124738,0.0005123961490973879,0.0013619999999999392,0.0013619999999999392,0.0013619999999999392,0.0010036199999999738,0.0010036199999999685,0.0010036199999999683,0.1917033084792767,8.644591011057713,4.4740981523033545,0.010804620825255304,0.037262013562969765,-0.0984703080692438,4.577240724952853,-23.916730063302175,-25.50422411548848,1013.730224609375,-0.0433525034250632,35.262203308527724
2025-06-11T20:40:30Z,39.985837813866546,-75.16656011121216,33.49070891498675,4.319627309682645,-11.565398988120316,0.5142497478993021,1.1274509117892995,0.11982105724797572,0.4059909665692318,0.0010000000012228122,0.000999999989603379,0.001000000006361657,0.001000000013028187,0.0010000000022224993,0.0009999999923333885,3.0004958424296544e-6,3.000495910146025e-6,0.8777995828725431,0.3799590138209174,0.36349989693272383,0.020196148160375384,0.00010526232963859594,0.00011542871136622521,0.0005235747249167702,0.0013629999999999391,0.0013629999999999387,0.001362999999999939,0.0010036299999999737,0.0010036299999999674,0.0010036299999999694,0.44806099292102974,8.675858434500269,4.537806415065257,0.004772447108592417,-0.044610799033367905,0.09353470058271926,5.157861115981121,-23.17576708112444,-25.579913703762756,1013.6881103515625,0.022107108283113637,34.90054666783043
2025-06-11T20:40:31Z,39.98582078056284,-75.16670032875015,32.92563760361316,6.544287377475086,-11.630669796766716,0.15931225321664882,1.1474923781756357,0.1958972629732155,0.45247740903497735,0.0010000000010822372,0.0009999999894310788,0.0010000000061626364,0.0010000000134232929,0.0010000000020941805,0.0009999999919799284,4.000495856199004e-6,4.000496004348858e-6,0.8904786379587419,0.47680625955760575,0.45970662762265146,0.02256902169183349,0.00011740607302619634,0.00012475550195162663,0.0005310990141703814,0.0013639999999999395,0.0013639999999999397,0.0013639999999999395,0.0010036399999999723,0.0010036399999999663,0.0010036399999999689,0.44579401584956974,8.48579553702562,4.8365338721718985,0.010770690687173047,0.07417391605505609,-0.04836189466498892,4.898808275659879,-23.346478819847107,-25.339399456977844,1013.6670532226562,-0.0015606471935711403,34.801408480512904
2025-06-11T20:40:32Z,39.98582787785507,-75.16683432297414,31.905267449850278,10.481361029787369,-10.536541223177585,-0.8252361541692176,1.1435836136282302,0.5259469952844142,0.4255360226931483,0.0010000000009552754,0.0009999999891312633,0.0010000000066168891,0.0010000000138741469,0.0010000000020794822,0.000999999992173122,5.000495830419884e-6,5.00049614766748e-6,0.9102506346384158,0.5918112994078927,0.5893934743825616,0.029514729926631022,0.00015934668754851147,0.0001341843100111638,0.0005551261905633195,0.00136499999999994,0.0013649999999999398,0.00136499999999994,0.0010036499999999716,0.0010036499999999673,0.0010036499999999682,0.5252082757379453,8.519623362804783,4.4495568045909115,0.003958104841976681,0.11744358971247064,-0.3212406555760608,6.496873310634068,-23.85448525876415,-24.789154519840164,1013.6552316766036,-0.15326784024959386,35.01063355536027
2025-06-11T20:40:33Z,39.985860339396474,-75.16696530606974,30.253118953555504,13.77622639690365,-11.163289261297493,-1.338608192377196,1.2281453032544454,0.06392774830984342,0.6618637797964797,0.0010000000009414258,0.0009999999890307996,0.0010000000065883553,0.0010000000139002325,0.0010000000020294736,0.0009999999924265202,6.000495671741196e-6,6.000496356975702e-6,0.9440699631713328,0.7138013819165824,0.7471912514692508,0.03672535346508007,0.00012998621531285323,0.00014114682091814448,0.0005534551837218603,0.00136599999999994,0.00136599999999994,0.00136599999999994,0.0010036599999999713,0.0010036599999999677,0.0010036599999999677,-0.28213313105052873,7.960820492755314,5.4747757931881535,0.012660619008422027,0.042941836702287475,0.5643354952199612,1.0821399727836252,-22.875975646972655,-27.894323577880858,1013.7747802734375,-0.11334818008365122,36.09114735497045
2025-06-11T20:40:34Z,39.98587052969176,-75.16709867655857,28.742091491424922,15.906325682816162,-11.583487176985432,-1.6776586845094816,1.2431866326493215,0.21001567368197846,0.6665545791737485,0.0010000000011700604,0.0009999999889202865,0.0010000000069254836,0.0010000000138035688,0.0010000000020369238,0.0009999999924872364,7.000495209502743e-6,7.000496651017744e-6,0.9907666011164687,0.846330306449389,0.9191809617043233,0.04081727271228564,0.00014292512582522547,0.00014926699105963218,0.0005544458006132957,0.0013669999999999407,0.0013669999999999407,0.0013669999999999405,0.0010036699999999722,0.0010036699999999687,0.0010036699999999685,0.10627370440865788,8.471984046947005,4.689286015265552,0.0145157768028553,0.05277645763365631,-0.13740247478323803,5.053971905708313,-23.94567150115967,-24.363399543762206,1013.6427917480469,-0.09533913582932492,34.532731600630655
2025-06-11T20:40:35Z,39.98584309972771,-75.16723292279774,27.25268412849345,17.71309563264838,-11.771047376933092,-2.032328185480944,1.241790448730312,0.09451775701166598,0.6360691525228025,0.0010000000012271198,0.0009999999887956598,0.0010000000069223657,0.0010000000138827428,0.0010000000020303408,0.0009999999922590322,8.000494182807778e-6,8.000497051654411e-6,1.043363747214252,0.9809905579808446,1.1141445900581008,0.04375005072757039,0.00014499169831378768,0.00015640953645847818,0.0005681731318929225,0.0013679999999999398,0.0013679999999999398,0.0013679999999999398,0.0010036799999999719,0.0010036799999999682,0.0010036799999999682,-0.03853918559616548,8.528804696853195,4.361583639207308,0.0047574927749596515,-0.06665615009275888,0.09855806268788249,5.737485618007426,-22.83765255675024,-25.04510568112743,1013.6406555175781,-0.19966234428844584,34.37631377507139
2025-06-11T20:40:36Z,39.98575632120303,-75.16736937437298,25.810854867814548,19.802366055586845,-12.357740934635741,-2.235078172509944,1.2323367165257806,0.10792791272872525,0.6427859788675274,0.0010000000012551533,0.0009999999886429129,0.0010000000073312843,0.0010000000139358323,0.00100000000198125,0.0009999999922012837,9.000492255392319e-6,9.00049758530828e-6,1.0987073583905007,1.1082072565291408,1.3495860028124922,0.047936171997088134,0.00015196586272047945,0.00016241661459114702,0.0005749062427310527,0.0013689999999999408,0.0013689999999999408,0.0013689999999999406,0.0010036899999999705,0.001003689999999968,0.0010036899999999677,0.5501497250187046,8.41101719285178,5.030021360151998,-0.007359832936185321,0.009569351606834614,-0.01369876630202698,4.567779516687199,-23.57438324908821,-25.009750638689315,1013.6739196777344,0.03671461720863314,34.67131764225302
2025-06-11T20:40:37Z,39.98615505686568,-75.16722501236573,29.793061634417274,8.460323601150735,4.110533412788496,0.11944554548825594,1.0332102275760446,0.19483950180479137,0.724515574852817,0.0010000000017028957,0.0009999999885450062,0.0010000000076915943,0.0010000000142614384,0.001000000001821772,0.0009999999923113014,7.023893142793527e-10,7.023893217420072e-10,0.8474084528275501,0.31944713423720195,0.343613807446147,0.02593564534193859,0.00009177159643478711,0.00009056510877953299,0.0005283195077798313,0.0013699999999999398,0.00136999999999994,0.0013699999999999398,0.0010036999999999694,0.0010036999999999685,0.0010036999999999685,0.41653880060540416,8.65082512006306,5.08100954645139,-0.01756825506400566,-0.006820029806806413,-0.13747535102308261,7.44276229540507,-22.292957941691082,-24.501157840092976,1013.5956420898438,0.2604555685250994,33.951052673728014
2025-06-11T20:40:38Z,39.986212249581904,-75.16717630218346,30.020895724591025,8.337811413138066,4.192345067225201,0.30489730943441035,1.0301806501010327,6.133580912392365,0.8539008124146031,0.0010000000020084082,0.0009999999885652797,0.0010000000077209892,0.0010000000145137472,0.0010000000017740811,0.000999999992174531,1.0007023938722535e-6,1.0007024048808478e-6,0.8828137899948847,0.3766085211779909,0.4050978826517656,0.024176036404252536,0.00009799169911835943,0.00010167796088190208,0.000507072717494834,0.0013709999999999404,0.0013709999999999406,0.0013709999999999404,0.0010037099999999684,0.0010037099999999684,0.0010037099999999684,-0.18898822661100745,8.50094342733575,4.924754306308683,-0.006146722642530771,-0.06817785498309517,0.3791416973474023,1.9402879716455936,-23.55063545227051,-27.82502742767334,1013.4784545898438,0.0454232567310692,36.50514481257925
2025-06-11T20:40:39Z,39.986271987414334,-75.16712365499731,30.308942843048612,8.686406976890655,4.798082465605854,0.488555690741646,1.0126938467372133,0.19733184557715297,0.6149004047145593,0.001000000002037869,0.0009999999885348901,0.001000000008064446,0.0010000000143455337,0.0010000000021359932,0.0009999999924130967,2.000702408713237e-6,2.0007024573529613e-6,0.9112720664897437,0.4472630522652629,0.4883273062670555,0.023146377255979247,0.00011329744585599898,0.00010667597102385719,0.0005519938464707166,0.0013719999999999403,0.00137199999999994,0.0013719999999999399,0.0010037199999999686,0.0010037199999999684,0.0010037199999999686,0.31806180176683096,8.51311942483138,4.949887336723235,-0.012367820147731263,-0.026131083646548564,-0.4461592167552081,8.210350912444445,-23.15460356887506,-23.18074638989507,1013.515380859375,0.0718180960353062,33.77705000652222
2025-06-11T20:40:40Z,39.98633951026996,-75.16706297720104,30.32435549335172,11.509681916386679,5.591035522093974,0.17125493842923142,1.0261517193720844,0.24831577483894224,0.5893094475131012,0.0010000000018411666,0.0009999999885743297,0.0010000000080119039,0.0010000000145619916,0.0010000000016590314,0.0009999999922470956,3.000702432632036e-6,3.0007025577588833e-6,0.9377435562316103,0.5262516264851437,0.5933397473452452,0.02615467541797681,0.00012607770810738901,0.00011466032583466493,0.0005705156410632298,0.0013729999999999398,0.0013729999999999387,0.0013729999999999387,0.0010037299999999683,0.0010037299999999675,0.0010037299999999683,0.5365554951289195,7.951644652022813,5.936319493168826,0.018711085409785742,0.005270364903590537,-0.055589800567058804,5.817691907882691,-22.322827568054198,-26.737763481140135,1013.62548828125,0.15664372793695633,35.31371667431504
2025-06-11T20:40:41Z,39.98641777193124,-75.16699486289696,30.44819128592091,14.10229389084187,6.020190543783397,-0.01960304947335574,1.0138333910746524,0.2172617842410127,0.547197897150266,0.0010000000015674818,0.0009999999886794305,0.0010000000080613606,0.0010000000146270086,0.001000000001752943,0.0009999999920820243,4.000702450781207e-6,4.000702719964663e-6,0.967564373958721,0.614418256231138,0.721078221190131,0.029383084726527724,0.00013477958805334036,0.00012175505252506216,0.0005759083904024149,0.0013739999999999389,0.0013739999999999389,0.0013739999999999389,0.0010037399999999687,0.0010037399999999678,0.0010037399999999687,0.14752579627001944,7.894258712779981,6.071110004417037,-0.00247253867530805,-0.05123050847629211,0.004859509725891612,3.506279935836792,-22.424087677001953,-28.325471420288086,1013.4107971191406,0.1788500474593245,36.296864303225014
2025-06-11T20:40:42Z,39.98651547617486,-75.16691661307634,30.02049300413984,16.772419893038418,7.32853446272962,-0.7927863455615509,1.0102694162086718,0.3448641992870367,0.4902766344669214,0.0010000000013549995,0.0009999999889626666,0.0010000000081195875,0.0010000000145996117,0.0010000000017668126,0.0009999999922741482,5.00070241663955e-6,5.000702960229449e-6,1.0014831050878523,0.7075825325886694,0.8647724048002183,0.03382507308882919,0.00015608090542200152,0.00012772140934754332,0.0006122579484620157,0.0013749999999999386,0.0013749999999999386,0.0013749999999999386,0.0010037499999999689,0.001003749999999968,0.0010037499999999689,0.3351982970366412,7.9402584429099115,5.180099245782331,0.012347063380252406,0.021308946475040363,-0.13799120468599546,3.9863499123603106,-22.887961983680725,-22.056074500083923,1013.4988403320312,-0.2947145644110655,32.03462133085231
2025-06-11T20:40:43Z,39.986609208968275,-75.16682380298788,29.21434723032638,20.097313159363566,8.520488052734164,-1.4993930261379256,1.072206229309346,0.30061743514654277,0.656589766840077,0.0010000000014943268,0.0009999999888528053,0.0010000000084256903,0.001000000014425098,0.0010000000021236734,0.0009999999924327106,6.0007022290166e-6,6.00070329756316e-6,1.0431892576015478,0.8040797720563531,1.0397260637632832,0.04117907901298881,0.00015710509733766044,0.00013762830954856093,0.0006070840444103168,0.0013759999999999383,0.0013759999999999383,0.0013759999999999383,0.0010037599999999681,0.0010037599999999673,0.0010037599999999681,0.49735158541663094,7.939296621333669,5.65289684199475,0.009806385701241701,0.1151013643425916,0.11740659818453297,1.7123919677734376,-23.654335441589357,-26.167779426574707,1013.4178161621094,-0.02251602798240311,35.3158458901776
2025-06-11T20:40:44Z,39.98670396844257,-75.16671870148284,27.658418071853923,23.657023775031636,9.521704797405626,-2.5146899376890834,1.0913346398234665,0.4005641926940461,0.6896358680160846,0.0010000000015792467,0.0009999999890659963,0.0010000000082256775,0.0010000000141554145,0.0010000000020099833,0.0009999999925530021,7.0007017159023215e-6,7.000703754952414e-6,1.0963493920509706,0.8921753689453797,1.2410947952149032,0.05008619504770778,0.0001773112682993123,0.00014361436705231234,0.000637084341903426,0.0013769999999999384,0.0013769999999999384,0.0013769999999999384,0.0010037699999999677,0.0010037699999999668,0.0010037699999999677,0.3682417070836718,7.571570083053133,5.783003220490136,0.008885280979722115,0.0750420687399399,-0.07589770915723917,7.419840618055694,-22.895166864200515,-23.013681139264786,1013.5625305175781,-0.24696164101120166,33.29968233950254
2025-06-11T20:40:45Z,39.986739225727405,-75.16661301311738,25.76947272291034,28.309723854569313,8.92012888725024,-3.236173077554242,1.0326831241373828,0.3808776003686017,0.5805934612156802,0.0010000000018039188,0.0009999999893230138,0.0010000000082202678,0.0010000000139704682,0.0010000000021102842,0.0009999999927709359,8.000700642352226e-6,8.000704360084269e-6,1.164086809794267,0.9605768776141653,1.5010414359430786,0.06323322528531745,0.00018807280332473135,0.00014349929707220354,0.0006478964663783757,0.001377999999999939,0.001377999999999939,0.001377999999999939,0.0010037799999999667,0.0010037799999999667,0.0010037799999999665,0.1330079578415531,6.762236756335702,7.766384357444167,-0.014763119971448786,-0.09666036125846036,-0.03666933310311644,7.010851812362671,-19.614427604675292,-27.303355445861815,1013.5716247558594,0.5171855577337374,34.341629986795034
2025-06-11T20:40:46Z,39.98664235966398,-75.16650670662726,24.39943419549608,29.927583352624403,10.346818024866657,-3.4420701535396443,0.9884480412836294,0.47516163801501266,0.5026160373016564,0.0010000000014171965,0.0009999999889678376,0.0010000000083845554,0.0010000000137043213,0.0010000000018271546,0.000999999992971925,9.00069874486004e-6,9.000705145343309e-6,1.2385042871656395,1.0353415391810648,1.7627738496950487,0.06714915754282927,0.00021964457099419026,0.0001420336596515024,0.0006912120070314703,0.0013789999999999393,0.0013789999999999393,0.0013789999999999393,0.0010037899999999658,0.0010037899999999658,0.0010037899999999658,-1.0285330102461736,8.167700494776911,5.169705027572041,-0.007809487748553903,-0.006488931282545541,-0.1278289555339714,8.954799833297729,-17.95717975616455,-27.58590747833252,1013.3756103515625,-0.060789368297910755,34.11198583621194
2025-06-11T20:40:47Z,39.98623926250184,-75.16786927113053,32.354543703592256,13.62273900344261,3.4754864440998094,0.014501877240609612,0.9972265006371245,0.27504731008958916,0.5635809436424432,0.0010000000013849104,0.0009999999882269858,0.0010000000088502441,0.0010000000139778068,0.0010000000016674858,0.0009999999930911084,4.544984428444219e-10,4.544983307046832e-10,0.9232458938817738,0.40839696874921083,0.5052227640183504,0.04109507800580106,0.00014320311392430017,0.0000938387255394865,0.0006767450165519712,0.001379999999999939,0.0013799999999999388,0.001379999999999939,0.0010037999999999666,0.0010037999999999666,0.0010037999999999666,-0.4989352694128513,8.553146691875643,4.720667953557625,0.003408288618698796,0.00875885537735941,0.03548171143028542,8.90624382019043,-18.696255607604982,-27.379971427917482,1013.4683837890625,0.0013721942900329419,34.32973212097077
2025-06-11T20:40:48Z,39.98632613869872,-75.16781656972023,31.825704963139696,15.545652311783671,5.492809759580343,-0.3989986333978625,1.013223732887404,0.17581807115439993,0.6299438618313469,0.001000000001526801,0.0009999999878944534,0.001000000009147811,0.001000000014073338,0.001000000001872312,0.0009999999928987794,1.0004545042500866e-6,1.0004545211178234e-6,0.991188506302408,0.4663616099280906,0.5888488217565713,0.04411154467801667,0.00014500476934206307,0.00010286970945579933,0.0006519486785297996,0.0013809999999999394,0.0013809999999999372,0.0013809999999999394,0.0010038099999999674,0.0010038099999999674,0.0010038099999999674,0.4518125538191765,8.58937732106043,4.709706360477239,0.000925055453431773,0.0009508859845266382,0.120099038398606,5.730441520611445,-20.951212128003437,-27.115261952082317,1013.4476318359375,0.025277534692092627,34.74226759912284
2025-06-11T20:40:49Z,39.98642879833525,-75.16774313872257,31.128200505858295,16.719260843387968,6.985725908250391,-0.6221611619363293,1.0180752995879438,0.15154934977947926,0.6664951075872751,0.001000000001269981,0.0009999999880376702,0.0010000000089743478,0.0010000000142009395,0.001000000001403869,0.000999999992996787,2.0004545219323802e-6,2.000454596846704e-6,1.0554973926042117,0.5304566670943592,0.6898544725964085,0.04415705029537404,0.00015258532620448007,0.00011040149301892887,0.0006536605871963115,0.0013819999999999388,0.0013819999999999377,0.0013819999999999386,0.0010038199999999678,0.0010038199999999678,0.0010038199999999678,0.18812696800973322,8.567835945141502,4.718727220526131,-0.0012165007871204093,0.01757216241914876,0.040351645906923736,5.484771319798061,-21.16027711362255,-27.06159120676469,1013.4453430175781,0.001962790595816799,34.78744364792003
2025-06-11T20:40:50Z,39.986543231914204,-75.16765207619382,30.382769365708352,17.869515342579938,8.543409462352107,-0.8302287682502996,1.0169796266421633,0.15085996907163887,0.665471802760292,0.001000000001326395,0.0009999999878401223,0.00100000000887255,0.0010000000141871367,0.0010000000010562883,0.0009999999930913374,3.0004545473252982e-6,3.0004547381728517e-6,1.109371979454916,0.6018546662783049,0.8108487629256605,0.044029626838413535,0.00016249180093842232,0.0001159370940147497,0.0006631323978769125,0.001382999999999939,0.0013829999999999387,0.0013829999999999387,0.0010038299999999686,0.0010038299999999682,0.0010038299999999684,0.39318436080090363,8.581557678234619,4.692027362814512,-0.0009054058323364234,-0.001294774119778203,0.00013946020343075715,5.280403881072998,-21.360491523742677,-27.06374755859375,1013.4529724121094,0.007054514367357103,34.87973851388729
2025-06-11T20:40:51Z,39.98666651747536,-75.16754320479055,29.621778151927863,19.043847102187026,10.156770217225635,-1.0398997228048226,1.0146375659799056,0.1498027646996595,0.659570539336741,0.0010000000015396246,0.0009999999880264188,0.0010000000091409428,0.001000000014074313,0.001000000001199442,0.0009999999929159922,4.000454560194849e-6,4.000454959877853e-6,1.1518173508979164,0.6814232642731366,0.951563804590191,0.04409377201088541,0.00017265560703238605,0.00012053764880967974,0.0006725810248781153,0.001383999999999939,0.0013839999999999393,0.0013839999999999389,0.0010038399999999685,0.0010038399999999685,0.0010038399999999685,0.5290178951011746,8.56967491532588,4.68731079482145,-0.0013128321397943895,-0.005379650439289205,-0.0029129132480063295,4.907636603530572,-21.41224444642359,-27.161183065297653,1013.4601440429688,0.0005891763044956872,34.93272724813749
2025-06-11T20:40:52Z,39.98679228354809,-75.16741812988744,28.88922602113644,19.976062046609098,11.615567703932337,-1.1828147756385778,1.0128354522260477,0.158692467678369,0.6589025016099322,0.0010000000014546314,0.000999999988269165,0.0010000000087138957,0.001000000014132277,0.0010000000014491442,0.0009999999930110299,5.0004545092399186e-6,5.0004552781137874e-6,1.1830917853091807,0.7701043017945763,1.1124428494896,0.043487366626900836,0.00018327342422256717,0.00012470002839166906,0.0006849023648465128,0.0013849999999999403,0.0013849999999999403,0.0013849999999999381,0.001003849999999968,0.001003849999999968,0.001003849999999968,0.28823752099121625,8.574859889996103,4.692453817358413,-0.0015360475825908504,0.004434377344513003,-0.00958994533507728,5.527108252048492,-21.084395448366802,-27.123649438222248,1013.4651794433594,-0.0026336496049957784,34.79640050263339
2025-06-11T20:40:53Z,39.98690941794944,-75.16728005081679,28.26840200762767,20.662879314518335,12.891159740780898,-1.2562760422691774,1.0113052317251177,0.15070084960590122,0.6570892340037441,0.0010000000013273601,0.0009999999878864173,0.0010000000089414507,0.0010000000141618286,0.0010000000011162065,0.0009999999929359016,6.000454295699228e-6,6.0004557104462695e-6,1.2034998540279414,0.8700227883898395,1.293547194075972,0.04232057130069538,0.0001930459679007306,0.00012840098551676374,0.0006921910735952636,0.0013859999999999402,0.00138599999999994,0.0013859999999999391,0.0010038599999999673,0.0010038599999999673,0.0010038599999999673,0.07923171459312238,8.57362415890991,4.706724308472308,-0.0011770752053686974,-0.005360604101378447,0.003042820375255187,6.023314154877955,-20.494505746023997,-27.417383155044245,1013.4536389802631,-0.0009379818489129593,34.75650233168905
2025-06-11T20:40:54Z,39.98700998506141,-75.16713076155162,27.730288879399797,21.321336409555595,14.151205275240242,-1.3168542525928302,1.0116987389602927,0.14163075793848512,0.663441704224187,0.0010000000016829734,0.0009999999881566974,0.0010000000092118772,0.0010000000145598956,0.0010000000012944546,0.0009999999927586547,7.000453758003082e-6,7.000456275484388e-6,1.2150475652142683,0.9846951935284822,1.4932161937016806,0.041502902794728666,0.00020246769234372227,0.00013208916096746996,0.0006989702436608604,0.0013869999999999393,0.0013869999999999393,0.0013869999999999384,0.001003869999999968,0.0010038699999999681,0.0010038699999999681,0.21664939486847698,8.577381290447905,4.69886732482016,-0.0006555830887070243,0.0009027972000664596,0.007433962637994415,5.922710520155887,-20.59723367082312,-27.461161187354556,1013.4612274169922,0.0005062653010575384,34.834413684301516
2025-06-11T20:40:55Z,39.987082992372336,-75.16697241783163,27.287785008251923,21.808918578992486,15.244385992901808,-1.3431851795605068,1.011338454155924,0.13151572221855695,0.663421810222228,0.0010000000018104789,0.0009999999882414688,0.0010000000093114542,0.001000000014360641,0.0010000000014436052,0.0009999999930007354,8.000452659252109e-6,8.000456992821875e-6,1.2200264273385497,1.11596663593906,1.71090700944088,0.04043150474774458,0.00021195602698118225,0.00013541271337293024,0.0007054465172805363,0.0013879999999999398,0.0013879999999999396,0.0013879999999999385,0.0010038799999999687,0.0010038799999999687,0.0010038799999999687,0.1595938861110337,8.567208773942712,4.7004764149891605,-0.0007602531688854498,-0.005041347505189997,0.0042005284911762015,5.976008055161457,-20.511436462402344,-27.392734099407587,1013.4607849121094,-0.00886679918533408,34.738883939001205
2025-06-11T20:40:56Z,39.987123892793306,-75.16680638002477,26.900754501875245,22.28550287036673,16.28744837424917,-1.3500538323506934,1.012773775898879,0.112237577011466,0.6760979646548765,0.001000000002121965,0.0009999999882972573,0.0010000000094535846,0.0010000000142184923,0.0010000000012797363,0.000999999993213994,9.00045067877952e-6,9.00045788274463e-6,1.2203125565534887,1.267657176408596,1.944886507083228,0.03966000962227316,0.00022048080344723605,0.00013899244609534437,0.0007091092918265244,0.0013889999999999395,0.0013889999999999395,0.0013889999999999395,0.0010038899999999687,0.0010038899999999687,0.0010038899999999687,0.32301629315508157,8.574018978130654,4.707070459356534,-0.0008128101637391391,0.0007100230134135328,0.01820428417537163,5.357263870239258,-20.901527557373047,-27.334343452453613,1013.4786682128906,0.004180070067855728,34.82437266592676
2025-06-11T20:40:57Z,39.98623880115989,-75.1678616963133,20.169938002861887,0.012412094444958402,0.008301921744191696,0.24681290516461268,1.001094999817207,6.164809188227052,0.8101953404198501,0.0010000000021234492,0.0009999999875500757,0.0010000000101926638,0.0010000000143620376,0.0010000000007061168,0.0009999999941926365,1.239582908464982e-10,1.2395806596617287e-10,0.4704157406759865,0.0003998616924778388,0.0003999106526209718,0.013728804362503387,0.00009676114900950647,0.00006622337414507058,0.0006926065041481925,0.0013899999999999397,0.0013899999999999397,0.0013899999999999397,0.001003899999999968,0.0010038999999999682,0.001003899999999968,0.32553126061919196,8.573253886365439,4.69355424476127,-0.0011708690791141564,0.001519735790513426,-0.001016986974713924,5.334815902709961,-20.954475555419922,-27.24723564147949,1013.4834899902344,-0.0009625607014737806,34.7844596029583
2025-06-11T20:40:58Z,39.98623835010092,-75.1678622526502,21.37784052457509,-1.0245384016640804,-0.11049427719312369,0.26893769326056854,1.0008388998437252,6.168523035669884,0.8118556240020522,0.0010000000022865837,0.0009999999873674687,0.0010000000100930865,0.0010000000145017696,0.0010000000005559555,0.0009999999942903203,1.000123958359908e-6,1.0001239581935746e-6,0.5155275844813585,0.009411338285040148,0.01169388494491861,0.014042544088249335,0.00010661149834569617,0.00007621044630913084,0.0007037203458347901,0.001390999999999941,0.0013909999999999387,0.0013909999999999407,0.0010039099999999677,0.0010039099999999677,0.0010039099999999677,0.3364761956908926,8.572714122784665,4.690471137990295,-0.0011695367631247935,0.0030345749836192875,-0.0029988016759950643,5.481783574941207,-20.9713016042904,-27.263513876467336,1013.4792938232422,-0.0025315374901321132,34.83017513087884
2025-06-11T20:40:59Z,39.986230136947675,-75.16786479217555,22.566130875954126,-2.1006880551202616,-0.29128129823433174,0.29092037391382297,0.9997257111001814,6.170955221909777,0.827342670140025,0.001000000002256691,0.0009999999873247178,0.001000000010151461,0.0010000000143867659,0.0010000000004007918,0.000999999994542892,2.0001239586836195e-6,2.0001239599112265e-6,0.5640820803907467,0.035481523935389635,0.04463970948536979,0.014341212647697518,0.0001164099381048241,0.00008618280638764955,0.0007144101081955451,0.0013919999999999412,0.0013919999999999382,0.0013919999999999412,0.0010039199999999668,0.0010039199999999668,0.0010039199999999668,0.24948113834568456,8.581496896094674,4.69441889306441,-0.0007586883064713205,0.013542597119451697,0.005043328155595363,5.794501946896923,-20.924742562430247,-27.242848454689494,1013.4771575927734,0.00447777043763297,34.836623889302224
2025-06-11T20:41:00Z,39.98620947252372,-75.16786976742436,23.69073540137735,-3.146039854091127,-0.458616106594829,0.30333662476979395,1.0013528362287987,6.174259846182901,0.8228268195417813,0.0010000000020011256,0.0009999999877067845,0.0010000000099550457,0.0010000000144144059,0.0010000000003724631,0.0009999999947229992,3.000123957236533e-6,3.0001239671718135e-6,0.6126106722995616,0.08024541218110999,0.1007069365527011,0.014699626189354597,0.00012609679727085984,0.0000961315624471579,0.0007252133361576255,0.0013929999999999418,0.0013929999999999388,0.0013929999999999399,0.0010039299999999667,0.0010039299999999667,0.0010039299999999667,0.2635869391097431,8.583093031688595,4.682237438606394,-0.0004401453413660233,-0.003052327982936877,-0.0066134289545993164,5.588362415631612,-20.838107864061993,-26.964795390764873,1013.49609375,0.0004278629843432702,34.53336391117066
2025-06-11T20:41:01Z,39.98617244360401,-75.16787716333208,24.71794858838847,-4.1511987883333665,-0.6173231664681772,0.28373344647623716,1.0014906678594486,6.169127081596202,0.8255937414128253,0.0010000000020164894,0.0009999999881301295,0.0010000000100997258,0.0010000000142720744,0.001000000000243855,0.000999999994840619,4.000123939950706e-6,4.00012398673673e-6,0.6586431404488463,0.14521014880383556,0.1809604894726021,0.01512148919259745,0.00013587509473716392,0.0001060887075625101,0.0007333636734303901,0.0013939999999999428,0.0013939999999999398,0.0013939999999999398,0.0010039399999999658,0.0010039399999999656,0.0010039399999999658,0.30666408114817056,8.562062375917856,4.667134465499577,-0.0012015122638193098,-0.001762415779945077,0.004410520597835899,5.386787900924682,-20.894695510864256,-27.11303554534912,1013.5111541748047,-0.023981667157661913,34.651392001123874
2025-06-11T20:41:02Z,39.98611570350764,-75.16788798624356,25.63541973112248,-5.161523987687722,-0.9419026775705094,0.2575829182756615,1.0031171698317032,6.162121674849185,0.8555784598738113,0.0010000000021878244,0.0009999999881700134,0.0010000000103287379,0.0010000000142438394,0.0010000000006685557,0.000999999994732012,5.000123860347048e-6,5.000124028353433e-6,0.7005450181637467,0.23419291180146257,0.2874750377815821,0.015552218191167267,0.0001455440035406346,0.00011608025877030775,0.0007405762023998821,0.0013949999999999438,0.0013949999999999395,0.0013949999999999395,0.0010039499999999666,0.0010039499999999664,0.0010039499999999666,0.250449536985331,8.536992572796294,4.734018682469759,0.0034771813958407497,0.019862924412946212,0.02064769698716418,5.785787660248426,-20.9409261041758,-27.046901469327967,1013.5110473632812,-0.015299901972724905,34.691916734118685
2025-06-11T20:41:03Z,39.98604015578789,-75.16789903603507,26.4477965902374,-7.3397279651594305,-0.5418311158016453,0.2058213808674162,0.975814716169636,6.115483256486972,1.119462474458681,0.0010000000024863983,0.0009999999882106879,0.0010000000103866002,0.0010000000144568821,0.0010000000003260476,0.0009999999943258837,6.000123611509463e-6,6.000124106076478e-6,0.7396822293682855,0.33636077176285906,0.44605452646544824,0.018060233513771017,0.00015454776061346452,0.00012815196366891435,0.0007379148254826704,0.0013959999999999444,0.0013959999999999403,0.00139599999999994,0.0010039599999999674,0.0010039599999999674,0.0010039599999999674,0.5815571610710126,9.259184097301869,3.564461614121599,0.009272461501607468,0.19585248568587202,0.18511404747297652,5.006730498099814,-20.968313878896286,-25.87644861182388,1013.4921295166016,0.15833493146582098,33.67973745796303
2025-06-11T20:41:04Z,39.98592245042471,-75.16792881637701,26.77293074633314,-10.580916901948903,-4.056363966094011,-0.5973250069521713,0.9699122666023887,5.756939333503505,1.3451912394965388,0.001000000002259442,0.0009999999883086301,0.0010000000103592753,0.0010000000142579403,0.00100000000050245,0.000999999994130055,7.000122995470224e-6,7.000124240767268e-6,0.7770382996692116,0.5203066336599975,0.6618629177882701,0.02274834269337102,0.00020381340317177373,0.0001422000728635009,0.0006812530019098625,0.0013969999999999456,0.0013969999999999393,0.0013969999999999413,0.001003969999999967,0.001003969999999967,0.001003969999999967,-0.9267180860663482,9.112860883724556,3.7986968656674467,0.07352755691900573,-0.027406099065533002,0.44031481722564675,6.883483853340149,-16.78036771774292,-28.939619407653808,1013.51806640625,0.13640680743940184,34.15349468804067
2025-06-11T20:41:05Z,39.98575926400782,-75.16799228586042,26.560304175081136,-11.642449741883905,-6.254577310903224,-0.8239374726006992,0.9922109435097531,6.020948860180055,1.5366645169015356,0.0010000000023450985,0.0009999999885203655,0.0010000000100762532,0.0010000000142155996,0.001000000000607957,0.0009999999943664526,8.000121704723705e-6,8.000124454241637e-6,0.8140625191301781,0.7282011426571159,0.8664515977662208,0.02567536873000237,0.00016692232590299804,0.00015644765776435954,0.0007450769773359573,0.0013979999999999455,0.0013979999999999386,0.0013979999999999416,0.001003979999999966,0.001003979999999966,0.0010039799999999677,1.5322871679939087,8.461784776699313,4.574273028899801,0.09694694339682172,0.30383140930483166,-0.12585165779823176,2.6315399646759032,-24.01789539337158,-24.52761142730713,1013.5772705078125,-0.03934939005297236,34.429413781192046
2025-06-11T20:41:06Z,39.98550889409213,-75.16808781140614,26.326104648624316,-13.374566685387158,-9.4253300651038,-1.0140946003785785,0.8819004513498577,5.881057287537933,1.988374105151701,0.0010000000024855595,0.000999999988007032,0.0010000000099063613,0.0010000000145564487,0.001000000000899913,0.000999999994197184,9.000119318353405e-6,9.000124771972021e-6,0.8553922951722387,1.000747103260987,1.1344619527873943,0.03345151762661171,0.00018079642734955515,0.00017483216100479365,0.0007723232932973786,0.0013989999999999452,0.0013989999999999378,0.001398999999999941,0.0010039899999999655,0.001003989999999966,0.0010039899999999666,0.6890003771369215,9.348192745843027,3.8352638767783938,0.03792123867497734,0.28031740603614436,0.38817411357093645,0.7815624851112565,-24.261732856432598,-24.795482913653057,1013.5066375732422,0.34849531197836187,34.699495326814
2025-06-11T20:41:07Z,39.986256839109146,-75.1679859038339,24.20915979820661,-4.72001274553461,-5.266850350351962,0.015465624627796964,0.9586670857873957,5.950251167894368,2.041245655412985,0.0010000000023548024,0.0009999999874664306,0.001000000009874673,0.0010000000146572017,0.0010000000010097106,0.0009999999942786632,5.371301895843588e-10,5.37130257391338e-10,0.674397669424126,0.1783592366786384,0.18009991059511102,0.019756901100862177,0.00006771312954260637,0.00007294342183940847,0.00042873398750399014,0.0013999999999999462,0.001399999999999938,0.00139999999999994,0.0010039999999999646,0.0010039999999999654,0.0010039999999999672,0.3829491472927212,8.935624231350493,4.173616863121617,-0.05549823836709126,0.07148711971476085,0.02413140868277356,3.309371917247772,-24.745015602111817,-23.635059509277344,1013.4609985351562,0.08995429151192053,34.37848588953786
2025-06-11T20:41:08Z,39.98619796488327,-75.16806563550746,24.863364490136604,-5.198258715809664,-8.369649839123493,-0.39761248671648364,0.9424273253980336,5.991553688415879,2.138745088700661,0.0010000000022412174,0.0009999999873292402,0.0010000000098384673,0.001000000015035642,0.001000000001116398,0.0009999999941923967,1.000537132546732e-6,1.0005371385954504e-6,0.7185252436566788,0.2331019246941179,0.2220244640549998,0.023509114770710306,0.00007558129476370743,0.00008292850299739053,0.0004326946626236283,0.0014009999999999455,0.0014009999999999372,0.0014009999999999403,0.001004009999999964,0.001004009999999965,0.0010040099999999677,0.5185821678428646,8.99677954579653,3.9137532278200586,0.012394311322855442,0.09996217479738875,0.02113140643390418,12.536963815689086,-24.41122356414795,-27.608355560302734,1013.4658813476562,0.04547554159641099,38.926862802228264
2025-06-11T20:41:09Z,39.98611723642771,-75.16818730684716,24.75817396993945,-4.422767575153787,-12.58455998666595,-1.3829616345740496,0.9221434858002306,5.73967000552787,2.19331311461764,0.0010000000023423002,0.0009999999874023976,0.0010000000097981647,0.001000000014977763,0.0010000000012271048,0.0009999999939861886,2.0005371409375132e-6,2.0005371667887495e-6,0.770968021165985,0.31017468379659235,0.2681097104657234,0.02958899219358872,0.00010399023733417977,0.00009272346651260438,0.00045598247245516317,0.0014019999999999456,0.0014019999999999374,0.0014019999999999395,0.001004019999999964,0.001004019999999964,0.0010040199999999675,-0.04571919454858312,8.710861028683937,4.17221178673714,0.00023714735357621393,-0.11261651009922985,0.2382068338847578,5.847036629307027,-18.747913905552455,-25.256987318700673,1013.5682861328125,-0.12035529599054107,31.99350368121714
2025-06-11T20:41:10Z,39.986017064113,-75.1683542733787,23.940417399575953,-3.2892420407629253,-16.5583703851743,-2.404662462978001,0.9605219698692905,5.854162586329316,2.1558602614811244,0.0010000000022275426,0.000999999987547219,0.0010000000101133455,0.0010000000148896726,0.0010000000013448572,0.0009999999934674538,3.000537156890342e-6,3.0005372193341e-6,0.834791203677306,0.40678175217396034,0.3245076066374817,0.037197717137419574,0.00010103012676837932,0.00010231437689309338,0.0004593670770891232,0.0014029999999999462,0.0014029999999999377,0.0014029999999999388,0.001004029999999963,0.001004029999999963,0.0010040299999999665,0.5160473126671137,8.562463926327906,4.328219458093382,0.01781558178706816,0.03993762859579399,-0.11085448400819928,3.9585264653575662,-23.676215697307978,-23.620942485575775,1013.5255432128906,-0.17042782269424508,33.67756866095755
2025-06-11T20:41:11Z,39.985890357299844,-75.16856052138418,22.48774806337728,-1.3843839771278523,-20.24080593951225,-3.386352229720324,0.9596660301916873,5.748919165424483,2.1767226331563783,0.0010000000020852463,0.0009999999877487523,0.0010000000102575873,0.001000000015099658,0.0010000000011565042,0.0009999999935507175,4.000537176765793e-6,4.000537300804155e-6,0.9115364256092219,0.5239065693655779,0.39128086418891966,0.046007454926208405,0.00012137428774973086,0.00011121271430069045,0.0004769198919775591,0.0014039999999999459,0.0014039999999999376,0.0014039999999999376,0.0010040399999999635,0.0010040399999999635,0.0010040399999999652,0.19762407706075028,8.334152090824668,4.804417819888843,0.00404749287711655,-0.04777639901297353,0.10011639082932992,15.066252805748764,-19.921852578922195,-23.789750780378068,1013.5517272949219,-0.15630758029391278,34.49378101489601
2025-06-11T20:41:12Z,39.98571191141157,-75.16880014773547,20.73112755074287,1.6232772411338008,-24.524033907609027,-4.621767467346774,0.8801333502636514,5.613775639984027,2.3067020185081764,0.0010000000019997992,0.000999999987809545,0.001000000010118993,0.0010000000146260142,0.0010000000007900371,0.000999999993781882,5.000537181228162e-6,5.000537413991104e-6,1.0037160987531222,0.6799248556584231,0.4654562647661963,0.060412391508457765,0.00015417795945460758,0.00011931286340431479,0.0004940758303998629,0.0014049999999999447,0.0014049999999999373,0.0014049999999999373,0.0010040499999999638,0.0010040499999999638,0.0010040499999999647,0.06531040904462429,8.42136170769963,5.209019283433431,-0.014426106495258975,-0.0010683151349130335,0.17971899810804617,7.035167216798481,-25.039130191413722,-26.184187402530593,1013.4297790527344,0.12471043678385174,36.90609091454632
2025-06-11T20:41:13Z,39.98545298779227,-75.1690665097068,18.627951730687276,5.068839527199291,-28.606539466279624,-6.0115156518121715,0.8436069418936869,5.602571010050973,2.3783671341428927,0.001000000001902566,0.0009999999876993766,0.0010000000104053394,0.0010000000144684,0.0010000000009148906,0.0009999999936521704,6.000537124626815e-6,6.000537558639455e-6,1.1155712455826032,0.8724053371963453,0.5411449252138174,0.07862236823400454,0.00016486758747855007,0.0001260227527085459,0.0005011632227208612,0.001405999999999945,0.0014059999999999366,0.0014059999999999366,0.001004059999999964,0.001004059999999964,0.0010040599999999638,0.2728582020111303,8.353869180808287,5.252041919386729,-0.005464911791220827,0.02748084209640667,0.05374138543165904,3.778514205193033,-23.28979951508191,-25.939191467907964,1013.3726348876953,0.09418137200192887,35.0646549949669
2025-06-11T20:41:14Z,39.985090671205704,-75.16935110314435,16.053262690820905,8.74456179152886,-32.40413995322189,-7.436576318327303,0.8229458224896277,5.564290702961362,2.4341615071305207,0.001000000002119376,0.0009999999881399886,0.0010000000102624675,0.0010000000143858883,0.0010000000006657103,0.0009999999934754227,7.000536936171648e-6,7.0005377309879e-6,1.2458594258198725,1.1067811587389638,0.6110179283213891,0.09892241498614174,0.00018390359469526356,0.00013095103557005238,0.0005158724633041686,0.0014069999999999445,0.0014069999999999352,0.0014069999999999354,0.0010040699999999641,0.0010040699999999641,0.0010040699999999641,0.13254857215467572,8.39671478654184,5.141767724980439,-0.0030691626552935454,-0.005812638718143233,0.06928219733803437,5.10657134834601,-23.440183133495097,-24.43585267358897,1013.4903869628906,0.0699466205129376,34.24363707689863
2025-06-11T20:41:15Z,39.984576739418856,-75.16963052815643,13.982318841478577,12.364519536891928,-34.79710908810809,-7.996993167718202,0.8893537422533514,5.705220750968558,2.3629039452905722,0.001000000002009532,0.0009999999878833362,0.001000000010233417,0.0010000000147143858,0.0010000000006666994,0.0009999999933784913,8.000536539643335e-6,8.000537926183626e-6,1.382049929749126,1.3691271436891428,0.6772558690695857,0.11367333375191131,0.0001605831133283175,0.0001312681186784679,0.0005139125453712988,0.001407999999999945,0.0014079999999999356,0.0014079999999999356,0.0010040799999999632,0.0010040799999999632,0.0010040799999999632,0.23722456649292664,8.231926397335467,5.4259040727512735,0.00027535614609091805,0.03048553938538317,-0.12741446155774802,-2.300675930902362,-15.008683738708497,-26.481807518005372,1013.4218078613281,0.0854571773010181,30.526000913398146
2025-06-11T20:41:16Z,39.98391308510977,-75.16990323758294,12.381397365361838,15.567540926363396,-37.402651935979684,-8.94197729034219,0.8166278687385424,5.529463265972806,2.5337114326738313,0.0010000000022684307,0.0009999999875995324,0.001000000010145374,0.0010000000144193527,0.001000000000704993,0.0009999999935290371,9.00053588032955e-6,9.000538141922964e-6,1.5091290902219665,1.688608535059972,0.7198891766942924,0.12730881335940664,0.0002179127951124585,0.00013551484486537386,0.0005486541642308581,0.0014089999999999446,0.0014089999999999361,0.0014089999999999361,0.001004089999999964,0.0010040899999999623,0.001004089999999964,-0.23074609742142047,8.517662462246614,4.405885852207441,0.007249460773710278,-0.037850333330888164,0.2465677719596009,10.419775810241699,-20.100475578308107,-22.348691520690917,1013.4541320800781,-0.18393196846719226,31.8129161453675
2025-06-11T20:41:17Z,39.98633874532259,-75.168744696811,46.0531490930195,-0.07969906274434306,-4.863757492276781,4.7885397686747115,1.0499147373879738,5.826730310464515,2.5424948970148127,0.0010000000026949207,0.0009999999871491434,0.001000000010066778,0.0010000000148920306,0.0010000000012327323,0.0009999999932743956,4.5449847318346543e-10,4.5449853100595213e-10,0.9820457704096611,0.12717479876045112,0.11193663019615911,0.06437694261635202,0.0001440931745448498,0.00009784495731805298,0.0004247034158519069,0.0014099999999999456,0.0014099999999999352,0.001409999999999935,0.001004099999999964,0.0010040999999999614,0.001004099999999964,-0.3657416620537971,9.104622897557897,4.145523525307365,0.004225247346954789,0.04841621411887144,0.09655177706965566,2.357141613960266,-23.70739547411601,-25.436999559402466,1013.3274841308594,0.2308656279197024,34.851601538735174
2025-06-11T20:56:31Z,39.89013435680719,-75.11884619816362,23.018718988280035,10257.762831013848,9456.323983013543,-20213.901568108337,3.1347068580650213,1.6871756662703787,1.0234985412229527,0.0009999950094591553,0.001000002679013276,0.000999999201244935,0.0009999969541732811,0.0009999987027760446,0.0009999907640589431,3.3005139457686395e-10,-9.128625127278362e-9,2.5760731912266985,0.10151840177425628,0.10335136825266304,0.03612156707328067,0.000018738503625183894,0.00001040780111495778,0.000010425479857300802,0.001410999999999946,0.0014109999999999344,0.0014109999999999344,0.0010041099999999637,0.0010041099999999609,0.0010041099999999637,0.018708526628501438,8.788794007949964,4.614441072722143,0.03110159096974194,0.13384666815702592,0.07531770628511782,-1.8742249608039856,-21.462849378585815,-30.96512484550476,1014.6792602539062,-31.431427100448566,37.722695543319674
2025-06-11T20:56:32Z,40.451771834769886,-91.15118659958564,-13134.837015627878,10443.560189343689,9653.841234039885,-20043.57170120503,2.76202826986386,1.6643273771780343,1.3253172563500502,0.0009999961852013503,0.000999979777536313,0.0009999889370112926,0.0010000154880464957,0.0010000137097672859,0.001000010675532211,1.000333470612912e-6,1.0039601544492258e-6,1.7474759144900753,0.11814231862809689,0.11352400809832411,0.03623097097906532,0.00014829244960644797,0.000019298613644306786,0.00020702554574225066,0.001411999999999944,0.0014119999999999393,0.0014119999999999391,0.0010041199999999643,0.0010041199999999597,0.0010041199999999632,0.5794936641813745,9.219184457007266,4.051264218458586,0.02004287856298643,0.21045662824891842,0.03441753493437191,-3.1761479288339616,-22.13397159576416,-30.421919479370118,1014.3000183105469,-32.54500589428267,NaN
2025-06-11T20:56:33Z,33.6408170002159,-114.37546082994959,-24097.608135583054,10732.11490068297,9955.152450304893,-19632.40477110423,0.6368438724615162,1.5185329967251529,1.2706863536703255,0.0009999975337065085,0.000999953031366633,0.0009999769666016764,0.0010000371215050884,0.0010000312448255604,0.0010000338719424989,2.000247081692904e-6,2.0029315979698253e-6,1.3684846029546307,0.1286690530775839,0.13832058593981114,0.039910387141359506,0.002286248927245243,0.00001156433308795367,0.0022535356704867274,0.0014129999999999427,0.0014129999999999384,0.0014129999999999384,0.0010041299999999647,0.001004129999999959,0.001004129999999963,0.44948707139562993,9.235366000254004,4.5303122720678255,0.007693655510280931,0.05545439257775383,0.1197501254018718,1.507970801865061,-20.589787006378174,-28.931791067123413,1014.2507629394531,-34.41829209712664,NaN
2025-06-11T20:56:34Z,-15.220414982897987,-160.0876912068801,-33398.081586914166,11084.997327601588,10273.383077512644,-18852.66896180181,5.038078471803632,1.850959930710386,3.1284821413950805,0.0009999987942611705,0.0009999274746140415,0.0009999654867630162,0.0010000577728840367,0.0010000479836722092,0.0010000559584156952,2.997759222846021e-6,3.000771442582835e-6,1.1806654035138815,0.11667380597107656,0.1414697406571594,0.054873815835351294,0.000625832736957189,0.00001742953852061208,0.000676864508906469,0.0014139999999999437,0.0014139999999999377,0.0014139999999999377,0.001004139999999965,0.001004139999999959,0.0010041399999999624,0.2181750875629683,8.716765232147129,4.226259478537768,0.006651765524491133,0.09716407835215701,0.0885147045238676,-1.9507799655199052,-22.624655494689943,-32.028903312683106,1014.2371247944079,-37.538134195836975,NaN
2025-06-11T20:56:35Z,-146.51030440428684,-226.98858643823996,-40693.62022294147,11481.191226882009,10456.955462633212,-17601.298045499054,3.9808167679877062,2.2151002295701328,1.5735934790331747,0.0009999998116834996,0.0009999056220014288,0.000999955759732059,0.001000075423666674,0.001000062332112067,0.0010000747371153608,3.985416570762503e-6,3.9976049726022695e-6,1.1040202686296703,0.13041670641079664,0.18107190206362142,0.06012432208874209,0.0003528372389254682,0.00003636714781360029,0.0004035077819545732,0.0014149999999999443,0.0014149999999999371,0.001414999999999937,0.001004149999999964,0.0010041499999999578,0.0010041499999999613,0.26775513137751467,8.78740367894018,4.139819711627724,-0.015447150466848322,0.13299591135199976,-0.004217319286213154,-2.8652919399738312,-22.690291442871093,-31.350339241027832,1014.1284484863281,-36.88313716426871,NaN
2025-06-11T20:56:36Z,-177.6252124965117,26.85653791526633,-45548.86666630902,11964.548703660215,10532.454519592622,-15967.325635305406,5.013647005576704,3.3372048854360536,3.6034495553670283,0.0010000004941803752,0.0009998892937277237,0.0009999486138021758,0.0010000886044858783,0.0010000731010175496,0.0010000886339781982,4.959881126735217e-6,4.991093265681241e-6,1.0927242334039342,0.15778542521104896,0.20170554915827849,0.060004496138230765,0.00036128830933846606,0.00005027267701052574,0.0004159017726719217,0.0014159999999999433,0.0014159999999999381,0.001415999999999937,0.0010041599999999636,0.0010041599999999584,0.0010041599999999617,0.17226538782771986,8.792723429644113,4.176032093398856,0.0033749057170511963,-0.02342554417957035,-0.03452172006700799,0.00995917998406351,-22.726358686174667,-30.179562665978256,1014.1244812011719,-38.6920949424505,NaN
2025-06-11T20:56:37Z,-192.8434169816927,-132.56696376502003,-47796.80994916028,12043.032519205592,11027.534129009151,-13960.840019324509,1.5806607784778919,0.1928376358488073,3.755875132356838,0.0010000007998709952,0.0009998788229403006,0.0009999443725445898,0.0010000970718974493,0.0010000801346701626,0.0010000973815441354,5.940149198968806e-6,5.977899114633642e-6,1.1134032898665551,0.2058070168196417,0.2060862006705122,0.07843857264130866,0.00035758612650440305,0.00007607259900422213,0.0003998773927423749,0.001416999999999943,0.001416999999999939,0.0014169999999999376,0.0010041699999999644,0.0010041699999999581,0.0010041699999999607,0.31382704705500775,8.882603201946202,4.148640921480498,0.03563425621310985,0.11933745067919774,0.009444195289703838,-3.178587950691581,-21.49542350769043,-29.638679275512697,1014.0420837402344,-40.597751710028064,NaN
2025-06-11T20:56:38Z,-53.85157495283785,-316.5406575986262,-47273.49881256564,12329.090898405482,11125.081691232033,-11437.379018391208,5.4986151129890075,3.391830130134462,3.538716702238098,0.0010000007327704192,0.0009998720728045683,0.0009999428810352142,0.0010001026430920324,0.001000085161825937,0.0010001028416243547,6.939336994438617e-6,6.960191066559249e-6,1.1736663863961105,0.176392811141843,0.19676374446574274,0.11404192929694358,0.0003491839684945866,0.00010521392502869315,0.00043522062785581584,0.001417999999999942,0.0014179999999999378,0.001417999999999938,0.0010041799999999648,0.0010041799999999578,0.0010041799999999613,0.3571022487032647,8.948542572975976,4.31745609267198,0.03763130016005016,0.09891002529491955,-0.06060275739676955,-1.4849839626252652,-21.53324363708496,-29.754823417663573,1013.9866027832031,-44.361476748131956,NaN
2025-06-11T20:56:39Z,-8.949007390918345,-182.416051958581,-43176.965775780176,11194.84676644506,11220.250477472058,-7624.687071296472,0.6102509214162595,1.7530320441075204,0.3602756873304642,0.0010000003599186602,0.000999866757853841,0.0009999436487532888,0.0010001072299974398,0.0010000898970567403,0.0010001070143669276,7.938044696134991e-6,7.930087831552851e-6,1.3219961929512878,0.34547329589066406,0.21634638218713742,0.1851956475287985,0.00038820853015383904,0.00012035337940415675,0.00031490008412357514,0.0014189999999999429,0.0014189999999999388,0.0014189999999999388,0.0010041899999999647,0.0010041899999999574,0.001004189999999961,0.5083737424729808,9.047310389073889,4.283776087336865,0.014986313754989879,0.13292628758685726,0.18060906563945736,-3.1473559495806693,-22.798139724731445,-30.980435523986817,1013.8161942331415,-41.029728924592106,NaN
2025-06-11T20:56:40Z,-18.11903134528799,-30.810837832857423,-35207.638677585805,9487.424834934,11538.912692634445,-3516.3248417863715,0.5401470570946074,5.46744079425153,1.5973852727548277,0.000999999845676228,0.0009998623301018946,0.0009999456840455653,0.0010001112114144991,0.0010000943950524209,0.0010001104577026289,8.937854554269914e-6,8.893199433788468e-6,1.5338021238452035,0.3161635739220617,0.24337526350747113,0.20144866430109062,0.003843429260636638,0.0000633919039355853,0.003573747265074444,0.0014199999999999415,0.0014199999999999374,0.0014199999999999374,0.0010041999999999642,0.0010041999999999564,0.0010041999999999608,0.24540674867996973,8.863563350405233,4.073910391892018,-0.011667103477740751,-0.010909162882967388,0.11362464334891242,-0.864491982832551,-22.449463500976563,-30.88405544281006,1013.7713012695312,-36.804340876792025,NaN
2025-06-11T20:56:41Z,40.037163537584696,-75.24907474747496,-21517.555600410218,674.2781313070859,1878.9965157955191,-628.1344645494086,2.622735161213713,3.629430597810698,2.3774310474150684,0.0009999991074868127,0.000999823763481492,0.0009999363067373737,0.0010001394654433411,0.0010001207645312293,0.0010001421653701402,3.3054790382503733e-10,3.3054777195892313e-10,0.9812569356806853,0.04212620521459026,0.03893378636866752,0.05327475459343713,0.00041055355659959646,0.00005998611402022718,0.0005381242274185963,0.0014209999999999425,0.0014209999999999382,0.0014209999999999382,0.0010042099999999633,0.0010042099999999564,0.0010042099999999598,0.2909163693871903,8.749577884167158,4.417145141346153,-0.010004322355211958,0.041513253668815524,0.12565209565803245,-2.3443408513611015,-22.597172390330922,-29.299408435821533,1013.7325439453125,-0.8114819149400918,NaN
2025-06-11T20:56:42Z,40.04333570105422,-75.22935727424056,-17492.39967946366,611.2680973678844,1949.9165559619653,52.56625357723624,1.7122847132743866,3.008184265102803,0.7243442661768746,0.0009999988051670598,0.0009998236652625269,0.0009999374442513885,0.0010001394989679459,0.0010001213562320062,0.001000141991855469,1.0003305484057612e-6,1.0003305494818992e-6,1.0502206495657138,0.051938029855413695,0.07297611174384153,0.07035964759386373,0.000402845272827642,0.00006986025037384004,0.0005807657794570522,0.0014219999999999413,0.001421999999999937,0.001421999999999937,0.0010042199999999628,0.0010042199999999557,0.0010042199999999593,0.49206340081461586,8.77906905059565,4.169361224925257,-0.0035070422355278413,0.03762844908981912,0.02104015897871641,-1.018575479333498,-21.599726112521424,-30.532117687926,1013.7380981445312,-0.9233237414759724,NaN
2025-06-11T20:56:43Z,40.006188499695114,-75.2053782146367,-13531.011281884426,566.6139006191108,2064.5487385558035,709.1086793093573,1.1745099904045126,1.2425135425959253,2.4217804728302283,0.0009999985933698417,0.0009998235664036045,0.0009999385367816635,0.0010001395089366855,0.001000121909706708,0.0010001418171163923,2.000330546884883e-6,2.000330670391964e-6,1.1208316180924633,0.04394179979532654,0.07444765189524216,0.10255065421989877,0.0004273407564439931,0.00007077313388333552,0.0006270545492122754,0.0014229999999999419,0.0014229999999999378,0.001422999999999938,0.0010042299999999619,0.0010042299999999565,0.0010042299999999602,0.4792080271327329,8.822074870014546,4.121584932417352,-0.005546315426024736,0.05331607895496863,0.047959619875634255,-2.3523124603088945,-21.174370408058167,-31.005536834398907,1013.6138305664062,-0.9820017432541345,NaN
2025-06-11T20:56:44Z,39.8678154702274,-75.16530669289088,-9658.154644212365,520.4976777894111,2136.9730026700263,1336.782152889563,2.812475175677214,0.5609753833422335,3.4331426275718826,0.0009999984759473612,0.000999823363531106,0.000999939407721183,0.0010001396101011614,0.0010001224427872162,0.0010001417770736458,3.0003302893697184e-6,3.000331129058532e-6,1.231978710744955,0.06374778105918037,0.05068828160965566,0.11411044843809186,0.00016527163715927425,0.00008882334896970785,0.00035455100106564967,0.0014239999999999429,0.0014239999999999386,0.0014239999999999386,0.0010042399999999614,0.001004239999999957,0.0010042399999999605,0.5925330720342301,8.785705422405277,4.234474547814231,-0.002917670392738798,0.03534702469031248,0.1775493696900371,-1.9788897428281453,-20.47234651993732,-31.631860655181264,1013.6244506835938,-1.0083080766660253,NaN
2025-06-11T20:56:45Z,39.638305598176714,-75.09751930461915,-6123.7652312083255,432.96121996577466,2175.315091259703,1697.0104048462042,3.7141185422023675,2.1367094847485015,1.2442724743827966,0.0009999984197542463,0.0009998231384519085,0.0009999399698066946,0.001000139752985018,0.0010001228577837752,0.0010001418345212114,4.000328522863104e-6,4.000332025936812e-6,1.3183716149176308,0.13001102741148346,0.046888037098481834,0.06303537539397285,0.0001852756456319409,0.00008827928799720607,0.00036980789732514414,0.0014249999999999422,0.001424999999999938,0.0014249999999999378,0.0010042499999999613,0.0010042499999999577,0.0010042499999999613,0.36553731404599055,8.714467402058029,4.402824587747547,-0.004192137961091376,-0.05676738830526203,0.10479138237902656,0.33882726559584797,-18.46497696096247,-31.058149511163887,1013.6054462633634,-1.0263564799004674,NaN
2025-06-11T20:56:46Z,39.40281210233143,-75.01149684916322,-3244.8524015223143,401.5159008106572,2179.063092237475,1865.504107932518,2.9851327990666,3.9943263646681393,2.3353350815731346,0.0009999983957046192,0.000999823016633759,0.000999940252695688,0.0010001398310458055,0.0010001230711077073,0.0010001418722976022,5.000321918772952e-6,5.000333140214389e-6,1.3289359896366113,0.06623900311609236,0.05235975028910626,0.046243545182086364,0.0001917190481980488,0.00010074765899538627,0.00034343006339590407,0.001425999999999941,0.0014259999999999369,0.0014259999999999366,0.0010042599999999617,0.0010042599999999582,0.0010042599999999617,0.4914424018122032,8.66277818627622,4.640957608886928,0.004329775946564003,-0.03506834951605724,-0.14077636584421385,9.667379379272461,-16.85840795478042,-32.8115260844328,1013.5821838378906,-0.9561830426550282,NaN
2025-06-11T20:56:47Z,39.285019785163904,-74.94636452085744,-1013.0476894481519,378.36845954384455,2200.3356993259026,1909.633345018119,6.07308371120934,4.284571155573435,1.5718229958111927,0.000999998389444225,0.0009998229901930285,0.0009999403343322955,0.0010001398452189653,0.0010001231250703765,0.0010001418749064545,6.000304050400501e-6,6.000333591764104e-6,1.312825955006304,0.12939465874730194,0.07715800073836461,0.05351724696585152,0.00027791822524061413,0.00010640003156033389,0.0004162268893394108,0.0014269999999999416,0.0014269999999999372,0.0014269999999999372,0.0010042699999999617,0.001004269999999958,0.0010042699999999617,-0.2517522186193624,8.120883462327013,4.051542587661352,0.01728617585212008,-0.22453569123229958,0.25096429420472216,7.871738610371035,-18.933154787336075,-30.06204422152772,1013.5376281738281,-1.7314737358476526,NaN
2025-06-11T20:56:48Z,39.415823815418605,-74.96322995562981,670.4668446575756,380.8645804117804,2201.9647555141714,1871.2829660363918,1.89814789986352,4.782312847401521,4.35792638450503,0.0009999983922985881,0.000999822998824067,0.0009999402895197057,0.0010001398425992377,0.0010001231001427538,0.001000141878695055,7.000263733801485e-6,7.000331393069762e-6,1.282900583679361,0.10157099867221027,0.05215237986789873,0.0322343794731875,0.00021328808713540987,0.00010858969360902148,0.0003451669599223792,0.001427999999999942,0.0014279999999999378,0.0014279999999999376,0.001004279999999961,0.0010042799999999575,0.001004279999999961,0.1444911493131156,8.882121381386026,4.2206315946593165,0.008441624625902158,-0.02662948308376377,-0.21473169196492137,-0.3089040008187294,-22.72274351119995,-29.91879165649414,1013.4390563964844,-0.9763741235080572,37.57058431157696
2025-06-11T20:56:49Z,39.92062172470045,-75.13082136109102,1911.6498108456467,443.96534167390803,2236.86856326587,1778.3115780160529,4.838101356712776,4.529308994616819,3.8697269837359336,0.0009999983986366378,0.0009998230221688969,0.0009999401732233263,0.0010001398350848803,0.001000123035479329,0.0010001418866648218,8.000183470929704e-6,8.000322999631854e-6,1.2461600167788085,0.23365149885575026,0.07484568866026603,0.035492950708321404,0.004041240991819114,0.000014850280358557101,0.005097459838728364,0.001428999999999942,0.001428999999999938,0.001428999999999938,0.0010042899999999598,0.0010042899999999563,0.0010042899999999598,-0.658493614186915,8.782484546517548,4.057162572589058,0.011321030766921154,-0.13708019960000384,0.09344619034135006,-9.54562833844399,-18.44764456457021,-36.096313515487985,1013.4234649658204,-1.1490265648283027,41.64581905435958
2025-06-11T20:56:50Z,40.90801599262186,-75.50965422390485,2790.782774347489,488.04893816874426,2274.2013346245253,1651.275214353482,2.9149445407242887,4.965263519974281,0.7585267780605083,0.000999998401893978,0.0009998230823600315,0.0009999400259174509,0.0010001397975348354,0.0010001229286726086,0.0010001418706420612,9.000037288210163e-6,9.000303303910127e-6,1.2245204489395458,0.10306825070825563,0.09956126093714326,0.04012751874695175,0.0014344971851669342,0.000021591382246803705,0.00226349907281764,0.0014299999999999424,0.001429999999999938,0.001429999999999938,0.0010042999999999602,0.0010042999999999567,0.0010042999999999602,-0.05254866036078816,8.80469901998015,4.1195019631222936,0.0018323834881067563,0.057845599672630504,-0.13007198300761283,-9.654681400376923,-22.295873019160055,-31.147844275649714,1013.3448486328125,-1.158039594017414,39.50320225641407
2025-06-11T20:56:51Z,40.01731936027747,-75.21093276581345,3112.091800647981,249.3939727861362,1431.5548644509133,1491.1482941698684,4.609567076064568,5.180844247053364,3.290572501308091,0.0009999983877768705,0.00099982101592813,0.000999939105829759,0.001000141301493833,0.00100012420461841,0.0010001434774197747,3.718655291101432e-10,3.718653852400042e-10,1.0772693160999878,0.04266618146206149,0.03325117168068753,0.05799842494092665,0.0008970856646918636,0.0000328097930661682,0.001595090893374848,0.0014309999999999425,0.0014309999999999386,0.0014309999999999386,0.0010043099999999605,0.001004309999999957,0.0010043099999999605,0.004521629169539803,8.7639301295391,4.537683724772819,0.008737536900791602,-0.06429363585034258,0.06819648521662813,-13.219322185127103,-9.91710593870708,-19.36613024497519,1013.3556518554688,-0.4021560750320579,25.458670263048774
2025-06-11T20:56:52Z,40.02516931681254,-75.19399800953717,3572.0669331410872,231.62653567223083,1458.2917251648307,1333.4389801842951,2.5876772392330025,6.075524731352614,0.5538021507887407,0.0009999983752610243,0.0009998211423082502,0.000999938991016503,0.0010001411939711904,0.0010001240552250982,0.0010001433928901783,1.0003718661716663e-6,1.0003718670842348e-6,1.1218684071171041,0.059306474208913176,0.07549136693138218,0.04272993632475965,0.0009716708918514604,0.00004428243796416801,0.0016404641360963609,0.001431999999999942,0.0014319999999999377,0.0014319999999999374,0.00100431999999996,0.0010043199999999566,0.00100431999999996,0.29073946404001805,8.652382852247623,4.441032789089361,0.014623180967111725,0.022010347667636505,-0.02630526218137882,-19.15424380749464,-9.09534381210804,-24.55762349128723,1013.3621215820312,-0.5549599398104008,32.4450908645103
2025-06-11T20:56:53Z,40.03853149116434,-75.17980264352845,3689.749785822889,103.80297641184364,1380.307142414903,1017.3663253744634,4.927971728668574,0.24063119621527107,1.0005736769798013,0.0009999983467837575,0.000999821381301051,0.0009999389088893547,0.0010001409830397215,0.0010001238270241513,0.0010001432043580324,2.000371847998986e-6,2.0003719145020656e-6,1.2436779253805927,0.18060817641936744,0.06698938232148313,0.19177700524750357,0.0008982932726436393,0.00005165301357318483,0.0014245681135438009,0.0014329999999999408,0.0014329999999999367,0.0014329999999999367,0.001004329999999959,0.001004329999999957,0.0010043299999999587,0.017351983763333786,8.731663070712736,4.533847146278113,0.004073054134227497,-0.026120457818801818,-0.09342445799780706,-5.348429065508147,-2.2031166683882475,-39.912299156188965,1013.2899475097656,-0.3961114657253222,40.32923203784099
2025-06-11T21:01:50Z,40.032225049559884,-75.22091158702659,60.49365261752102,-8.782194391085168,-8.286532244487937,-1050.555092065678,0.33783444979625754,1.551599113721635,3.004707424307443,0.0009999979158966073,0.0009998218396599973,0.0009999385959903423,0.0010001404810982505,0.0010001243115640448,0.001000143804889136,4.95756775921819e-10,4.957567856626397e-10,3.2142819281683046,0.22075664532198877,0.2207614689652523,0.05561129454414062,0.00006802391035017782,0.00027366669767356903,0.00007125324182492078,0.0014339999999999416,0.0014339999999999373,0.0014339999999999373,0.0010043399999999578,0.001004339999999957,0.0010043399999999595,-0.07284573745857817,8.606635676665574,4.620541711762819,0.003552510667085478,-0.010279854899901705,0.023114710596161457,-37.64861842564174,-25.718761444091797,-16.302685419718426,1008.4978485107422,-0.010659369558905174,48.42154271695336
2025-06-11T21:01:51Z,40.03212375413161,-75.22104307831792,-568.8292479349357,-16.777401263237365,-13.894428401188627,-1045.5957055687616,2.910889941584699,1.1775810543309189,5.569786689067097,0.0009999979287939231,0.000999821834127076,0.0009999386099936345,0.0010001404906357261,0.001000124304857778,0.0010001438235888583,1.0004957596748142e-6,1.0004957664733128e-6,2.0015474356457315,0.22258727354442476,0.22326009465167368,0.11040423107793494,3.116869137517662,0.00021939356119082901,3.1163504759103997,0.0014349999999999404,0.0014349999999999361,0.0014349999999999361,0.0010043499999999564,0.0010043499999999564,0.0010043499999999603,-0.03064613529593779,8.612241643355706,4.4673887743284695,-0.000823679922597976,0.007555376356555246,-0.010852523099090582,-38.81589035365892,-25.50330398393714,-15.79077789057856,1008.7494995117188,-0.07683503871806514,49.05543340102247
2025-06-11T21:01:52Z,40.034372412670244,-75.21837325726024,-431.85138016095334,-202.82867232372138,453.88599184632574,987.0111523632263,0.03409244606832118,0.18704682991447952,2.5447138514154872,0.0009999980049181863,0.0009998218088895607,0.0009999384387232267,0.0010001404108949579,0.0010001243362958779,0.0010001438804166408,2.0004958152583695e-6,2.000495846455591e-6,3.5112525593036565,3.6408374272116593,7.4776537179508615,17.856005790786565,1.5288815774139906,0.00023994148373916805,1.5298078909585051,0.00143599999999994,0.0014359999999999345,0.0014359999999999347,0.001004359999999956,0.001004359999999956,0.0010043599999999594,-0.08699972316628261,8.606884013004741,4.438216637012565,-0.0007176772956960889,-0.0018736379307650996,-0.00016353000129645443,-37.949319458007814,-25.66587142944336,-16.04812364578247,1008.5113589638158,-0.18556871869949648,48.543023701677555
2025-06-11T21:01:53Z,40.038522485479824,-75.20972284625144,194.85810747209536,-228.97717583577798,1362.3273313981254,527.9850682402138,4.078081763568692,0.4372972115351551,3.4274493049288433,0.0009999980332649103,0.0009998218251590126,0.0009999384251322796,0.0010001404769143325,0.0010001243280283302,0.0010001438650485586,3.000497612830154e-6,3.0004992222387212e-6,3.712561223062629,123.134728823846,228.56719328238017,54.2145221830882,1.5236511707268772,0.004680380836312477,1.53125082938408,0.0014369999999999407,0.0014369999999999333,0.0014369999999999333,0.0010043699999999567,0.001004369999999955,0.0010043699999999585,-0.18389529589256196,8.60179673275654,4.517248909447904,-0.0070804810669393495,-0.001843811165907982,-0.05565292991178199,-36.610003280639646,-26.320279541015626,-16.65031551361084,1008.5242767333984,-0.5141424845088208,48.065347038720915
2025-06-11T21:01:54Z,40.04643751113819,-75.18512723270607,108.19289356385696,-1113.0480984245205,1987.9460183262522,-171.7411730469554,1.4235342865284721,3.9240283984969193,1.725608038601301,0.0009999980562135022,0.000999821839812046,0.000999938387247523,0.0010001404923776019,0.001000124346646328,0.001000143856679439,4.000502672779473e-6,4.000516263422575e-6,4.7146915175232635,117.32392719085695,201.4318658503721,31.349852979189308,0.9417527694363382,0.0035228321995767367,0.9805389935791188,0.00143799999999994,0.0014379999999999335,0.0014379999999999335,0.0010043799999999575,0.001004379999999954,0.0010043799999999575,-0.41254649386102643,8.566417438547118,4.638990102325082,-0.0004784813782597443,-0.0010157985309358537,0.005570801249622554,-35.747847585967094,-26.554963371970437,-17.01049668861158,1008.5320152869591,-1.065582253903271,47.66997847780218
