time,bearingAccuracy,speedAccuracy,verticalAccuracy,horizontalAccuracy,speed,bearing,altitude,longitude,latitude,qz,qy,qx,qw,roll,pitch,yaw,acc_z,acc_y,acc_x,gyro_z,gyro_y,gyro_x,mag_z,mag_y,mag_x,relativeAltitude,pressure,grav_z,grav_y,grav_x
2025-06-11 20:34:27+00:00,180.0,1.0199999809265137,35.0,64.28571319580078,2.299999952316284,300.3999938964844,23.0,-75.15340304933488,39.9817130388692,-0.7629206681251526,-0.4765598976612091,0.1052502979338168,0.4232719129323959,-0.4323392516374588,-0.9550057911872863,1.9030615401268005,4.123358519077301,8.484495687484742,2.6784293504059318,-0.1467638709815219,0.0599470597505569,0.0687406567949801,-3.3159599447250367,-30.78450332641601,-23.15974739074707,0.4375609874725342,1014.278839111328,5.133837985992432,8.005023765563966,2.380004551410675
2025-06-11 20:34:28+00:00,180.0,0.8999999761581421,27.0,39.79591751098633,1.069999933242798,163.0,39.0,-75.15356741845608,39.98167829588056,-0.7423227119445801,-0.4688757693767547,0.1555427688360214,0.4483451259136199,-0.3450984871387482,-0.9891981339454652,1.870948257446289,5.219536271095276,7.794756059646606,1.892224396765232,-0.3942512175440788,-0.0640729005634784,0.0680951525009004,-3.7946879529953,-31.87249931335449,-22.69687952041626,-0.2494305133819579,1014.3613891601562,5.018762006759643,8.188684463500977,1.8491286194324492
2025-06-11 20:34:29+00:00,180.0,0.5600000023841858,11.0,12.755102157592772,0.85999995470047,154.1999969482422,44.0,-75.15358828939497,39.981661112979054,-0.7802111101150513,-0.4470191007852554,0.2256465363502502,0.3437197968363762,0.0770335288345813,-1.0266456949710845,2.3509050941467287,4.764269819259644,8.282324781417847,0.5862591828964652,-1.4852038913965224,-0.9450901109166444,0.0451497353776357,-3.442839932441712,-32.57302341461182,-10.519083776473998,0.1220733165740966,1014.3167724609376,4.884642419815063,8.39000062942505,-0.4228947002068162
2025-06-11 20:34:30+00:00,23.0,1.0299999713897705,12.0,12.755102157592772,1.069999933242798,175.10000610351562,52.0,-75.15357026830316,39.98164024204016,-0.8587117195129395,-0.4925593966245651,0.106750449836254,0.0918876135349273,0.1858762082457542,-1.0461873865127564,3.035570330619812,4.522013238832062,8.668664885502235,-0.6905496723803819,0.051534998579882,-0.0512923288161448,0.0171664372556937,-3.831546885626657,-31.547207618246272,-1.6377877297298031,0.0248377323150634,1014.3285217285156,4.81075107350069,8.499162860945159,-0.9070477018169328
2025-06-11 20:34:31+00:00,8.899999618530273,0.8700000047683716,9.0,4.591836929321289,2.3999998569488525,185.3999938964844,53.0,-75.1535767223686,39.98162347823381,-0.856554526090622,-0.5111658728122711,0.0186788768321275,0.0572645425796508,-0.0555152217205613,-1.0697549700737,2.2211346292495726,4.406427985355258,8.764484004974365,0.0043559497594833,0.4941716406713514,0.0980990101473734,0.0347452704297086,-3.238123950958252,-31.141231231689453,-2.7408519415557384,-0.3009548187255859,1014.3675506591796,4.648060894012451,8.617114791870117,0.2654853209014982
2025-06-11 20:34:32+00:00,1.0,0.3799999952316284,8.0,4.591836929321289,2.5199999809265137,188.6999969482422,51.0,-75.1535780634731,39.98160876799375,-0.8322582899355421,-0.5055617713460735,0.0684212185442447,0.2163504549101287,-0.2141995248841304,-1.0570974910960478,2.5079292456309,4.62716888308525,8.411400718688965,1.5269365507364272,-0.2046731587499379,0.081227089439053,0.0290440767451946,-1.3317519718036055,-31.87249942779541,-8.968951816558837,-0.2458701635661877,1014.3609715511924,4.677642984390259,8.553057136535644,1.0536006206274031
2025-06-11 20:34:33+00:00,1.100000023841858,0.6000000238418579,7.0,4.081632614135742,3.220000028610229,188.8999938964844,50.0,-75.15358233824372,39.981589070521295,-0.853110865354538,-0.5111302840709686,0.0542084159702062,0.0865439008921384,0.0084943495271727,-1.079386794567108,2.9444885873794555,4.646889616250991,8.510243730545044,0.0900893233716487,0.1159847877873107,-0.0707431234931573,-0.0212437210744246,-2.9687479448318483,-29.315379371643065,-0.6473319771885871,-0.0649996042251586,1014.3392578125,4.598169326782227,8.662346305847167,-0.0298796927183866
2025-06-11 20:34:34+00:00,1.2000000476837158,0.6299999952316284,7.0,4.591836929321289,3.4099998474121094,189.0,52.0,-75.15358611010015,39.98156270943582,-0.8428285622596741,-0.5126469039916992,0.0512553171813487,0.1552419221401214,-0.1538610017299651,-1.0760734701156616,2.6853740406036377,4.892317713499069,8.3847007894516,0.3744546380266547,-0.0571105695638106,0.1128292058594524,-0.0031928867613896,-2.5756639575958253,-31.10511940002441,-6.680475912094116,-0.4753448724746704,1014.388540649414,4.5780335521698,8.644612617492676,0.7252179622650147
2025-06-11 20:34:35+00:00,4.0,0.8399999737739563,6.0,5.612245082855225,3.419999837875366,188.8999938964844,51.0,-75.15359122306108,39.981536557897925,-0.848751847743988,-0.5137480890750885,0.0544039297848939,0.1119154097139834,-0.0484493935480713,-1.0851975584030151,2.850202260017395,4.744697236418724,8.561861295700073,0.3728490329161286,-0.028956477639731,-0.1054012313531711,0.0020424351311521,-2.8482119417190552,-30.170111503601078,-3.435275936126709,-0.2568287849426269,1014.3623229980468,4.55168496131897,8.68675235748291,0.2306912721693515
2025-06-11 20:34:36+00:00,6.099999904632568,1.0499999523162842,6.0,6.122448921203613,3.559999942779541,186.5,48.0,-75.1535957492888,39.98151049017906,-0.846507933139801,-0.5129143083095551,0.0594574999809264,0.1276543644070625,-0.0644016385823487,-1.0835321021080018,2.80361319065094,4.688903369307518,8.268938207626343,0.5880638175085187,-0.1889352844468792,-0.0903575560899779,0.007816886419759,-2.937027943134308,-30.035179405212403,-5.034207916259765,-0.2547149419784545,1014.362060546875,4.560353689193725,8.677551879882813,0.3050793541967868
2025-06-11 20:34:37+00:00,5.699999809265137,0.7300000190734863,6.0,6.63265323638916,3.289999961853028,179.0,45.0,-75.15359256416559,39.98148433864117,-0.8460730851865282,-0.5204639621809417,0.0351682888964811,0.1085972230808407,-0.1171971650100221,-1.0935159641153671,2.8147584597269693,4.8723192456014015,8.41031419062147,0.23250163941845,0.193182298541069,0.0514835482742637,0.0160357122216373,-2.732067945003509,-29.935627479553222,-4.878535890579224,0.2259146928787231,1014.3042907714844,4.455321096906475,8.720925929499607,0.531057183356846
2025-06-11 20:34:38+00:00,6.800000190734863,1.0700000524520874,5.0,7.142857074737549,3.4499998092651367,172.60000610351562,41.0,-75.1535849366337,39.981456343084574,-0.8366557812690735,-0.5077428662776947,0.0611748653650283,0.1952629014849662,-0.1968095853924751,-1.0621051955223084,2.5678247880935667,4.604539160653949,8.237089281082154,1.082580192834139,-0.1630045024349409,0.0897185057127738,0.0544615341578701,-2.2352839410305023,-30.35506332397461,-9.55040382385254,-1.0796329021453857,1014.4613647460938,4.66124584197998,8.573330764770509,0.9479038590192794
2025-06-11 20:34:39+00:00,7.0,1.090000033378601,6.0,9.183673858642578,3.220000028610229,168.5,40.0,-75.15357010066509,39.98142826370895,-0.8490837824344635,-0.5123871827125549,0.0644379867613315,0.1105089469254016,-0.0077910587930818,-1.0850186467170717,2.878204984664917,5.056106586456298,8.351479778289795,0.2187297750636935,0.096462080841884,-0.0835146694164723,-0.0215338318119756,-3.640967923998833,-27.14255947113037,-3.667563939094544,-0.0911582708358764,1014.3424072265624,4.565265550613403,8.68085189819336,0.0412857766402885
2025-06-11 20:34:40+00:00,7.199999809265137,1.059999942779541,6.0,9.693877220153809,3.299999952316284,167.1999969482422,36.0,-75.15355484560132,39.98139913659543,-0.842077053785324,-0.5136563563346863,0.0539711940288543,0.1552008962631225,-0.1458549092710017,-1.0797930192947387,2.689574456214905,4.958343835473061,8.320579671859742,0.5454605013877153,0.0378356734931003,0.0555257838591932,0.003168239085935,-1.7489919638633729,-29.025507392883306,-6.079747896194458,-0.0340851068496704,1014.3355712890624,4.57225606918335,8.652889461517335,0.6737905633449555
2025-06-11 20:34:41+00:00,7.900000095367432,1.0499999523162842,6.0,10.204081535339355,3.4099998474121094,162.8000030517578,34.0,-75.15353766269982,39.98136653099209,-0.8362434780597687,-0.5073147082328796,0.062692949026823,0.1981721583008766,-0.1988634353876113,-1.062107253074646,2.559186563491821,5.162105342149735,8.399525423049926,0.5409593954496086,0.0668227958492934,0.1211944621102884,0.0151607153820805,-1.356639972925186,-29.518631324768062,-9.605059852600098,-0.1038411378860473,1014.3439331054688,4.682778511047363,8.567592029571534,0.9440610015392304
2025-06-11 20:34:42+00:00,7.0,0.75,5.0,9.693877220153809,2.75,171.8000030517578,30.0,-75.15351771377027,39.9813335062936,-0.8461883149895013,-0.5025009203190897,0.112150039450795,0.1332132201276573,0.1179423356319174,-1.0773647088630527,2.899657964706421,5.013569853469437,8.540890628216314,-0.1282878452364136,-0.3250782272219658,-0.2797842685505747,0.0318392677814699,-1.0035719807818533,-28.633887367248533,-3.038043951690197,-0.1281500577926635,1014.3468322753906,4.60787072836184,8.639673251731724,-0.5479431605222178
2025-06-11 20:34:43+00:00,7.0,0.800000011920929,5.0,8.673469543457031,2.639999866485596,180.3999938964844,26.0,-75.15350472182035,39.98130500782281,-0.8374545800685883,-0.5043511426448822,0.0541131250560283,0.2020679634809493,-0.2289817231893539,-1.0492081117630006,2.5353219747543334,5.150997760295868,8.414336552619934,0.8695965015469119,0.0758255570892966,0.2354842551171267,0.0354009774369735,-1.0601799795031548,-29.420787467956544,-11.30842378616333,-0.0110973834991455,1014.3327941894532,4.758110275268555,8.504859714508056,1.1114537000656128
2025-06-11 20:34:44+00:00,4.800000190734863,0.6600000262260437,5.0,8.673469543457031,3.240000009536743,191.3000030517578,23.0,-75.15350606292486,39.981279694475234,-0.8451971528576869,-0.5076088800149805,0.0756753244820762,0.1489796992026123,-0.0492536359850097,-1.077217193210826,2.763214251574348,5.308832692165001,8.36616377737008,0.3111420616407093,-0.0228358340542763,-0.0614272611343767,-0.0072834186803083,0.2835279928520322,-29.09407157897949,-6.5011358642578125,-0.5596333503723144,1014.3987091064452,4.642856953190822,8.6385503282734,0.2293573983159719
2025-06-11 20:34:45+00:00,6.400000095367432,0.8100000023841858,5.0,9.693877220153809,2.789999961853028,192.5,22.0,-75.15351075679064,39.98125454876572,-0.8490684413909912,-0.4989011108875275,0.0763777031004428,0.1559123775362968,-0.052749825939536,-1.057278802394867,2.747545318603516,4.986270673274994,8.314019508361817,0.4693877348303795,-0.0742111320141702,-0.0214722122997045,-0.0146304556000904,-0.2313119927793741,-29.48422748565674,-7.612555856704712,-0.6132715225219727,1014.4052124023438,4.814045839309692,8.543570976257325,0.2537758243083953
2025-06-11 20:34:46+00:00,6.699999809265137,0.7599999904632568,5.0,8.163265228271484,2.4600000381469727,191.0,21.0,-75.15351427718997,39.98123250436038,-0.8519487953186036,-0.5054952871799469,0.0542985556274652,0.1224925997853278,-0.0649778414005413,-1.0640844917297363,2.8175933599472045,5.116370091587305,8.314484949111938,-0.0546222143573686,0.3045939227193593,0.0750894590979441,0.0250564659945666,-0.3330599925294518,-29.499355392456053,-6.822727890014648,-0.9115843057632448,1014.441064453125,4.738970623016358,8.576590270996094,0.3080434984900057
2025-06-11 20:34:47+00:00,6.0,0.6800000071525574,5.0,8.163265228271484,2.859999895095825,191.8999938964844,21.0,-75.15351855196059,39.9812090350315,-0.8271878254413605,-0.503245347738266,0.0866975258290767,0.2341284933686256,-0.1904557281732558,-1.0619147324562073,2.4778933763504027,5.160739161968231,8.417036104202271,0.7401734473556281,0.0050604562088846,0.1541315556876361,0.0217143604345619,1.1980399703606963,-31.352047386169435,-11.03367977142334,-0.7200194835662842,1014.418017578125,4.693685913085938,8.565816650390625,0.9043897342681884
2025-06-11 20:34:48+00:00,4.599999904632568,0.4399999976158142,4.0,8.163265228271484,2.679999828338623,191.0,20.0,-75.15352190472186,39.98118460178375,-0.8510258400440216,-0.4960129100084305,0.0983721062541007,0.139714618474245,0.0587368548288941,-1.0595087671279908,2.8504700326919554,5.0017956089973445,8.385839586257935,0.0244552746973931,-0.151798709861788,-0.1982252250115076,-0.0104096702553386,0.5860879850387574,-32.35391139984131,-2.1491519629955294,-1.1028849124908446,1014.4640350341796,4.793515930175781,8.554059009552002,-0.2830116114020347
2025-06-11 20:34:49+00:00,3.900000095367432,0.4099999964237213,4.0,8.163265228271484,2.4600000381469727,190.8999938964844,19.0,-75.15352718532085,39.9811649043113,-0.8321379563387703,-0.5030537311937294,0.038740664866625,0.2229027461771871,-0.3109539715098399,-1.026139259338379,2.443310027029,5.0053881921020205,8.450890887017344,0.1951318414626168,0.6413838416337967,0.3989959168434143,0.0383779248117934,0.3293999917060137,-35.40195945739746,-15.366387634277345,-0.6205169276187295,1014.406031558388,4.819004488926308,8.38631643033495,1.5618193289812874
2025-06-11 20:34:50+00:00,4.800000190734863,0.550000011920929,5.0,8.673469543457031,2.629999876022339,178.5,17.0,-75.15353296883404,39.98115094844252,-0.7031533718109131,-0.4751966398954391,0.1252599102258682,0.5088496458530426,-0.5368158107995987,-0.9259697890281676,1.6168109607696532,5.392680445872247,8.423040914535523,1.2812345941364764,0.6192561831398338,0.6934016568987977,0.2108694561118004,4.660155901908874,-27.90871940612793,-34.660199279785154,-0.5723162651062013,1014.4002380371094,5.065454263687133,7.838755207061768,3.006085081100464
2025-06-11 20:34:51+00:00,5.199999809265137,0.7099999785423279,4.0,9.183673858642578,2.7699999809265137,148.0,16.0,-75.15349826775491,39.981139549054205,-0.674233877658844,-0.4438011395931244,0.2783797633647918,0.5194162631034851,-0.1851799346506595,-1.0929860544204713,1.716739172935486,4.640250173807144,8.574737691879273,0.788620113839861,-0.2148666792735457,-0.1891130840778351,0.0668201281270012,1.9998239588737488,-24.12354747772217,-32.340247268676755,-0.6214625835418701,1014.4062347412108,4.411430683135986,8.717557792663575,0.8224728834629059
2025-06-11 20:34:52+00:00,4.800000190734863,0.7300000190734863,4.0,8.673469543457031,2.379999876022339,136.5,16.0,-75.15347555279732,39.9811250064522,-0.5765238380432129,-0.413091407418251,0.3112152642011642,0.6315073764324188,-0.3366127395629882,-1.0555482006072998,1.2826328659057618,4.977281976342201,8.54656084060669,0.6022823837958277,0.3595088471472263,0.4169874638319015,0.0558588619390502,-4.89903190612793,-21.90949157714844,-39.52116714477539,-0.7020519018173218,1014.4158325195312,4.544913864135742,8.548087215423584,1.574393608570099
2025-06-11 20:34:53+00:00,5.800000190734863,0.75,4.0,9.183673858642578,2.470000028610229,118.0,15.0,-75.1534353196621,39.98111616354436,-0.5823364620623381,-0.3728910509658896,0.3622682710056719,0.6248097134673077,-0.0954273255622904,-1.0907499634701272,1.442568908567014,4.719937666602757,8.515656564546669,0.2209610663678335,-0.0275674158862481,0.0104409576548884,-0.0060731240543342,-8.566521551298058,-23.26593005138895,-38.55226442088252,-3.2137974977493284,1014.7184753417968,4.480406159939974,8.715628002000892,0.4162068347568097
2025-06-11 20:34:54+00:00,5.0,0.7699999809265137,4.0,9.693877220153809,3.129999876022339,94.9000015258789,15.0,-75.15339047648013,39.9811207735911,-0.6082308208942413,-0.3452758908271789,0.3777946186065674,0.606288241147995,0.0856558905541896,-1.072406976222992,1.624900679588318,4.671413700580597,8.47467041015625,0.4483247404545545,-0.2672778521478176,-0.2273161414265632,0.0007497588265687,-11.121275749206545,-27.28871543884277,-34.61676765441894,0.2169308662414551,1014.3053588867188,4.648790483474731,8.628031749725341,-0.4049539467692375
2025-06-11 20:34:55+00:00,4.0,0.6700000166893005,4.0,9.183673858642578,2.990000009536743,97.0999984741211,13.0,-75.15334102325141,39.98112278524786,-0.6431967759132385,-0.3821464097499847,0.3306188517808914,0.5748723888397217,-0.0282287943406845,-1.0582345843315124,1.6665399622917176,4.614403305053711,8.394419860839843,-0.3223777621053159,0.3024701793112006,0.0754810485146556,-0.0048688176708916,-8.07957184791565,-27.631535415649413,-33.19034343719483,-0.6695520162582398,1014.4119567871094,4.782087345123291,8.558798866271973,0.1474422370945103
2025-06-11 20:34:56+00:00,3.200000047683716,0.6700000166893005,4.0,9.693877220153809,3.549999952316284,100.5999984741211,12.0,-75.1532915700227,39.9811207735911,-0.5769697860175488,-0.3787113772887809,0.3308074328244901,0.6434109070721794,-0.2106122018075456,-1.040991605496874,1.3409776757745182,4.749911339843974,8.476615419574813,0.6098876722960496,0.1415330401754804,0.2351935803129964,0.0297486322958079,-9.192077432359968,-24.867334365844727,-38.083170365314096,-1.0460761070251463,1014.4572143554688,4.833903611875048,8.472475257574343,1.041519099590825
2025-06-11 20:34:57+00:00,4.5,0.5799999833106995,4.0,8.673469543457031,3.389999866485596,96.0999984741211,10.0,-75.15325100161135,39.981125174090266,-0.6398048750732256,-0.3766417905040409,0.3467105568751044,0.5729375779628754,0.0254514930895073,-1.0745897085770315,1.6961310065310935,5.4681006247798605,8.689379342397054,0.0574359022494819,-0.0198779507032172,-0.0994215412091844,0.0573564263706264,-5.953599855634901,-24.827541859944663,-34.61519504123264,-0.2755888938903809,1014.3645935058594,4.652205753326416,8.634649764166937,-0.0983249660995271
2025-06-11 20:34:58+00:00,3.0,0.3799999952316284,4.0,9.183673858642578,3.859999895095825,99.6999969482422,11.0,-75.15320523642004,39.98112655710429,-0.6148145580291748,-0.4034622544050216,0.3478549593687057,0.5815137243270874,-0.0956486751139163,-1.1213555073738095,1.5663820791244507,4.851529520153999,8.638535585403442,0.650932556912303,0.0722449800113634,0.0322575943249904,-0.0151322817962084,-3.460567284603508,-25.118554562938456,-40.88543584395428,-0.9210965156555176,1014.4422607421876,4.228673610687256,8.841308917999267,0.4233942306041717
2025-06-11 20:34:59+00:00,3.5999999046325684,0.4099999964237213,4.0,9.183673858642578,3.490000009536743,97.1999969482422,11.0,-75.15315402299166,39.981118803843856,-0.5983869433403015,-0.3969752311706543,0.35024951338768,0.6013704371452332,-0.1318346337974071,-1.1114771270751953,1.483888330459595,5.033825557827949,8.49347092628479,0.8026231961883604,0.0394907382933888,-0.0430080434074625,-0.0169676648965105,-9.407907829284667,-21.654267539978022,-44.46021522521973,-0.4473365783691406,1014.3851928710938,4.300439167022705,8.797592849731446,0.5822145760059356
2025-06-11 20:35:00+00:00,5.199999809265137,0.5099999904632568,4.0,10.204081535339355,3.369999885559082,94.8000030517578,9.0,-75.1530997082591,39.98112622182816,-0.5654627780119578,-0.3650357543180386,0.3850820853064458,0.6311554287870725,-0.0576733396204265,-1.1168794979651768,1.4250940730174382,4.797458013253553,8.493761870325828,0.6367492434207578,-0.2421732655897432,-0.0306730930864506,-0.0195737768496785,-12.21867325841164,-23.78925268990653,-39.67937874307438,-0.7214794660869398,1014.4182321648848,4.277133693297704,8.820319573084513,0.2545686012890655
2025-06-11 20:35:01+00:00,3.0999999046325684,0.4000000059604645,4.0,10.714285850524902,3.309999942779541,98.4000015258789,8.0,-75.15305042266846,39.981121947057545,-0.6158119281943963,-0.3927026056513494,0.3567004428834331,0.5824189915948984,-0.0414348893931933,-1.117999818860268,1.6006004104808884,4.493171453399926,8.281484097850566,0.1535037497476655,0.0666589196212589,-0.043409403450787,-0.0194421022571623,-9.693143825531006,-24.90922748565674,-40.17411148071289,-0.4116659641265869,1014.3809814453124,4.279895247245322,8.82441248212542,0.1891792136890699
2025-06-11 20:35:02+00:00,4.5,0.6200000047683716,4.0,12.244897842407228,3.429999828338623,96.0,9.0,-75.15301161445677,39.9811215698719,-0.5725844526777462,-0.3791379819110948,0.3728599049607102,0.6234878167814139,-0.1039697502179033,-1.1168067868874998,1.4210244879430654,4.56409962117672,8.599979934692383,0.375436263307929,-0.270954700158909,0.0566868937388062,0.0287662895582616,-10.90679982243752,-26.737419945853095,-43.63192959221042,-0.3429668188095093,1014.372589111328,4.25176105693895,8.818109921046666,0.4587011694226874
2025-06-11 20:35:03+00:00,3.400000095367432,0.4900000095367431,4.0,10.714285850524902,3.259999990463257,97.5999984741211,9.0,-75.15297766774893,39.98111989349127,-0.6275509084974017,-0.4020845585939835,0.3438211752443897,0.5710151645602012,-0.0629131312681627,-1.1134120663818048,1.6258252153591233,4.598365157234426,8.480937305761843,0.355838232293573,0.2464559321136523,0.088691756712554,0.0197459796763723,-3.02808973497274,-26.285024020136618,-46.47278680606764,-0.7181696891784668,1014.4177551269532,4.312906167945084,8.80390334615902,0.281280217758779
2025-06-11 20:35:04+00:00,3.0,0.3899999856948852,4.0,10.714285850524902,3.429999828338623,101.0999984741211,9.0,-75.15294405631721,39.98111620545387,-0.5860389196872711,-0.3923972344398498,0.3514490276575088,0.6156404447555542,-0.1586449627578258,-1.1032455992698669,1.4238141870498655,4.9674163664877415,8.632056360244752,0.9996525305509568,-0.0480754928197711,0.0584082422032952,-0.0110811745270621,-2.272859959602356,-12.597475738525391,-44.87477111816406,-0.7707509756088257,1014.4242248535156,4.361138477325439,8.758232078552247,0.7056971645355224
2025-06-11 20:35:05+00:00,4.300000190734863,0.550000011920929,4.0,9.693877220153809,2.789999961853028,102.6999969482422,9.0,-75.15292134135962,39.98112492263317,-0.6269438326358795,-0.3904989832639694,0.3542131549119949,0.5733655393123627,-0.008005930307554,-1.109991238117218,1.655124809741974,4.423360992074013,8.413299608230592,0.4297786561027169,0.1532275813200976,-0.0774476527795195,-0.0088179098488762,6.906942737345793,4.253567284467269,-36.25092969621931,-0.7147348165512085,1014.4173583984376,4.350025959014893,8.788327922821045,0.0421414254698902
2025-06-11 20:35:06+00:00,5.5,0.6800000071525574,4.0,9.693877220153809,3.069999933242798,102.8000030517578,9.0,-75.15288596972823,39.9811207735911,-0.6504190092285475,-0.4256892744451761,0.3075852822512387,0.5486980403463045,-0.1481490695538619,-1.1002807840704918,1.6492017780741055,4.8400762748718265,8.475315380096436,0.4151740254834294,0.105173029427533,0.0787092510208426,-0.0234997460344026,16.50114854853204,-1.1813233854605796,-35.36572306206886,-0.1601214885711671,1014.3506774902344,4.400820761310811,8.742799700522909,0.6451530000384973
2025-06-11 20:35:07+00:00,8.300000190734863,0.9900000095367432,4.0,19.387754440307617,2.93999981880188,103.1999969482422,8.0,-75.15284473076463,39.981116792187095,-0.6769446146731474,-0.421074383112849,0.3070541194507054,0.5197313707702014,-0.0479966539661494,-1.0957050226172622,1.802784725111358,4.433487906896819,8.425571451584497,-0.120869776699692,0.0817742160462001,0.036498272372905,-0.0013911323176023,6.019081539037276,-15.594338475441448,-34.30117081622688,-0.3086174249649048,1014.3685302734376,4.483938820508062,8.72236732560761,0.2106520852872303
2025-06-11 20:35:08+00:00,11.100000381469728,1.0,4.0,19.387754440307617,2.059999942779541,106.3000030517578,8.0,-75.15281036496162,39.98111088294536,-0.6598364453689725,-0.4297238448086907,0.3007229800317801,0.5376401169627321,-0.1436517568779926,-1.0987222895902746,1.686251862376344,5.0896708287444765,8.765008131663004,0.2424936089299473,0.1758784910720982,0.1715110878220151,0.0102594851383141,-2.036155070577349,-18.19019959897411,-37.3810483192911,-0.0837598800659179,1014.3415222167968,4.4145977169859645,8.736270586649576,0.6332221317525003
2025-06-11 20:35:09+00:00,8.399999618530273,0.5699999928474426,4.0,13.77550983428955,1.7999999523162842,118.5999984741211,8.0,-75.15277306549251,39.98110078275204,-0.6841274363299211,-0.4161605065067609,0.3161420399943987,0.5086723839243253,0.0201239727224067,-1.0997233440478642,1.875186788539092,4.874773903439443,8.57136058807373,0.1192175282631069,-0.0145871221867142,-0.1031274359521208,0.0347012998892602,-6.404267854690552,-21.523971672058103,-42.14001914978027,-0.2724182367324829,1014.3642578125,4.452024557152573,8.74088227019018,-0.0920975384473496
2025-06-11 20:35:10+00:00,7.300000190734863,0.6200000047683716,4.0,11.73469352722168,2.069999933242798,119.5,7.0,-75.15274330973625,39.981088042259216,-0.6269586925603905,-0.394490398922745,0.3215540197430824,0.589394037820855,-0.1271683817767366,-1.062333133755898,1.557851409425541,4.780141907930374,8.449462509155273,0.4894705987721681,0.1871140985393288,-0.0078184985251603,0.0184865139985495,-13.563909978282696,-20.13746892189493,-34.64999109384965,-0.3863002300262451,1014.3778381347656,4.727352988963225,8.568969531935089,0.6015050873464468
2025-06-11 20:35:11+00:00,4.400000095367432,0.5,4.0,11.22449016571045,3.139999866485596,123.3000030517578,6.0,-75.15271799638867,39.981075092218816,-0.583247516155243,-0.3655797773599624,0.3510472339391708,0.6346308279037476,-0.1114828997850417,-1.0592456674575803,1.421215190887451,4.845409350395203,8.560231771469116,0.3864510880084708,-0.1160640601301565,-0.0404676559474319,0.0069360182341188,-11.39309181213379,-22.23767147064209,-34.176591339111326,-0.2111175060272216,1014.3567810058594,4.770934820175171,8.554938735961914,0.5093735760450363
2025-06-11 20:35:12+00:00,5.0,0.5799999833106995,4.0,11.22449016571045,3.259999990463257,118.6999969482422,6.0,-75.15268270857632,39.981060423888266,-0.5951728618144989,-0.367900099158287,0.3536256390810013,0.6206885743141174,-0.0743764530122279,-1.0694629955291748,1.4848148560523986,5.237687239841539,8.802497892963643,0.271802971329616,0.0163482557799593,0.0709139591484677,0.0561801517911839,-6.171735825538636,-19.685919494628905,-33.59465129852295,-0.6526413679122924,1014.4098815917968,4.701527938842774,8.60260326385498,0.3349507597088814
2025-06-11 20:35:13+00:00,4.699999809265137,0.550000011920929,4.0,12.755102157592772,3.559999942779541,104.9000015258789,5.0,-75.15264943242073,39.98105598147959,-0.6473462045192718,-0.3820332264900207,0.3434162551164627,0.5629681968688964,0.0306635711900889,-1.0788009762763977,1.7283609914779663,5.170512025952339,8.555171022415161,0.0915258407255169,-0.0610871894750743,-0.1351094663143157,0.0013153256988152,-1.840247972011566,-26.465947494506835,-36.62683906555176,-0.0475606679916381,1014.337158203125,4.631598224639893,8.646545028686523,-0.1387738638371228
2025-06-11 20:35:14+00:00,5.800000190734863,0.8100000023841858,4.0,15.306122779846191,3.069999933242798,91.8000030517578,5.0,-75.15260953456163,39.98105606529862,-0.6163824033737183,-0.3868808847665786,0.3194929939508438,0.6066954529285431,-0.1509803244471549,-1.044754958152771,1.4996481823921204,5.244733980723789,8.129371399782142,0.4661073978344092,0.0745985023491084,0.1476318706804886,-0.0063731162896147,-12.389587764739993,-26.838291358947757,-37.79145126342773,-0.0930078029632568,1014.3425903320312,4.869984412679867,8.483736369074608,0.7360370244298663
2025-06-11 20:35:15+00:00,8.899999618530273,1.3600000143051147,4.0,25.0,3.1999998092651367,82.5,5.0,-75.15256586484611,39.98105916660279,-0.6363892877101898,-0.3599183571338653,0.3309128546714783,0.5964764761924743,-0.0156494622555328,-1.0214505410194397,1.6267679476737975,5.300575492978096,8.169822750091553,0.2983384822506922,-0.1355684483051299,-0.0791550100548192,-0.0055770597700029,-13.393607976485272,-19.28795063252352,-36.66821966365893,0.0993498086929321,1014.3194580078124,5.120502786636353,8.366237239837647,0.0760140055604279
2025-06-11 20:35:16+00:00,10.899999618530272,1.4900000095367432,4.0,27.040817260742188,3.759999990463257,69.80000305175781,4.0,-75.1525182556361,39.98106809332967,-0.644591895901427,-0.371940933319987,0.31387025908548,0.5895604260113775,-0.0642994358679469,-1.015216275137298,1.6241745437894548,5.295120618781265,8.09422338252165,0.2100041667569656,0.0734104126070936,0.0019679363955826,-0.0114981336361476,-7.21891417795298,-12.290877361686862,-41.244713530248525,0.0795326709747314,1014.3218994140624,5.1634173490563215,8.334209033421107,0.3301648439801469
2025-06-11 20:35:17+00:00,9.399999618530272,0.9900000095367432,4.0,27.5510196685791,3.4099998474121094,75.4000015258789,4.0,-75.1524698920548,39.98106893151999,-0.569574618826107,-0.3361483416995223,0.3455905883896107,0.6656758031066583,-0.1003051911081586,-1.002849474245188,1.3604878138522714,5.735566048622132,8.072459621429443,0.4414892990887165,-0.0344715434867812,0.0438918758145704,0.0049526673837859,-15.122771185271594,-9.298640591757636,-33.397125944799306,-0.2666052579879761,1014.3635559082032,5.2500313058191415,8.27000923545993,0.5198458913637667
2025-06-11 20:35:18+00:00,11.100000381469728,1.6399999856948853,4.0,23.979591369628903,3.309999942779541,74.4000015258789,3.0,-75.15242194756866,39.98107157181949,-0.5755836706535489,-0.3200485180406009,0.3608554794507868,0.6602512212360606,-0.0134180999142984,-1.006382516786164,1.4266386756709977,5.359681632004532,8.049628865485097,0.3080862266395021,-0.1406921884790062,-0.036899390797771,0.0037664471706375,-6.611154945529237,-11.877820248506508,-38.40086862992267,-0.7395722150802613,1014.4203186035156,5.2456081053789925,8.288324374778599,0.063487453475211
2025-06-11 20:35:19+00:00,10.199999809265137,0.9800000190734864,4.0,16.32653045654297,2.619999885559082,94.4000015258789,3.0,-75.15238649211824,39.98106373474002,-0.6236944258213043,-0.3433341360092163,0.3362702655792236,0.6164164435863495,-0.0070589361154998,-1.0025469183921814,1.5786803102493283,5.545038485527039,8.106165409088135,-0.0289892940595746,0.0920847686566412,-0.0562582230195402,0.0063308153301477,-3.8603239035606394,-18.79531951904297,-36.15421150207519,-0.6732511043548584,1014.4123992919922,5.277738189697265,8.267903385162354,0.0375630324566736
2025-06-11 20:35:20+00:00,4.800000190734863,0.5299999713897705,4.0,13.77550983428955,3.129999876022339,104.5999984741211,2.0,-75.15233259648085,39.98106805142015,-0.5637587710302703,-0.3502534585339682,0.3318752403161963,0.6701547734591425,-0.1764620104614568,-0.9972152028764996,1.3025528362819128,4.9541102380168685,8.485844806748993,0.7393578839849453,0.0552838267675334,0.1890558075844024,0.053744529773082,-5.865710112513328,-7.146212130176778,-46.67371337267817,-0.6032309055328369,1014.4040222167968,5.237786750404203,8.243690140393316,0.9110140982939272
2025-06-11 20:35:21+00:00,3.700000047683716,0.4199999868869781,3.0,12.244897842407228,3.2799999713897705,106.5999984741211,1.0,-75.15228431671858,39.98108833562583,-0.6021731925010682,-0.3352126413583755,0.3538805848360061,0.6322386837005616,0.0044503407066076,-1.018317859172821,1.524585666656494,4.862273517847061,8.28173822402954,0.1170929230004549,-0.0578271161185159,-0.0691939156991904,-0.0106506820825137,-14.818851680755616,-12.246359767913818,-38.93068717956543,-0.7855478286743164,1014.4258575439452,5.147012205123901,8.35110050201416,-0.0399030708055942
2025-06-11 20:35:22+00:00,3.700000047683716,0.4000000059604645,4.0,12.755102157592772,3.359999895095825,102.0,0.0,-75.15224106609821,39.98109478969127,-0.5756697399275643,-0.3529448764664786,0.332446926710557,0.6579084895095046,-0.152294351890379,-1.0045759702215389,1.3541306597845897,5.371298732757569,8.142608203887939,0.2658117564767599,0.2879952841127912,0.1873550422023981,0.002483513574892,-16.60843238052057,-14.156730359914352,-41.445889064243865,-1.368975789923417,1014.49607447574,5.196028660754768,8.281397177248586,0.7814350480936012
2025-06-11 20:35:23+00:00,4.900000095367432,0.4600000083446502,3.0,10.204081535339355,2.990000009536743,98.3000030517578,-1.0,-75.15219194814563,39.98109881300479,-0.527988257408142,-0.3165770953893661,0.3739435970783233,0.6936267685890197,-0.0846990108489989,-1.0217703127861022,1.2538973331451415,5.433833775520324,8.310437183380127,0.3692951363814063,-0.0832505388930439,0.0370292913657612,0.0622915994375943,-18.88657558441162,-16.079355754852294,-38.89506301879883,-1.04686861038208,1014.4573059082032,5.094836158752441,8.371786136627197,0.4136519804596901
2025-06-11 20:35:24+00:00,6.199999809265137,0.5299999713897705,3.0,12.244897842407228,2.919999837875366,100.1999969482422,-2.0,-75.15216328203678,39.9811017466709,-0.5613527111709118,-0.30793280651172,0.3777593864748875,0.6688153234620889,0.0231710429846619,-1.0179119060436883,1.4094200705488522,5.238930814862251,8.24821044921875,0.1606718854047358,-0.0811959423447901,-0.0271676169038389,-0.0216595932879313,-19.644738333565847,-20.580403658808493,-37.41864410711794,-1.2688196897506714,1014.4839477539062,5.147027403116226,8.34973657131195,-0.133816355606541
2025-06-11 20:35:25+00:00,5.300000190734863,0.4099999964237213,3.0,12.244897842407228,2.9099998474121094,97.0,-2.0,-75.15212967060506,39.98109537642449,-0.6268473875522613,-0.3330454725027084,0.3481429064273834,0.6122548687458038,0.0534149998798966,-1.004546046257019,1.623681471347809,5.409807317397174,8.13863681344425,-0.0924599035734347,0.0012874491263313,-0.1063480971723186,0.0193579551545256,-14.632530290253309,-24.814052659638072,-35.721848390540295,-1.2120109796524048,1014.4771423339844,5.254522609710693,8.278657283782959,-0.2879643547534942
2025-06-11 20:35:26+00:00,4.300000190734863,0.3300000131130218,3.0,10.204081535339355,2.539999961853028,98.0,-4.0,-75.1521051954478,39.98108460567892,-0.610879427442948,-0.3515400594721238,0.3315364383161067,0.6271372226377329,-0.0671799086655179,-1.0072177226344745,1.507514826953411,5.4108195012929485,8.191696984427315,0.316236176361729,0.0030160225770669,-0.0080395062360912,-0.0021027221600525,-14.528705830476722,-23.43370974793726,-37.3992240282954,-1.095486569404602,1014.463150024414,5.228763510783513,8.293068210283915,0.3465358906735976
2025-06-11 20:35:27+00:00,3.5999999046325684,0.3400000035762787,3.0,9.693877220153809,2.2699999809265137,98.3000030517578,-4.0,-75.15208147466183,39.98107069171965,-0.5578006238353496,-0.3344519807367909,0.3467358764337033,0.6753377427860182,-0.1206815879107737,-1.0010030293951229,1.3147075322209572,5.347533292770386,8.159228372573853,0.5942273939214647,0.0464151107173945,0.2384523089823066,0.0378689405390141,-17.09120374796342,-21.044501674418548,-38.67823207621672,-1.2941856384277344,1014.4871215820312,5.251361671759158,8.260882066220653,0.6321911942593905
2025-06-11 20:35:28+00:00,4.0,0.3700000047683716,3.0,9.693877220153809,2.180000066757202,101.1999969482422,-5.0,-75.15205356292427,39.98105899896473,-0.6669661974420353,-0.3564288664837273,0.3201996842209173,0.5704478256556452,0.037674220333503,-0.9986011349425024,1.746953037320351,5.532217507362366,8.292625846862792,-0.2928946650773286,0.1459480892629065,-0.1237750090277837,0.0151001308800682,-12.985923748016358,-25.700763473510744,-34.13584308624267,-1.725933074951172,1014.5388793945312,5.3029772797409365,8.247075197648028,-0.2039902667771568
2025-06-11 20:35:29+00:00,3.400000095367432,0.3300000131130218,3.0,8.673469543457031,2.169999837875366,102.9000015258789,-5.0,-75.15202975831926,39.98105300590396,-0.4551158676976743,-0.3583900436111119,0.3145394357650176,0.7485990187396174,-0.4288111316121142,-0.926899880170822,0.876915279937827,5.527895647652295,8.054532683625514,1.1859986538029448,0.6904344605864026,0.6100585560003916,0.1465848950125897,-19.49040812634407,-12.966004006406092,-46.13728413683303,-2.0897741317749023,1014.5826721191406,5.34204297264417,7.841376592715581,2.461355517307917
2025-06-11 20:35:30+00:00,4.5,0.4099999964237213,3.0,9.183673858642578,2.3399999141693115,72.5999984741211,-5.0,-75.1520089711994,39.98105598147959,-0.2251183504753924,-0.2637221914656618,0.3692118132368047,0.8615918907713382,-0.4568054473146479,-0.8569628127077793,0.2994638484843233,6.035690198553369,7.824483546804874,1.6731283150692569,0.445312924683094,0.5941419340670109,0.2745160285073021,-33.32270804695461,-2.462278215781502,-40.36555580470873,-2.026624011993408,1014.5751953125,5.718285838762919,7.451697359482448,2.8269161184628806
2025-06-11 20:35:31+00:00,5.0,0.3799999952316284,3.0,8.673469543457031,2.119999885559082,29.200000762939453,-6.0,-75.15199019573629,39.98106779996306,-0.1900943607712785,-0.1603837727258602,0.4691032860428095,0.846342321485281,-0.1792601237539201,-1.025352343916893,0.3414179535272221,5.229399452606837,8.12708181142807,1.247460146745046,-0.4111114965409648,-0.088857079395188,0.0233834422144763,-34.22541208470121,-9.137280707663678,-27.21742086207613,-1.6593478679656983,1014.5309600830078,4.929736346006393,8.417021552721659,0.9383878149092196
2025-06-11 20:35:32+00:00,4.300000190734863,0.3000000119209289,3.0,9.183673858642578,1.9799998998641968,10.300000190734863,-6.0,-75.15198726207018,39.98108447995037,-0.3478209871053696,-0.1510636803507804,0.4724131041765213,0.793035295009613,0.1695842844760045,-1.0257024323940278,0.9209248197078704,5.181972751617431,8.381693134307861,0.4721904439851642,-0.7251793298186088,-0.4735493596111025,0.0080020312404058,-28.49098314557757,-13.011922271884217,-13.237746725277026,-1.993066930770874,1014.5710693359376,4.95855710029602,8.405410289764404,-0.8286872866819612
2025-06-11 20:35:33+00:00,4.800000190734863,0.4000000059604645,3.0,7.653061389923096,2.2300000190734863,9.5,-6.0,-75.15197737142444,39.98110153712332,-0.487092769742012,-0.2383178105950355,0.425575595498085,0.7236373949050904,0.1289137377520091,-1.0112704586982728,1.2551052975654602,5.447777035236359,8.185230903625488,-0.6145272303000092,0.3866930131008848,0.012883127965033,0.0701935441605746,-30.17133140563965,-16.112295742034913,-26.39323543548584,-2.0992863178253174,1014.5838256835938,5.137957572937012,8.318659343719482,-0.606286495923996
2025-06-11 20:35:34+00:00,4.099999904632568,0.3100000023841858,3.0,7.653061389923096,2.119999885559082,17.100000381469727,-6.0,-75.15196865424514,39.9811181332916,-0.3904006724454918,-0.2410080077088608,0.4286546105024766,0.7776650567444003,-0.0777180853337809,-1.0256011948293569,0.8867075771701579,3.2735257166989,7.65150674995111,1.2381595849078528,-0.2272122816885916,-0.060804426434868,-0.0594211313208299,-30.017845273017883,-13.842424730459848,-30.49339095751445,-1.8588393211364749,1014.5549072265624,5.083942763659419,8.371122107213857,0.4771202521788298
2025-06-11 20:35:35+00:00,5.0,0.3700000047683716,3.0,7.653061389923096,1.8600000143051147,19.299999237060547,-6.0,-75.15195490792394,39.981129742227495,-0.3117881630148206,-0.2659732431781534,0.4224100593401461,0.8076907359823888,-0.3214208687446555,-1.013648950323767,0.5568499966543548,3.7636132641714446,9.264456639484484,1.468341902506595,0.3245516280271113,0.3383550530206412,0.2145262767374515,-31.56673709551493,-9.971466501553854,-32.584420124689736,-5.380990529060364,1014.9791687011718,4.935077044428612,8.302543173030932,1.698022988377785
2025-06-11 20:35:36+00:00,3.400000095367432,0.3000000119209289,3.0,6.122448921203613,2.180000066757202,12.699999809265137,-7.0,-75.15194837003946,39.981139046140015,-0.1471277230978011,-0.1729524013400077,0.4723918563127517,0.8508276534080506,-0.2990938629209995,-1.023938913345337,0.1754923421889543,4.686422313962664,8.453858998357033,1.6430865805976245,-0.3890591975301504,0.0889614966511726,0.0996822799416258,-38.53491912841797,-10.9333957862854,-24.80796745300293,-2.0200180530548097,1014.5743103027344,4.852044961890396,8.362598068860112,1.5443157681397028
2025-06-11 20:35:37+00:00,2.799999952316284,0.3000000119209289,3.0,5.612245082855225,2.25,9.5,-7.0,-75.15193655155599,39.98115580994636,-0.2485091722011566,-0.1678661608695983,0.4822847539186478,0.8224035179615021,-0.0745486482389969,-1.068327672481537,0.5432665622234345,4.363036534365485,8.773838183459114,1.0116602557839132,-0.1695639405931745,0.0174781029321709,0.0200020195298581,-35.92875017438616,-13.118236463897082,-22.644693452484752,-1.7700589656829837,1014.5443115234376,4.701396398544311,8.59067880630493,0.3840653505176306
2025-06-11 20:35:38+00:00,2.700000047683716,0.3300000131130218,3.0,6.63265323638916,2.759999990463257,8.699999809265137,-7.0,-75.15194300562143,39.98117735143751,-0.2725956488628776,-0.2006615254343772,0.4774411874158041,0.8106944463690933,-0.139152848522882,-1.0830071410354305,0.5650190759678276,3.9732106375694274,8.961672039031983,0.7446356299519539,0.1974550244328565,0.0372318027657456,0.0006808117183391,-35.088663024902345,-12.982507762908936,-23.921271591186525,-1.754998016357422,1014.54248046875,4.534752311706543,8.67165147781372,0.6482712897658348
2025-06-11 20:35:39+00:00,2.400000095367432,0.4099999964237213,3.0,5.612245082855225,4.400000095367432,8.699999809265137,-7.0,-75.1519429218024,39.9812114238739,-0.2615999042987823,-0.1644465416669845,0.4949002689123153,0.811871827840805,-0.017572841149813,-1.0970842146873474,0.6127392101287842,4.7278300833702085,8.949505009651183,0.4751023949356749,-0.147687827385962,-0.1758952112914994,-0.0033038019412197,-37.40227142333984,-13.556883640289309,-19.744967651367187,-1.9344222922074168,1014.564035516036,4.45070439338684,8.74085060119629,0.0783462900668382
2025-06-11 20:35:40+00:00,1.5,0.3000000119209289,3.0,7.142857074737549,5.239999771118164,9.300000190734863,-8.0,-75.15192783437669,39.98127659317106,-0.2307719845945636,-0.1731734843924641,0.4971592153112094,0.8181982624034086,-0.1204353544550637,-1.105249434709549,0.47548223597308,4.124227727782362,9.097377134829152,0.8289343091298123,0.004533260908662,0.0961630462849398,0.0235560985415109,-36.52480759912608,-13.61793852825554,-19.79238327182069,-1.3412179231643675,1014.4927368164062,4.3443170090516405,8.779793918132782,0.5238414816558361
2025-06-11 20:35:41+00:00,3.400000095367432,0.7099999785423279,2.0,5.612245082855225,6.079999923706055,10.100000381469728,-9.0,-75.15191769227386,39.98132868669927,-0.2402555230259895,-0.1678321129083633,0.5020831388235092,0.8135147202014923,-0.0718099634652025,-1.1142023968696595,0.5297604513168335,4.46693246871233,8.79116147994995,0.6127869546413421,-0.0470043129916302,0.1002398532466031,0.0210611940152011,-37.885635147094725,-13.90653579711914,-18.329279594421383,-2.034286451339722,1014.5760498046876,4.284273853302002,8.817259330749511,0.306428746888414
2025-06-11 20:35:42+00:00,2.200000047683716,0.449999988079071,2.0,4.591836929321289,5.929999828338623,11.699999809265137,-9.0,-75.1519053708762,39.98138375580311,-0.2502747010819766,-0.1940400722075481,0.4977303141233872,0.8073277157180163,-0.1482000579031146,-1.1217032111420924,0.5080913408678405,4.555397769626306,8.65289533868128,0.4713676227826853,0.0506164205301805,0.1020766402846978,-0.0081527806081188,-37.92471575737,-15.679033120473228,-24.338237007459004,-1.905343246459961,1014.5606384277344,4.1864796852578925,8.848534194790588,0.6220814366729892
2025-06-11 20:35:43+00:00,4.300000190734863,0.9200000166893004,2.0,5.102040767669678,5.549999713897705,8.600000381469727,-9.0,-75.1518911216408,39.98143920209259,-0.2425680972483693,-0.1784892909380854,0.5068674786966674,0.8074707717311626,-0.0992515909447505,-1.1311798168688405,0.5208060674521388,4.398757793465439,8.532522571330167,0.323763861587005,-0.1638855263008736,0.0821519777916061,0.0072430611859696,-36.068790912628174,-16.464408059914906,-25.348295370737716,-2.2702416658401487,1014.6044311523438,4.117591050206398,8.887783945823202,0.4078656362787801
2025-06-11 20:35:44+00:00,2.5,0.7599999904632568,2.0,4.591836929321289,5.319999694824219,2.299999952316284,-9.0,-75.15188626013696,39.981488403864205,-0.2462194153666496,-0.189449586868286,0.5058098131418228,0.8046478009223939,-0.1328533197194337,-1.1368333292007446,0.5090813565254212,4.581250627744286,8.78108388302373,0.1930735923495947,-0.0463338270381791,0.0981271385541185,0.0147810068726539,-34.6375072479248,-12.6030877494812,-20.673387603759764,-1.5261216163635252,1014.5150307103208,4.063655292286592,8.909851111617742,0.5432426161041447
2025-06-11 20:35:45+00:00,3.5999999046325684,1.0,2.0,4.081632614135742,5.130000114440918,10.699999809265137,-10.0,-75.15186832286417,39.98154410161078,-0.2652665206364222,-0.1654272751540553,0.5140434722511136,0.7985175872335628,0.0202861754395951,-1.1399439986871214,0.6544161177411372,5.098365733623504,8.574068784713745,0.025230399267748,-0.1780594710821323,-0.0805539188108274,-0.0059563201704841,-40.06919128417969,-13.764527778625489,-18.825819854736327,-1.9122133255004885,1014.5614013671876,4.071706295013428,8.920567893981934,-0.0937994421925395
2025-06-11 20:35:46+00:00,4.0,0.8600000143051147,2.0,4.591836929321289,4.569999694824219,17.299999237060547,-10.0,-75.15183730982244,39.98160604387522,-0.2446438551557307,-0.1853966168603118,0.5074903277718291,0.8050425320255513,-0.1192111391194012,-1.1378682365222854,0.5140285631831811,4.594720369204879,8.497452492160457,0.4366089411231936,-0.1213473451929166,0.045229007480666,0.0311061631143093,-35.824428091243824,-15.455656849608127,-23.78726067834971,-1.9626806735992437,1014.5675048828124,4.066365772364091,8.911468019290846,0.4873167209479274
2025-06-11 20:35:47+00:00,2.5999999046325684,0.8299999833106995,2.0,4.591836929321289,4.980000019073486,15.100000381469728,-11.0,-75.15180638059974,39.98166090343148,-0.2622753095626831,-0.1892246603965759,0.5076827418804168,0.7984324586391449,-0.086972471049521,-1.1429622411727904,0.578667505979538,4.420740775167942,8.330768468379974,0.3155318641383201,0.1341871031521198,-0.0394437328238079,0.0308749502243396,-35.295819396972654,-15.21974380493164,-23.755351486206056,-2.805301809310913,1014.668975830078,4.036093516349792,8.931159076690674,0.3466081561334431
2025-06-11 20:35:48+00:00,2.5999999046325684,0.9399999976158142,2.0,4.081632614135742,6.339999675750732,15.0,-11.0,-75.15178584493697,39.98173587955535,-0.2706913085033496,-0.1672639148309826,0.5124766007065773,0.7975221698482832,0.0252789128826406,-1.1384528800845146,0.670555637528499,5.73552239306119,8.048162466409256,-0.1009198724463277,-0.0592097302789476,-0.0621251828626406,-0.0037508675429437,-34.75208866849859,-14.497493358368567,-19.769710419025827,-2.22585129737854,1014.5992431640624,4.09747167343789,8.91204750791509,-0.1067205109011797
2025-06-11 20:35:49+00:00,0.699999988079071,0.270000010728836,2.0,3.061224460601806,7.889999866485596,10.600000381469728,-11.0,-75.15177000313997,39.98183637857437,-0.2678870875784691,-0.1922337733050609,0.5014900793420508,0.7998137423332702,-0.0914324607620847,-1.1316857870588912,0.5882950463193528,5.417913793325424,8.239839615821838,0.2735151010751724,0.124214389490241,-0.0024208394176465,-0.0049394775588223,-36.56644940376282,-11.456816414992014,-21.732012073198955,-2.3199162006378176,1014.6105346679688,4.139639192697953,8.884296689714704,0.3740357139280864
2025-06-11 20:35:50+00:00,0.6000000238418579,0.2000000029802322,2.0,2.551020383834839,7.440000057220459,9.699999809265137,-11.0,-75.15175214968622,39.981913533993065,-0.2631774222850799,-0.1775088021159171,0.5021992772817612,0.804342838525772,-0.0490558743663131,-1.1227421808242797,0.6015630447864533,5.363074409718416,8.252049786703926,0.4354958178437486,-0.0524404278554839,-0.0088612365688444,0.0063067322254789,-38.46610151018415,-14.539163063983528,-20.459399515268757,-3.0156270265579224,1014.694091796875,4.235495875279109,8.845481514930725,0.2031803608794385
2025-06-11 20:35:51+00:00,0.5,0.209999993443489,2.0,2.551020383834839,7.109999656677246,10.399999618530272,-11.0,-75.1517359726131,39.98198247514665,-0.2744745308160781,-0.1821130180358886,0.4916141712665557,0.8060812270641327,-0.0523525985702871,-1.1028758955001832,0.6242803037166595,5.602303259372711,8.058432502746582,0.2240239593482692,0.0686497277161106,0.0025233996472161,-0.0064903599023818,-37.61284793153101,-15.366771153041295,-21.536734289052536,-3.0077001094818114,1014.6930847167968,4.412703676223755,8.75759828567505,0.2317178914695978
2025-06-11 20:35:52+00:00,0.8999999761581421,0.2599999904632568,2.0,3.061224460601806,6.150000095367432,11.399999618530272,-11.0,-75.15171979553998,39.98204751871526,-0.2703499067574739,-0.1841161648432413,0.4754232044021289,0.8166786109407743,-0.0905840727500617,-1.0676796014110248,0.5858374126255512,5.910795343683121,7.933734924235242,0.2335763424436779,0.0555010074939654,0.007655698032717,0.0007687987170505,-37.5643184743029,-14.91748481101178,-22.592841980305124,-3.250260782241821,1014.7222290039062,4.707503030697505,8.595780551433563,0.4279592440774043
2025-06-11 20:35:53+00:00,0.8999999761581421,0.2199999988079071,2.0,2.551020383834839,5.009999752044678,8.800000190734863,-11.0,-75.15170697122812,39.98210057616234,-0.2492653399705886,-0.1656087216734885,0.4728908580541611,0.8287102329730988,-0.0776952066645025,-1.047731990814209,0.5394263184070587,5.7517901829310825,8.022472157770274,0.4455429185942119,-0.0894351331517099,0.0408560256753116,0.0034876608103513,-36.31842346191407,-14.735159721374512,-22.85840763092041,-2.65125732421875,1014.6502075195312,4.881965961456299,8.49938793182373,0.3787410971522331
2025-06-11 20:35:54+00:00,1.2000000476837158,0.209999993443489,2.0,2.551020383834839,4.279999732971191,8.699999809265137,-11.0,-75.1516958232969,39.98214508406818,-0.2844770946064773,-0.1718686080100584,0.4643136816365378,0.8209139607390579,-0.0351627271857625,-1.0354128613763929,0.6472052372231776,5.533398667160346,8.061492394427864,0.1137505387697292,0.092750452691689,-0.0079973438951128,-0.0048657158986315,-35.55702357389489,-13.092093565026108,-25.097640407328704,-2.6488791942596435,1014.64990234375,5.000219452137849,8.43732397896903,0.1750242482937339
2025-06-11 20:35:55+00:00,1.399999976158142,0.2199999988079071,1.0,2.040816307067871,3.5299999713897705,9.800000190734863,-11.0,-75.15168165788054,39.98218150343746,-0.2702951574325561,-0.1684749978780746,0.4599517184495926,0.8288497817516327,-0.0588353915512561,-1.0227520942687989,0.5974442303180695,5.608637471199035,8.089636421203613,0.2869540520850569,-0.0040984932440515,0.0064084878591957,-0.0200441176592207,-35.24287162780762,-10.984391784667968,-20.471599578857425,-3.027489511590255,1014.6954056589228,5.103262186050415,8.372602634429931,0.2982609277963638
2025-06-11 20:35:56+00:00,1.600000023841858,0.2399999946355819,1.0,2.040816307067871,2.9600000381469727,8.600000381469727,-11.0,-75.15167746692896,39.982210672460496,-0.2732098424434661,-0.164056367278099,0.4570193809270859,0.8303960716724396,-0.0430172618478536,-1.0134538888931277,0.6118271636962891,5.492304577546961,8.084537001217113,0.2284819565110784,-0.016631588297896,-0.0216117719141766,-0.0027249118406325,-36.58487106323242,-12.126311759948733,-22.66052349090576,-3.2439194202423094,1014.7214660644532,5.185450420379639,8.324469184875488,0.222094557583332
2025-06-11 20:35:57+00:00,1.7000000476837158,0.2000000029802322,2.0,2.551020383834839,2.3399999141693115,7.800000190734863,-12.0,-75.15167570672929,39.98223355505616,-0.2739300787448883,-0.1618622511625289,0.4526027762889862,0.8330014443397522,-0.0403534772992133,-1.0023078501224518,0.6132933151721954,5.640910197277458,7.94361923178848,0.2942440285138329,-0.0407116129017416,-0.0163609921400362,-0.0042875641722953,-37.23000709533692,-12.933463821411133,-23.0860595703125,-3.3895087242126465,1014.739013671875,5.278802404403686,8.265764064788819,0.2124692595005035
2025-06-11 20:35:58+00:00,3.5,0.25,2.0,3.061224460601806,1.4399999380111694,9.399999618530272,-12.0,-75.15167419798672,39.98224906157702,-0.3161576855182648,-0.1759931579232215,0.4461195540428161,0.8185354816913605,-0.0112305628795001,-1.0002764916419984,0.7310148787498474,5.055895576477051,8.426237268447876,-0.1236156294122338,0.0619090226744966,-0.0376021381905919,0.024073049717117,-37.38104816358916,-13.715787537243902,-23.644844444430603,-3.2550168514251707,1014.7228393554688,5.298887014389038,8.255006828308105,0.0594587123514793
2025-06-11 20:35:59+00:00,3.0,0.2199999988079071,2.0,3.061224460601806,1.709999918937683,12.300000190734863,-11.0,-75.15166908502579,39.98226209543645,-0.2785223269462585,-0.1840382978320121,0.4627192509174347,0.8211526274681091,-0.0882993461936711,-1.0399896597862244,0.6033187508583069,3.341006722450256,9.410566940307618,0.1347770952619612,0.1281101629324257,0.0066542345285415,-0.0021170444448944,-37.92780724350287,-14.147517963331572,-22.806779121866036,-2.61902174949646,1014.6463928222656,4.944236059188842,8.45998321533203,0.4362007421255112
2025-06-11 20:36:00+00:00,1.600000023841858,0.25,2.0,3.061224460601806,3.809999942779541,7.300000190734863,-11.0,-75.15166455879807,39.98228527139872,-0.2327651569247245,-0.1601256358623504,0.4823394900560379,0.8290031123161316,-0.0842232384858652,-1.063768849372864,0.4979738366603851,4.006441556677526,8.917706577145324,0.8017750881536274,-0.1819897088959502,0.0589669672578262,-0.0021431496182534,-38.17479503398039,-15.753187432581065,-18.425485338483536,-3.2452406883239746,1014.7216186523438,4.738594675064087,8.576508655548096,0.4004100810922682
2025-06-11 20:36:01+00:00,1.2000000476837158,0.2300000041723251,2.0,3.061224460601806,4.819999694824219,8.399999618530273,-11.0,-75.15165852382779,39.98232558835298,-0.3188383722305297,-0.1729973331093788,0.4818875128030777,0.7974920570850372,0.0658133749326225,-1.0737765264511108,0.7998404896259308,4.5916224646568295,8.614315204620361,-0.1809881849912926,0.0580973167255121,-0.1669173296350909,0.0041593976487519,-35.66856625615334,-15.805473133009308,-17.75622813555659,-4.119040536880493,1014.826690673828,4.662392242282045,8.623472868227491,-0.3108251978638673
2025-06-11 20:36:02+00:00,1.2999999523162842,0.2800000011920929,2.0,3.061224460601806,4.859999656677246,13.100000381469728,-11.0,-75.15164234675467,39.982366408221424,-0.2727414990464846,-0.1864626885702212,0.4770584820459286,0.8143500896791617,-0.0909649981961895,-1.0731076126297314,0.592311023424069,4.808665572380533,8.748109165503054,0.3788442422008636,-0.0824608101975172,-0.0194064621813595,0.0277703860779001,-36.13436579704285,-13.968237141768135,-19.493312120437626,-3.0978018283843998,1014.703857421875,4.661328891913096,8.620422124862671,0.4251157784213622
2025-06-11 20:36:03+00:00,1.100000023841858,0.2199999988079071,2.0,3.061224460601806,4.849999904632568,10.0,-11.0,-75.15163321048021,39.9824141850695,-0.2735507558373843,-0.1827319635480057,0.4788832080130483,0.813849102048313,-0.0744738534969441,-1.074903315188838,0.6041271347625583,4.236308091849673,9.02978305723153,0.6748567956189314,-0.0368197848624549,-0.0738813852507155,0.0097308757365681,-34.40773399508729,-11.462522156384528,-18.62915070202886,-2.979427862167358,1014.6896667480468,4.653542537315219,8.628636734158386,0.345890006013945
2025-06-11 20:36:04+00:00,1.0,0.270000010728836,2.0,3.061224460601806,5.670000076293945,9.800000190734863,-11.0,-75.15162105672061,39.982456429861486,-0.2517026863536056,-0.1892169735261371,0.4911131834497257,0.812154021798348,-0.1342198795505932,-1.103991267632465,0.5182461252017897,4.503473976254464,9.02472777366638,0.6588094897475094,0.0158341992646455,0.0305515883862972,0.0594770895200781,-35.71037544250488,-14.365255718231202,-18.6877156829834,-3.7800368309021,1014.7859497070312,4.373011744752223,8.760947052313357,0.5866919245038714
2025-06-11 20:36:05+00:00,1.2000000476837158,0.3000000119209289,2.0,3.061224460601806,6.199999809265137,9.699999809265137,-10.0,-75.1516202185303,39.98251527082175,-0.2605267045449237,-0.1724721272380984,0.4911442861265065,0.8130063925470624,-0.0526043433429938,-1.0941000082054917,0.5885093467576163,4.540740955849083,8.24639715953749,0.3125166161632051,0.0263865818744715,0.0094702929419902,-0.0545201260235388,-36.84225642924406,-13.754130382927096,-20.65111393831214,-3.6299557209014894,1014.7679443359376,4.490728855133057,8.716533154857402,0.2369254772000166
2025-06-11 20:36:06+00:00,1.100000023841858,0.3100000023841858,2.0,2.551020383834839,6.829999923706055,8.199999809265137,-10.0,-75.1516078133136,39.982575620524585,-0.2755148714902449,-0.1838835024712036,0.5005376983662041,0.79971744576279,-0.0417816422782287,-1.1239361714343636,0.6374697210837383,4.658582073085162,8.87955051052327,0.21114782861681,0.1382647973665853,-0.0101656790594665,-0.005975353094388,-34.68968288103739,-14.276033083597818,-20.451774676640827,-3.221070741352282,1014.71873072574,4.228080039121667,8.84716898081254,0.1774866931349495
2025-06-11 20:36:07+00:00,0.800000011920929,0.2399999946355819,2.0,3.061224460601806,7.019999980926514,10.300000190734863,-10.0,-75.15160077251494,39.982638359069824,-0.260710181047519,-0.2004499329874912,0.4914121435334285,0.8062216602265835,-0.1514694662764668,-1.1125258008639018,0.5314454597731432,4.5636757624646025,8.529661476612091,0.2681911184384565,0.1528681907337158,0.051743349507451,-0.0014502216497203,-36.75710545753946,-11.931599753243583,-22.92379955369599,-3.9541625022888174,1014.806918334961,4.281827559073766,8.798419038454691,0.6543752802535892
2025-06-11 20:36:08+00:00,1.0,0.3100000023841858,2.0,3.5714285373687744,7.37999963760376,8.199999809265137,-9.0,-75.15158618800342,39.98270398937166,-0.2582598882062094,-0.1768913001430277,0.4993733946157961,0.8078499995932287,-0.0634382103322719,-1.115694106841574,0.5792505047759231,4.765091978165568,8.710553159519117,0.4015387744091603,-0.0153712139735758,0.0382016784587532,0.0091351762423481,-36.0305828950843,-14.27897935984086,-18.103305855575872,-4.212048673629761,1014.8378540039064,4.302065070794553,8.81205313546317,0.271969412662545
2025-06-11 20:36:09+00:00,1.0,0.2599999904632568,2.0,3.5714285373687744,7.389999866485596,9.800000190734863,-9.0,-75.15157520771027,39.98277075123042,-0.2704323250055312,-0.1810232427716255,0.4958540946245193,0.8051073360443115,-0.0525542572885751,-1.1114569449424745,0.6154747450351715,4.655722730755806,8.575050392150878,0.0962708508409559,0.0459621644706702,0.0258778822380026,-0.0100442639177701,-32.957079315185545,-13.864811668395996,-16.15670358657837,-3.291216230392456,1014.7271057128906,4.341705751419068,8.793695240020751,0.2318343919515609
2025-06-11 20:36:10+00:00,1.0,0.2599999904632568,2.0,4.591836929321289,7.46999979019165,10.100000381469728,-8.0,-75.15156640671194,39.982837974093854,-0.2599650752544403,-0.1899940022826194,0.4923431748151779,0.8086374461650848,-0.1152228796482085,-1.108523371219635,0.5507445132732391,4.910242837667465,8.542529649734497,0.135116772763431,0.0053625576122916,0.0219540100176042,-0.0005669266247423,-35.91400361061096,-14.620683014392853,-22.11173701286316,-3.432841968536377,1014.7442321777344,4.361804895401001,8.771665172576904,0.5142492347955704
2025-06-11 20:36:11+00:00,1.100000023841858,0.3000000119209289,2.0,4.081632614135742,7.599999904632568,9.100000381469728,-8.0,-75.15155165456235,39.98290678951889,-0.2450994021715001,-0.173792671650014,0.4974759645918582,0.8136262830267561,-0.0873629638647779,-1.107288568577868,0.5311291084644643,4.627857547481449,8.475364071982247,0.5678609725163908,-0.1989186581756387,0.032914233327444,0.0008381335777515,-36.6142323811849,-15.636841317017874,-20.487357934316,-3.3408906936645506,1014.733154296875,4.353021909793218,8.776765982309977,0.4103700632598095
2025-06-11 20:36:12+00:00,1.0,0.3100000023841858,2.0,4.591836929321289,7.559999942779541,8.899999618530273,-8.0,-75.15153916552663,39.98297547921538,-0.2598752063512802,-0.1773697978258132,0.4956175619363784,0.8095258510112763,-0.0661872016638517,-1.1075944542884826,0.5803418481349945,4.756093640625477,8.732213277816772,0.2782466349098831,-0.0267774395036453,-0.0324941473841971,0.0266669798994018,-35.87397493634905,-12.58766104250538,-23.531807646459463,-3.6473945140838624,1014.7700042724608,4.371419658660889,8.776431522369386,0.3092820832133293
2025-06-11 20:36:13+00:00,1.100000023841858,0.3300000131130218,2.0,4.591836929321289,7.62999963760376,9.100000381469728,-7.0,-75.1515213958919,39.98304458800703,-0.2635332145253006,-0.1697812460514963,0.4968131884020202,0.8092367113852987,-0.0288573438301682,-1.1052372042013674,0.611836378671685,4.842482106418026,8.574895956078354,0.1941379969749523,-0.0325835345179906,-0.0440652127406198,0.0191618472762995,-36.17909908294678,-14.430820524692535,-19.88269555568695,-3.58715090751648,1014.7627868652344,4.381314501470449,8.77574042884671,0.1445774787998928
2025-06-11 20:36:14+00:00,0.8999999761581421,0.3400000035762787,2.0,3.5714285373687744,7.460000038146973,9.100000381469728,-8.0,-75.15150614082813,39.98311646282673,-0.2733961331601045,-0.1803811134732499,0.4883245089832617,0.8088020816141245,-0.0537693776755726,-1.0940357470998958,0.6192795038223267,5.104074373245239,8.362575407028197,0.2148511723615229,0.0916321642354738,-0.0012143751729888,-0.0176524595082476,-34.48193001260563,-11.031040639293437,-18.03209756345165,-3.125809907913208,1014.7073211669922,4.459389345986502,8.732805933271136,0.2498209686588723
2025-06-11 20:36:15+00:00,1.399999976158142,0.4099999964237213,2.0,3.5714285373687744,7.239999771118164,10.300000190734863,-7.0,-75.15149289742112,39.98318108730018,-0.2771669655453925,-0.1950003504753112,0.4815543732222389,0.8080478041779762,-0.1042020068887401,-1.0888147120382272,0.5977454448447508,4.880752272605896,8.505423984527589,0.3118672137381509,0.2120538331112083,-0.0068848605293837,0.0142312717858027,-35.79305648803711,-13.633624154694228,-21.654999674582967,-3.120261001586914,1014.7066345214844,4.4764970517626,8.710688179614497,0.4762613364294463
2025-06-11 20:36:16+00:00,1.100000023841858,0.3799999952316284,2.0,4.591836929321289,7.149999618530273,10.399999618530272,-7.0,-75.15148233622313,39.98324487358332,-0.2648038078438152,-0.1861749565736813,0.4838017611341043,0.8130761181766336,-0.1002121276476166,-1.0871602351015264,0.569110088727691,5.213587019509739,8.521334637535944,0.2724734557378623,0.0695561197986218,0.0166778001357274,0.0146985187868425,-34.255430433485245,-14.956657473246256,-24.294266255696616,-3.4243867874145506,1014.7431793212892,4.504010067429653,8.701935901198276,0.4616775692895401
2025-06-11 20:36:17+00:00,1.899999976158142,0.5099999904632568,2.0,4.081632614135742,6.899999618530273,9.399999618530272,-7.0,-75.1514751277864,39.98330484610051,-0.2688851362715164,-0.1809291361520687,0.4832376471410195,0.8132794586320718,-0.0733973543780545,-1.0828902547558148,0.5944930948317051,5.005449657173206,8.350221147139868,0.4451656388619085,0.0493736235851732,0.0347768228948552,-0.0196047685612938,-37.66343235969544,-14.400066395600636,-23.61818289756775,-3.4057517302663705,1014.7409475226152,4.554067055384318,8.681825617949167,0.3436152472471197
2025-06-11 20:36:18+00:00,2.799999952316284,0.6800000071525574,2.0,4.591836929321289,7.739999771118164,5.599999904632568,-7.0,-75.15146691352129,39.9833703506738,-0.2714809864759445,-0.1805770215392112,0.4808469641208648,0.8139008402824401,-0.0693575254082679,-1.0775025153160096,0.6024703264236451,4.679238273650408,8.423177165985107,0.2142137183621525,0.0310994324487789,0.0175330922744857,0.0144611405348768,-37.723146010418326,-15.839832325370944,-21.58877111940968,-3.437862300872802,1014.7447814941406,4.605033369064331,8.655477809906007,0.3271322110295295
2025-06-11 20:36:19+00:00,5.599999904632568,1.649999976158142,3.0,11.73469352722168,5.920000076293945,9.100000381469728,-7.0,-75.15145232900977,39.98343015555293,-0.280563074350357,-0.1678879061341285,0.4842377018928527,0.8115003752708435,-0.0015952400799142,-1.0761151385307313,0.6647930145263672,4.78536332626732,8.40144918402847,0.1744560711655993,-0.0932506509412558,-0.0511108340828546,0.0053027394626821,-36.22628099091199,-15.625460994486906,-20.881419824094188,-3.4172526836395263,1014.7423034667968,4.631943387985229,8.64699504852295,0.0112214739527553
2025-06-11 20:36:20+00:00,4.900000095367432,1.2100000381469729,3.0,6.63265323638916,5.949999809265137,3.299999952316284,-9.0,-75.15145702287555,39.98348308727145,-0.2816007964465082,-0.1911324326481137,0.4724798512702085,0.8129649928637913,-0.0926591436169585,-1.0672414667752324,0.6121528574398586,5.351096160411835,7.837179851531983,0.1861431961879134,0.0355543155381653,0.0116471032911733,-0.0061002895322707,-34.04994519551595,-14.406674722830454,-23.009453852971397,-3.49070782661438,1014.7511535644531,4.692206489796541,8.603659376806142,0.4402093212215268
2025-06-11 20:36:21+00:00,5.400000095367432,1.2000000476837158,3.0,7.653061389923096,5.119999885559082,3.5,-9.0,-75.15144956298172,39.983524745330215,-0.2680357980728149,-0.1651198890805244,0.4663012474775314,0.8265467274188996,-0.0451507403748109,-1.033595998287201,0.6014202022552491,5.683601384162903,7.978026237487793,0.4933372312784195,-0.2017120967805385,0.0103923696221318,-0.0036322165670571,-37.04700736999512,-12.250507736206057,-20.00555957794189,-3.265321731567383,1014.7240356445312,4.988482360839844,8.439417343139649,0.2293490605987608
2025-06-11 20:36:22+00:00,4.5,0.6499999761581421,3.0,6.122448921203613,4.630000114440918,4.199999809265137,-10.0,-75.15144545584917,39.98356296680868,-0.3166220668627291,-0.1821493631114764,0.4503037528115876,0.8146642458682157,-0.0218359080264439,-1.01397206345383,0.729321433573353,6.288252515792847,7.681365251541138,-0.0670885266270488,0.1279584074283626,-0.0393936228237533,0.0060416286317061,-35.74599917729696,-14.48699140548706,-24.5329286257426,-3.5160736083984374,1014.7542419433594,5.162609987258911,8.338668518066406,0.1150745594454929
2025-06-11 20:36:23+00:00,6.099999904632568,0.550000011920929,3.0,6.122448921203613,2.559999942779541,6.800000190734863,-9.0,-75.1514386665076,39.98358995653689,-0.2362375627366863,-0.1758719716145067,0.44215775630912,0.8470600332532611,-0.1611230914690056,-0.9832239661897932,0.4576370825572889,5.982190881456647,7.777089333047672,0.3232294414097405,0.2189974897370046,0.2344037105842512,0.0121821615113211,-36.986332654953,-12.19694972038269,-25.50638695557912,-3.323716068267822,1014.7310485839844,5.350981790192273,8.175962214567223,0.8655329407477865
2025-06-11 20:36:24+00:00,7.199999809265137,0.4399999976158142,4.0,7.653061389923096,1.4199999570846558,13.800000190734863,-9.0,-75.1514315418899,39.98360307421535,-0.2425147891044616,-0.1429421241794313,0.4477459611941357,0.8486380054026234,-0.0455249493219414,-0.9779276884331995,0.5324864594303832,5.692524290084839,7.9808304977416995,0.2559296862035989,0.0304813083261251,0.0613776330114342,1.0991474264302054e-05,-38.71694351196289,-13.053511714935302,-20.1541556930542,-3.18552508354187,1014.7144927978516,5.460033008030483,8.146975108555385,0.2234464214772593
2025-06-11 20:36:25+00:00,11.5,0.7400000095367432,3.0,7.142857074737549,0.3299999833106994,17.200000762939453,-9.0,-75.15141586773098,39.98361024074256,-0.2862537168726629,-0.1596257774805535,0.4394781449619604,0.8358121562977227,-0.0271153867681871,-0.972096524676498,0.6455734913446465,5.516816835403443,8.0911807346344,0.1017161624133587,0.3208167447271395,0.1801949108817747,0.0137805964067763,-38.05304414398816,-14.357905893909688,-20.80299132210868,-3.430199766159057,1014.7438354492188,5.511756782531738,8.109943389892578,0.1347085804585367
2025-06-11 20:36:26+00:00,8.699999809265137,0.949999988079071,4.0,8.673469543457031,2.359999895095825,95.0,-8.0,-75.15140094794333,39.98360487632453,-0.0114728118036873,-0.1430509969592094,0.4235502630472183,0.8941310453414917,-0.3886610454320907,-0.8647394025325775,-0.1552796674286946,5.6205036830902095,7.58334059715271,2.861891044378281,0.3621424912661314,0.3769574693962931,0.0938384254975243,-38.96509101867676,-12.482551727294922,-17.84859981536865,-3.139285373687744,1014.7089233398438,5.846885023117065,7.508740844726563,2.374641740322113
2025-06-11 20:36:27+00:00,10.699999809265137,0.5099999904632568,3.0,7.142857074737549,0.8199999928474426,110.1999969482422,-7.0,-75.15138695016503,39.98359917663038,-0.3905274296800295,-0.1952422587200999,0.4374910605450471,0.7847004147867361,0.0647069742941918,-0.9961556730171044,0.9585961289703846,4.312945166412665,8.751500421640824,-0.1828144075615065,-0.6550837773829699,-0.4945574806382258,-0.0056838389294474,-36.50341590245565,-14.964570502440134,-17.82953715324402,-3.052883052825928,1014.6984558105468,5.289315114418666,8.242232501506805,-0.4129595054740396
2025-06-11 20:36:28+00:00,9.199999809265137,0.6499999761581421,3.0,7.142857074737549,1.7300000190734863,58.400001525878906,-7.0,-75.15138778835535,39.98361262958497,-0.4396702184969065,-0.2245090813661107,0.4353674254855331,0.750734628463278,0.0824386849565839,-1.017051222373028,1.1035538984804738,3.801284503936768,8.99590612411499,-1.1671134686935694,0.5577746207958886,0.2019217976283434,0.0682765911974734,-32.51543979644775,-16.617375659942628,-24.2889794921875,-3.2043826956497994,1014.7167454769736,5.061841079166958,8.359131462719976,-0.5561486927374285
2025-06-11 20:36:29+00:00,3.700000047683716,0.4099999964237213,3.0,6.63265323638916,2.919999837875366,5.599999904632568,-8.0,-75.15138946473598,39.98363563790917,-0.3217145825425783,-0.2158662993460893,0.4542702026665211,0.8021354166169962,-0.1088854956130186,-1.0506445566813152,0.6997153299550215,3.6949686780571938,9.100229700406391,0.5285028814493368,-0.0462230893020379,0.0415380284923346,-0.0107428317139063,-40.18197031815847,-7.437933176755905,-27.937999486923218,-3.5797523498535155,1014.7618713378906,4.754855265220006,8.571892360846201,0.3829109209279219
2025-06-11 20:36:30+00:00,2.900000095367432,0.4099999964237213,3.0,6.63265323638916,3.819999933242798,4.800000190734863,-7.0,-75.15138770453632,39.98366493266076,-0.2953167191396157,-0.2016966454684734,0.4581781961023807,0.8135070155064265,-0.1146600265055894,-1.0444727689027786,0.6304817236959934,5.166239897410075,8.49526983499527,0.2583197091783707,0.1928352225495844,0.1285644065854804,0.014832171220071,-37.933611710866295,-13.092378894488016,-20.44364122549693,-3.6201791763305664,1014.7667541503906,4.805813401937485,8.539818863073984,0.4250398686466117
2025-06-11 20:36:31+00:00,3.5,0.4699999988079071,3.0,6.122448921203613,3.289999961853028,7.300000190734863,-7.0,-75.15138200484216,39.98369242530316,-0.3296228647232055,-0.1881704849004745,0.464375724196434,0.7999930667877198,0.0104300949119715,-1.0493621230125427,0.7878033792972565,5.261434831619263,8.278304023742676,0.2029145822953433,-0.1777154507535491,-0.1519887598742748,0.0121795558188037,-39.186897355682994,-13.079644592440856,-19.33948952811105,-3.9742438316345217,1014.809326171875,4.819998819000867,8.541506358555385,-0.159655468168963
2025-06-11 20:36:32+00:00,4.0,0.4000000059604645,3.0,5.102040767669678,2.919999837875366,10.899999618530272,-7.0,-75.15136683359742,39.98372356407344,-0.2827768702896273,-0.188772046140262,0.4636387727698501,0.8181706277691588,-0.093337200277922,-1.0460335746103404,0.611686779528248,4.985637699365616,8.20631489276886,0.3391087424941361,0.0292345417450026,-0.0180198717668342,0.0097855573815953,-37.51275852748326,-12.31851408432941,-15.712105828888562,-3.963674688339233,1014.80810546875,4.843649959564209,8.522910022735596,0.3638036352396011
2025-06-11 20:36:33+00:00,4.900000095367432,0.5600000023841858,3.0,5.102040767669678,2.879999876022339,5.699999809265137,-8.0,-75.1513591222465,39.9837519787252,-0.2616595520327488,-0.1705753946055968,0.4702226941784223,0.8252626446386179,-0.070814776001498,-1.0459163337945938,0.5732470427950224,5.439862939567134,8.443162966747673,0.2155178470575079,0.0990609666283064,-0.0120917965677824,-0.0072022822705355,-38.04781559535435,-14.703489556604502,-14.370354847032196,-3.503376910561009,1014.7526245117188,4.829203265053885,8.533481656288615,0.2481313919534488
2025-06-11 20:36:34+00:00,7.099999904632568,1.0299999713897705,3.0,5.102040767669678,2.809999942779541,7.599999904632568,-8.0,-75.15135174617171,39.983771215192974,-0.3093199104070663,-0.1542027994990348,0.4795695453882217,0.8055565404891968,0.0976101204007863,-1.052930760383606,0.7899434614181519,4.666085154414177,8.480783128738404,0.0023642705380916,-0.2777478309720754,-0.3450589138269424,0.0237944333790801,-38.13549125671387,-15.224135665893554,-14.260823593139648,-3.037293672561645,1014.6966247558594,4.769464340209961,8.550890769958496,-0.5679695671796798
2025-06-11 20:36:35+00:00,3.700000047683716,0.4300000071525574,3.0,5.612245082855225,3.109999895095825,19.5,-9.0,-75.1513382513076,39.983794558793306,-0.2440484999393929,-0.1879022951636995,0.475297311130835,0.8240802750295523,-0.1612293369003704,-1.06569677712966,0.4806377431567834,3.968575636951291,8.78415202607914,0.7864067007464414,0.0616021283576264,0.0794714346854016,-0.0115867876634001,-37.64724746704101,-14.944755687713624,-19.4406995010376,-3.327415180206299,1014.7315673828124,4.606251084074682,8.635842829334493,0.6576857390452404
2025-06-11 20:36:36+00:00,4.199999809265137,0.5199999809265137,3.0,6.122448921203613,3.740000009536743,18.0,-9.0,-75.15132324770093,39.983825027011335,-0.2535807006061076,-0.1686081169173121,0.4834642087419827,0.8205980906883875,-0.066232170521592,-1.0739835649728775,0.5599865292509397,5.136978060767358,8.550764611789159,0.288533372341237,-0.0698907763790339,-0.147081957263872,-0.0955304629355668,-36.58481154149892,-13.387134396300024,-18.411044490580657,-4.12934558391571,1014.828094482422,4.567418376604716,8.67882752418518,0.1940542931358019
2025-06-11 20:36:37+00:00,4.099999904632568,0.5400000214576721,3.0,6.63265323638916,4.960000038146973,14.5,-10.0,-75.15131193213165,39.98386370949447,-0.1925015037550645,-0.2020564070519278,0.4868261673871208,0.8274286751653633,-0.3182128907418718,-1.0830460062213974,0.2650513104071804,4.557971950471401,8.449954833984375,0.2656277044583112,0.2629178616730496,0.1085471547674387,0.0207967302855104,-28.07805534362793,-11.188131685256955,-14.452119731903077,-4.018369865417481,1014.8146057128906,4.263774348240273,8.72831122080485,1.3416041860393448
2025-06-11 20:36:38+00:00,4.099999904632568,0.4900000095367431,3.0,5.102040767669678,4.329999923706055,6.199999809265137,-10.0,-75.15131553635001,39.983911234885454,-0.1136679455637931,-0.1512959107756614,0.5121068215370178,0.8375371956825256,-0.3081762391328811,-1.1028082609176637,0.0794914447632617,4.843535848222673,8.455081405043602,0.2010500931739807,0.088654613569744,-0.0088500814220192,0.0860281941371367,-33.19794211095693,-9.250836537808787,-19.16619954790388,-3.263604426383972,1014.7242126464844,4.098286924362182,8.81827127456665,1.275608243942261
2025-06-11 20:36:39+00:00,4.400000095367432,0.550000011920929,3.0,6.122448921203613,4.289999961853027,353.3999938964844,-10.0,-75.15132903121412,39.98395440168679,0.0279429551037901,-0.1652311614155769,0.50411436855793,0.8467920589447021,-0.6128507626056671,-1.0064566564559936,-0.4104325586557388,4.61684838950634,8.860846223831176,0.9566945691779256,0.319742650296539,0.3082994197309017,0.0796126596396788,-39.59248523322904,-13.92891399227843,-20.257477079119003,-3.216175651550293,1014.7181701660156,4.148819046020508,8.361359996795654,3.007485146522522
2025-06-11 20:36:40+00:00,2.799999952316284,0.4900000095367431,3.0,5.612245082855225,5.519999980926514,317.20001220703125,-10.0,-75.15136825852096,39.98399375472218,0.1905939540964491,-0.0872869028690013,0.5236229592181266,0.8253065182807597,-0.6679495433543591,-0.9822363206680784,-0.8207120185202741,5.546150405121886,9.224153341158576,1.7441255150605803,0.1021706654379765,0.4623040705919266,0.2432080747191017,-34.5095667936364,-20.905322016501916,-14.990314035999532,-2.9767855644226078,1014.689483642578,4.140002423144401,8.20048873982531,3.436238004806194
2025-06-11 20:36:41+00:00,5.099999904632568,1.0700000524520874,3.0,5.612245082855225,4.859999656677246,293.20001220703125,-11.0,-75.1514230761677,39.98401014134288,0.1523348859821756,0.0356097786764924,0.5542819847663244,0.8173163731892904,-0.2821014501775304,-1.1602469285329182,-0.55444670903186,3.328051038707296,8.191560007631779,0.7661835043691099,-0.0859278571274545,-0.019848865063654,0.0682799012400209,-28.55383421027142,-23.024051624795664,-1.7443347482577614,-4.209802603721618,1014.8381652832032,3.590232486526171,9.046229163805643,1.2023939887682598
2025-06-11 20:36:42+00:00,3.0,0.6299999952316284,2.0,5.102040767669678,5.960000038146973,279.20001220703125,-10.0,-75.15149013139307,39.98402866534889,0.2147031908526139,0.0595453390303779,0.5451336140726127,0.8075450658798218,-0.3275673412809185,-1.132283334638558,-0.7276662886142731,3.96121268093586,8.719244158267974,1.2371932254172862,-0.2181218582391738,0.1817390667647123,0.0446391265839338,-26.211326093089824,-22.523938354180785,-2.0304285442950776,-3.993268346786499,1014.8116149902344,3.8080655670166017,8.905446853637695,1.4525807404518127
2025-06-11 20:36:43+00:00,3.799999952316284,0.7599999904632568,2.0,5.102040767669678,6.480000019073486,270.5,-10.0,-75.15156196430326,39.98403461650014,0.1497656951347986,0.1095598844500879,0.544793538749218,0.8177378413577875,0.0418789318985848,-1.1779017547766368,-0.3342738846937815,3.7375763473196,8.810416387051951,0.4654905261966038,0.0710066986709231,-0.0741869007421579,0.0021112297933238,-24.87828928110551,-21.78770567446339,4.495575442606089,-3.846886396408081,1014.7940673828124,3.6516471952199936,9.103622198104858,-0.0634510819509159
2025-06-11 20:36:44+00:00,2.200000047683716,0.550000011920929,2.0,5.102040767669678,7.819999694824219,282.6000061035156,-11.0,-75.15163647942245,39.98404874000698,0.1686959814052192,0.0917308228660602,0.5477771868511122,0.8142104221850025,-0.0919372393008397,-1.175743935059528,-0.4698048161000621,4.109105193949476,8.646914452922587,0.2589524637465841,0.0425430667260661,0.0530483498424291,-0.0002967726578935,-25.15490570846869,-23.85348927244848,4.358387674604144,-2.493193776983964,1014.631248072574,3.678839075322054,9.083222155668295,0.4246740718277133
2025-06-11 20:36:45+00:00,1.399999976158142,0.3499999940395355,2.0,4.591836929321289,7.489999771118164,282.3999938964844,-11.0,-75.15172474086285,39.9840670125559,0.1946680059238355,0.0908046656725357,0.5447495458077412,0.8105508770261493,-0.1649369731241342,-1.164398351494147,-0.5801330512883712,4.687915652686236,8.768592707964839,0.4498900457912562,0.023588387412019,0.0898175672532952,0.0079089055997224,-23.937146595546174,-22.104905692898495,5.515644769279325,-2.6723957061767574,1014.6529235839844,3.771930928132972,9.028673600177376,0.6966261413632607
2025-06-11 20:36:46+00:00,1.2999999523162842,0.3600000143051147,2.0,4.081632614135742,7.679999828338623,279.1000061035156,-10.0,-75.1518120802939,39.98407686129213,0.1978864998233561,0.1384763988305111,0.5336921324535292,0.8104142692624307,0.0336324345413713,-1.1676617252583406,-0.4567946597021453,4.338557620589831,8.659073255500015,0.4766782313889386,-0.0569067469084675,-0.0808897873664155,-0.0062437966030011,-20.013083000977836,-18.455803751945496,9.3205457230409,-2.6898345947265625,1014.6549072265624,3.81222804225221,9.03811334103954,-0.0856729881571871
2025-06-11 20:36:47+00:00,1.2999999523162842,0.3899999856948852,2.0,4.081632614135742,7.809999942779541,281.70001220703125,-11.0,-75.15190503560007,39.984089392237365,0.1536776091979474,0.0775730336199001,0.542729664822014,0.8219847010106457,-0.0982234850525855,-1.1584932804107666,-0.4339312479204061,4.3622579312324525,8.784879684448242,0.7844631835818291,0.0007313837689556,-0.0147428687002199,-0.0018353987100757,-25.823765612663102,-17.9197231860871,1.0211659408313165,-3.084854555130005,1014.7024230957032,3.907224110194615,8.988584090252312,0.4105012593220691
2025-06-11 20:36:48+00:00,1.100000023841858,0.3600000143051147,2.0,3.5714285373687744,8.059999465942383,281.29998779296875,-10.0,-75.15199589543045,39.98410284519196,0.181514700949192,0.070725350677967,0.5461758995056152,0.814518768787384,-0.2082628473639488,-1.1569317770004273,-0.5748403209447861,4.263645240105689,8.959219489097595,0.4648103218525648,0.0746071627060882,0.1286400908138602,0.0409166459806147,-25.827399429009887,-25.29732198131328,2.3573387350354875,-2.034550666809082,1014.5760803222656,3.8597002601623536,8.979057941436768,0.833423285484314
2025-06-11 20:36:49+00:00,0.8999999761581421,0.3300000131130218,2.0,4.081632614135742,8.34000015258789,279.3999938964844,-10.0,-75.15209019184113,39.98411424458027,0.1742039477825164,0.0959129039943217,0.5341907715797425,0.8216154444217681,-0.0692693732678889,-1.1462879610061645,-0.4625769370794296,4.510763994034599,8.869406765582514,0.16539210148667,-0.0146680113405692,0.0810939807881962,0.0132962732233715,-25.040375028337756,-23.509648692851165,5.369493786169558,-2.662619209289551,1014.651611328125,4.038128656499526,8.935229899836521,0.2889298231286161
2025-06-11 20:36:50+00:00,1.100000023841858,0.4199999868869781,2.0,4.591836929321289,8.569999694824219,279.6000061035156,-10.0,-75.15218515880406,39.984128535725176,0.171602331253947,0.0797046523313132,0.5388863475955262,0.8207825361465921,-0.1321182075355733,-1.148014516246562,-0.4976559865231417,4.48914311349392,8.713965001106262,-0.0463861654326319,0.1148857730749652,0.0307264542991143,-0.0018043998457795,-25.2093473815918,-23.64384349822998,4.350519890785217,-1.9824978351593017,1014.56982421875,4.006651766446172,8.937452043805804,0.5345435638208779
2025-06-11 20:36:51+00:00,1.600000023841858,0.5099999904632568,2.0,4.591836929321289,8.679999351501465,280.79998779296875,-9.0,-75.15228733420372,39.98414253350347,0.1637479715670148,0.0943942532564202,0.5353582017123699,0.823153285930554,-0.0486727454699575,-1.1489127626021702,-0.4242302570492029,4.752508727871642,8.675993033817836,0.2678314686885902,-0.0251147676525371,-0.0893138718092813,-0.0016650506158653,-24.824758724290497,-23.383913818670777,5.568926402500698,-2.0591238021850584,1014.5790405273438,4.035444974899292,8.938874781131744,0.1945740630229313
2025-06-11 20:36:52+00:00,0.8999999761581421,0.3300000131130218,2.0,4.591836929321289,8.510000228881836,280.6000061035156,-9.0,-75.15238942578435,39.9841542262584,0.1628519827499985,0.0791235260354975,0.5315582454204559,0.8273214797178904,-0.0991962967673316,-1.1318782741824789,-0.4516367061684529,4.417021140608252,8.507465956162433,0.4108086705602211,0.1027421018322153,-0.1030085651339807,-0.0078203967083633,-25.450237842316323,-22.83242927713597,3.880638211331469,-1.2175594806671142,1014.4778747558594,4.167458355426788,8.867468535900116,0.4103540410287678
2025-06-11 20:36:53+00:00,0.800000011920929,0.3199999928474426,2.0,4.591836929321289,8.519999504089355,279.6000061035156,-8.0,-75.15248942188919,39.98417099006474,0.1919434177024023,0.075177359033604,0.5319958986068258,0.8211870971991091,-0.1885657631316963,-1.1258509499686105,-0.5783646167541037,4.763080258965492,8.686778755187989,0.7485411809477955,0.1056523722636097,0.0841808826563523,0.0095260338201385,-25.47185668166803,-24.693297561334106,3.117722394515057,-1.0492464780807496,1014.4575805664062,4.168849983993842,8.844355602653659,0.7876064874687974
2025-06-11 20:36:54+00:00,0.699999988079071,0.2800000011920929,2.0,3.5714285373687744,8.670000076293945,278.1000061035156,-8.0,-75.1525906752795,39.98418343719095,0.1820679825544356,0.0986589290201663,0.5320219480991364,0.8208289611339569,-0.0765677885897457,-1.142173671722412,-0.4857670801877976,4.386196988523007,8.680404233932496,0.5810547936335206,0.0475574344472617,0.0609995150387439,0.0102387531921837,-23.166554704004405,-22.211219982225067,6.668669291904995,-1.7423151731491089,1014.5410308837892,4.081545300483704,8.914239120483398,0.3090456014871597
2025-06-11 20:36:55+00:00,0.6000000238418579,0.270000010728836,2.0,3.5714285373687744,8.720000267028809,279.70001220703125,-8.0,-75.15268949791789,39.98419659677893,0.202458414800313,0.1158607013675631,0.5280687626527281,0.8164820464289918,-0.0593397067669702,-1.1414645521008238,-0.5242692067915079,4.722136365175247,8.599183931350709,0.1645415154285729,0.0266904320985991,0.028795960577851,0.02144954945626,-23.772462089856464,-23.318520387013752,5.850662410259247,-1.0791044235229492,1014.4612121582032,4.083766723165707,8.915479445944028,0.2433841864825511
2025-06-11 20:36:56+00:00,0.5,0.2000000029802322,2.0,3.5714285373687744,8.59000015258789,280.5,-8.0,-75.15278781764209,39.98421218711883,0.2099477013945579,0.1203459618985652,0.5282616114616394,0.8136048018932343,-0.0640455069555901,-1.1429878187179563,-0.5467323333024978,4.194581443071366,8.044151101261377,0.1539815858006477,-0.175751375443093,-0.0038980328458912,-0.0175260242112741,-22.25788299242656,-22.72783704598745,5.877858211596807,-1.674673056602478,1014.5332397460936,4.0393500232696535,8.928386363983154,0.2649994165915996
2025-06-11 20:36:57+00:00,0.4000000059604645,0.1899999976158142,2.0,4.081632614135742,8.649999618530273,280.5,-8.0,-75.15288647264242,39.984229328110814,0.1931672136609752,0.1059113106069465,0.5385184114178022,0.8132048460344473,-0.0893590017997969,-1.160078339278698,-0.5248485002666712,4.395771104766398,8.648296268618836,0.4699598074871666,0.075026534722383,-0.1161710479160925,0.0015998165860461,-28.01169749668666,-30.201970820524256,4.027991766832312,-0.8904459953308106,1014.4385681152344,3.879531408349673,9.001050174236298,0.364684285596013
2025-06-11 20:36:58+00:00,0.5,0.2399999946355819,2.0,3.5714285373687744,8.619999885559082,279.5,-8.0,-75.15298487618566,39.98424445744604,0.2128470042347907,0.1203315077722072,0.5323105525970458,0.8103837633132934,-0.0783500354737043,-1.1530646586418152,-0.5647945666313171,4.498571837842465,8.344930229187012,0.5330465671420097,-0.0599234688228794,-0.0432002294086375,-0.0204088506193793,-23.487927665710448,-24.802355537414552,5.57003189086914,-0.1648775815963745,1014.3512878417968,3.957390842437744,8.969467449188233,0.3193143999576568
2025-06-11 20:36:59+00:00,0.8999999761581421,0.3400000035762787,2.0,4.591836929321289,8.559999465942383,279.3999938964844,-8.0,-75.15308227390051,39.984254515729845,0.21033682871838,0.1179433139611263,0.5298252227355023,0.8130577462060111,-0.0755682910355377,-1.1461435678053875,-0.5550788251721129,4.738716083521745,8.786356814053594,0.446054440789989,0.0583117786600083,0.0255929730661517,0.005996426087519,-24.51527692833725,-24.48390583116181,5.861726429997658,-0.9295516967773436,1014.4432220458984,4.021636330351537,8.941640698179906,0.3128566571644374
2025-06-11 20:37:00+00:00,1.0,0.3600000143051147,2.0,4.591836929321289,8.40999984741211,280.0,-7.0,-75.15318201854825,39.98426528647542,0.2066922863113119,0.1180785753308458,0.5271542934661216,0.8156616370728675,-0.0605876414561049,-1.1403300711449156,-0.5351938427762782,4.3810851747790975,8.426492631435394,0.08266542708346,0.038292995518435,0.0474792185259309,-0.009754227437178,-23.450640386464645,-23.0928565823302,6.348232483377262,-0.2330760453876696,1014.3594874331826,4.078080978799374,8.917317735387924,0.2539381971335078
2025-06-11 20:37:01+00:00,0.800000011920929,0.3199999928474426,2.0,5.102040767669678,8.6899995803833,280.0,-7.0,-75.15327866189182,39.9842768535018,0.2118274823707692,0.1143352180427195,0.5314388719259524,0.8120983722163182,-0.0959236534202799,-1.1469960189333148,-0.5722365057935902,4.352602928292518,8.627376743391448,0.2770510978891751,-0.0858721966668963,0.0224910981487482,0.0131689079110219,-26.134595565795895,-24.816751594543454,6.132207899093628,0.3257924556732178,1014.2923278808594,4.005769257451973,8.944255978453393,0.3926439375854006
2025-06-11 20:37:02+00:00,0.6000000238418579,0.2399999946355819,2.0,5.102040767669678,8.710000038146973,280.1000061035156,-7.0,-75.15338360331953,39.98428536113352,0.2288233131170272,0.1260404388606547,0.5255329811573028,0.8095812439918518,-0.0873953762650489,-1.1401453733444211,-0.6069692194461822,4.649023453891277,8.6246537399292,0.5020730767957866,-0.0462618828751146,-0.0262085830490104,0.0047013972944114,-22.40017570495605,-21.128935508728027,5.4421758848428725,-0.1823167085647583,1014.3534240722656,4.082259693924262,8.912881461941467,0.3573985933041086
2025-06-11 20:37:03+00:00,0.800000011920929,0.3700000047683716,2.0,6.122448921203613,8.739999771118164,278.5,-6.0,-75.15347798354924,39.984300532378256,0.2507792061567306,0.1478418031334876,0.5147639048099518,0.8063696813583374,-0.0461835455894469,-1.129798858165741,-0.6322649562358856,4.731023371219635,8.488107919692993,0.3292655789246783,0.0187907022915837,-0.0548946690978482,-0.0062159849568365,-23.714060763923488,-29.98884422925054,8.834293754733338,0.3921136140823364,1014.2843322753906,4.2040061759948735,8.861156406402587,0.184057410955429
2025-06-11 20:37:04+00:00,0.8999999761581421,0.3300000131130218,2.0,5.102040767669678,8.59999942779541,277.5,-6.0,-75.15358099713922,39.98431251849979,0.2568241149187087,0.1418297898769378,0.5139644539356232,0.8060485136508941,-0.0815533293411135,-1.1229348874092102,-0.6681488561630249,5.04577258169651,8.405096406936645,0.4346628339216113,0.0793276471608527,-0.0190969308670752,-0.0066384503009672,-24.90215145111084,-23.337623634338375,6.782467842102051,0.6507921934127807,1014.253189086914,4.259441108703613,8.829755516052247,0.3334967927634716
2025-06-11 20:37:05+00:00,0.800000011920929,0.3799999952316284,2.0,5.612245082855225,8.079999923706055,278.70001220703125,-6.0,-75.15367059968412,39.98432630673051,0.2725004018569479,0.130086639401864,0.5075684676364977,0.8068453328950065,-0.146555410660043,-1.097232623976104,-0.7409882399500632,5.279063567823293,8.500263457395592,0.3681665377083177,0.1322496574174146,0.0832961707934737,0.0097994905151426,-27.202095565795897,-25.88888748168945,5.593211908340454,0.1799529477169639,1014.309759842722,4.459450468725088,8.713263297567563,0.6334217008279295
2025-06-11 20:37:06+00:00,1.0,0.3499999940395355,2.0,6.122448921203613,8.09000015258789,277.5,-7.0,-75.15375517308712,39.984339508228,0.2764462209215351,0.1422674439701379,0.5082535264538783,0.8030307141004824,-0.1178345409970657,-1.1083803597618551,-0.7360047744769677,4.995843629918847,8.322823122435926,0.3662439144636486,0.0577027817070484,0.0796169893833575,0.0044086216739378,-25.302311401367188,-24.758435592651367,6.546031827926636,0.7171133041381836,1014.2452697753906,4.383471657248104,8.761362113204656,0.4902265963016772
2025-06-11 20:37:07+00:00,1.600000023841858,0.5299999713897705,2.0,6.63265323638916,7.699999809265137,275.8999938964844,-7.0,-75.15384125523269,39.98434617184103,0.2655482161790132,0.1408961359411477,0.5018687285482883,0.8109419432779154,-0.0829341260638708,-1.0946992312868435,-0.6834171675145626,5.119774337857962,8.281378438075384,0.4207482158672064,0.0974549136447663,0.0599064749216527,0.0027499334097896,-26.707876043116794,-23.888378265056204,6.100259466374174,0.4933127403259277,1014.2721557617188,4.517994579003782,8.699662208557129,0.3476955525348989
2025-06-11 20:37:08+00:00,1.899999976158142,0.6899999976158142,2.0,7.142857074737549,7.519999980926514,285.29998779296875,-7.0,-75.15392918139696,39.98435664921999,0.2575599592924117,0.1295038500428199,0.4999555671215057,0.8166552424430847,-0.098309517353773,-1.082844672203064,-0.6701681673526764,5.132113498449326,8.327133750915527,0.4012936410307884,0.0531691208633841,0.0398470164687676,0.0059920071590957,-27.4283383427834,-24.69578727410764,4.451008086301843,0.8563611745834351,1014.228515625,4.613326044082641,8.64681188583374,0.4298062241077423
2025-06-11 20:37:09+00:00,4.400000095367432,1.3799999952316284,3.0,8.673469543457031,7.210000038146973,286.6000061035156,-6.0,-75.15401710756123,39.98437303584069,0.2672806328535079,0.1207823123037814,0.4975719892978668,0.8162217211723327,-0.1435342286527156,-1.0693225407600402,-0.7179564845561981,4.800452197194099,8.246924991607665,0.4806359884608537,0.1344020076096057,0.1162036200478905,0.0067927946103736,-26.696283493041992,-24.321919517517088,3.384035930633545,0.9689221382141112,1014.2149353027344,4.698999872207642,8.585758171081544,0.6534523612260819
2025-06-11 20:37:10+00:00,5.699999809265137,3.009999990463257,3.0,15.816326141357422,8.4399995803833,281.20001220703125,-5.0,-75.15408826991916,39.98437999282032,0.2289689666762643,0.1309630130322611,0.4939267319075915,0.8285093112867705,-0.0192146411317647,-1.072600498491404,-0.5506858740534101,5.3377169443636525,8.280818433177714,0.2594196953411613,-0.0148692724923603,-0.0553685713745653,-0.0051180782029405,-25.64683952331543,-20.82954776763916,6.594343857765198,0.7776214122772217,1014.2379028320312,4.716096936439981,8.601688871578295,0.0678015522354719
2025-06-11 20:37:11+00:00,8.5,3.490000009536743,4.0,15.816326141357422,6.420000076293945,283.1000061035156,-8.0,-75.15416312031448,39.98438376467675,0.2995255663990974,0.157190008709828,0.4766171748439471,0.8111587514479955,-0.0612714606492469,-1.050648880501588,-0.7429194860160351,5.890264462451546,7.9305106279801345,0.1693653389431384,0.0266092012883448,0.002975271223588,-0.0038623466127913,-19.22122406472965,-24.83123207092285,4.766963149211844,0.8479058265686035,1014.229522705078,4.911135941743851,8.487319846947988,0.2822414760788281
2025-06-11 20:37:12+00:00,3.799999952316284,1.2799999713897705,4.0,14.285714149475098,6.37999963760376,286.1000061035156,-10.0,-75.1542051974684,39.98439223039895,0.3223433941602706,0.1792750836660464,0.467166615029176,0.8028402576843897,-0.0269963489111735,-1.0480846092104912,-0.7792978423337141,5.492452923132449,8.096724393416425,0.3285125685589654,-0.1375825707614421,-0.0690957191248889,-0.0067781393229961,-35.09793546676636,6.174175882637501,2.8203959330916404,1.173434042930603,1014.1903839111328,4.960682625673255,8.46195902143206,0.096235609974484
2025-06-11 20:37:13+00:00,4.800000190734863,1.25,4.0,9.693877220153809,3.419999837875366,274.3999938964844,-10.0,-75.15424861572683,39.98440182767808,0.287650251686573,0.1217395402491092,0.4764002698659897,0.8208347260951996,-0.1420850200951099,-1.0211856937408448,-0.7535352802276611,5.645770015716553,8.006057834625244,0.3701480723172426,0.3188253517169505,0.2678797254804521,0.0220367801081738,-11.677640625408715,-39.53273007334495,91.44796083411391,1.4646127700805665,1014.1554260253906,5.175887966156006,8.304240589141846,0.6442004424333573
2025-06-11 20:37:14+00:00,7.5,1.340000033378601,3.0,8.673469543457031,3.899999856948853,273.3999938964844,-10.0,-75.15426906757057,39.98440538998693,0.3780321733405192,0.1926591151083508,0.450526541719834,0.7853306022783121,-0.0730270549344519,-1.022553692261378,-0.9382377217213312,5.365396658579509,8.178842435280481,0.3260260511209101,-0.0349624447456638,-0.0198899665192584,-0.0009038212578313,-5.8120291245480376,-10.08711231748263,-7.953383227189382,1.1795113801956176,1014.189697265625,5.199483980735143,8.313423991203308,0.2916818419471382
2025-06-11 20:37:15+00:00,9.300000190734863,0.6700000166893005,3.0,8.163265228271484,1.4299999475479126,274.5,-9.0,-75.15428013168275,39.98440220486373,0.1901613023877143,0.0891878357529639,0.4790827172994614,0.8522113823890686,-0.0574376655183732,-1.0169969725608825,-0.4711012786626816,5.719527931213379,8.098999261856079,0.2325517992675304,0.1298578236252069,0.0355397660704329,0.0167291805625427,-25.1632315826416,-16.20086772918701,0.3508719911798835,0.8685156822204589,1014.227081298828,5.289349670410156,8.257934837341308,0.2195963505469262
2025-06-11 20:37:16+00:00,13.800000190734863,0.6499999761581421,4.0,8.163265228271484,0.4199999868869781,271.79998779296875,-7.0,-75.15427652746439,39.9843939486891,0.255765607466503,0.0643348208799653,0.4852030575275421,0.8335233184756065,-0.2642865028916573,-1.0008953213691711,-0.7405577545263329,4.702002924315783,8.454912555461027,1.437826538572506,-0.0615431727678514,-0.0435646162636112,-0.0007913935610849,-22.50551398919553,-19.752297615518376,-2.2726856640407016,1.370088778044048,1014.1667448344984,5.192984795083805,8.219240091284927,1.3082250624286884
2025-06-11 20:37:17+00:00,19.200000762939453,0.2599999904632568,4.0,8.163265228271484,0.1599999964237213,269.8999938964844,-6.0,-75.15426236204803,39.98438095673919,0.1974726960975296,0.0384707468352755,0.4910058488651198,0.8475917979162566,-0.2449623100003417,-1.011371675802737,-0.5939025781592544,4.674054795123161,8.497548691769863,1.306425447159625,0.0008558067706964,-0.0008510485367507,-8.462903237419385e-05,-22.58246479863706,-19.62449550628662,-2.031830378200697,1.303698182106018,1014.1747436523438,5.090705990791321,8.29622079928716,1.2220000525315602
2025-06-11 20:37:18+00:00,0.0,0.0299999993294477,4.0,8.163265228271484,0.0,0.0,-6.0,-75.15426160767674,39.98438091482967,0.1817900068035312,0.0296625406572631,0.4935103245809966,0.8500106334686279,-0.2472228057244244,-1.0155385498907052,-0.5594356621012968,4.680150854821298,8.491180064631443,1.3141262624778,0.002893361023019,-0.0003466731176725,-6.321686476215715e-05,-22.529587268829346,-19.66868702570597,-1.939037454624971,1.2772753953933715,1014.1778869628906,5.019036106034821,8.335914350023456,1.2480952342351277
2025-06-11 20:37:19+00:00,0.0,0.0199999995529651,1.0,1.0204081535339355,0.0,0.0,-6.0,-75.1542604342103,39.98438070528209,0.1760611632466316,0.0284737870097159,0.4956287515163421,0.8500254440307617,-0.2437596055865287,-1.0209803986549375,-0.5454439747333527,4.677092475891113,8.500274925231933,1.2533436369895936,-0.0030146898594102,0.001551477775647,0.0006568300090657,-22.44531562805176,-19.68909164428711,-1.8356119537353517,1.3113608360290527,1014.173828125,4.957258815765381,8.37484375,1.2343324756622314
2025-06-11 20:37:20+00:00,0.0,0.0199999995529651,1.0,0.5102040767669678,0.0,0.0,-6.0,-75.1542604342103,39.984380663372576,0.1705653120060355,0.0289756392261811,0.4978557940648526,0.8498263468547743,-0.2354584622139833,-1.0276087303550876,-0.529447460661129,4.67252405166626,8.501310482025147,1.2420385241508485,-0.0166117604101748,0.0036913890035808,0.002730900523305,-22.46223282814026,-19.645812273025516,-1.5908291265368462,1.3290639877319337,1014.1716918945312,4.901409425735474,8.414252109527588,1.188232729434967
2025-06-11 20:37:21+00:00,0.0,0.0199999995529651,1.0,0.5102040767669678,0.0,0.0,-6.0,-75.1542604342103,39.984380663372576,0.165175863802433,0.0324952969700097,0.5000174760818481,0.8494944334030151,-0.2173911321163177,-1.0357761931419374,-0.5082748878002167,4.652830257415771,8.533653125762939,1.0847544276714325,-0.0057715772662777,0.0048009876185096,0.0020784073213144,-22.29512615593112,-19.54937915412747,-1.0135959046227592,1.3369908094406129,1014.1707763671876,4.850412826538086,8.457227287292481,1.0882321691513062
2025-06-11 20:37:22+00:00,0.0,0.0599999986588954,1.0,0.5102040767669678,0.0,0.0,-6.0,-75.1542604342103,39.984380663372576,0.164653935432434,0.02891122341156,0.5016376900672913,0.8487708389759063,-0.2303858089447021,-1.0373738050460817,-0.515122971534729,4.665546407699585,8.512642459869385,1.2318631601333618,-0.0032928100352,-0.0009192955604521,0.0005842189888426,-22.42091571807861,-19.587831535339355,-1.26001598238945,1.2905425021522925,1014.1762534693668,4.822678422927856,8.464947853088379,1.1499535822868348
2025-06-11 20:37:23+00:00,0.0,0.0299999993294477,1.0,0.5102040767669678,0.0,0.0,-6.0,-75.1542604342103,39.984380663372576,0.1629281938076019,0.0286443749187038,0.5032303718959584,0.8481702792878244,-0.2304252853580549,-1.0411461287853765,-0.5120658184967789,4.672190712947471,8.51446781906427,1.186929887416316,0.0054521554114762,-0.0008713323047777,-0.0002954402738759,-22.37528747558594,-19.635167808532717,-1.3193079781532289,1.2965640783309935,1014.1755981445312,4.793650393392525,8.482372527029,1.1429225697236902
2025-06-11 20:37:24+00:00,0.0,0.0299999993294477,1.0,0.5102040767669678,0.0,0.0,-6.0,-75.1542604342103,39.984380663372576,0.161201729774475,0.0299263253808021,0.5046187317371369,0.8476309144496917,-0.22510387301445,-1.0453680849075315,-0.505925407409668,4.653359966278076,8.526882019042969,1.1285144591331482,-0.0017809881726718,0.0014717480340086,0.000577988459126,-22.39968761444092,-19.6132075881958,-1.130939979553223,1.151238989830017,1014.1929931640624,4.767783203125,8.501477718353271,1.1086778330802918
2025-06-11 20:37:25+00:00,0.0,0.0299999993294477,1.0,0.5102040767669678,0.0,0.0,-6.0,-75.1542604342103,39.984380663372576,0.1619710507346134,0.0306662250967586,0.5056065507963592,0.8468679446800083,-0.2258207169817943,-1.0477449496587117,-0.5087838570276896,4.662517098819508,8.523711643966974,1.133880428239411,0.0037527908105403,0.0109849155261326,0.0013333115767454,-22.371562996689157,-19.550126056281886,-0.9802326389721462,1.082804012298584,1014.2012329101562,4.750864711462283,8.511196248671588,1.1067327518089145
2025-06-11 20:37:26+00:00,32.099998474121094,0.3000000119209289,1.0,1.530612230300903,0.1299999952316284,269.8999938964844,-6.0,-75.15425708144903,39.98438171111047,0.1698902398347854,0.0272647845372557,0.5122011077404022,0.8414279186725616,-0.2641111248731613,-1.0577641916275025,-0.5533851492404938,3.1692601585388185,9.29465768814087,1.5827902781963348,-0.0420082851553012,-0.0474629487785301,0.0016633514196098,-22.066383514404297,-20.06460758209229,-1.5145079731941222,1.6976612329483032,1014.1273803710938,4.621652059555053,8.559462032318116,1.267690577507019
2025-06-11 20:37:27+00:00,32.099998474121094,0.449999988079071,1.0,2.551020383834839,1.329999923706055,269.8999938964844,-6.0,-75.15426822938025,39.98438657261431,0.1383436906094453,0.049102450207788,0.525043184659919,0.837376590894193,-0.1391050979799153,-1.104205340755229,-0.4126210124516973,3.730460943007956,9.11290420804705,0.8839856880735986,-0.301183787213328,-0.1939374974754173,-0.0022212145753049,-23.90851371142329,-21.44261998546367,0.6530734543137404,1.2278648853302,1014.183837890625,4.320679207237399,8.776107067964515,0.6307756006717682
2025-06-11 20:37:28+00:00,39.400001525878906,0.4900000095367431,1.0,3.061224460601806,2.109999895095825,269.8999938964844,-6.0,-75.15428759157658,39.98439047019929,0.1072274635732173,0.0639217323809861,0.5317870473861694,0.8372330749034882,-0.0163329538353718,-1.1299176335334775,-0.2650866264104843,3.4937702333927154,9.165195598602295,0.1387709199124947,-0.1635134729119587,-0.1925123428203621,-0.0044013887491761,-25.42704033365055,-23.732236278300384,4.248089722224644,1.5734743118286132,1014.142333984375,4.146556444168091,8.887146434783936,0.0806983770057559
2025-06-11 20:37:29+00:00,3.799999952316284,0.4799999892711639,1.0,4.081632614135742,4.039999961853027,276.8999938964844,-6.0,-75.15432262793183,39.98439688235521,0.1382587006201549,0.0762457694782285,0.5380650308667397,0.8275815139011461,-0.053806823243539,-1.1465489207481852,-0.3654127209162225,3.8033176739605103,9.196006599737672,0.4390978149081371,-0.2595647630840539,-0.0614942099899053,0.0241738091222941,-25.137191001405107,-24.56742497707935,4.792004166765416,1.0101415634155273,1014.2100830078124,3.983122477928797,8.9533402522405,0.2324806200146364
2025-06-11 20:37:30+00:00,2.900000095367432,0.5299999713897705,1.0,3.5714285373687744,5.730000019073486,283.20001220703125,-6.0,-75.15438314527273,39.984411131590605,0.1530770178139209,0.0585230764746665,0.540369485616684,0.8251547753810883,-0.1663949796557426,-1.142801320552826,-0.4738683772087097,3.4939528009295464,8.652665865421294,0.2377816468849778,0.0361903228331357,0.0858616336493772,-0.0305439552497167,-25.059578104222076,-22.81270173255433,3.8528637683137936,1.0637797355651857,1014.2035217285156,3.980065898895264,8.939326934814453,0.6782208400964737
2025-06-11 20:37:31+00:00,1.5,0.3899999856948852,1.0,3.5714285373687744,6.420000076293945,280.20001220703125,-6.0,-75.15445556491613,39.984428021125495,0.1427704513072967,0.0841860190033912,0.5418191957473755,0.8238901746273041,-0.0399940363969653,-1.1601586174964904,-0.3693516266345977,4.145883427113295,9.06600827217102,0.1820835325494408,-0.1158160125950769,-0.0723822886713457,0.0076240897333078,-27.584199485778807,-24.908983421325683,5.550999889373779,1.7703238248825073,1014.1185913085938,3.8759227657318114,9.009372596740723,0.1615070201829075
2025-06-11 20:37:32+00:00,1.2000000476837158,0.3499999940395355,1.0,3.5714285373687744,6.440000057220459,279.79998779296875,-5.0,-75.1545244641602,39.98444486875087,0.1306596152484416,0.0735358954221009,0.5461846399307251,0.8240397489070892,-0.0548255429789423,-1.166774835586548,-0.3506936484575271,4.321897697150707,8.750706958770753,0.325024850666523,0.0057069596671499,-0.1245618838351219,-0.0138903554470743,-25.25521942138672,-24.97949943542481,5.037867884635926,1.4920923709869385,1014.152099609375,3.821590666770935,9.031888103485109,0.214293056577444
2025-06-11 20:37:33+00:00,1.2000000476837158,0.3300000131130218,1.0,3.061224460601806,6.829999923706055,279.70001220703125,-5.0,-75.15460015274584,39.98446360230446,0.181373939222219,0.1133354031005683,0.5369141162658224,0.815768554502604,-0.0241614402291407,-1.161330826428472,-0.453214624098369,4.494880087521612,8.622905234901273,0.4757254346444898,0.0396893141145,-0.0670581375989986,-0.0133238040393085,-19.86757496425084,-19.359656664789934,7.225636603880901,2.039001414650365,1014.0863904451068,3.881290134118528,9.007719974128568,0.0835546270649576
2025-06-11 20:37:34+00:00,1.100000023841858,0.3300000131130218,2.0,4.081632614135742,7.049999713897705,279.3999938964844,-5.0,-75.15468288213015,39.98447663616389,0.1869952499258274,0.0887806967509035,0.5391346958218789,0.8162353209086827,-0.1394004897803676,-1.1512538389283784,-0.5408630462325349,4.3571600804523545,8.756050645088663,0.4700590562911666,0.1376678376831114,0.0568993985652923,0.0064763706305529,-25.43127293489417,-23.2860648486079,3.6453101245724415,2.0710144996643067,1014.08251953125,3.952303613935198,8.960079699146505,0.5387938753986845
2025-06-11 20:37:35+00:00,1.100000023841858,0.3700000047683716,1.0,3.061224460601806,7.559999942779541,281.29998779296875,-5.0,-75.15476795844734,39.98448585625738,0.1994872108101844,0.1078581675887107,0.5347186934947967,0.8140042436122894,-0.092820646688342,-1.151869764328003,-0.5409254789352417,4.494112612307072,8.671614503860473,0.0132743491791188,-0.0720811590020145,0.0245910199330549,0.0152369628479818,-24.59594648711536,-23.82759541881328,5.190477449066785,1.5790231227874756,1014.141571044922,3.989140496253967,8.954662170410156,0.3468638888001442
2025-06-11 20:37:36+00:00,0.8999999761581421,0.3199999928474426,1.0,3.061224460601806,7.609999656677246,280.3999938964844,-5.0,-75.15485730953515,39.98449461534619,0.1858841372387749,0.099529882626874,0.5311359763145447,0.8205772127423968,-0.0816148014701142,-1.1400834151676722,-0.4977966370631237,4.479082629388692,8.774448423969503,0.3650302532300049,0.0440835657562794,-0.0548283935248927,-0.0068189248018565,-23.40681990798639,-23.110285155627192,3.930391770540452,1.540181612968445,1014.1463012695312,4.100844704374975,8.904838017054967,0.3131451874363178
2025-06-11 20:37:37+00:00,0.699999988079071,0.2800000011920929,2.0,4.081632614135742,7.769999980926514,280.20001220703125,-4.0,-75.15494892373681,39.98450425453484,0.1995104955775397,0.1099692683438865,0.5259081453693156,0.8193486320729159,-0.0700875933529162,-1.1333055325916834,-0.522322697907078,4.524708994626999,8.569198007583617,0.4142821843922138,-0.0568805619485068,-0.0934851660518799,0.0009768025721518,-18.8153874533517,-13.04553442585225,4.569771357945034,1.6625189304351806,1014.1316528320312,4.179432382583618,8.87077730178833,0.2653916165232658
2025-06-11 20:37:38+00:00,0.699999988079071,0.25,2.0,3.5714285373687744,7.649999618530273,280.0,-4.0,-75.15503676608205,39.98451343271881,0.2361916598616813,0.125710872819229,0.5242439569259176,0.8084229972897744,-0.1055859987224851,-1.13617357429193,-0.6359227324018673,4.37512418171581,8.610874643131178,0.5462322272360325,-0.0032560078825739,-0.0405712912871255,-0.0026411734407349,-23.47401943206787,-22.737139587402343,5.186219902038574,2.819306468963623,1013.992645263672,4.147922768884776,8.88049703714799,0.4076085960378452
2025-06-11 20:37:39+00:00,0.8999999761581421,0.270000010728836,2.0,3.5714285373687744,7.659999847412109,279.0,-4.0,-75.15512712299824,39.98452499974519,0.2401887120641007,0.146271246124287,0.5180410329176455,0.807754650407908,-0.0297591870137471,-1.1363481356173146,-0.5970280054880648,4.772547767162323,8.766065769195556,0.8170632269233465,-0.1500815200997749,0.0268016838332793,0.0052435505058383,-23.333770354588825,-22.60253290335337,7.065070688724518,2.965952730178833,1013.97509765625,4.13815260887146,8.892172183990478,0.1015683498838916
2025-06-11 20:37:40+00:00,1.100000023841858,0.3400000035762787,2.0,3.5714285373687744,7.809999942779541,281.6000061035156,-3.0,-75.1552208326757,39.98453987762332,0.2065398389101028,0.123208964318037,0.5263387811183929,0.8154990923404694,-0.039414793086471,-1.1416633343696594,-0.5213516741991043,4.788744606971741,8.61193299651146,0.4729236779734492,0.1044865990276163,-0.0568204043642142,-0.0194133543742022,-25.07124854107292,-22.902387346540177,6.633563129269347,2.635536432266236,1014.0148315429688,4.07397705078125,8.921076526641846,0.1585316121112555
2025-06-11 20:37:41+00:00,0.6000000238418579,0.25,2.0,4.081632614135742,7.899999618530273,281.79998779296875,-3.0,-75.15530775301158,39.98455048073083,0.2217507602608933,0.1159164592319604,0.525678140776498,0.8130352789041947,-0.105782645849549,-1.13424315014664,-0.5999412767741145,4.485749382972717,8.669293642044067,0.5421624918002635,0.028869380555846,0.0409219098715659,0.009149524638904,-25.101126028566945,-22.520950550935705,4.548110081225025,2.430892276763916,1014.0393371582032,4.126313667297364,8.889327754974365,0.4337328600883484
2025-06-11 20:37:42+00:00,0.699999988079071,0.2800000011920929,2.0,3.5714285373687744,7.989999771118164,280.5,-3.0,-75.15539936721325,39.98456690926105,0.2112727191518334,0.0937154136744199,0.5288447013088301,0.8164583351097855,-0.1648641254972008,-1.127572912795871,-0.6107283444965587,4.785007222026002,8.655797575034347,0.4153279798361016,0.1180838461453094,0.0737524836184456,0.0098581119417212,-24.40146339416504,-20.981803703308103,1.0133319783210757,2.8113797187805174,1013.9935607910156,4.154432231304693,8.859006376827464,0.6840024631397397
2025-06-11 20:37:43+00:00,0.800000011920929,0.2300000041723251,2.0,3.5714285373687744,7.889999866485596,279.29998779296875,-3.0,-75.15549223870039,39.98457730282098,0.2794071039557456,0.1498989021778106,0.5123242950439453,0.7976664972305297,-0.1092750923335551,-1.123686830997467,-0.7426539504528046,4.6387598063051705,8.511849431991577,0.461349198743701,0.0161852163380862,0.0451623310776883,0.0029922645225436,-18.409799766540527,-26.004055366516116,7.499339818656445,3.218025660514832,1013.9447021484376,4.24410496711731,8.83296543121338,0.4476471543312073
2025-06-11 20:37:44+00:00,0.699999988079071,0.2399999946355819,2.0,4.081632614135742,7.769999980926514,279.79998779296875,-3.0,-75.155591648072,39.98458589427173,0.2472496951112941,0.1270278006487963,0.5167228895790723,0.8097435698217276,-0.1142649209621,-1.1189615337216123,-0.6642890390084715,5.046839517951011,8.520645141601562,0.4124611029028892,0.0030016994383186,0.0461453063861699,0.0076701224496355,-25.294991416931158,-24.43098747253418,6.424519910812378,3.956276917457581,1013.8559722900392,4.303894344641238,8.803100177219935,0.4583320940027431
2025-06-11 20:37:45+00:00,0.800000011920929,0.2599999904632568,2.0,4.081632614135742,7.369999885559082,278.8999938964844,-3.0,-75.15568384900689,39.98459255788475,0.2672915908755088,0.1421712512264445,0.5094695103411772,0.8053997341467409,-0.0979666748673331,-1.1122975933308503,-0.7017449310847691,4.921538093260357,8.575245662611358,0.3682382993818242,-0.0459158355512713,0.0597644064561178,0.0133880398103169,-24.848227500915527,-24.686943435668944,9.805627880096436,3.686500763893128,1013.8883209228516,4.386736889680226,8.765367448329926,0.3819888681173324
2025-06-11 20:37:46+00:00,0.699999988079071,0.2300000041723251,2.0,4.081632614135742,7.190000057220459,279.1000061035156,-3.0,-75.15575509518385,39.984600730240345,0.2667545595765113,0.1353716349601745,0.5095586466789246,0.8066975200176238,-0.1197086688876151,-1.1070361018180848,-0.7127156972885131,4.690483520925045,8.517658386230469,0.4558904226124287,0.0566742573199527,0.0782872875107033,0.0026455917300618,-25.76490561816157,-23.467321979756257,7.120318227884721,3.322395443916321,1013.9320678710938,4.416234636306763,8.745764026641845,0.4848552453517913
2025-06-11 20:37:47+00:00,0.699999988079071,0.2199999988079071,2.0,4.081632614135742,7.109999656677246,278.79998779296875,-3.0,-75.15583966858685,39.984608609229326,0.2514251500368118,0.1515366211533546,0.5042090487480163,0.8121271419525147,-0.0164484848617576,-1.1087528586387634,-0.6105812680721283,5.072820497494118,8.447032582526113,0.2911698436181919,-0.0491368370035625,-0.0065816908442814,0.0019219968520218,-25.830327606201173,-22.22717967987061,9.242719802856444,3.4360132217407227,1013.9184112548828,4.4217376804351805,8.756225662231445,0.0402609126642346
2025-06-11 20:37:48+00:00,1.100000023841858,0.3000000119209289,2.0,5.102040767669678,6.859999656677246,280.1000061035156,-3.0,-75.15592876821756,39.98461724258959,0.2251350289704848,0.1437738358366245,0.5050718030151056,0.8206174276313003,0.0190244462965911,-1.105586195478634,-0.523796482962005,4.890140164871605,8.449366783609195,0.2309366347139335,-0.077543193401367,-0.0991815137014924,0.0098457232051455,-27.560048473124603,-19.544648540263275,10.805465114359952,3.58160252571106,1013.900927734375,4.440730698254644,8.746121542794365,-0.1070712324402922
2025-06-11 20:37:49+00:00,1.0,0.270000010728836,2.0,4.591836929321289,6.730000019073486,279.3999938964844,-3.0,-75.15601065941155,39.98462927062064,0.2097260284548004,0.0872030616737901,0.5167374933759371,0.8252773930629095,-0.1601347577137251,-1.0967728619774182,-0.5956197269260883,4.422626728812854,8.602714290221533,0.6837768363766372,-0.0544759646921496,0.116380956606008,0.019592971786551,-19.841266353925068,-19.836945454279583,2.635962452739477,2.9004243135452272,1013.9828338623048,4.46014329791069,8.708851218223572,0.6905668812493483
2025-06-11 20:37:50+00:00,2.0,0.4399999976158142,2.0,4.591836929321289,6.679999828338623,280.6000061035156,-3.0,-75.15608936548233,39.98464041855186,0.2140752366002724,0.1428395643526193,0.5067230134594197,0.8227534561741109,0.0407749527770721,-1.1083011554211986,-0.4837828935409078,4.694902782119354,8.70865369329647,0.3679008542236929,-0.1248747172375798,-0.0245288227238141,-0.0019709385256758,-22.87300783274125,-16.40402009535809,11.283754913174375,3.8217016772220007,1013.872259842722,4.379817476077956,8.774862172652265,-0.1818472679457342
2025-06-11 20:37:51+00:00,2.0,0.5199999809265137,2.0,5.102040767669678,6.989999771118164,286.1000061035156,-3.0,-75.15616740100086,39.98465571552515,0.1900979821779289,0.0865153571476741,0.5185606430987922,0.8284473601652651,-0.1177113630989452,-1.0999627186327563,-0.5228049250281587,4.552088214159012,8.932102117538452,0.1014602828398346,0.3730322029587114,-0.0353739340789616,0.0096304675462306,-28.64659531262456,-19.655195547609917,3.1954040397718853,3.639732503890991,1013.894073486328,4.363015087283388,8.749859732024523,0.5355055097737634
2025-06-11 20:37:52+00:00,3.799999952316284,1.159999966621399,2.0,5.612245082855225,7.739999771118164,288.0,-3.0,-75.15624862164259,39.98467331752181,0.2332953917128699,0.1010400807979155,0.5218922580991473,0.8141769073447402,-0.1796795151063373,-1.1130829660259949,-0.6700804197058385,4.309941710258017,8.791891895994848,0.6523146045831393,-0.0229344654790296,0.1008730414608607,0.0149368533807597,-26.60421585550113,-21.49191786318409,3.3828856409812462,3.1377004861831663,1013.9543151855468,4.241087796736736,8.810298141168088,0.7895222318415739
2025-06-11 20:37:53+00:00,2.400000095367432,0.6899999976158142,2.0,6.63265323638916,8.529999732971191,280.6000061035156,-3.0,-75.15634015202522,39.98468345962465,0.2100997859117935,0.1324343117220061,0.5185512438112375,0.8180835818757817,-0.0020845350322351,-1.1290295878235177,-0.5038182650293622,5.331058030225793,8.92483423437391,0.2891349776895071,-0.1044499594718217,0.0370409491285681,0.0452912931219907,-25.366849541664124,-18.00491225719452,6.8429290652275085,4.372038745880127,1013.8060302734376,4.154474058929755,8.88374560219901,0.0328867604043714
2025-06-11 20:37:54+00:00,2.700000047683716,0.9100000262260436,2.0,7.142857074737549,7.949999809265137,285.29998779296875,-3.0,-75.15643252059817,39.98469984624535,0.1642072543501853,0.1115108488500117,0.5387448179721832,0.8186322104930878,0.0141841170471161,-1.164992616176605,-0.3866329568624496,3.9247581941239975,8.62376928095724,-0.0677697059547747,0.044417629186064,-0.0105116118118166,0.0448616221360862,-31.447117630316285,-21.008897508893693,4.93278355501136,4.077425265312195,1013.841567993164,3.8032664364459463,9.039599960925532,-0.0191305828344661
2025-06-11 20:37:55+00:00,1.2000000476837158,0.4600000083446502,3.0,6.63265323638916,8.0,286.8999938964844,-4.0,-75.1565155852586,39.98471870552749,0.1628221294283866,0.0791944816708564,0.5321977531909943,0.8270151960849762,-0.1002740262448787,-1.1339097380638123,-0.4526943963766098,4.109720579572022,8.43631084918976,-0.091896941086743,0.0386163261938811,-0.0316811647043119,0.0056667455533823,-32.07087120056153,-27.76695545196533,3.6060759305953978,4.361469650268555,1013.8072814941406,4.066062250137329,8.916071376800538,0.4465366274118423
2025-06-11 20:37:56+00:00,0.800000011920929,0.3600000143051147,3.0,5.612245082855225,8.069999694824219,287.70001220703125,-5.0,-75.15660895965993,39.98474238440394,0.2149489125609397,0.074518023431301,0.5268729710578919,0.8188560402393341,-0.2362908363342284,-1.1082991766929626,-0.660022234916687,4.454506519027055,8.493318338394165,0.4910178461670875,-0.0206612509888752,0.0637400444199253,-0.013166299269263,-24.430374924017457,-29.68708096718301,2.1404775040490285,3.7147732257843016,1013.8849426269531,4.19442479133606,8.803121662139892,1.0575588154792783
2025-06-11 20:37:57+00:00,1.0,0.4099999964237213,2.0,4.081632614135742,8.229999542236328,284.79998779296875,-5.0,-75.15670660883188,39.98476610518992,0.2114706313610076,0.1057988801598548,0.5351636099815369,0.810915685892105,-0.1340721133351325,-1.1498088717460633,-0.597021859884262,4.97104664683342,8.140083751678468,0.4498690066672861,0.1134157561836763,-0.0137124919844791,-0.0193185295769944,-21.800423469543457,-22.78325553894043,3.105387930870056,3.922059440612793,1013.860238647461,3.913089556694031,8.97570478439331,0.5695648008584976
2025-06-11 20:37:58+00:00,2.200000047683716,0.7200000286102295,2.0,4.081632614135742,8.829999923706055,280.70001220703125,-5.0,-75.15681498683989,39.98478337191045,0.2235163791726032,0.1164652568598587,0.5346995157500108,0.8065379212299982,-0.1269039042914906,-1.1544756169120471,-0.6234140036006769,4.289955858451624,8.467038214206696,0.626540448050946,-0.0564740999215381,0.0796761783434355,-0.0053179110499455,-23.963654822491584,-22.38440387806994,3.697378635406494,4.764812707901001,1013.7588684082032,3.8924542367458335,8.98825079202652,0.5286319910859069
2025-06-11 20:37:59+00:00,1.2999999523162842,0.5199999809265137,2.0,4.591836929321289,9.269999504089355,278.5,-4.0,-75.15692638233304,39.98480009380728,0.2197072176883617,0.1228619776666164,0.53260629499952,0.8079939348002275,-0.0877760980899134,-1.1547424097855885,-0.5881381506721178,4.66881239064494,8.505777099302836,0.1683621551005207,0.0266809422755613,0.0646240895536417,0.0008358178456546,-25.31837390331512,-21.70172293642734,6.702212638043343,4.165545034408569,1013.8308410644532,3.906882772843043,8.989701191584269,0.3738626539707184
2025-06-11 20:38:00+00:00,0.4000000059604645,0.2000000029802322,3.0,4.591836929321289,9.269999504089355,278.79998779296875,-4.0,-75.15703920274973,39.984810780733824,0.2260530707240104,0.1375570255517959,0.5279036319255829,0.8068844723701477,-0.0407890480221249,-1.1531591725349426,-0.5727104651927948,4.389544402956963,8.762142281532288,0.4588233184581622,-0.1034080922603607,-0.0186670305114239,0.0111324698617681,-23.9834916305542,-19.83768772125244,6.45355592250824,4.952678442001343,1013.7362060546876,3.92192455291748,8.987778282165527,0.1815028740279376
2025-06-11 20:38:01+00:00,0.5,0.2399999946355819,2.0,4.081632614135742,9.369999885559082,279.0,-4.0,-75.15715411864221,39.98482486233115,0.2125260883569717,0.1384508579969405,0.5269958221912384,0.8111039745807648,0.0015582804387668,-1.1524071383476258,-0.5114723426103592,4.620961897075176,8.583786249160767,0.2538572023808956,0.0261159872519783,-0.0402431614231318,-0.005008162104059,-24.01569953918457,-20.79050765991211,8.501935806274414,5.765177702903747,1013.6386108398438,3.9394272136688233,8.983674354553223,0.0026528723537922
2025-06-11 20:38:02+00:00,1.2999999523162842,0.4600000083446502,2.0,4.081632614135742,9.40999984741211,281.1000061035156,-4.0,-75.15726576559246,39.98483886010945,0.2140466725826263,0.12527143150568,0.5281339991092682,0.8121070110797882,-0.0548663835041224,-1.1467534041404723,-0.5508010113239288,4.566752721592784,8.55133279800415,0.4039646757394075,0.047162526003085,0.033407733105123,0.0009096347284503,-25.888887405395508,-22.077119522094726,5.6920318603515625,5.159304237365722,1013.7114105224608,3.965605354309082,8.969976921081543,0.2045112204551696
2025-06-11 20:38:03+00:00,0.699999988079071,0.3100000023841858,3.0,4.591836929321289,9.229999542236328,280.3999938964844,-4.0,-75.15736148692667,39.98485302552581,0.2125449755362101,0.120806475835187,0.5238394895378424,0.8159464013819792,-0.0604395702177164,-1.134162727667361,-0.5481554391432781,4.820762548446655,8.370166540145874,0.2882888176292181,-0.0344905766702437,-0.0074436161025636,-0.005757152660612,-24.64936756134033,-20.852971496582036,6.638995838165283,5.434629225730896,1013.6782836914062,4.057523647944133,8.928090890248617,0.2214805635934074
2025-06-11 20:38:04+00:00,0.5,0.2199999988079071,2.0,3.5714285373687744,9.139999389648438,280.6000061035156,-3.0,-75.15746475197375,39.98486576601863,0.2696397680044173,0.14353798776865,0.5163604927062988,0.7998770916461945,-0.114281084537506,-1.1281299686431885,-0.7226112687587738,5.074376972282634,8.19737842503716,0.4310736563421932,-0.0233264578063972,0.0454151990450918,-0.0193481722846627,-23.87979148864746,-23.620175552368163,4.059671914577484,4.3917237520217896,1013.8036499023438,4.094190430641175,8.902083606719971,0.4607026052474975
2025-06-11 20:38:05+00:00,1.399999976158142,0.4099999964237213,2.0,4.591836929321289,8.559999465942383,279.6000061035156,-3.0,-75.157560557127,39.98488269746304,0.2473250064253806,0.1213821513950824,0.5132212996482849,0.8128267359733582,-0.1267287477850913,-1.107002441883087,-0.6691264355182648,5.558570214658976,7.995074481964111,0.4292668937146663,0.0254121934110298,0.0258495248528197,0.0220437741558998,-26.447358656902704,-23.39437114949129,4.8379223492680765,3.981378602981567,1013.8529663085938,4.293746213912964,8.80476058959961,0.5216291236877442
2025-06-11 20:38:06+00:00,1.0,0.3300000131130218,2.0,5.612245082855225,7.730000019073486,281.3999938964844,-3.0,-75.15764554962516,39.98490097001195,0.2342875539040078,0.1481500193476676,0.5046602256444036,0.8173848646027702,0.0128669651410523,-1.1077090745069542,-0.5503078115229704,5.149298830908172,8.268115997314453,-0.0720963183866471,-0.0207840743514293,-0.1217028382729659,-0.0025969461359559,-23.035378615061443,-19.091220498085026,6.479216555754344,5.759461980116995,1013.639230828536,4.338543765398921,8.79654767561932,-0.1032981109788774
2025-06-11 20:38:07+00:00,1.5,0.4399999976158142,3.0,6.122448921203613,7.259999752044678,283.0,-3.0,-75.15773599036038,39.98491706326604,0.2613496351242065,0.1565579858422279,0.4966704058647155,0.812669665813446,-0.0113845017489802,-1.095341432094574,-0.6292956674098968,5.941813076734543,8.147799063920974,0.1949164521694183,-0.1256584699208638,-0.0201406887333307,-0.0437243185101115,-22.74104362487793,-21.287291526794437,8.770579872131348,5.20871479511261,1013.70556640625,4.469346570968628,8.731505794525146,-0.010598922651261
2025-06-11 20:38:08+00:00,1.7000000476837158,0.4900000095367431,3.0,6.122448921203613,6.299999713897705,282.79998779296875,-3.0,-75.15781905502081,39.98493189923465,0.2731072580327792,0.1279309533384381,0.4986340202847306,0.8125249269057293,-0.1362634710207277,-1.0765503912555927,-0.7299295469206206,5.598136751019225,8.17880223721874,0.3526652975540076,0.0908497696770925,0.0979983733197179,0.0112186139924641,-27.363354546683176,-18.039567071564345,11.4640161455894,5.020849108695984,1013.727996826172,4.616462444772526,8.637304792598803,0.5609247416866069
2025-06-11 20:38:09+00:00,3.5999999046325684,0.7400000095367432,3.0,6.122448921203613,5.779999732971191,287.6000061035156,-3.0,-75.15788778662682,39.98494857922197,0.3134705620877286,0.1839696159388156,0.4731253861112797,0.802205983628618,-0.003100255722297,-1.0652103068980765,-0.7468851576460168,5.625883013010025,8.076019515593847,0.048890972995044,0.0018801192698524,-0.0248951075321182,-0.0010162426574908,-23.390703678131104,-18.978370507558186,4.509679103891055,5.67375500202179,1013.6495666503906,4.783588206514399,8.564201679635556,-0.0727616919036161
2025-06-11 20:38:10+00:00,3.5,0.5600000023841858,2.0,6.122448921203613,4.920000076293945,292.3999938964844,-3.0,-75.15794461593032,39.984963205643,0.2286068877826134,0.1234527030028402,0.4874555574109157,0.8335002288222313,-0.0344175757078725,-1.052941046655178,-0.5553469421962897,5.113820937215065,8.26879238595768,0.1405662099013523,0.1475972303003072,-0.0303700608946383,-0.0024141493765637,-24.627566979855903,-17.750750619537975,6.697052916701959,5.992809557914734,1013.6112670898438,4.891122730410829,8.49995992621597,0.0968879572857095
2025-06-11 20:38:11+00:00,4.0,0.5199999809265137,3.0,7.653061389923096,4.130000114440918,287.5,-3.0,-75.15799700282514,39.98496940825135,0.2212648296609837,0.1215851888694661,0.4936297104713764,0.8321395846123391,-0.0337903043800132,-1.0660844255000987,-0.5399049704379224,4.99316046576874,8.238817767769683,0.4704576987115776,-0.1893789934618596,-0.0536695117170506,-0.0502476654946803,-24.1343952814738,-21.63110788663228,5.211941550175349,5.737698006629944,1013.6419372558594,4.7500893870989485,8.580944259961447,0.113240350736305
2025-06-11 20:38:12+00:00,2.200000047683716,0.3799999952316284,3.0,7.653061389923096,3.5899999141693115,288.5,-2.0,-75.15804503113031,39.98497401829809,0.1972561226207382,0.08608847537211,0.4748758625011055,0.8531581905423379,-0.0763733244063902,-1.0053245705001208,-0.496740417212856,6.2483014950946885,7.517761259662862,0.485354158115022,0.0666865630634129,0.0257819093484431,0.0725504050543531,-27.076529911586217,-20.9914689355967,3.1055223844489275,6.0913663625717165,1013.599365234375,5.367359900961117,8.204775129045759,0.2814419365354946
2025-06-11 20:38:13+00:00,6.099999904632568,0.800000011920929,3.0,7.653061389923096,0.8199999928474426,288.0,-2.0,-75.15806933864951,39.98497309628874,0.2575761914874116,0.0518678350684543,0.4856781295190255,0.8298394667605559,-0.3003321350552141,-0.9872096044321856,-0.7628154500077168,4.016665401458741,9.079062786102297,0.9710478027164936,0.8532871091350293,0.6373563905556997,0.1032882112582834,-28.517499446868896,-23.207703630129497,-1.824662462497751,6.139323663711548,1013.5935668945312,5.2254315882313005,8.143985903992945,1.497117898293904
2025-06-11 20:38:14+00:00,8.100000381469727,0.7900000214576721,2.0,6.122448921203613,2.509999990463257,279.29998779296875,-3.0,-75.1580875273794,39.984964756295085,0.2248281642794608,0.1147419041395187,0.497914953827858,0.8296466505527497,-0.0700419259816407,-1.0712557554244997,-0.5708699238300323,3.630474691390991,9.18993821144104,0.1068143190816044,0.0470599383488297,0.0481164619419723,0.0066665579844266,-25.33817943572998,-22.258411445617675,5.498051900863647,5.957667279243469,1013.6155395507812,4.71172061920166,8.599446334838866,0.2839184254407882
2025-06-11 20:38:15+00:00,9.399999618530272,1.820000052452088,3.0,9.183673858642578,3.629999876022339,257.79998779296875,-3.0,-75.15811694785953,39.98495520092547,0.2029805724718132,0.1247503885201045,0.5070838447736234,0.8279167620503173,0.000285507631203,-1.097509586081213,-0.4812099836310561,3.820921485445329,9.303562378396792,-0.2103125982138575,0.2664733529946178,-0.1647907303912299,0.0635580974060813,-24.32582344055176,-22.672235565185545,5.015419888198376,5.734791541099549,1013.6422424316406,4.441810714955232,8.735074568767937,-0.0235788557222302
2025-06-11 20:38:16+00:00,8.100000381469727,1.399999976158142,3.0,10.204081535339355,5.859999656677246,266.20001220703125,-3.0,-75.15817780047655,39.984954237006605,0.2235615934227026,0.123967352158883,0.5137341688661015,0.8187771018813638,-0.0603899408209447,-1.1128893272549498,-0.5706367469301411,3.737604121659316,9.038664462519629,-0.087052410943251,0.01962985621043,0.1799226695747703,-0.0032053670218708,-24.284099464416503,-21.094531745910643,6.124399871826172,6.057016801834107,1013.603485107422,4.290140123928294,8.817225119646858,0.2772626398386908
2025-06-11 20:38:17+00:00,1.899999976158142,0.4000000059604645,3.0,9.693877220153809,6.119999885559082,278.1000061035156,-3.0,-75.15825315378606,39.98496940825135,0.2231801208853721,0.1040703397989272,0.51684898853302,0.8196883046627045,-0.134557644277811,-1.1063522815704343,-0.6147970426082611,3.854594435095787,8.981721935272217,0.575310215651989,0.0805652637965977,0.1952030819654464,0.005776906250976,-24.25067142486572,-20.956915550231933,7.393443841934204,5.340035739697908,1013.6897165398848,4.290635995864868,8.799350357055664,0.6231012499332428
2025-06-11 20:38:18+00:00,1.5,0.4199999868869781,3.0,7.653061389923096,6.569999694824219,274.20001220703125,-2.0,-75.158332278952,39.98498248402029,0.2477401805684921,0.103886251595426,0.5171133520755362,0.8125620750670738,-0.1941287687167207,-1.1011253392442744,-0.7111855314133015,4.230428182830413,8.813549002011618,0.6124386644223705,0.1729444720968604,0.1593082545977085,0.0314805426355451,-22.73201572418213,-21.75772357940674,0.0168360010534524,6.2510919094085695,1013.5802307128906,4.285799195369084,8.775355954964956,0.8974608741700649
2025-06-11 20:38:19+00:00,1.899999976158142,0.4900000095367431,3.0,7.653061389923096,6.420000076293945,276.20001220703125,-2.0,-75.15840603969991,39.98498969245702,0.1814511573436308,0.1144490448796018,0.5183247753552028,0.8276986090504393,0.0031927894962457,-1.1183992405327,-0.42959055973559,4.874869479854801,8.729219738317996,0.1242831875665151,0.127903687786691,-0.0366181980115266,-0.0083663776155789,-25.95263621271873,-21.35149356297084,6.287730469995616,5.079771852493286,1013.7209167480468,4.202341651916504,8.860460052490234,0.0349763850029557
2025-06-11 20:38:20+00:00,2.5,0.5299999713897705,4.0,8.163265228271484,6.819999694824219,280.1000061035156,-2.0,-75.15848407521844,39.98499765526503,0.1839645183086395,0.1072160989046096,0.5192300701141357,0.8276468896865845,-0.0308311189373489,-1.1172409677505493,-0.4566587287187576,4.802105713747442,8.605847320556641,0.2912202198803424,0.0630544033860763,0.011661471932062,-0.0005747295573962,-25.903338179296377,-21.932362770547677,6.0173386554328765,4.822678565979004,1013.7518920898438,4.225200471878051,8.850917530059814,0.1725502487272023
2025-06-11 20:38:21+00:00,1.5,0.4099999964237213,3.0,6.122448921203613,7.960000038146973,280.1000061035156,-2.0,-75.1585743483156,39.985010479576886,0.2035890997064356,0.0999898369214972,0.5183372473230168,0.8244951963424683,-0.1039393951698225,-1.1094976566275772,-0.5486110880666849,5.234262379456539,8.413279728013642,0.5157702940002996,-0.0542057950928574,0.104110886612907,0.000151883465005,-25.412599449157717,-22.81473159790039,5.258199892044067,4.659121823310852,1013.7715759277344,4.285402473138303,8.809948531948791,0.4864648404170055
2025-06-11 20:38:22+00:00,1.7000000476837158,0.449999988079071,3.0,7.142857074737549,7.75,280.5,-2.0,-75.15867048874497,39.98502468690276,0.1705424274717058,0.1105510233616342,0.5149497377629183,0.8327696663992745,0.0190953326468564,-1.1092967038251915,-0.3921478719127421,5.329159311950207,8.334913439750672,0.2650695523619651,-0.0058298459112205,-0.0367688827842071,0.0191190102338498,-25.88571548461914,-21.545443611145014,7.303895835876465,4.368868017196656,1013.8063659667968,4.325109112019441,8.804700773589465,-0.0599251199057515
2025-06-11 20:38:23+00:00,1.2000000476837158,0.3499999940395355,3.0,6.63265323638916,7.789999961853027,282.1000061035156,-2.0,-75.15876654535532,39.98504182789475,0.1971977395670754,0.0807055608958613,0.517907187646749,0.8283138956342425,-0.1550626120701127,-1.097136173929487,-0.5622110731747686,4.57241350531578,8.015808229446412,0.5746892092004419,0.0245912243602409,0.1587169164946923,0.0222721695899963,-26.502974549929306,-22.6223578453064,4.23289159933726,4.83443672657013,1013.7503662109376,4.380761613845825,8.74588150024414,0.7173359164595604
2025-06-11 20:38:24+00:00,1.7000000476837158,0.4300000071525574,3.0,6.122448921203613,7.279999732971191,280.6000061035156,-2.0,-75.15885774046183,39.985056202858686,0.1995605919510125,0.1211472501357396,0.5047380017737547,0.8310105465352535,-0.0001423632475052,-1.0916273991266887,-0.4714052335669597,5.765578178270739,7.938548321626624,0.1421480929593042,0.0207310527550027,-0.0472297943087308,-0.0129747521452966,-23.040571095992107,-18.75538318011225,6.080330459439025,4.082313442230225,1013.840850830078,4.504430235648642,8.714247158595494,0.0136782446619579
2025-06-11 20:38:25+00:00,1.5,0.4300000071525574,3.0,6.122448921203613,6.929999828338623,279.20001220703125,-1.0,-75.15894466079772,39.9850625731051,0.1627966259815254,0.1170780353096066,0.4945711943568016,0.8454023259026664,0.0760679147681411,-1.064274639499431,-0.33573808901164,5.312901517870475,8.139352847118767,0.1813913153493967,-0.2035889898310415,-0.1418579606339335,0.0224577908031642,-27.60884338378906,-18.6296435546875,6.825167856216431,4.95347113609314,1013.7361145019532,4.773637197455582,8.559600693838936,-0.3787832466828428
2025-06-11 20:38:26+00:00,1.600000023841858,0.4199999868869781,3.0,5.612245082855225,6.519999980926514,277.6000061035156,-1.0,-75.15901691280305,39.985069865360856,0.1614053961634635,0.0716110502183436,0.5203049087524414,0.8349637854099273,-0.1112880285084247,-1.1029444766044616,-0.4517009168863296,5.415196410417557,8.703687870502472,0.2762759172450751,0.1081927871564402,0.0341408515766185,0.0651473009420442,-22.017095489501955,-21.43125160217285,5.530747885704041,5.707047653198242,1013.6456298828124,4.413162598609924,8.739977245330811,0.4722260171175003
2025-06-11 20:38:27+00:00,3.200000047683716,0.6299999952316284,3.0,6.63265323638916,5.46999979019165,282.0,-1.0,-75.15908254310489,39.98508302494884,0.2717540717246581,0.0696554153549427,0.505920801235705,0.8153793446871699,-0.3254760528097347,-1.0415633916854858,-0.8312025848700075,5.430648020335606,8.839562172792396,0.6370133937773655,0.2425964318402111,0.2270363550819456,0.0833491296973079,-28.09659953993194,-23.53056273168447,1.478689772742135,6.172484230995178,1013.5896911621094,4.71943474789055,8.454915260782046,1.5688604554351495
2025-06-11 20:38:28+00:00,2.5,0.3899999856948852,3.0,7.142857074737549,5.319999694824219,278.20001220703125,-1.0,-75.1591441500932,39.98508880846202,0.2944491260191973,0.1543286077532113,0.494946011725594,0.8027629595176846,-0.0941930267886787,-1.087564363199122,-0.7600915618971282,4.431904989130357,8.851925606821098,0.0239962971239697,-0.0217693726323088,0.0002137816187982,0.0014686027484736,-23.296770718632917,-24.101971022936763,5.673746819398841,5.363552045822144,1013.6868286132812,4.570212579240986,8.67007231244854,0.4033543666203816
2025-06-11 20:38:29+00:00,2.0,0.3600000143051147,3.0,5.612245082855225,5.929999828338623,274.3999938964844,-1.0,-75.15921330079436,39.9850900657475,0.2715617710230301,0.1809611168442939,0.4902434458537977,0.8081084903405638,0.0576256783489061,-1.098860385466595,-0.6131116893826699,4.411838822522942,8.806061657107605,-0.0106089972719854,-0.1186271509310851,-0.1304333818310017,-0.0142449868629531,-22.96488111846301,-22.55406484798509,8.352020224746393,4.880015873908997,1013.7450256347656,4.465153217315674,8.730550357273646,-0.2664212935737201
2025-06-11 20:38:30+00:00,1.5,0.3300000131130218,3.0,6.63265323638916,6.619999885559082,271.79998779296875,-1.0,-75.15928203240037,39.985092747956514,0.4129079246520996,0.1984313094615936,0.4721171808242798,0.7495906484127045,-0.1862847682926803,-1.0633495712280274,-1.1137339222431182,4.808804992437363,8.357653856277466,1.4020445160288364,-0.5749125126416662,0.4018519290542344,0.1297060489103349,-16.329575227231395,-25.6167627840626,9.270008009307238,4.761113548278809,1013.7592163085938,4.585485677719117,8.562245597839356,0.8959607688523828
2025-06-11 20:38:31+00:00,1.600000023841858,0.4000000059604645,3.0,6.63265323638916,6.940000057220459,274.79998779296875,-1.0,-75.15935814008117,39.985094550065696,0.2040574635778154,0.2288245631723987,0.4647087746736955,0.8290856663061648,0.3860272902007006,-1.0457822400696424,-0.2600629238449797,4.768580862283707,8.737871060371399,-0.7971329928562045,0.2797662269000952,-0.4575177720006631,0.0938066878814573,-25.620975456237797,-13.898971767425538,9.833443784713744,4.285372161865235,1013.8163696289064,4.446879056035256,8.521393445073342,-1.820456803453212
2025-06-11 20:38:32+00:00,3.299999952316284,0.6800000071525574,3.0,6.122448921203613,7.119999885559082,283.20001220703125,0.0,-75.15943533740938,39.98511143960059,0.2161864987015724,0.0703287976980208,0.5081534647941589,0.8306454813480377,-0.2140236628055572,-1.0647652339935303,-0.6356777119636535,5.79325505300444,7.893266132899693,0.4899532210690026,-0.009785018576195,0.0681702103655861,-0.0195931489282401,-36.58132572563327,-7.6444202588529,10.083922189413284,4.353674864768982,1013.8081604003906,4.624159102537194,8.590282946216817,1.026382610505941
2025-06-11 20:38:33+00:00,3.900000095367432,0.800000011920929,3.0,7.142857074737549,5.839999675750732,298.29998779296875,0.0,-75.15950541011989,39.98513486701995,0.3148012804985046,0.1666909283399581,0.4783716851472854,0.8025912177562714,-0.0690369214117526,-1.0608057928085328,-0.7881236970424652,6.115253508090973,7.685884263515472,0.2089479698240757,-0.1594455482839467,-0.0521097135868795,-0.0070658617255406,-22.37073278427124,-23.536595344543457,8.393854051828384,5.190218806266785,1013.7076416015624,4.832454748153687,8.53064582824707,0.2764439332485198
2025-06-11 20:38:34+00:00,5.5,1.2699999809265137,3.0,6.63265323638916,4.309999942779541,296.79998779296875,-1.0,-75.15955545008183,39.98514622449875,0.3381313176787629,0.1630967083025951,0.4696361142761853,0.7989728329133015,-0.1122786730375824,-1.0368991384700852,-0.8648396560123989,6.265799412727356,7.500192995071411,0.4100160167692229,-0.0250739224675093,0.0758373113965396,-0.0050810734291564,-22.85084335327149,-23.02945156097412,7.265831890106202,4.710646104812622,1013.7652770996094,5.074023227691651,8.382403049468994,0.454579059779644
2025-06-11 20:38:35+00:00,8.5,1.100000023841858,3.0,9.183673858642578,2.359999895095825,297.20001220703125,0.0,-75.15958679839969,39.98515246901661,0.2919382101297378,0.1450201764702796,0.4678238493204116,0.8214723408222199,-0.0669381183385848,-1.0223306822776794,-0.7204542541503907,6.315335440635681,7.611714859008789,0.1163552105426788,0.0342427603900432,0.042854827241972,-0.0496792635321617,-23.764379501342773,-18.99686351776123,3.758575897216797,5.0063166379928585,1013.7297058105468,5.271102895736695,8.269925136566162,0.2036159406602382
2025-06-11 20:38:36+00:00,9.0,0.6200000047683716,3.0,9.183673858642578,1.7999999523162842,306.70001220703125,0.0,-75.1596103515476,39.9851590488106,0.2144501963630318,0.1053478542404869,0.4679133115957181,0.8508565090596676,-0.0396520514041184,-0.99993513772885,-0.515461890026927,6.376940647761027,7.611667613188426,-0.1564617029507644,0.0302476541667904,0.0361420961514037,0.0090586835309901,-27.983241081237797,-18.35108721256256,3.9649998992681503,5.112800216674804,1013.7169799804688,5.526151935259501,8.105063756306967,0.0538552879661437
2025-06-11 20:38:37+00:00,6.900000095367432,0.4799999892711639,3.0,10.204081535339355,1.6999999284744265,321.6000061035156,0.0,-75.1596330665052,39.98516445513815,0.2203103128075599,0.1236026400327682,0.4669818806648254,0.8473907637596131,0.0069855811959132,-1.0081763124465943,-0.5048507845401764,4.869107441902161,8.42211477279663,-0.2440978410467505,-0.0821622094823693,0.0089380485706544,-0.0019760367966004,-26.551835403442382,-19.29869167327881,5.64884388923645,5.357210540771485,1013.6875915527344,5.454171228408813,8.150812168121337,-0.2021784815238788
2025-06-11 20:38:38+00:00,10.699999809265137,0.9800000190734864,3.0,8.163265228271484,0.9199999570846558,329.8999938964844,-1.0,-75.15963549725711,39.98516370076686,0.2112516940248255,0.1378106949280719,0.4660269745758602,0.8480561047184224,0.0697155582661531,-1.0134452897675184,-0.4495566353505971,4.930139849583308,8.439377139012018,-0.451620325135688,-0.0010984780430812,0.0028376214720584,0.000472767004293,-26.36165777842204,-18.964391311009724,6.819545686244965,4.842871138924046,1013.7493254009046,5.351464651068863,8.207045749742157,-0.491975617043826
2025-06-11 20:38:39+00:00,15.600000381469728,0.550000011920929,3.0,8.163265228271484,0.4099999964237213,329.8999938964844,-1.0,-75.15963901765645,39.985160515643656,0.2108105554872629,0.1388870346911099,0.4678231818335397,0.8470007947513035,0.0724890618299951,-1.0179829548816293,-0.4474059969794993,4.924750204086304,8.439237823486328,-0.4467355901002884,0.0092497147129413,-0.0029283682242562,-0.0005920633098421,-26.292524456977844,-18.96159557501475,6.792604009310405,4.82796311378479,1013.7511901855468,5.277118254681023,8.255940086987554,-0.4766864144072241
2025-06-11 20:38:40+00:00,0.0,0.0399999991059303,3.0,8.673469543457031,0.0,0.0,-1.0,-75.15963868238032,39.985159216448665,0.2100199016928672,0.1397848400473594,0.4692750388383865,0.8462462186813354,0.0756905339658259,-1.02162939786911,-0.4440933507680893,4.930955194959454,8.440555591209263,-0.466574456761865,-0.0008398326424458,-0.0008197799661316,-3.534707101774281e-05,-26.258134141260264,-18.910497704330755,6.712489624412692,4.825849223136902,1013.7514526367188,5.217507705688477,8.294157867431641,-0.4696570479869842
2025-06-11 20:38:41+00:00,0.0,0.0399999991059303,3.0,8.163265228271484,0.0,0.0,-1.0,-75.15963876619935,39.985159006901085,0.2103934869170188,0.1393163779377936,0.4708471047878265,0.8453570365905761,0.072138964831829,-1.0249540829658508,-0.44725257396698,4.934606819152832,8.439967975616455,-0.4065683680772781,0.0034073889262071,-0.0008719984593335,-0.0003857044340111,-26.234635467529294,-18.980027542114257,6.566771869659424,4.82743468284607,1013.7511596679688,5.169223213195801,8.326314392089843,-0.4331836032867431
2025-06-11 20:38:42+00:00,0.0,0.050000000745058,3.0,7.653061389923096,0.0,0.0,-1.0,-75.15963868238032,39.9851590488106,0.2108057758212089,0.1413033112883567,0.471941374540329,0.8443113493919373,0.0768563385307788,-1.0284672474861145,-0.4459198498725891,4.933438155651093,8.415955581665038,-0.4419008019566536,0.0075289245236935,0.0119483268686703,0.0049475691487955,-26.17729545593262,-19.008819694519044,6.706339874267578,4.718837261199951,1013.7642822265624,5.120599546432495,8.355814723968505,-0.4423140543699264
2025-06-11 20:38:43+00:00,27.600000381469727,0.3100000023841858,3.0,7.142857074737549,0.1700000017881393,329.8999938964844,-2.0,-75.15964111313224,39.985155360773206,0.230200918657439,0.1531389611107962,0.4750810819012778,0.8352939170234057,0.0735227097662127,-1.0436061718025986,-0.4956612374101366,3.752857020560731,9.135195975608012,-0.6755851380368496,0.1456108681182852,0.1089083807048748,0.01307875332476,-25.114970405896504,-19.695374608039856,7.310341536998749,5.094304394721985,1013.719207763672,4.975158309936523,8.444392967224122,-0.4050377005338669
2025-06-11 20:38:44+00:00,27.700000762939453,0.6200000047683716,3.0,7.653061389923096,1.649999976158142,329.8999938964844,-2.0,-75.15964228659868,39.98515724670142,0.1957208612561225,0.1321031962335109,0.4987748605012894,0.8335797643661499,0.0530929066776297,-1.0832139825820923,-0.4294287133216858,3.204420504570008,9.389120864868165,-0.1989506754558533,-0.0371791763417422,-0.1601869162172079,0.0161609492346178,-26.27332185239208,-19.55012617305833,6.719212123325893,4.667048597335816,1013.770477294922,4.62395834436222,8.645120854280433,-0.2661194823378202
2025-06-11 20:38:45+00:00,34.599998474121094,0.7699999809265137,3.0,6.63265323638916,3.549999952316284,329.8999938964844,-2.0,-75.15967539511621,39.98515955172479,0.2024934069783079,0.1165831169369173,0.5093518413749396,0.827925445986729,-0.0291403066737842,-1.0988236852720672,-0.4975865880648295,3.6259436654109582,8.95863477856505,-0.0001012174522175,0.0416147078777074,-0.1587501168631169,-0.0030996650980063,-27.40876335144043,-20.509907608032226,4.810947895050049,5.7480028629302975,1013.6406860351562,4.47751428566727,8.723271613027535,0.1134927980236563
2025-06-11 20:38:46+00:00,17.5,2.0799999237060547,3.0,8.673469543457031,4.75,347.3999938964844,-1.0,-75.1596983615309,39.98517815954983,0.2430934881677432,0.116340303907589,0.5189836329343368,0.8110355674004068,-0.1446364543267658,-1.1156140395573206,-0.6725229669590386,4.230001680705012,8.79622677394322,0.5157229589323313,-0.1708384206052869,0.0388988582533784,0.0122259645769372,-25.42748359680176,-23.13510353088379,3.944015924930573,5.092719006538391,1013.719287109375,4.275546803766368,8.802362539330307,0.6258537678086028
2025-06-11 20:38:47+00:00,15.300000190734863,1.7599999904632568,4.0,10.204081535339355,2.859999895095825,328.0,-1.0,-75.15973934903741,39.985185912810266,0.209190747141838,0.1371885350346565,0.5103600287437439,0.8227418756484985,0.0276721283498045,-1.1133378481864928,-0.4807448416948318,4.809411004334688,8.559104948043823,-0.039242457523942,-0.0523775300337001,-0.0195849919412285,0.0116983689530752,-26.4303235244751,-23.00871154785156,6.804427871704101,4.797048497200012,1013.754913330078,4.350458488464356,8.791368064880372,-0.1209093135269358
2025-06-11 20:38:48+00:00,2.700000047683716,0.4699999988079071,4.0,11.73469352722168,5.170000076293945,306.5,-1.0,-75.15979743562639,39.98520690947771,0.2290426735975304,0.0790914917478755,0.5132885806414546,0.82312267532154,-0.2238317153283527,-1.078582938836545,-0.6770578939087537,4.469244699697105,8.595869726064254,0.6271876999348098,0.2193279286473989,0.1666319766268133,0.0152856200188398,-28.261787605285644,-25.870587577819823,0.8056879794597626,4.561621928215027,1013.783154296875,4.5366525554656985,8.6353440284729,1.0298684334754944
2025-06-11 20:38:49+00:00,3.200000047683716,0.4600000083446502,4.0,9.183673858642578,4.71999979019165,284.3999938964844,-1.0,-75.15987044200301,39.98520586173981,0.2282122236490249,0.1370215356349944,0.5097931385040283,0.8180129277706146,-0.018574191997759,-1.1119194650650024,-0.5554335922002792,4.466294953543692,8.703466329574585,0.4287042618356645,-0.1346353709850518,-0.033399753612078,0.0411295933687748,-24.14160343170166,-21.16407154083252,7.134559860229492,5.184697878988166,1013.7083772358142,4.3487624835968015,8.791190795898437,0.0888563016615807
2025-06-11 20:38:50+00:00,1.7999999523162842,0.3700000047683716,4.0,7.653061389923096,5.210000038146973,278.1000061035156,-1.0,-75.15992735512555,39.98521311208606,0.2059321248531341,0.1203650601208209,0.5056749701499939,0.8290843057632447,-0.0187912134954239,-1.0931385779380798,-0.4983099734783172,6.19896377769171,7.569610455456902,0.1824199799356945,0.0169842637551482,-0.0073086852682944,-0.0097636067835918,-24.417179224442464,-21.40751394933584,7.6080692738902815,3.3168466806411745,1013.9327697753906,4.519731988906861,8.705990943908692,0.0868210934847592
2025-06-11 20:38:51+00:00,1.7000000476837158,0.4000000059604645,3.0,6.122448921203613,4.349999904632568,277.0,-1.0,-75.15998032875359,39.98521537519992,0.1679455755238837,0.1010570316872697,0.4974395334720611,0.8450328796467883,0.0077459373232101,-1.0647504684772895,-0.3877677917480469,5.761132009327412,7.899380137523015,0.0973392635739098,0.0211597850761609,-0.0940769091993569,0.0044412635592743,-27.320435523986816,-19.629067649841307,6.863231868743896,4.2643661260604855,1013.8189392089844,4.77291517054781,8.569751110482724,-0.0393494794373103
2025-06-11 20:38:52+00:00,2.5,0.3799999952316284,3.0,5.612245082855225,3.849999904632568,272.20001220703125,-1.0,-75.16002827323973,39.98521847650409,0.227350651341326,0.0891054104648384,0.4963295570775574,0.8329866540198233,-0.1559299889440629,-1.050221606796863,-0.6233403612585628,5.18430259346962,8.401882257461548,0.525210043489933,0.0543012471135458,0.1441963046637116,0.0218941068932489,-25.876448495047438,-22.896411740050024,3.5272937988748354,4.492394304275512,1013.791473388672,4.838444289039163,8.50035899293189,0.7517872628043679
2025-06-11 20:38:53+00:00,2.0,0.3000000119209289,3.0,4.591836929321289,3.639999866485596,275.29998779296875,0.0,-75.16007026657462,39.98522128444165,0.1645429969454804,0.1041589227194587,0.4888328065474828,0.8502944260835648,0.0324762668048302,-1.0465255454182625,-0.3635646651188532,5.41247926682842,8.135952385104432,-0.0223876204583983,-0.0341065306682139,-0.124052271908149,-0.0046294523065444,-27.02125658307757,-20.23457110657984,6.336779467913569,4.473634099960327,1013.7937622070312,4.924161755308813,8.482751262431242,-0.1640887854202669
2025-06-11 20:38:54+00:00,2.200000047683716,0.3899999856948852,3.0,6.122448921203613,2.869999885559082,279.70001220703125,0.0,-75.16010723076761,39.98522635549307,0.1903610542720677,0.0954992895831866,0.487291763631665,0.8468529107619305,-0.0469477370913539,-1.038572182460707,-0.4690938847405569,5.76540531039238,7.984902038574218,0.3702154099009931,-0.0797701652342339,-0.0208109234393175,0.0071628784703812,-27.439507484436035,-20.03923145294189,3.7007479286193847,4.58857307434082,1013.780029296875,4.986731509773099,8.444535002416494,0.2287781826999722
2025-06-11 20:38:55+00:00,2.900000095367432,0.4799999892711639,3.0,5.102040767669678,1.8199999332427976,280.29998779296875,0.0,-75.16013572923839,39.98523176182061,0.0576231387652912,0.0532107905921886,0.4800497664480793,0.8736037003750704,0.0704487553056405,-1.0065837733599603,-0.0929406591672069,5.824877262115479,7.955303754806518,-0.2131707378278952,-0.1126487124426176,-0.248157114636305,0.0186047911815041,-33.00871755638901,-14.572775140100596,2.996718331259124,4.622922730445862,1013.7757568359376,5.246770226225561,8.279552965748067,-0.3709152401710043
2025-06-11 20:38:56+00:00,4.599999904632568,0.449999988079071,3.0,5.612245082855225,0.8100000023841858,280.6000061035156,0.0,-75.1601524092257,39.9852306721732,0.3667247366905212,0.0758909960836171,0.4639583432674408,0.8025622034072876,-0.3729004287719726,-0.9282265985012056,-1.045322759151459,5.489867081642151,7.666738138198853,2.4043680703639985,-0.0845613468474909,0.085838469850155,0.0757106103404771,-26.856347427368163,-24.18259552001953,-0.7244359961152077,4.520666599273682,1013.788116455078,5.483452100753784,7.847674446105957,2.1320917630195617
2025-06-11 20:38:57+00:00,5.0,0.3600000143051147,3.0,5.612245082855225,0.5799999833106995,280.3999938964844,0.0,-75.16016498208046,39.98523050453514,0.1150805288925766,0.0760473542225857,0.4890976324677467,0.8602837125460306,0.0353446110578564,-1.0348230227828026,-0.2460393042614062,3.794161739349365,9.00548589706421,-0.6025996182113886,0.2010438605211675,0.0542015210570146,0.005928443162702,-30.176829317782783,-16.061689052175968,9.574923231246624,4.6247722864151,1013.7756042480468,5.004010925690333,8.432710409164429,-0.1741268792538903
2025-06-11 20:38:58+00:00,2.5,0.3499999940395355,3.0,7.653061389923096,1.1100000143051147,280.0,0.0,-75.16017504036427,39.98523222282529,0.2833074597602195,0.1441453492387811,0.4813898655962437,0.8168003787385657,-0.0750798923855131,-1.0512740941757852,-0.71125761118341,5.18100472840857,8.289385278174217,0.1613204871760087,0.063537025786176,-0.0023730116307127,0.0012007807809099,-26.49267301754076,-21.349501590339504,11.707518129932636,4.184305191040039,1013.8285522460938,4.822978188594182,8.532909393310547,0.3923356210192044
2025-06-11 20:38:59+00:00,2.799999952316284,0.7300000190734863,3.0,7.142857074737549,2.950000047683716,279.8999938964844,0.0,-75.16020110808313,39.985234988853335,0.3545947956795595,0.1622043267196538,0.4707808087066728,0.7913604184072844,-0.1518474963246559,-1.0355826251360836,-0.9291224418854228,5.1207683743262775,8.471991140015271,0.684017927368048,-0.0210408208646792,-0.0005228629064125,0.0395981288659944,-23.04482353210449,-22.190823593139648,7.1704278087615965,4.483146381378174,1013.7925415039062,4.9357569655593565,8.442565723341339,0.7681424690752613
2025-06-11 20:39:00+00:00,2.400000095367432,0.5199999809265137,3.0,7.142857074737549,2.470000028610229,279.70001220703125,0.0,-75.16023228876293,39.98523796442896,0.3852451837062836,0.1944342228770255,0.4601491087675095,0.7758072650432587,-0.1049766471050679,-1.042533040046692,-0.9820839762687684,5.226178693771362,8.319193992614746,0.7397439827024936,-0.1720559097537224,0.0077613999767761,-0.0094665554708477,-21.294855461120605,-24.48369152069092,7.839719896316528,4.567518259349622,1013.7825028268916,4.908281497955322,8.47484323501587,0.5258413280546665
2025-06-11 20:39:01+00:00,1.7999999523162842,0.3700000047683716,3.0,7.142857074737549,1.9900000095367432,280.0,0.0,-75.16025424934924,39.985237419605255,0.2147682430792827,0.1489110485631592,0.4741781700630577,0.8399239754190251,0.0915364553125536,-1.03825002300496,-0.4484226436031108,5.307077889539758,8.169703347342354,-0.0975667727536198,-0.2031273443251847,-0.2421221302449702,0.0041098506521666,-26.183440266823283,-18.78949352186553,5.380199880016093,4.317740082740784,1013.812469482422,4.95357354806394,8.455080149125079,-0.4493527132637647
2025-06-11 20:39:02+00:00,4.599999904632568,0.5099999904632568,3.0,6.63265323638916,0.8399999737739563,280.0,0.0,-75.16027059406042,39.98523398302496,0.2807648216976838,0.1025731423321891,0.4832916096145031,0.8220830197427788,-0.1968418169839709,-1.0207358435088514,-0.7681929060057098,5.326266784667968,8.227904615402222,0.5540063032507896,0.4960746187336591,0.4234014001427864,0.0233137673592641,-26.07314234363789,-22.31902819263692,0.9949224334286184,4.231601858139038,1013.8228454589844,5.035287008285523,8.355045070648194,0.9941930723190308
2025-06-11 20:39:03+00:00,5.400000095367432,0.6200000047683716,3.0,6.122448921203613,1.079999923706055,279.8999938964844,0.0,-75.16028199344873,39.98523662332445,0.2652662852588964,0.1457543151111018,0.4744018772426916,0.8255996217533034,-0.0218375755583259,-1.0369352175264943,-0.634284248765634,5.327471324375698,8.207816571605449,0.3531447526789745,-0.4842475914955139,-0.3048673813045024,-0.0024451261069043,-22.881099502245583,-21.643816312154133,5.958683202664058,4.103980135917664,1013.8382568359376,4.995384157920371,8.434517996651786,0.0922790038380391
2025-06-11 20:39:04+00:00,3.200000047683716,0.3100000023841858,3.0,6.122448921203613,0.8299999833106995,280.1000061035156,0.0,-75.16029079444706,39.98523968271911,0.0627926460334232,0.0826681528468521,0.4813893340071853,0.8697943249527289,0.1570084729821097,-1.0117486119270325,-0.0574286666714196,5.325635145107905,8.164446105559668,-0.9159816568232296,0.3595492998930685,0.1559081875144484,0.0233927128633404,-29.26576626300812,-15.903207977612814,6.796670724948247,4.238471794128418,1013.8219299316406,5.149776984234245,8.302631514413017,-0.8229620307683945
2025-06-11 20:39:05+00:00,4.0,0.3600000143051147,3.0,7.142857074737549,0.6800000071525574,280.0,0.0,-75.16029942780733,39.985240562818944,-0.0366726366022097,0.0991571784640351,0.4616273579498132,0.8797599176565806,0.3570158428822954,-0.9364750323196251,0.2641897009452804,5.629064404234594,7.707349066831628,-2.568185960759922,-0.4674492786657445,-0.4031152427196502,0.033470610066374,-30.567223918681243,-9.968893644761064,10.01794264267902,4.057211804389953,1013.84375,5.455533514217454,7.882619468533263,-2.0463255497874044
2025-06-11 20:39:06+00:00,4.400000095367432,0.3300000131130218,3.0,6.63265323638916,0.550000011920929,280.1000061035156,0.0,-75.16030906699598,39.98523989226669,0.1875720378756522,0.0935666269063949,0.4808968138694763,0.8502794742584229,-0.0409723921027034,-1.0224440431594848,-0.4572421145439148,4.9501900959014895,8.440891313552857,0.4652801788970828,0.3980409794673323,0.3154962360858916,0.0165086828987113,-26.804131469726563,-19.479007606506347,5.369463882446289,4.25934579372406,1013.8194885253906,5.124688873291015,8.357027130126953,0.1975603528507054
2025-06-11 20:39:07+00:00,8.399999618530273,0.4600000083446502,3.0,5.612245082855225,0.1599999964237213,280.1000061035156,1.0,-75.16031719744205,39.98523993417621,-0.2001811048271609,0.084467438506145,0.4326593799918306,0.8744366274160498,0.4827943572811052,-0.8086268796640284,0.6595862975307539,5.249492584490309,7.42347323660757,-3.8181164708792,-0.427441452909261,-0.4201583682000637,0.1172358301200438,-37.531103439331055,-1.6631039637327194,7.198487873077393,3.8003827571868896,1013.8746643066406,5.993531694599226,7.094455915338853,-3.1475259696736053
2025-06-11 20:39:08+00:00,9.199999809265137,0.5600000023841858,3.0,6.122448921203613,1.3899999856948853,320.6000061035156,2.0,-75.1603265851736,39.98524936381728,-0.1040806035697459,-0.0241470977757125,0.4901362526416778,0.8646498930454254,0.1139008576609194,-1.0202441036701202,0.3026751232147216,5.888827892541886,9.094756744205952,-0.7427053043246269,0.3106678164034497,0.0150567611186381,0.0673986783390408,-38.24041130065918,-9.62506784439087,-4.263899898529052,4.499792695045471,1013.7905883789062,4.99724437713623,8.408897514343261,-0.6208003404736518
2025-06-11 20:39:09+00:00,8.300000190734863,0.6600000262260437,3.0,6.122448921203613,2.190000057220459,340.3999938964844,2.0,-75.16033438034356,39.9852652894333,0.1702790868779023,-0.0492781334323808,0.5053419147928556,0.8433089281121889,-0.4846769068390131,-0.991547000904878,-0.6635213382542133,4.916751231466021,7.667139280815514,1.5298551810639245,0.1699958161005507,0.51880316954592,0.2061340690668895,-32.75063411049221,-15.975634595622187,-9.122152017510455,3.7374966382980346,1013.882293701172,4.643312597274781,8.25287763595581,2.53092355966568
2025-06-11 20:39:10+00:00,10.399999618530272,1.059999942779541,3.0,7.142857074737549,2.0999999046325684,345.29998779296875,2.0,-75.16035072505474,39.985284064896405,0.2636213374013701,-0.0085331927167923,0.507475650558869,0.8199927794436613,-0.5263361042986313,-0.9757980890572072,-0.906021776298682,3.925786867433665,8.78507274510909,2.212892831588278,0.2429998442673181,0.4168938009106383,0.1230359893406227,-27.36659123946209,-20.27341192595813,-7.227628435407366,4.778024172782898,1013.7571716308594,4.678873250881831,8.151871820290884,2.80537012219429
2025-06-11 20:39:11+00:00,5.599999904632568,0.6200000047683716,3.0,7.653061389923096,2.869999885559082,304.29998779296875,2.0,-75.16038215719163,39.98529412318021,0.276483613550663,0.0998522086441516,0.5072682583332062,0.8094086503982544,-0.2439409511536359,-1.0672272205352784,-0.800768940448761,3.9124847039580346,8.865027184486388,1.1866307135298848,-0.3532916056551039,0.0604503441043198,0.1122466534841805,-21.8175036239624,-22.485087547302246,1.221463968157768,3.783319297589754,1013.8767121967516,4.454563093185425,8.628616333007812,1.2594690281152725
2025-06-11 20:39:12+00:00,1.399999976158142,0.4000000059604645,3.0,8.673469543457031,3.0899999141693115,281.70001220703125,2.0,-75.16041954047978,39.98529697302729,0.2300355245872419,0.1436451895504581,0.4911143074230272,0.8277286035673959,0.024863537736453,-1.0740355301876456,-0.5273447924730729,5.202679628133774,8.495170831680298,0.419160372633487,-0.146401480063796,-0.1000666527403518,0.0156999700842425,-23.66019161224365,-18.028183670043944,9.53966788291931,4.199101853370666,1013.8267517089844,4.566538333892822,8.68160415649414,-0.0212167193915229
2025-06-11 20:39:13+00:00,1.100000023841858,0.3799999952316284,3.0,7.653061389923096,3.929999828338623,280.1000061035156,2.0,-75.1604632101953,39.98529290780425,0.1612236350774764,0.1110936888322537,0.5036284923553467,0.841363039551949,0.0524794442355822,-1.082778093766193,-0.3470542455206112,4.820644210795967,7.977046470252835,-0.034276174210316,0.0705068540350743,-0.1217206718438133,0.0036506036151561,-22.46891379842953,-19.96791403634208,7.052097811990855,4.136215806007385,1013.834228515625,4.495988193823367,8.715627650825345,-0.1758441929800474
2025-06-11 20:39:14+00:00,1.2000000476837158,0.3700000047683716,3.0,7.653061389923096,3.849999904632568,279.6000061035156,2.0,-75.16050302423537,39.98530040960759,0.2065969144596772,0.0979007467919704,0.5093443931317797,0.8292896817712223,-0.1037637255720647,-1.086521071546218,-0.551107809824102,5.556849346160889,8.904254565238952,0.0020919359102845,0.238914920031093,0.0790720743313431,0.0255840615043416,-25.313291511535645,-18.647211799621584,2.270907968953252,4.583156394958496,1013.7806701660156,4.464319612465653,8.712624755560183,0.5211247404416403
2025-06-11 20:39:15+00:00,1.7000000476837158,0.4900000095367431,3.0,8.673469543457031,3.5299999713897705,279.8999938964844,2.0,-75.16054811887443,39.985304810106754,0.3167323106527328,0.089713869690895,0.491739776134491,0.8047653985023498,-0.3224144160747528,-1.0164191293716431,-0.9301958513259888,5.187868500351906,8.153889387249947,0.7264950638392474,0.237010378986597,0.3886301949620246,-0.0340232615265995,-19.2071915435791,-23.52477149963379,1.769731985628605,4.41233344078064,1013.8012084960938,4.890523233413696,8.338753490447997,1.6523165202140808
2025-06-11 20:39:16+00:00,1.2000000476837158,0.3499999940395355,3.0,7.653061389923096,3.809999942779541,279.6000061035156,2.0,-75.16059363260865,39.98530673794448,0.3199534547328949,0.1865883669257163,0.4885515248775482,0.7895693325996399,-0.0390253127101459,-1.0994573521614075,-0.7937098097801208,4.823817120522869,8.507772835541745,-0.3023076652245102,0.163487645816438,-0.0173550700882867,0.0740871031825639,-18.280479621887206,-25.161523475646973,5.9801959037780765,3.805006766319275,1013.8742065429688,4.4497186470031735,8.736051425933837,0.1787827395042404
2025-06-11 20:39:17+00:00,1.7999999523162842,0.4699999988079071,3.0,8.163265228271484,3.139999866485596,279.79998779296875,2.0,-75.16063462011516,39.98531000688672,0.4077806138262457,0.2754095835345131,0.4519265446127677,0.7436897304593301,0.0924702143862045,-1.11263137690875,-0.9457791325997332,3.820601237118244,9.1636274433136,0.1170704768598079,-0.0866450617225685,-0.1935659069858957,0.0095388706928739,-11.291354060173036,-25.906699419021606,1.980466646181109,4.363715553283692,1013.8069152832032,4.313999575011584,8.798296325060786,-0.4022277994176411
2025-06-11 20:39:18+00:00,1.399999976158142,0.3700000047683716,3.0,8.163265228271484,3.0999999046325684,279.79998779296875,1.0,-75.16067418269813,39.98531302437186,0.239766120314598,0.2413557466864585,0.4630481910705566,0.817285132408142,0.3632292014360427,-1.0637855887413026,-0.3556462436914444,4.613450093269348,8.801109352111816,-0.5857938163727522,-0.2215269131690729,-0.3531187382340431,0.0503574112104251,-39.02023529052735,-5.829647927284241,13.56810777068138,3.0935745000839234,1013.9596252441406,4.358022813796997,8.636869144439697,-1.6221116876602173
2025-06-11 20:39:19+00:00,1.2999999523162842,0.3799999952316284,3.0,8.163265228271484,3.3399999141693115,279.79998779296875,1.0,-75.16071500256658,39.985320777632296,0.3046943019239269,0.1650324485131672,0.4946655983827552,0.7958829451580437,-0.0842201325885609,-1.093902614651894,-0.7823782684851666,4.7539012462508925,8.31374167422859,0.6002559816958953,0.2794958923477679,0.0703669116289044,-0.0159856672071328,-18.78952467441559,-23.9112370411555,20.54352879524231,4.179020571708679,1013.8291564941406,4.340706153791778,8.77653102485501,0.4780825643743179
2025-06-11 20:39:20+00:00,1.100000023841858,0.3300000131130218,3.0,7.142857074737549,3.619999885559082,279.70001220703125,1.0,-75.16076219268143,39.98532333411276,0.2603717169165611,0.1618520635366439,0.4956306260824203,0.8123150515556335,0.0108043821249157,-1.0965118861198426,-0.6137058031558991,4.7917508018016814,8.362739992141723,-0.0861957482993602,0.136678598163759,-0.1063635925050167,0.0106715607621213,-29.779467430114742,-16.90651563644409,7.006459859460592,4.008329749107361,1013.8497314453124,4.308232669830322,8.80806776046753,0.0556342204287648
2025-06-11 20:39:21+00:00,2.0,0.449999988079071,3.0,7.142857074737549,4.199999809265137,276.0,1.0,-75.16080879606307,39.98532693833113,0.2981703330059441,0.1272307599381524,0.5035011744012639,0.8008154557675732,-0.2061455052117911,-1.0806054947327597,-0.8366868435120096,4.961902208328247,8.417492408752441,0.7777998183667659,-0.0393409408362848,0.1651798848214806,0.0413489269498944,-25.986778259277344,-19.157114597077065,1.5117616769164166,3.9935330867767336,1013.8514099121094,4.427533470854467,8.69373913200534,1.0113792224806182
2025-06-11 20:39:22+00:00,2.700000047683716,0.4900000095367431,3.0,8.163265228271484,3.1999998092651367,276.70001220703125,1.0,-75.16085238195956,39.98532953672111,0.2661224097013473,0.159847211241722,0.492806014418602,0.8127449822425842,-0.004971114275977,-1.0888958382606506,-0.6357391822338104,5.055297038555145,8.224831008911133,0.0301534774340689,0.0812129358290599,-0.080587905147398,-0.0004309620120211,-20.016215810970383,-20.28386906215123,4.299877438010002,4.25155802776939,1013.8203703227796,4.476522483825684,8.725732498168945,0.0644628645014017
2025-06-11 20:39:23+00:00,2.900000095367432,0.5299999713897705,3.0,7.653061389923096,3.049999952316284,277.8999938964844,1.0,-75.16089278273284,39.985333727672696,0.1553454094876845,0.0999741312116384,0.5095159399012724,0.8402020012338957,0.0210528373972919,-1.0918865328033764,-0.352859598894914,4.956414355763367,8.297238826751709,0.1120022209266162,-0.0719244763426178,-0.0608669634247958,0.002168746840931,-28.36201181217116,-15.00450579974116,1.3370203689805098,4.418410730361939,1013.8003692626952,4.4584576353734855,8.737950675341548,-0.0546886558045766
2025-06-11 20:39:24+00:00,2.200000047683716,0.5099999904632568,3.0,8.673469543457031,4.029999732971191,276.20001220703125,1.0,-75.160938128829,39.985335445962846,0.2287785232651467,0.0809881709077778,0.5083383637316087,0.8257791364894194,-0.207374202854493,-1.0697516179552264,-0.6636767901626288,5.513818660203149,8.237047111286836,0.6631161155471322,0.1626367063820361,0.1486923902481794,0.0210178937071759,-22.994803581237797,-21.84409969329834,7.178479881286621,3.897882771492005,1013.8628845214844,4.581965296876197,8.616681229834462,0.989261225158093
2025-06-11 20:39:25+00:00,1.0,0.2800000011920929,3.0,8.163265228271484,4.009999752044678,279.70001220703125,1.0,-75.1609983947128,39.98534198384732,0.2707936263084411,0.1539459279179572,0.4918071281909942,0.8130085873603821,-0.0341855919368208,-1.082327880859375,-0.6635845232009888,5.434912667274475,8.430452585220337,0.3880462230928242,-0.1190189263399909,-0.0370405702303875,0.0181187946490906,-18.86827548980713,-21.37879154205322,4.167519906759262,3.677517056465149,1013.889404296875,4.614869556427002,8.654580993652344,0.1468309558415785
2025-06-11 20:39:26+00:00,1.2999999523162842,0.3899999856948852,3.0,8.163265228271484,3.889999866485596,280.0,1.0,-75.16105304472148,39.98534634243697,0.1678942674398421,0.0895818027853965,0.5031877166032791,0.8428830528259277,-0.0375398907787166,-1.072325007915497,-0.4155359441041946,5.147372039556504,8.488758792877197,0.0860775395110249,0.1172798569836862,0.0391499312708572,0.0230374486014551,-36.29748901055784,-13.0853711342325,10.890865097240528,3.690464282035828,1013.887823486328,4.722540636062622,8.595814037322999,0.1615501621342264
2025-06-11 20:39:27+00:00,1.2999999523162842,0.3400000035762787,3.0,7.653061389923096,3.379999876022339,280.0,1.0,-75.1610969658941,39.98535212595016,0.2623415157198905,0.1438857501745223,0.4866403317451477,0.8203091490268707,-0.039520064331591,-1.0642482709884644,-0.6422517609596252,5.353189599514008,8.17864990234375,0.2123282805085182,0.0312677058018743,0.0049405468651093,-0.0119844829966314,-20.55748764038086,-24.31606346130371,19.255747585296632,3.8677607774734497,1013.8666076660156,4.826106071472168,8.539251537322999,0.1424217401444911
2025-06-11 20:39:28+00:00,4.199999809265137,0.5699999928474426,3.0,7.142857074737549,3.129999876022339,280.20001220703125,0.0,-75.16113962978125,39.98535723891109,0.2837825806773438,0.1452813993911353,0.4804867603340927,0.8167822519127204,-0.0709641589117901,-1.0499374233946508,-0.7098131775856018,5.317607504980905,8.126575635404002,0.0686134249672806,0.1855787908285855,0.0593615109601523,-0.0056043724413029,-31.1565583676708,-16.92936708489243,18.797709737505237,3.6333909749984734,1013.8946838378906,4.959288353822669,8.457296468773666,0.2897968260305268
2025-06-11 20:39:29+00:00,5.599999904632568,0.4900000095367431,3.0,8.163265228271484,2.039999961853028,281.20001220703125,0.0,-75.16117558814585,39.98536277096719,0.4126851467453704,0.1975342415425242,0.4583329023147116,0.7618689889810524,-0.1525706255010195,-1.037842711623834,-1.0800227133595213,5.607589901710044,7.988002056978186,0.6235826603916227,-0.1222705403342842,0.0405560744402464,0.0148819987286212,-22.88592871030172,-21.792503754297893,10.665341516335806,3.2344077825546265,1013.9427490234376,5.027386684417724,8.396248683929443,0.6480400216579437
2025-06-11 20:39:30+00:00,7.699999809265137,0.5,3.0,7.653061389923096,1.46999990940094,275.8999938964844,0.0,-75.16120500862598,39.98536909930408,0.3616848679221406,0.2024642639622396,0.4451040923595428,0.7937022338108141,-0.00127012380969,-1.021753218709206,-0.8559302566002827,6.221099493454914,7.681495355100048,-0.025707126713871,-0.1520688863044294,-0.1919494362664408,-0.0162601094052661,-18.776546556122447,-15.134722125773528,24.39999954067931,3.2616231441497803,1013.9393920898438,5.262090819222586,8.277808753811584,-0.1084418547605829
2025-06-11 20:39:31+00:00,12.100000381469728,0.5600000023841858,3.0,6.63265323638916,0.1199999973177909,274.1000061035156,0.0,-75.16121741384268,39.98537111096084,0.4858234882354736,0.2482098951935767,0.4202404183149337,0.7245195162296295,-0.092930901646614,-1.017500171661377,-1.2332571053504944,4.692240696327359,8.426227130141912,0.3773831035759227,0.0542023425342096,0.1160399898202443,0.0244659457940189,-12.617595613002775,-19.43434544404348,24.759136994679768,3.9066021919250487,1013.8619384765624,5.270876140594482,8.267089748382569,0.3251362109184265
2025-06-11 20:39:32+00:00,17.299999237060547,0.4399999976158142,3.0,7.653061389923096,0.3999999761581421,274.1000061035156,0.0,-75.16121473163366,39.98536654282361,0.5284727786449676,0.2799039781093597,0.4008909077086347,0.693960170796577,-0.067427810281515,-1.020313818404015,-1.3394267609778872,5.03541299700737,8.411970019340515,0.1309142017319876,0.0499825316558902,-0.0141683096489941,-0.0021858250305134,-13.237248712656449,-18.548979155871333,25.28163633541185,3.322923922538757,1013.9320220947266,5.229211211204529,8.297228455543518,0.2094740644097328
2025-06-11 20:39:33+00:00,23.200000762939453,0.3600000143051147,3.0,7.142857074737549,0.25,274.1000061035156,-1.0,-75.16121917404234,39.98536113649607,0.5582923524233759,0.2858984397382152,0.3989055722343678,0.668889967762694,-0.1208191433427284,-1.0214639172262074,-1.4587769775974506,4.953817090209649,8.400901074312172,0.5295995486596105,-0.0267489465574423,-0.0221004254399304,-0.0009392109059263,-13.4222405492043,-19.999285483846855,23.330881157699896,3.497578239440918,1013.9110107421876,5.169572674498266,8.321764790281957,0.5055730269879711
2025-06-11 20:39:34+00:00,29.700000762939453,0.4300000071525574,3.0,7.142857074737549,0.2899999916553497,274.1000061035156,-1.0,-75.16122051514685,39.98535807710141,0.5534627604484558,0.2926105672121047,0.3956938940286636,0.6719230842590332,-0.0866337236762046,-1.0268028807640075,-1.426920669078827,4.936824445724487,8.435281391143798,0.3029682662710547,0.0184735989041283,0.0011535378172473,0.0005485592262593,-13.398338551423988,-19.120885342967757,24.40846482101752,3.392151498794556,1013.9237365722656,5.127773542404174,8.355962924957275,0.345319937467575
2025-06-11 20:39:35+00:00,36.79999923706055,0.3899999856948852,3.0,7.142857074737549,0.2599999904632568,274.1000061035156,-2.0,-75.16122546046972,39.98535556253046,0.5563076354087667,0.293869192929978,0.3959114811521895,0.668890580217889,-0.091928037398673,-1.0286533020912332,-1.4395018029720226,4.940726825169155,8.425408051938426,0.4515696496379618,0.0155897544078024,-0.0015994546225853,0.000195088603319,-13.397633075714111,-19.245753804842632,24.318920373916622,3.2478832483291624,1013.9410247802734,5.096999046650339,8.37299856226495,0.385978471091453
2025-06-11 20:39:36+00:00,0.0,0.0299999993294477,3.0,7.142857074737549,0.0,0.0,-2.0,-75.16122546046972,39.98535560443997,0.5557771652352577,0.2966258654407426,0.39469574304188,0.6688346827731413,-0.0816550843563733,-1.030756055140028,-1.4329459760703294,4.945163474363439,8.4311710432464,0.3509324602052277,-0.0069807050939724,0.0012201534367964,-0.000206304492204,-13.489783687591553,-18.879743576049805,24.44367546081543,3.3488181829452515,1013.9288940429688,5.073019616744098,8.389287761613435,0.3468977452493181
2025-06-11 20:39:37+00:00,0.0,0.0199999995529651,1.0,1.530612230300903,0.0,0.0,-2.0,-75.16122722066939,39.98535380233079,0.5573185670375824,0.2979169291257857,0.3944850689172745,0.6670997929573059,-0.0824063518643378,-1.032123441696167,-1.4387249588966369,4.943189992904663,8.431456604003905,0.3752073162794113,-0.011430240998743,0.0018822243332033,-0.0004226761058089,-13.488319778442383,-19.107639694213866,24.367303581237792,3.385545778274536,1013.9244232177734,5.052581377029419,8.401010837554931,0.3609022551774978
2025-06-11 20:39:38+00:00,0.0,0.0099999997764825,1.0,1.0204081535339355,0.0,0.0,-2.0,-75.16122730448842,39.98535376042128,0.5570984470844269,0.3007924968004226,0.3928423362970352,0.666963301897049,-0.0713298949599265,-1.0336354303359985,-1.4323188853263855,4.942845859527588,8.434154529571533,0.319410448372364,-0.0019095367311092,0.0003037672247592,-0.0001255704414143,-13.340455722808835,-18.883403816223144,24.69548343658447,3.3504035598353337,1013.9286723889804,5.037177896499633,8.412170085906983,0.3135715395212173
2025-06-11 20:39:39+00:00,0.0,0.0099999997764825,1.0,1.0204081535339355,0.0,0.0,-2.0,-75.16122730448842,39.98535371851176,0.5588194837375563,0.3043181896209716,0.3908774062078826,0.6650668893541608,-0.0629102840107314,-1.035364858958186,-1.4334420817238944,4.899010509252548,8.46807461977005,0.2916608395753428,-0.0009135856135075,0.0230897890744797,0.0002236380814978,-12.89930368423462,-18.755791549682616,24.85823154449463,3.4500172615051268,1013.9167236328124,5.019393414867167,8.424011172080526,0.2786597457467293
2025-06-11 20:39:40+00:00,52.59999847412109,0.3300000131130218,1.0,1.530612230300903,0.1400000005960464,274.1000061035156,-2.0,-75.16122738830745,39.98535417951644,0.5628673932990249,0.3120166233607701,0.3896533828608843,0.6587284584434665,-0.0549841021396675,-1.044449263689469,-1.4458432830109889,4.162743129730225,8.884623699188232,0.2297640559077262,0.0370019176910745,0.0209900377833816,0.0033076693415546,-11.917407931113727,-19.840187384157765,23.975240434919083,3.859041237831116,1013.8675354003906,4.93966983795166,8.472062644958497,0.2416884624958038
2025-06-11 20:39:41+00:00,52.59999847412109,0.3799999952316284,1.0,2.551020383834839,1.0499999523162842,274.1000061035156,-2.0,-75.16123535111547,39.98535526916385,0.6448575199819079,0.3667257767097622,0.3578330763414794,0.5629219821855134,-0.0982765820569029,-1.0679581889919203,-1.7631229419334262,3.4607760064742146,9.05636136672076,1.285269673402403,-0.5585223372653126,-0.3292876695469022,0.0057449311530217,-16.302371711730956,-71.84921268463135,3.57386794090271,4.338878226280213,1013.8099365234376,4.669285316093295,8.590543092465868,0.4547961282306442
2025-06-11 20:39:42+00:00,61.20000076293945,0.5,1.0,3.5714285373687744,2.6499998569488525,274.1000061035156,-2.0,-75.16125697642565,39.98535707127303,0.4906481145596018,0.2481024420383024,0.4604883856919347,0.696153058081257,-0.2290218584999745,-1.0868720910987075,-1.365935247771594,3.1655301542914644,9.1286101195277,1.2453192802032038,0.0147191127853504,0.1806230266742846,0.0993118059436799,-24.431619916643417,-14.786399705069403,-3.036306079553098,4.212049102783203,1013.8252563476562,4.445572249743403,8.676044211095693,1.063112999711718
2025-06-11 20:39:43+00:00,2.400000095367432,0.3499999940395355,1.0,4.081632614135742,3.179999828338623,275.6000061035156,-2.0,-75.16129033640027,39.98536029830575,0.3361515323726498,0.1917978370068024,0.5051208521638598,0.7712486009208523,-0.1044333441829194,-1.1387332726498038,-0.8888387667889498,3.637991009242072,9.125429523234464,0.7211662195195273,0.1184724809563889,0.0267988521681756,0.0112825113453199,-25.88738278547923,-20.566403826077774,5.784324864546458,3.367049908638001,1013.9268188476562,4.050965085321543,8.916047446581782,0.5229356240253059
2025-06-11 20:39:44+00:00,2.299999952316284,0.5099999904632568,1.0,5.102040767669678,5.779999732971191,274.29998779296875,-2.0,-75.16134523786604,39.98536381870508,0.2965496103374325,0.1801228489802807,0.5161387202691059,0.7829683325728591,-0.0602027444710612,-1.155643959434665,-0.763537305958417,3.977709621799236,8.701184000287737,0.6302003127959918,-0.0670187124027395,-0.0400312285471175,-0.0557008539564071,-22.888444433406907,-19.072583373712035,7.473620190912364,2.9523449420928958,1013.9766235351562,3.89181949654404,8.996752972505531,0.3490897772871718
2025-06-11 20:39:45+00:00,6.0,1.2699999809265137,2.0,8.673469543457031,4.739999771118164,271.20001220703125,-2.0,-75.16140759922564,39.98536578845233,0.2657469844818115,0.13876308709383,0.5279930472373963,0.7944798350334168,-0.1475187234580516,-1.150057497024536,-0.7411882472038269,4.373437360525132,8.938506660461426,-0.0864755688980221,0.095264332788065,0.040370397856459,-0.0103051034593954,-25.165671615600587,-22.69370746612549,2.615435953736305,3.151968789100647,1013.952667236328,3.882629842758179,8.9803147315979,0.705643527507782
2025-06-11 20:39:46+00:00,8.199999809265137,1.4800000190734863,2.0,11.22449016571045,5.440000057220459,271.20001220703125,-2.0,-75.16146593727171,39.98536805156618,0.2302195175605661,0.158688190813158,0.5266576444401461,0.8026419901380352,0.0310741197842848,-1.1639610692566515,-0.5381701378261342,4.652582334829312,8.707869992536658,-0.0211546476565155,-0.1708294264483265,-0.0265593144297599,0.0040239163464866,-26.13215564727783,-21.21555564880371,20.629711537361143,2.720749640464782,1014.0044860839844,3.8250053489909455,9.029934640024225,-0.0300654568137342
2025-06-11 20:39:47+00:00,4.099999904632568,0.8700000047683716,2.0,11.73469352722168,6.039999961853027,275.70001220703125,-3.0,-75.16154271550477,39.985358831472695,0.2453970558320482,0.1631739841153223,0.5228248524169127,0.7997688204050064,0.0109745225421041,-1.1592662259936333,-0.5882607052723566,4.166685633865806,8.798170646031698,0.2782074858744939,-0.0059114698169287,-0.1070223219366743,-0.000228491704911,-24.666874329249065,-21.338816165924072,6.110929071903229,3.016948676109314,1013.9688110351562,3.852499797940254,9.021183172861734,-0.0026673937099985
2025-06-11 20:39:48+00:00,2.5,0.7099999785423279,3.0,13.26530647277832,8.619999885559082,275.70001220703125,-3.0,-75.16164648346603,39.98537341598421,0.252986339890227,0.1511911123382801,0.5227167083292591,0.799867936543056,-0.055459875974576,-1.149787693607564,-0.6486261304543943,4.337690326936391,8.597863849328489,0.5254967378794538,-0.0936931695085855,-0.0347855889609045,-0.012266791295569,-23.595297443623444,-21.429424130186742,8.997375352042061,3.1704646825790403,1013.9503784179688,3.91916644816496,8.988580197704081,0.2399098271009873
2025-06-11 20:39:49+00:00,5.300000190734863,1.5099999904632568,3.0,12.755102157592772,7.109999656677246,266.70001220703125,-4.0,-75.16175100579858,39.98537911567837,0.2561091470221678,0.1446349176888664,0.5235002860426903,0.7996358585854372,-0.089564823390295,-1.1464615364869437,-0.6777497753500938,4.409026884784301,8.438803454240164,0.4712368774732264,0.0317473032293801,0.0265590799774261,0.0031305797251951,-23.935901680771185,-21.14210156032017,5.969285575710997,2.937416100502014,1013.9783935546876,3.9475011533620408,8.972740076026138,0.3755942601330426
2025-06-11 20:39:50+00:00,7.199999809265137,1.5700000524520874,3.0,16.32653045654297,6.37999963760376,263.29998779296875,-4.0,-75.16184211708605,39.985380289144814,0.2351992108992167,0.1452549425314883,0.5182614180506492,0.8092555184753574,-0.0206933805406597,-1.1362791426327763,-0.5789144550051007,4.576314529180527,8.386140356063843,0.1471955126523971,0.0353470628662985,0.0234524371525348,-0.0143515877413791,-26.6618794631958,-20.08607963562012,7.874855794906616,2.644388031959534,1014.0135803222656,4.049267129898071,8.933286190032959,0.0827720272657461
2025-06-11 20:39:51+00:00,0.699999988079071,0.4600000083446502,3.0,14.795918464660645,8.429999351501465,276.29998779296875,-4.0,-75.16194730997086,39.98540036380291,0.2289531643812854,0.1304375825760264,0.5210119659701983,0.8117733386655649,-0.0632678694867839,-1.133012833694617,-0.5900469534099102,4.785544699989259,8.577115376790365,0.1402805794399076,-0.0292027923468576,-0.0448217754375797,-0.0095188960585058,-25.77504126230876,-21.0015371243159,4.678954059878985,3.1081069707870483,1013.9578857421876,4.081386188666026,8.916692117849985,0.249590854315708
2025-06-11 20:39:52+00:00,1.100000023841858,0.9700000286102296,3.0,12.755102157592772,8.470000267028809,279.79998779296875,-4.0,-75.16208267770708,39.98542123474181,0.2434753113985061,0.1409543612599372,0.5157748651504517,0.8091887509822846,-0.0537318207696079,-1.1275743269920349,-0.6185125136375427,4.636799588799477,8.354206228256226,0.3253854787070304,-0.0442964477526188,-0.0706452107257848,-0.0062086407509495,-21.24654357910156,-18.70235565185547,8.065419816970826,1.863596034049988,1014.107421875,4.147297954559326,8.88761812210083,0.2072220410406589
2025-06-11 20:39:53+00:00,1.100000023841858,0.800000011920929,4.0,16.32653045654297,10.34999942779541,280.1000061035156,-5.0,-75.16219893470407,39.985438250005245,0.251917066052556,0.1215783553197979,0.5177080904444059,0.808497761686643,-0.1468086865109701,-1.1161381925145786,-0.6958443311353525,4.508990266493389,8.591595776227056,0.4922527508258971,0.0646671124125773,0.0587158905323214,-0.0077236731042515,-24.821407834688824,-21.81766641139984,4.5981290737787885,3.0885542154312136,1013.9601745605468,4.236376450986279,8.827656025789222,0.5977278138910022
2025-06-11 20:39:54+00:00,4.0,1.350000023841858,4.0,16.836734771728516,8.470000267028809,282.79998779296875,-5.0,-75.16232013702393,39.98545472044498,0.2330218480622514,0.1480322356553787,0.510448010677987,0.8143764658177153,0.0073811820619355,-1.1206827036877895,-0.5527512811599894,4.352122739869721,8.459708651717829,-0.1637890504825176,-0.0062019850679752,-0.043418501265981,0.0123391264375853,-24.24944642249574,-19.490927351282,6.432514789256643,1.6860352516174315,1014.1287841796876,4.248655725032725,8.841916956800096,-0.0618808492621842
2025-06-11 20:39:55+00:00,4.599999904632568,1.340000033378601,5.0,16.32653045654297,8.510000228881836,283.5,-6.0,-75.16242273151875,39.985476597212255,0.2147673418124516,0.1239824819688995,0.5196887453397115,0.8173865899443626,-0.0478650816561032,-1.126884048183759,-0.5441486537456512,5.448627841969331,8.565102244416872,0.6568794782894353,-0.0002782590260418,-0.0835967039771882,-0.0085854373173788,-23.350545287132263,-16.942749679088593,5.08714571595192,1.6384742498397826,1014.1345825195312,4.187211578090985,8.867976546287537,0.1763568844956655
2025-06-11 20:39:56+00:00,1.7000000476837158,0.800000011920929,4.0,12.244897842407228,8.779999732971191,279.8999938964844,-5.0,-75.16254728659987,39.985506855882704,0.2201324999332427,0.1197509081102907,0.5200124147037665,0.8165498450398445,-0.0773622912044326,-1.1242469797531764,-0.5754010751843452,4.91584475338459,8.874258190393448,0.5837892966422563,-0.021641748889427,0.0428425170442399,-0.0160855907476313,-23.675878643989563,-21.52486634254456,6.140920718510945,2.089774656295776,1014.0802612304688,4.208386758963267,8.855640510718027,0.3055792236700653
2025-06-11 20:39:57+00:00,3.5,1.2999999523162842,5.0,13.26530647277832,8.489999771118164,281.0,-4.0,-75.162653317675,39.98552952893078,0.2176328614658238,0.1219976839362358,0.5172896591984496,0.8185998237862879,-0.058368759419845,-1.1197808080789995,-0.5562904562268939,4.669347196817398,8.483062191009521,0.0371086281677707,-0.0237298546263071,0.0148732429552896,0.006660908862364,-22.483852658952987,-18.523334269620936,5.413314177065479,1.341482639312744,1014.1701354980468,4.260394306182861,8.833012199401855,0.2275626324117183
2025-06-11 20:39:58+00:00,3.0,1.0700000524520874,4.0,12.244897842407228,9.809999465942385,284.0,-3.0,-75.16277343034744,39.98555077705532,0.196221291434531,0.125586502400099,0.5192517614832112,0.8222243762483784,0.0065410787778377,-1.1270236361260508,-0.464343634890575,5.110252946913242,8.584467048645019,0.323624245384708,-0.0854328664205968,-0.001693369388231,0.0001975155412219,-25.407121852952606,-19.533444579766723,5.161844808228162,1.9251610040664675,1014.1000366210938,4.202501465292538,8.863372447443943,-0.0446999687701463
2025-06-11 20:39:59+00:00,2.299999952316284,1.2300000190734863,4.0,11.22449016571045,10.710000038146973,283.8999938964844,-1.0,-75.16290628351271,39.9855641881004,0.1681249830126762,0.0437467986717819,0.5330813825130463,0.8276319432258606,-0.2425045123696327,-1.112269766330719,-0.551409347653389,4.485576547919868,8.58679678488751,0.2243128839348043,0.3759972477445797,-0.0428345231719467,0.020246047887723,-38.28758317597058,-31.02061598641532,-2.068273433084999,2.6887781858444213,1014.008331298828,4.174459767341614,8.80289894104004,1.0364535546302795
2025-06-11 20:40:00+00:00,4.300000190734863,1.830000042915344,4.0,9.183673858642578,10.630000114440918,283.8999938964844,0.0,-75.16304098069668,39.985579485073686,0.2220046471576301,0.0926994194029545,0.5326629645970403,0.8112224571558894,-0.2027611699031323,-1.1318069331499996,-0.6628098232405526,5.005655802976416,9.038071705370534,0.6818940033565979,-0.211261719930917,0.1142714622740944,0.0246543704512684,-18.286501742423848,-24.940174102783203,1.3793786965469097,1.5544916956048265,1014.144621196546,4.080620395893953,8.876253750859474,0.824159957316457
2025-06-11 20:40:01+00:00,3.5,1.0399999618530271,4.0,7.653061389923096,9.989999771118164,279.70001220703125,0.0,-75.16315162181854,39.98559897299856,0.1311129060387611,0.1341659155488014,0.5249591159820557,0.8296478104591369,0.2034503972530364,-1.1363885450363158,-0.183330036997795,4.793941452018917,8.520923500061036,0.3818961229920387,-0.1109712965786456,-0.0978023876342922,0.0052589703444391,-20.679497582571848,-18.63388127696757,23.00446891784668,0.9950806856155396,1014.211944580078,4.050229597091675,8.894179000854493,-0.8497901916503906
2025-06-11 20:40:02+00:00,1.2000000476837158,0.5600000023841858,4.0,8.163265228271484,10.149999618530272,283.20001220703125,0.0,-75.16327165067196,39.98561577871442,0.2083026993274688,0.1078839311003684,0.5253253102302551,0.8178783810138702,-0.0992613671720027,-1.1294450235366822,-0.5616381144523621,4.8023273178509305,8.525805736074643,-0.2023436330610468,0.1312917248345911,-0.0257222889759577,0.0005052794306539,-25.296325917146643,-22.133787310853297,5.307248864855085,2.30432722568512,1014.0544738769532,4.19992698941912,8.855024182066625,0.3947532976768454
2025-06-11 20:40:03+00:00,4.300000190734863,1.7799999713897705,4.0,9.183673858642578,10.15999984741211,282.29998779296875,0.0,-75.16339025460184,39.9856270942837,0.2156731226280623,0.1205774782335056,0.521790648207945,0.8164594898036882,-0.065948824197346,-1.1291200203054093,-0.558280046079673,4.513790508111318,8.350865541719923,0.418176960419206,-0.0476551482104696,-0.0201652138377539,-0.0032271935790777,-24.573971519470216,-22.65442363739014,5.651771898269653,2.6689610719680785,1014.0105895996094,4.2362367031621,8.844072416716932,0.2459848346371276
2025-06-11 20:40:04+00:00,1.2999999523162842,0.6100000143051147,4.0,7.142857074737549,10.75,277.5,0.0,-75.16351958736777,39.98563187196851,0.2145515611767768,0.115369555056095,0.5222803521156311,0.817204077243805,-0.0831093077361583,-1.1269735741615294,-0.5661028802394867,5.026065325736999,8.345168166160583,0.1804060907289385,0.0450421512220054,0.0082896472502034,-0.036267541067209,-23.495979537963866,-22.37357955932617,5.620051851272583,2.048819398880005,1014.085205078125,4.2435546875,8.837992858886718,0.3231646782159805
2025-06-11 20:40:05+00:00,1.600000023841858,0.7099999785423279,4.0,9.183673858642578,9.969999313354492,279.6000061035156,-1.0,-75.16363006085157,39.98564603738487,0.2197701066732406,0.1301118177175521,0.5198352098464966,0.8151103925704956,-0.0383803284307941,-1.1303185796737671,-0.5510393887758255,4.786806774586439,8.74166437149048,0.2482742270082235,-0.1123828813317231,0.0128328329650685,0.0196795856952667,-25.128339500427245,-23.155355644226077,5.647379903793335,3.1810199336001745,1013.9491641395972,4.20342833518982,8.86041175842285,0.1422340221283957
2025-06-11 20:40:06+00:00,2.0999999046325684,0.8199999928474426,4.0,9.693877220153809,9.550000190734863,277.8999938964844,0.0,-75.16373869031668,39.98566292691976,0.212203188240528,0.1151057143509387,0.5230889022350311,0.8172713911533356,-0.0788350027054547,-1.1285839438438416,-0.5578407573699952,4.620079080164433,8.671527709960937,0.4402278576791286,0.1327406136738136,-0.0583279703836887,-0.0043386761701549,-25.11223552703857,-23.128271484375,5.203299894332885,3.748065733909607,1013.8809692382812,4.202920093536377,8.855100231170654,0.3181642404198646
2025-06-11 20:40:07+00:00,2.299999952316284,0.7599999904632568,4.0,9.183673858642578,9.029999732971191,280.20001220703125,-1.0,-75.16383818350732,39.98567776288837,0.2520258104314609,0.1442423306253491,0.5176924479251005,0.8037943596742592,-0.0689640644253516,-1.1343474193495149,-0.6516305001414552,4.427178204059601,8.784774970035164,0.083916156685778,0.0545615911179659,0.0088989629780835,-0.005969914549496,-20.123526242314554,-19.090758790775222,9.557330422559565,3.797476267814636,1013.8750610351562,4.156511958764524,8.881338936941964,0.2724059704615145
2025-06-11 20:40:08+00:00,6.099999904632568,4.28000020980835,4.0,12.755102157592772,6.75,281.70001220703125,-1.0,-75.16392996534705,39.985703118145466,0.2619115930795669,0.1518787777423858,0.5146814131736756,0.8021226811408997,-0.061119199246168,-1.1319774103164673,-0.6700558757781983,4.665812791585922,8.616755895614624,0.5683011844940483,-0.0209999084263108,-0.0301961945259245,0.0022079744096845,-21.90021957397461,-20.535283546447754,8.967243795394898,3.6843870162963865,1013.8886260986328,4.181921663284302,8.87061243057251,0.2394821286201476
2025-06-11 20:40:09+00:00,6.800000190734863,1.2799999713897705,4.0,12.755102157592772,6.029999732971191,280.3999938964844,-2.0,-75.16400707885623,39.98571543954313,0.2350550010800361,0.1290733359754085,0.51857546210289,0.8117328822612763,-0.0792720319936051,-1.1258208322525023,-0.6136295807361603,4.515039424896241,8.580563011169433,0.5468655942194164,0.1060579435023314,-0.0242458000213053,-0.0064349387779229,-23.4906116104126,-22.18765167236328,9.210999803543093,3.5321919202804564,1013.906982421875,4.235666990280151,8.841453895568847,0.3163722768332809
2025-06-11 20:40:10+00:00,5.400000095367432,1.690000057220459,5.0,17.346939086914062,7.5,280.5,-1.0,-75.16411260701716,39.98573061078787,0.2336976655448476,0.134498960028092,0.512993269910415,0.8149308897554874,-0.0469256952637806,-1.1173965906103451,-0.5878802898029486,4.68221564195594,8.464103095385493,-0.0700762103102645,0.0462512925542814,-0.0464997418237878,-0.002367913597296,-24.9903300538355,-22.35886492047991,5.457134616618254,2.8150788307189942,1013.9931182861328,4.336408187945684,8.797510981559753,0.1712836152873933
2025-06-11 20:40:11+00:00,3.299999952316284,1.0,5.0,16.32653045654297,10.149999618530272,310.29998779296875,-3.0,-75.16424805857241,39.98576455749571,0.2265763273652718,0.1228657393735281,0.5144128921080608,0.817810942932051,-0.0725687828143031,-1.1129988480587394,-0.5856128979702385,4.6707430214931565,8.514342377583185,0.4712088225739232,0.0175462206639349,-0.0650561471935361,-0.0212670367630198,-24.68797028064728,-20.419495344161987,8.015145699183146,3.2410133838653565,1013.941864013672,4.376498874352903,8.773720566107302,0.278068363362429
2025-06-11 20:40:12+00:00,4.099999904632568,1.350000023841858,5.0,14.795918464660645,9.399999618530272,299.3999938964844,-4.0,-75.16439884901047,39.98579158913344,0.2360596894001473,0.1538797997090281,0.5082400015422276,0.8136519947830512,0.0243713731915518,-1.1185659170150757,-0.549329550898805,5.321491868197918,8.541265215873718,0.4849769938364625,-0.2480758854891268,0.0578631432394363,0.0303750235221481,-24.56905664716448,-21.79816284958197,6.97640804855191,3.614630913734436,1013.8969848632812,4.319145812988281,8.801731967926026,-0.1369756956212222
2025-06-11 20:40:13+00:00,2.5999999046325684,1.1200000047683716,5.0,14.285714149475098,10.550000190734863,280.20001220703125,-4.0,-75.16453664749861,39.98580432962626,0.2353140467405318,0.0830625426024198,0.5151356875896453,0.819637154340744,-0.2273653758317231,-1.0825858235359191,-0.6956852418184281,4.866857534530116,8.672567348854214,0.3972731760027362,0.3122308079381378,-0.0099818064208731,-0.0222054325633359,-27.74328754425049,-30.148395347595216,0.7402959668636322,3.6048545837402335,1013.898178100586,4.493874263763428,8.65022035598755,1.0239671570062638
2025-06-11 20:40:14+00:00,1.2999999523162842,0.5600000023841858,5.0,14.795918464660645,10.550000190734863,276.8999938964844,-4.0,-75.1646611187607,39.9858144717291,0.2276963427358743,0.1314367195781396,0.5191019542363225,0.8129745527189605,-0.0525253866347769,-1.1278389497679109,-0.5792115050919202,4.888991297185421,8.518491859436034,0.5457313380390406,-0.241879615381512,0.0100474020451953,0.0209812014458738,-23.52956690107073,-23.04007300552057,7.069277403305988,2.643595242500305,1014.0136962890624,4.193246315936653,8.857659612383161,0.213032079069419
2025-06-11 20:40:15+00:00,1.399999976158142,0.5,5.0,11.22449016571045,9.949999809265137,277.29998779296875,-3.0,-75.16478257253766,39.98582142870873,0.2253693053308798,0.119648907257586,0.5194003752299717,0.8151625394821167,-0.0892755505723916,-1.121133407767938,-0.5952653757163456,4.837173269763589,8.615014097690583,0.0997873343352694,0.1841065391651069,-0.0369312232645342,-0.0281206287671716,-21.411497738896585,-21.76255891761001,7.385232553342167,4.645381999015808,1013.7731018066406,4.243262157440186,8.83084119796753,0.3853155069611966
2025-06-11 20:40:16+00:00,1.2999999523162842,0.5799999833106995,5.0,10.204081535339355,9.34000015258789,278.1000061035156,-2.0,-75.164894470945,39.98583479784429,0.2229159353300928,0.1189205463354785,0.5207576689620813,0.8153972538808981,-0.0886092043171326,-1.1248075366020205,-0.5895355554918448,4.661652697592365,8.670986243656703,0.5160787234424936,-0.0845151677542385,0.0501612216728378,0.0160795151284534,-23.543712099393208,-23.03868289788564,3.848337431748708,4.258817362785339,1013.819595336914,4.221740703193509,8.845585180788625,0.3637858677883537
2025-06-11 20:40:17+00:00,1.2999999523162842,0.5099999904632568,4.0,10.204081535339355,9.760000228881836,276.20001220703125,-2.0,-75.16500234603882,39.98584297019988,0.1955167818434384,0.1178142861748227,0.5172727923003995,0.8247521689959935,-0.0181450506871832,-1.118007409329317,-0.4768801185549522,4.977337653843724,8.434204627056511,0.2313519482861976,0.0751430861791595,-0.0382833303790539,0.0047656817406095,-23.996652564223933,-22.181093410569797,6.052942704181282,3.4029848337173463,1013.9224548339844,4.30067609280956,8.814799328239596,0.0689075500324216
2025-06-11 20:40:18+00:00,1.2999999523162842,0.4699999988079071,4.0,9.183673858642578,9.800000190734863,279.3999938964844,-2.0,-75.16510628163815,39.98586153611541,0.179760236658302,0.1287324824461749,0.5148175522392872,0.8281409331396514,0.0640838256233608,-1.1174858855266196,-0.3875026907406601,5.273001882375455,8.26252360963354,0.2077277869570488,-0.0076021737232804,-0.0875455814227461,0.0158185423724353,-24.558355445861817,-19.61491561889649,9.953979845046996,1.880902647972107,1014.106494140625,4.291320450165692,8.813133370642568,-0.2810264654165389
2025-06-11 20:40:19+00:00,1.100000023841858,0.4699999988079071,4.0,8.163265228271484,9.279999732971191,281.70001220703125,-1.0,-75.16521943733096,39.98587641399354,0.2218680445637021,0.1038314621059261,0.5203301225389753,0.8180373542162837,-0.1384371002109683,-1.1137629358135923,-0.6158645286851999,5.124530714385363,9.025442571056132,0.1737720110852803,-0.0693481923337094,0.052772559558507,0.0137261486577335,-25.61601595975915,-23.21635067219637,3.698093823024205,3.72005774974823,1013.88427734375,4.30417825737778,8.79461704954809,0.5874582717613298
2025-06-11 20:40:20+00:00,1.5,0.5,4.0,8.163265228271484,9.729999542236328,281.0,-1.0,-75.1653347723186,39.98589753638953,0.2266782361025712,0.1104578720975894,0.5166020843447471,0.8182293833518515,-0.1202994782705696,-1.109450101852417,-0.6150887024645902,5.136994889804295,8.93725108370489,0.5831270614752964,-0.0637069642329968,0.0125451486258368,-0.012028537643123,-25.808726057714345,-23.55969351165149,3.485714211755869,4.788857483863831,1013.755889892578,4.34944932937622,8.77718894958496,0.516803759932518
2025-06-11 20:40:21+00:00,1.0,0.3899999856948852,4.0,7.142857074737549,9.779999732971191,282.29998779296875,-1.0,-75.16545337624848,39.98591023497284,0.2055957525968551,0.0996277427673339,0.5199613726139068,0.8227159023284912,-0.1129803642630576,-1.112942419052124,-0.5600400030612945,4.942795788147012,8.650026259373645,0.4708057208632936,0.0668977165442644,0.045213652715296,-0.019597228093795,-23.40756688799177,-22.113121966926418,-0.5029387863314881,5.114469176844547,1013.7169157329358,4.31425785531803,8.796550848046127,0.4828234539956462
2025-06-11 20:40:22+00:00,1.7999999523162842,0.5899999737739563,4.0,7.653061389923096,9.09000015258789,276.3999938964844,0.0,-75.16556560993195,39.9859188683331,0.206690207731967,0.1094984936774993,0.5198115402338456,0.8214390837416357,-0.0797928015500121,-1.1180808592815787,-0.5428093683962919,4.683307374580478,8.667787318326988,0.407505962313438,-0.1120552884566844,0.0758398438005575,0.0344725634026036,-20.35457930272939,-23.99366483882982,4.87925293494244,5.862149119377136,1013.626983642578,4.269726081770294,8.821117031330965,0.3421263165913916
2025-06-11 20:40:23+00:00,1.2999999523162842,0.449999988079071,3.0,6.122448921203613,9.34000015258789,277.20001220703125,0.0,-75.16567382030189,39.98592557385564,0.1238102116146865,0.0955266444658746,0.5263341008400431,0.8355209486825126,0.0682467884213035,-1.1274930165738477,-0.2511218287506881,5.463383587343352,8.722673901489802,0.7009285119723301,-0.0108155221013086,-0.0929036376313591,-0.002627577841738,-31.353003443503862,-15.819167000906807,12.1957670474539,5.82066535949707,1013.6321105957032,4.146526550760075,8.884612005584094,-0.2678228406121535
2025-06-11 20:40:24+00:00,0.800000011920929,0.3499999940395355,3.0,6.122448921203613,9.829999923706056,281.1000061035156,-1.0,-75.16578052192926,39.98593651223928,0.1836062707006931,0.0974700772203504,0.5275579219063123,0.8236549682915211,-0.0779906649064893,-1.1309970741470654,-0.4881756746520598,4.722296526767313,8.75174691438675,0.5624069568887353,0.0730660097347572,0.0152363243279978,0.0127515619504265,-25.645395473558075,-23.25867703496193,4.64073049778841,5.0073734998703,1013.7296752929688,4.104733973133321,8.902410974307935,0.3509684306930523
2025-06-11 20:40:25+00:00,0.5,0.3000000119209289,3.0,6.63265323638916,9.889999389648438,281.5,-1.0,-75.16589443199337,39.9859577184543,0.1910191409143746,0.1046419934022659,0.526503280097363,0.8217652253076142,-0.0686313379921164,-1.132114048097648,-0.5003790872938493,5.02494821005373,8.727374235204621,0.3056333351368998,0.0049098429213068,0.0247742124281975,0.0217251886841746,-25.77225555419922,-23.267351608276368,4.837299947738647,5.903897070884705,1013.6219329833984,4.099908987681071,8.906156801709942,0.3119485232175565
2025-06-11 20:40:26+00:00,1.100000023841858,0.3899999856948852,3.0,5.102040767669678,9.880000114440918,280.29998779296875,-3.0,-75.16600599512458,39.98597347643226,0.176545463502407,0.1269906327749291,0.5276946139832338,0.8209910430014133,0.054004427838663,-1.1463744193315506,-0.3887419619907935,4.862361826896668,8.715829424858093,0.2681386202573776,-0.1563758357241749,-0.0851960475090891,0.0153538999706506,-25.2386275100708,-22.552675514221196,7.344399890899658,4.608125877380371,1013.7776794433594,3.9575533199310304,8.972480163574218,-0.1871595850307494
2025-06-11 20:40:27+00:00,0.8999999761581421,0.4799999892711639,3.0,6.122448921203613,10.229999542236328,281.0,-3.0,-75.16612694598734,39.98598345089704,0.1953901091217994,0.0893360584974288,0.5216874527931213,0.8256048166751861,-0.1272610571980476,-1.1113992834091186,-0.5437976586818695,4.76599815428257,8.124220659434796,0.3826637600362301,0.0625690604579083,-0.0255552471225739,-0.0285131850146821,-27.813071365356446,-23.63042339324951,2.449027945995331,5.635970520973205,1013.654327392578,4.252151460647583,8.820389976501465,0.5796349817514419
2025-06-11 20:40:28+00:00,1.0,0.4799999892711639,3.0,5.612245082855225,10.300000190734863,282.6000061035156,-4.0,-75.16624689102173,39.986003399826586,0.2022009893339507,0.1189521291122144,0.5306036375006851,0.8143154200242491,-0.0507079927317265,-1.1481503661797972,-0.5195085442796046,4.187887448739882,8.48311805104216,0.9310545464977622,-0.1527516538638393,0.0982277894117013,-0.0076811882401151,-24.86982384506537,-24.09425268367845,5.364265208341638,4.419599723815918,1013.8004272460936,3.950505422086132,8.969765935625349,0.231195279777202
2025-06-11 20:40:29+00:00,1.2999999523162842,0.5400000214576721,3.0,5.102040767669678,9.65999984741211,280.5,-4.0,-75.16636021435261,39.98601760715246,0.2116398209333419,0.1097968408465385,0.5283438527584076,0.8147507441043854,-0.1064120987802743,-1.1368076753616334,-0.5762228846549988,4.4750981523096565,8.645591011047363,0.1927033084802678,-0.0974703080765902,0.0382620135648176,0.0118046208377927,-25.50422411548848,-23.91673006330217,4.577240724952853,5.002353167533874,1013.730224609375,4.053078536987305,8.918277359008789,0.4597544506192207
2025-06-11 20:40:30+00:00,1.0,0.3600000143051147,3.0,5.102040767669678,9.929999351501465,280.79998779296875,-4.0,-75.16647663898766,39.98603935819119,0.1943573902050653,0.1085347544913197,0.526733981628044,0.8202304676467297,-0.0629805079501523,-1.1341009186763389,-0.5053612846954196,4.538806415071674,8.676858434490129,0.4490609929221226,0.0945347005748474,-0.0436107990312941,0.0057724471214674,-25.57991370376276,-23.17576708112444,5.157861115981121,5.352982926368713,1013.6881103515624,4.100154988905963,8.903969484217027,0.2773530587152231
2025-06-11 20:40:31+00:00,2.0,0.6899999976158142,3.0,7.653061389923096,10.229999542236328,281.5,-4.0,-75.16658686101437,39.986056121997535,0.2051118615459888,0.1096304078051384,0.5233617450328584,0.8196826348913476,-0.08130655098865,-1.126552995215071,-0.5416960665520202,4.83753387217826,8.486795537015224,0.4467940158507925,-0.0473618946726555,0.0751739160572785,0.0117706907002012,-25.339399456977844,-23.346478819847107,4.898808275659879,5.5282979011535645,1013.6670532226562,4.173578937848409,8.869002064069113,0.3587460042132686
2025-06-11 20:40:32+00:00,1.899999976158142,0.8199999928474426,3.0,7.653061389923096,10.229999542236328,283.1000061035156,-5.0,-75.16669775359333,39.98607757966965,0.1981448029377022,0.1381807667868477,0.5196450863565717,0.8192507867910424,0.047698142814773,-1.1337046817857392,-0.4445124551349756,4.450556804597074,8.520623362794215,0.5262082757390275,-0.3202406555840809,0.1184435897145648,0.0049581048553999,-24.789154519840164,-23.85448525876415,6.496873310634068,5.626374897203948,1013.6552316766036,4.109869480133057,8.897297139070472,-0.1899535810570137
2025-06-11 20:40:33+00:00,1.600000023841858,0.6000000238418579,3.0,8.163265228271484,9.920000076293944,281.5,-4.0,-75.16681384295225,39.98609664849937,0.1954329574108123,0.052835667207837,0.5244163978099823,0.8260771179199219,-0.2565722932806238,-1.0885261082649231,-0.6202141970396042,5.475775793194771,7.961820492744446,-0.2811331310495734,0.5653354952121343,0.0439418367043669,0.0136606190222961,-27.894323577880854,-22.875975646972652,1.0821399727836252,4.634152269363403,1013.7747802734376,4.3299489402771,8.700835647583007,1.1638599241216434
2025-06-11 20:40:34+00:00,1.2999999523162842,0.5400000214576721,3.0,7.653061389923096,8.889999389648438,278.0,-4.0,-75.16691710799932,39.986122506670654,0.2261195576190948,0.1220769809186458,0.5213551688194275,0.8136213588714599,-0.0864129877276718,-1.1277042150497436,-0.5966944003105163,4.69028601527214,8.472984046936036,0.1072737044095993,-0.1364024747908115,0.0537764576356857,0.0155157768167555,-24.36339954376221,-23.94567150115967,5.053971905708313,5.729506969451904,1013.6427917480468,4.164517755508423,8.87054121017456,0.3746065152436494
2025-06-11 20:40:35+00:00,2.0999999046325684,0.7300000190734863,3.0,7.653061389923096,9.170000076293944,278.29998779296875,-5.0,-75.16701970249414,39.98613331932575,0.2023637422919273,0.123956237733364,0.5207457208633423,0.8199990856647491,-0.0173252452892484,-1.1292811822891236,-0.4948144555091858,4.362583639214233,8.529804696842115,-0.0375391855949954,0.0995580626803697,-0.0656561500907219,0.0057574927887632,-25.04510568112743,-22.83765255675024,5.737485618007426,5.748002886772156,1013.640655517578,4.171093835830688,8.87640432357788,0.0814674418140203
2025-06-11 20:40:36+00:00,1.7000000476837158,0.5600000023841858,3.0,8.163265228271484,9.170000076293944,281.6000061035156,-4.0,-75.16712791286409,39.98614874202758,0.2126640297320424,0.1143008189237847,0.5196981308411579,0.8195082715579441,-0.0775321450616631,-1.1206832005053151,-0.5564592371181566,5.03102136015892,8.412017192840576,0.5511497250199318,-0.0126987663097679,0.0105693516088649,-0.0063598329223025,-25.009750638689315,-23.57438324908821,4.567779516687199,5.47096049785614,1013.6739196777344,4.2425907290711695,8.838308139723175,0.3368883893197896
2025-06-11 20:40:37+00:00,1.7000000476837158,0.6600000262260437,3.0,8.673469543457031,9.170000076293944,277.70001220703125,-3.0,-75.16722505912185,39.98615494463593,0.1930698895206053,0.1400248898814121,0.5171105563640594,0.8218674386541048,0.0713870391100499,-1.1288175334533057,-0.4162499085068702,5.082009546458721,8.651825120051702,0.4175388006066593,-0.1364753510308813,-0.0058200298048251,-0.0165682550500698,-24.501157840092976,-22.29295794169108,7.44276229540507,6.12254524230957,1013.5956420898438,4.166207134723663,8.872747083504995,-0.2931692383232682
2025-06-11 20:40:38+00:00,1.600000023841858,0.6299999952316284,3.0,8.673469543457031,8.90999984741211,281.8999938964844,-3.0,-75.16732941381633,39.986160225234926,0.1897419995069503,0.0729966908693313,0.5241163575649261,0.826455727815628,-0.1725499173067509,-1.1045293593406678,-0.5568436902761459,4.925754306316375,8.501943427324296,-0.1879882266093045,0.3801416973397136,-0.0671778549812734,-0.0051467226282693,-27.82502742767334,-23.55063545227051,1.9402879716455936,7.0984691143035885,1013.4784545898438,4.29870415687561,8.766225910186767,0.7702791819535196
2025-06-11 20:40:39+00:00,0.8999999761581421,0.3700000047683716,3.0,6.63265323638916,8.829999923706055,281.6000061035156,-3.0,-75.16743016429245,39.98617761768401,0.2011588102579116,0.147942506968975,0.5164220714569092,0.8182631611824036,0.0794096087012439,-1.1283473682403564,-0.4322369813919067,4.950887336730957,8.514119424819945,0.3190618017688393,-0.4451592167630335,-0.0251310836447744,-0.0113678201332175,-23.18074638989507,-23.15460356887506,8.210350912444445,6.791436862945557,1013.515380859375,4.1316907787323,8.870434055328369,-0.3307480543851852
2025-06-11 20:40:40+00:00,0.800000011920929,0.4199999868869781,3.0,8.673469543457031,8.929999351501465,280.6000061035156,-3.0,-75.16753342933953,39.98618868179619,0.1756657860716994,0.1080952904054096,0.5126729315640975,0.833390153184229,0.0001262883775706,-1.102740886260052,-0.4154066784041269,5.93731949317689,7.952644652011347,0.5375554951309574,-0.0545898005746457,0.0062703649057265,0.0197110854241312,-26.73776348114013,-22.3228275680542,5.817691907882691,5.874699902534485,1013.62548828125,4.419278079388189,8.756938055449842,0.0002166460149501
2025-06-11 20:40:41+00:00,3.0,0.8500000238418579,3.0,7.142857074737549,7.339999675750732,287.79998779296875,-3.0,-75.16762671992183,39.986201715655625,0.1531084343791007,0.0852704896032809,0.5070688402652741,0.8438894283771515,-0.0240790225192903,-1.0799772644042969,-0.3733837807178497,6.072110004425049,7.895258712768554,0.1485257962718606,0.0058595097181387,-0.050230508474633,-0.001472538660746,-28.32547142028809,-22.424087677001957,3.506279935836792,7.661669754981995,1013.4107971191406,4.623879776000977,8.651101741790772,0.1092660775035619
2025-06-11 20:40:42+00:00,2.400000095367432,0.5299999713897705,3.0,7.142857074737549,5.460000038146973,287.6000061035156,-3.0,-75.16770140267909,39.986217599362135,0.1269659570285251,0.0471067086850501,0.5047147614615304,0.8521115998832547,-0.0983337267320983,-1.0610888174601965,-0.3535229071062438,5.181099245790392,7.941258442898591,0.3361982970382087,-0.1369912046939134,0.0223089464767933,0.0133470633948794,-22.056074500083923,-22.887961983680725,3.986349912360311,6.92857084274292,1013.4988403320312,4.781203339497249,8.551736036936441,0.4414378597090642
2025-06-11 20:40:43+00:00,3.5999999046325684,0.6200000047683716,3.0,6.63265323638916,4.659999847412109,288.70001220703125,-3.0,-75.16775714233518,39.98622355051339,0.2093060159561585,0.0677725753309774,0.4981827881871437,0.8385966420173645,-0.1894677378693405,-1.0431950311271512,-0.598239367105523,5.653896842002869,7.940296621322632,0.4983515854179859,0.1184065981768071,0.1161013643443584,0.0108063857158413,-26.167779426574707,-23.65433544158936,1.7123919677734376,7.602482795715332,1013.4178161621094,4.914403581619263,8.441527328491212,0.9054498612880708
2025-06-11 20:40:44+00:00,2.5,0.4799999892711639,3.0,7.142857074737549,4.619999885559082,288.1000061035156,-3.0,-75.16781657002866,39.98623608145863,0.2709844765510965,0.131710835276766,0.4824417005193994,0.8223217675026427,-0.0896136756748594,-1.0450982413393386,-0.6883327643922035,5.784003220498562,7.5725700830419855,0.3692417070851661,-0.0748977091648064,0.0760420687420635,0.0098852809941472,-23.013681139264783,-22.895166864200515,7.419840618055694,6.398795008659363,1013.562530517578,4.98470499160442,8.43771449555742,0.397948036009961
2025-06-11 20:40:45+00:00,4.800000190734863,0.6299999952316284,3.0,6.63265323638916,2.990000009536743,283.70001220703125,-3.0,-75.16785361804068,39.986240565776825,0.2116407718585461,0.1190350822040012,0.468348777415801,0.8494876112256732,0.0075369130185097,-1.00871982866404,-0.4841436287578271,7.767384357452393,6.763236756324768,0.1340079578431323,-0.0356693331105634,-0.0956603612564503,-0.0137631199572933,-27.30335544586181,-19.61442760467529,7.010851812362671,6.32164056301117,1013.5716247558594,5.3807282545128645,8.201416580044494,-0.0963250470100616
2025-06-11 20:40:46+00:00,7.5,0.5699999928474426,3.0,6.63265323638916,1.309999942779541,287.20001220703125,-3.0,-75.16787298023701,39.98624249361456,0.1623888358473777,0.1234571073949336,0.4673775058984756,0.8601056063175201,0.1129150672256946,-1.004676684141159,-0.3112597721815109,5.1707050275802615,8.168700494766234,-1.0275330102443696,-0.1268289555412004,-0.0054889312804352,-0.0068094877345834,-27.58590747833252,-17.95717975616455,8.954799833297729,7.954037404060363,1013.3756103515624,5.396531991958618,8.164570713043213,-0.6445551806688309
2025-06-11 20:40:47+00:00,11.300000190734863,0.8199999928474426,3.0,5.612245082855225,0.9300000071525574,275.1000061035156,-3.0,-75.16786929219961,39.9862391827628,0.1699056599070043,0.1269758662172392,0.4734678028845319,0.8548775549028435,0.1077825659338165,-1.0210440275715846,-0.3319841687585793,4.721667953566009,8.554146691864611,-0.4979352694114341,0.0364817114232573,0.0097588553791865,0.0044082886324031,-27.37997142791748,-18.696255607604986,8.90624382019043,7.182229161262512,1013.4683837890624,5.220299449621463,8.284478056664561,-0.5897443890571594
2025-06-11 20:40:48+00:00,16.399999618530273,0.7699999809265137,3.0,6.122448921203613,0.2800000011920929,270.8999938964844,-4.0,-75.16786032356322,39.98623851221055,0.2141043463100989,0.1067457189783453,0.4832713852326075,0.8421025760471821,-0.0531932561934808,-1.0344326024254162,-0.5282199407617251,4.710706360486089,8.590377321048658,0.4528125538205614,0.1210990383916971,0.0019508859861941,0.0019250554674095,-27.11526195208232,-20.95121212800344,5.730441520611445,7.355033826828003,1013.4476318359376,5.099942773580551,8.375647584597269,0.2307139871894226
2025-06-11 20:40:49+00:00,0.0,0.0099999997764825,3.0,6.122448921203613,0.0,0.0,-4.0,-75.16785881482065,39.98623834457248,0.2190028831362724,0.1056997406482696,0.4864114934206009,0.8391761219501496,-0.0705510508269071,-1.0405060839653015,-0.5509913730621337,4.719727220535279,8.568835945129395,0.18912696801126,0.0413516458998225,0.018572162421021,-0.000216500773047,-27.06159120676469,-21.16027711362255,5.484771319798061,7.373001408576965,1013.445343017578,5.023232259750366,8.419811611175538,0.3218712788820266
2025-06-11 20:40:50+00:00,0.0,0.0399999991059303,1.0,1.530612230300903,0.0,0.0,-4.0,-75.16786241903901,39.9862402305007,0.2211124206684073,0.103991465148877,0.4890140495738204,0.8373531078805729,-0.0839830057657494,-1.0450359144989323,-0.5647223287699173,4.693027362823487,8.582557678222656,0.3941843608021736,0.0011394601964275,-0.0002947741183743,9.459418186451606e-05,-27.06374755859375,-21.36049152374268,5.280403881072998,7.309850931167602,1013.4529724121094,4.96456951997718,8.451990867147641,0.3910554197369789
2025-06-11 20:40:51+00:00,0.0,0.0299999993294477,1.0,1.0204081535339355,0.0,0.0,-4.0,-75.16786250285804,39.98624027241021,0.2214869123940565,0.1012301860111099,0.4914954815592084,0.8361387155493911,-0.0972700833666081,-1.0486673141012386,-0.5741745841746427,4.688310794830322,8.57067491531372,0.530017895102501,-0.0019129132549149,-0.0043796504382329,-0.0003128321256072,-27.161183065297653,-21.41224444642359,4.907636603530572,7.250135588645935,1013.4601440429688,4.916083164215088,8.476941413879395,0.457856627702713
2025-06-11 20:40:52+00:00,0.0,0.0299999993294477,1.0,0.5102040767669678,0.0,0.0,-4.0,-75.16786258667707,39.98624027241021,0.2139384570717811,0.1072718526422977,0.4912435317039489,0.8374975550174714,-0.0616410220414399,-1.052630467414856,-0.5360208129882813,4.693453817367554,8.57585988998413,0.2892375209927558,-0.0085899453421612,0.0054343773457124,-0.0005360475685165,-27.123649438222248,-21.0843954483668,5.527108252048492,7.208387637138367,1013.4651794433594,4.8866630554199215,8.501453113555907,0.2857486689090728
2025-06-11 20:40:53+00:00,0.0,0.050000000745058,1.0,0.5102040767669678,0.0,0.0,-4.0,-75.16786258667707,39.98624027241021,0.1998869025585602,0.1093230991035091,0.4915266991878042,0.8405323673267754,-0.0258024835540931,-1.0551867776987505,-0.4819821611959107,4.707724308481022,8.574624158898178,0.080231714594577,0.0040428203682662,-0.0043606040999293,-0.0001770751912364,-27.417383155044245,-20.494505746024,6.023314154877955,7.304357905136912,1013.4536389802632,4.865154675074986,8.517808622243454,0.114594997039863
2025-06-11 20:40:54+00:00,0.0,0.050000000745058,1.0,0.5102040767669678,0.0,0.0,-4.0,-75.16786258667707,39.98624027241021,0.2013111853477905,0.1075441332495941,0.4930440491559554,0.839532627134907,-0.0365403955232123,-1.05754423628048,-0.4920437822536546,4.699867324829102,8.578381290435791,0.2176493948698043,0.0084339626309303,0.0019027972011826,0.0003444169254548,-27.46116118735456,-20.59723367082312,5.922710520155887,7.240887594223023,1013.4612274169922,4.837508259987344,8.53266141852554,0.1676494357537249
2025-06-11 20:40:55+00:00,0.0,0.0399999991059303,1.0,0.5102040767669678,0.0,0.0,-4.0,-75.16786258667707,39.98624031431973,0.1992580224664843,0.10876748954155,0.4934703537396022,0.8396102518451457,-0.0286272760024483,-1.0592592930307194,-0.482782698407465,4.701476414998372,8.568208773930868,0.1605938861127166,0.0052005284839348,-0.0040413475038955,0.0002397468456744,-27.392734099407587,-20.511436462402344,5.976008055161457,7.24537947177887,1013.4607849121094,4.819323291778565,8.543584632873536,0.1301589442789554
2025-06-11 20:40:56+00:00,28.700000762939453,0.2800000011920929,1.0,1.530612230300903,0.0399999991059303,266.6000061035156,-4.0,-75.16786174848676,39.98623880557716,0.2083222079277038,0.1042791919410228,0.4954839068651199,0.8367912483215332,-0.0654209857434034,-1.0606595921516415,-0.526357399225235,4.708070459365845,8.575018978118896,0.324016293156892,0.0192042841683723,0.0017100230148571,0.0001871898506215,-27.334343452453613,-20.901527557373047,5.357263870239258,7.094769883155823,1013.4786682128906,4.795153150558472,8.55261022567749,0.3073984909057616
2025-06-11 20:40:57+00:00,0.0,0.0199999995529651,1.0,1.530612230300903,0.0,0.0,-4.0,-75.16786166466773,39.98623872175813,0.2096973233947566,0.1048595991496945,0.4959092262913199,0.8361253189105614,-0.0670179407678397,-1.0618575858134849,-0.5308166567017051,4.694554244770723,8.574253886353736,0.3265312606213139,-1.6986981499930026e-05,0.0025197357917931,-0.0001708690648956,-27.24723564147949,-20.95447555541992,5.334815902709961,7.055664229393005,1013.4834899902344,4.781370471505558,8.560091542262658,0.3153315093003067
2025-06-11 20:40:58+00:00,0.0,0.0299999993294477,1.0,1.530612230300903,0.0,0.0,-4.0,-75.1678615808487,39.98623867984861,0.21044102463187,0.1058378862787265,0.4961667729883778,0.8356622627803257,-0.0657252809222863,-1.0629646218552882,-0.5320415946902061,4.691471138000488,8.573714122772216,0.337476195693016,-0.0019988016818024,0.0040345749843254,-0.0001695367487627,-27.263513876467336,-20.9713016042904,5.481783574941207,7.090013742446899,1013.4792938232422,4.769765386581421,8.566779518127442,0.3093815368413924
2025-06-11 20:40:59+00:00,0.0,0.0099999997764825,1.0,1.530612230300903,0.0,0.0,-4.0,-75.1678615808487,39.98623867984861,0.2095660006999969,0.1087152160704135,0.4957067090272903,0.8357850694656372,-0.0536510660499333,-1.0637332320213315,-0.5229272711277008,4.695418893074502,8.582496896082041,0.2504811383479711,0.0060433281498856,0.0145425971200076,0.0002413117080304,-27.242848454689494,-20.924742562430247,5.794501946896923,7.108509683609009,1013.4771575927734,4.764515962600708,8.571564674377441,0.2521654692292213
2025-06-11 20:41:00+00:00,0.0,0.0599999986588954,1.0,1.0204081535339355,0.0,0.0,-4.0,-75.1678615808487,39.98623867984861,0.2106532875034543,0.1094371560547086,0.4957287324799431,0.8354049245516459,-0.0536153480410575,-1.0641459862391154,-0.5255837599436443,4.683237438616545,8.58409303167592,0.2645869391119998,-0.0056134289600564,-0.002052327982536,0.0005598546730207,-26.964795390764877,-20.838107864061996,5.588362415631612,6.950765919685364,1013.49609375,4.759301259782579,8.574462191263835,0.2523347222142749
2025-06-11 20:41:01+00:00,0.0,0.0599999986588954,1.0,1.0204081535339355,0.0,0.0,-4.0,-75.1678615808487,39.98623867984861,0.2111374966952265,0.1083642124217383,0.4964606615961814,0.8349877510751996,-0.059234327275534,-1.065097765046723,-0.530259125086726,4.668134465509532,8.563062375905563,0.3076640811501717,0.0054105205925588,-0.0007624157795726,-0.0002015122494049,-27.11303554534912,-20.894695510864256,5.386787900924682,6.825786399841308,1013.5111541748048,4.748292689420739,8.579734880097059,0.2790210119315556
2025-06-11 20:41:02+00:00,35.900001525878906,0.6600000262260437,1.0,2.040816307067871,0.6100000143051147,266.6000061035156,-4.0,-75.16785864718258,39.98623771592975,0.2135662561168475,0.1090810464657082,0.4969883840911242,0.8339589700406912,-0.0628433295202498,-1.0665336068795652,-0.5385056867891428,4.735018682479859,8.537992572784423,0.2514495369873475,0.0216476969820047,0.02086292441319,0.0044771814101128,-27.046901469327967,-20.9409261041758,5.785787660248426,6.82657904624939,1013.5110473632812,4.733820126981152,8.587166688880142,0.2957112509377148
2025-06-11 20:41:03+00:00,35.900001525878906,1.2300000190734863,1.0,5.612245082855225,0.5899999737739563,266.6000061035156,-4.0,-75.16786065883934,39.9862341536209,0.2356725645308591,0.1044165470770426,0.5059470266711955,0.8229601079103898,-0.1421520550336156,-1.0803794155315476,-0.64322322242114,3.5654616141319275,9.26018409729004,0.5825571610732004,0.1861140474677085,0.1968524856865405,0.0102724615158513,-25.87644861182388,-20.96831387889629,5.006730498099814,6.984322881698608,1013.4921295166016,4.575188074111939,8.652673358917236,0.6536725282669067
2025-06-11 20:41:04+00:00,43.59999847412109,0.6399999856948853,1.0,5.102040767669678,2.379999876022339,266.6000061035156,-4.0,-75.1678785122931,39.98623323161155,0.1182624875009059,0.098122539371252,0.5149641358852386,0.8412508141994476,0.0892830296233296,-1.0938547563552856,-0.227081109045539,3.7996968656778334,9.113860883712768,-0.925718086063862,0.4413148172199726,-0.0264060990652069,0.0745275569334626,-28.939619407653808,-16.78036771774292,6.883483853340149,6.7688105984738,1013.51806640625,4.410991268157959,8.713223037719727,-0.4213605113327503
2025-06-11 20:41:05+00:00,3.900000095367432,0.4300000071525574,2.0,5.102040767669678,3.369999885559082,285.8999938964844,-4.0,-75.16790575347841,39.98624236788601,0.3113176992961338,0.1147309956806046,0.5155218255763151,0.7891567945480347,-0.3040967563889464,-1.0878691284023985,-0.9353195392355628,4.57527302891016,8.462784776687622,1.5332871679961682,-0.1248516578041017,0.3048314093053341,0.0979469434110796,-24.52761142730713,-24.01789539337158,2.6315399646759032,6.275665020942688,1013.5772705078124,4.325139074909444,8.686071960293518,1.3725323987250426
2025-06-11 20:41:06+00:00,3.0,0.3799999952316284,2.0,5.612245082855225,3.43999981880188,280.3999938964844,-4.0,-75.16794196330011,39.98625217471272,0.2515298584286047,0.092850270776116,0.5328587609894422,0.8023000262221511,-0.2777338706108988,-1.1231863279731906,-0.7826144476326145,3.83626387678847,9.349192745831548,0.6900003771392667,0.3891741135653029,0.2813174060367523,0.0389212386891929,-24.795482913653057,-24.2617328564326,0.7815624851112565,6.862778306007385,1013.5066375732422,4.067745062769676,8.841633018182248,1.178534790569422
2025-06-11 20:41:07+00:00,1.7000000476837158,0.4600000083446502,2.0,6.63265323638916,3.5,280.6000061035156,-4.0,-75.16798588447273,39.986256742849946,0.1606749057769775,0.0956162382662295,0.5191100585460663,0.833956788778305,-0.0163925828947685,-1.1120724153518675,-0.3907951039075851,4.174616863131523,8.9366242313385,0.3839491472952068,0.0251314086769707,0.0724871197156607,-0.0544982383525348,-23.635059509277344,-24.745015602111817,3.309371917247772,7.242605137825012,1013.4609985351562,4.320804872512817,8.805473976135254,0.1483965519163757
2025-06-11 20:41:08+00:00,1.100000023841858,0.3400000035762787,2.0,6.63265323638916,5.589999675750732,274.70001220703125,-4.0,-75.16804212704301,39.98626013752073,0.1677679425477981,0.0970736375451087,0.5353009533882142,0.8216471064090729,-0.049484303027857,-1.1503815388679504,-0.4349781906604766,3.914753227829933,8.997779545783997,0.5195821678452194,0.0221314064281828,0.1009621747983984,0.0133943113375126,-27.608355560302734,-24.41122356414795,12.536963815689086,7.202838802337647,1013.4658813476562,3.9477784395217896,8.974676246643066,0.2696642219740897
2025-06-11 20:41:09+00:00,3.0999999046325684,0.7099999785423279,2.0,5.102040767669678,6.829999923706055,277.70001220703125,-4.0,-75.16812074929476,39.98626634012908,0.1728288251161575,0.1178458021581172,0.5313889706134796,0.8204471182823181,0.0240457623125985,-1.1492848134040832,-0.3995526307821274,4.173211786746979,8.711861028671265,-0.0447191945463419,0.2392068338789502,-0.1116165100981134,0.0012371473686118,-25.256987318700677,-18.74791390555245,5.847036629307027,6.350176978111267,1013.5682861328124,3.932946267127991,8.975609302520752,-0.0604980559740215
2025-06-11 20:41:10+00:00,2.5999999046325684,0.5400000214576721,2.0,6.122448921203613,6.829999923706055,275.29998779296875,-3.0,-75.16819769516587,39.98627593740821,0.238603939511338,0.1205663548744454,0.5287168488210562,0.8054240309462255,-0.1398201508789645,-1.140996670236393,-0.6657755472222153,4.32921945810318,8.563463926315308,0.517047312669456,-0.109854484014213,0.040937628597021,0.0188155818020459,-23.62094248557577,-23.676215697307978,3.9585264653575662,6.705562925338745,1013.5255432128906,4.010191377328367,8.928851653118523,0.5892901335443769
2025-06-11 20:41:11+00:00,4.0,1.4900000095367432,2.0,5.612245082855225,10.260000228881836,292.1000061035156,-3.0,-75.16828930936754,39.98629513196647,0.2236787546045925,0.1446995482761032,0.5177684596606663,0.8125102678123786,0.008657395868201,-1.1345215768230206,-0.5316530508654458,4.805417819898956,8.335152090812215,0.1986240770629778,0.1011163908227973,-0.0467763990116286,0.0050474928920062,-23.789750780378068,-19.921852578922195,15.066252805748764,6.487839579582214,1013.551727294922,4.135319320523009,8.892583983285087,-0.0331676984585973
2025-06-11 20:41:12+00:00,3.299999952316284,0.7200000286102295,3.0,7.142857074737549,7.339999675750732,291.3999938964844,-3.0,-75.16838947311044,39.98631135094911,0.266498922407627,0.1487039986252784,0.5109788167476654,0.8033854854106903,-0.0759803600223676,-1.1200487565994264,-0.6879468905925751,5.210019283443689,8.422361707687378,0.0663104090467095,0.1807189981015969,-6.831513375652929e-05,-0.0134261064801593,-26.184187402530597,-25.03913019141372,7.035167216798481,7.503133344650268,1013.4297790527344,4.268919633359325,8.822702038044833,0.3059985421845043
2025-06-11 20:41:13+00:00,1.5,0.449999988079071,3.0,6.122448921203613,6.920000076293945,280.8999938964844,-3.0,-75.16846985556185,39.986315835267305,0.2539724622453961,0.1285296702871516,0.5122431322019927,0.8102908973791161,-0.1168066821232133,-1.1093690200727813,-0.6798798235095277,5.253041919396848,8.354869180796097,0.2738582020131301,0.0547413854254409,0.0284808420971967,-0.0044649117765948,-25.939191467907964,-23.28979951508191,3.778514205193033,7.979006886482239,1013.3726348876952,4.396856463685328,8.756807482972437,0.4679573683106169
2025-06-11 20:41:14+00:00,1.5,0.4099999964237213,3.0,6.122448921203613,6.509999752044678,288.79998779296875,-3.0,-75.16854428686202,39.9863256001845,0.2502873256802558,0.1375249430537223,0.5059513199329376,0.8138868927955627,-0.0651127278804778,-1.1026192617416382,-0.6366921150684357,5.142767724990844,8.39771478652954,0.1335485721565782,0.0702821973316865,-0.0048126387172283,-0.0020691626408251,-24.43585267358897,-23.440183133495097,5.10657134834601,6.99832694530487,1013.4903869628906,4.50129656791687,8.712702827453613,0.2264871330559253
2025-06-11 20:41:15+00:00,2.5999999046325684,0.4699999988079071,3.0,5.102040767669678,6.069999694824219,280.79998779296875,-3.0,-75.16861435957253,39.98632891103625,0.151392638683319,0.0943429006636142,0.5118526685237884,0.8398290944099426,0.0073907640343531,-1.09455810546875,-0.3522745141386986,5.426904072761536,8.232926397323608,0.238224566495046,-0.1264144615642726,0.0314855393860488,0.0012753561604768,-26.48180751800537,-15.008683738708497,-2.300675930902362,7.569322347640991,1013.421807861328,4.598700008392334,8.662984104156495,-0.1006218744534998
2025-06-11 20:41:16+00:00,1.5,0.3600000143051147,3.0,5.612245082855225,5.46999979019165,280.3999938964844,-3.0,-75.16867856495082,39.98633528128266,0.1431924705298579,0.0890980536232188,0.5103469977573473,0.8426631202503126,0.0081872174763405,-1.087581885104277,-0.3318524780322094,4.406885852217674,8.518662462234497,-0.2297460974194109,0.2475677719529793,-0.0368503333302214,0.0082494607884246,-22.34869152069092,-20.100475578308107,10.4197758102417,7.299942564964295,1013.454132080078,4.661518651611951,8.6239284203977,-0.0929443630489653
2025-06-11 20:41:17+00:00,1.5,0.3700000047683716,3.0,5.612245082855225,5.650000095367432,285.0,-3.0,-75.16874478198588,39.9863385502249,0.2087809881195425,0.0823401861513654,0.5217121032377084,0.823043073217074,-0.183936199483772,-1.1043333634734154,-0.6103273791571459,4.14652352531751,9.105622897545496,-0.3647416620515287,0.0975517770631847,0.0494162141195764,0.0052252473613741,-25.436999559402462,-23.70739547411601,2.357141613960266,8.35447392463684,1013.3274841308594,4.367394099632899,8.7487633228302,0.7813507504761219
2025-06-11 20:56:31+00:00,1.0,0.3300000131130218,2.0,4.081632614135742,7.339999675750732,308.0,-13.0,-75.21010947413743,40.01627787016332,0.0745012573897838,-0.0049789144657551,0.5426478385925293,0.8364754796028138,-0.2134480893611907,-1.1363001346588135,-0.3141913712024688,4.61544107273221,8.789794007937113,0.0197085266311963,0.0763177062783922,0.1348466681582586,0.0321015909846339,-30.96512484550476,-21.462849378585812,-1.8742249608039856,-2.8856274127960213,1014.6792602539062,3.98767626285553,8.901705503463745,1.0450580567121506
2025-06-11 20:56:32+00:00,1.100000023841858,0.3499999940395355,2.0,4.591836929321289,7.639999866485596,303.70001220703125,-12.0,-75.21018415689468,40.01631399616599,0.0806910806232028,-0.0200661524017858,0.547454998228285,0.8325459308094448,-0.294994389017423,-1.1396474228964912,-0.3827692455715603,4.052264217659831,9.22018445968628,0.5804936591908336,0.0354175256984308,0.2114566269516944,0.0210428755171597,-30.42191947937012,-22.13397159576416,-3.1761479288339616,0.2615853309631347,1014.3000183105468,3.867312747499217,8.932280499002207,1.2027652237726294
2025-06-11 20:56:33+00:00,1.5,0.449999988079071,2.0,4.081632614135742,7.460000038146973,301.29998779296875,-11.0,-75.21025682799518,40.016347733326256,0.0340412902102494,0.0157306812082727,0.5578262756268183,0.8289091115196546,-0.0322550429906793,-1.1831371014316876,-0.1039985662913143,4.531312261004837,9.23636598003154,0.4504870675808313,0.120750136077404,0.0564544062875211,0.0086936709983274,-28.931791067123413,-20.58978700637817,1.507970801865061,0.6719305038452148,1014.2507629394532,3.629520013597277,9.109666294521755,0.1250540592940524
2025-06-11 20:56:34+00:00,1.5,0.4399999976158142,2.0,4.081632614135742,7.359999656677246,305.29998779296875,-10.0,-75.21032715216279,40.01638293731958,0.0275145980343222,-0.0065523396793286,0.5586011719703674,0.8288195586204529,-0.1101337096467613,-1.1828635215759278,-0.1403485218062996,4.22725945550437,8.717765185178495,0.2191750850966748,0.0895147383958101,0.0981641095969825,0.0076518026459962,-32.028903312683106,-22.624655494689943,-1.9507799655199047,0.7848946420769942,1014.237124794408,3.6217003679275512,9.106875495910645,0.4079818105697632
2025-06-11 20:56:35+00:00,0.8999999761581421,0.3199999928474426,2.0,5.102040767669678,7.609999656677246,308.8999938964844,-10.0,-75.21039437502623,40.01641914714128,0.0363655488329882,-0.0114943262516896,0.5586863099312296,0.828421447958265,-0.1577733616743768,-1.18086339989487,-0.1936271519077067,4.140819677114487,8.788403606414795,0.2687551301717758,-0.0032172633277974,0.1339959593356719,-0.0144470926939642,-31.350339241027832,-22.690291442871093,-2.8652919399738312,1.689734435081482,1014.128448486328,3.618151912883836,9.098966423346072,0.5854323555012139
2025-06-11 20:56:36+00:00,1.2999999523162842,0.4000000059604645,2.0,4.081632614135742,7.419999599456787,306.79998779296875,-10.0,-75.21046704612672,40.016455398872495,0.0075463876840943,-0.0037330836476401,0.5635432382019199,0.8260187397197801,-0.0399010705676081,-1.1969256401062012,-0.0453906146030188,4.177032049158588,8.793723335266113,0.1732653876394033,-0.0335216453298926,-0.0224254818474582,0.0043749811407178,-30.179562665978256,-22.726358686174667,0.0099591799840635,1.7227628469467162,1014.124481201172,3.5159920137755725,9.156506032359845,0.1404124143894533
2025-06-11 20:56:37+00:00,1.2000000476837158,0.3899999856948852,2.0,4.591836929321289,7.759999752044678,307.29998779296875,-9.0,-75.21053301170468,40.016496679745615,0.0477245822548865,-0.0252188628166913,0.5581914174556732,0.8278662526607513,-0.2477565598487853,-1.1730297493934632,-0.2802226823568344,4.1496408700943,8.883603091239928,0.3148270475491881,0.010444283923682,0.1203375237802152,0.0366343448175957,-29.638679275512697,-21.49542350769043,-3.178587950691581,2.4079045057296757,1014.0420837402344,3.624417781829834,9.067592697143557,0.9309394037723542
2025-06-11 20:56:38+00:00,1.399999976158142,0.3899999856948852,2.0,4.591836929321289,7.199999809265137,301.6000061035156,-9.0,-75.21060224622488,40.01653288956732,0.053174223229289,0.0049853031573001,0.5564998245239258,0.8290736711025238,-0.132873702943325,-1.1766068506240843,-0.2167681482434272,4.318456037044525,8.949542451798916,0.3581022495031357,-0.0596026600152254,0.0999101054295897,0.0386313972319476,-29.754823417663573,-21.53324363708496,-1.4849839626252652,2.86898136138916,1013.9866027832032,3.6806179094314575,9.078664665222169,0.4998354309797287
2025-06-11 20:56:39+00:00,0.8999999761581421,0.2800000011920929,3.0,5.102040767669678,7.289999961853027,303.3999938964844,-8.0,-75.2106720674783,40.01656964421272,0.0460804050386535,-0.0178830182344159,0.555224287743662,0.8299898996072657,-0.2075889643793012,-1.1683198517444089,-0.2483022949274848,4.2847760302179,9.048310261146694,0.5093737432057512,0.1816091684810817,0.1339263727486832,0.0159864163980819,-30.980435523986817,-22.798139724731445,-3.1473559495806693,4.2860465802644425,1013.8161942331416,3.705853752061433,9.046227847828584,0.7905141337245118
2025-06-11 20:56:40+00:00,0.8999999761581421,0.3100000023841858,2.0,4.591836929321289,7.230000019073486,303.29998779296875,-7.0,-75.21074482239783,40.0166010344401,0.027077856454618,0.0030054254608627,0.5537334522422479,0.8320764996567551,-0.0637276887410196,-1.1720437346672523,-0.1071402269358537,4.074910335540771,8.864563217163086,0.2464067490398883,0.1146247503632793,-0.0099090729859106,-0.0106669962477433,-30.88405544281006,-22.449463500976563,-0.864491982832551,4.66070716381073,1013.7713012695312,3.74845223903656,9.058804607391355,0.2410186197701841
2025-06-11 20:56:41+00:00,0.6000000238418579,0.209999993443489,2.0,4.081632614135742,7.099999904632568,303.6000061035156,-7.0,-75.21080927923322,40.016634981147945,0.0303241415795954,-0.0070758416444401,0.5509761856360869,0.8338290845805948,-0.1140001088550144,-1.1639002615755254,-0.1475774837149814,4.418145087030199,8.75057774649726,0.2919163692328665,0.126652206115735,0.0425133480638679,-0.0090042111437974,-29.299408435821533,-22.59717239033092,-2.344340851361101,4.983064651489258,1013.7325439453124,3.8106967158939526,9.02698854778124,0.4315100746310275
2025-06-11 20:56:42+00:00,0.5,0.1700000017881393,2.0,4.081632614135742,7.12999963760376,303.70001220703125,-6.0,-75.21087792702019,40.01666880212724,0.0283337494358419,-0.0006671126461878,0.548925199508667,0.8353705155849457,-0.0808930111676454,-1.1607078409194946,-0.1208604836463927,4.170361161231995,8.78006887435913,0.4930633999221027,0.0220403011440865,0.0386285698543503,-0.0025069027700845,-30.532117687926,-21.599726112521424,-1.018575479333498,4.936560654640198,1013.7380981445312,3.86018129825592,9.01309274673462,0.3106847518682479
2025-06-11 20:56:43+00:00,0.6000000238418579,0.2000000029802322,2.0,3.5714285373687744,7.009999752044678,304.1000061035156,-5.0,-75.21094473078847,40.01670413184911,0.034850428299028,-0.009014702135963,0.5452219551923324,0.8375064438703109,-0.1302596876511768,-1.1496745883202066,-0.1676253904493487,4.122584869861603,8.823074693679809,0.4802080259378999,0.0489597618674897,0.0543162003112006,-0.0045461759270567,-31.005536834398907,-21.174370408058167,-2.3523124603088945,5.97074658870697,1013.6138305664062,3.940245822984345,8.969010002759038,0.5152526029518673
2025-06-11 20:56:44+00:00,1.899999976158142,0.5199999809265137,2.0,3.5714285373687744,6.980000019073486,302.8999938964844,-5.0,-75.21101170219481,40.01673623453826,0.0125596791505813,-0.0118388612178386,0.5425480341911316,0.8395882070064544,-0.0806164675578111,-1.14465788602829,-0.0816636136104352,4.235474486351013,8.78670524597168,0.5935330706276,0.1785495115071534,0.0363471466000191,-0.0019175308838021,-31.631860655181264,-20.47234651993732,-1.9788897428281451,5.883287286758423,1013.6244506835938,3.9959733581542967,8.948209133148193,0.3201828573271632
2025-06-11 20:56:45+00:00,3.299999952316284,0.75,2.0,4.591836929321289,5.869999885559082,301.3999938964844,-4.0,-75.21107138134539,40.01676477491856,-0.0067027661094801,-0.0117637910800773,0.5408617678013715,0.840933156284419,-0.0300628382544593,-1.1427972425114026,-0.003336720919089,4.403824527155269,8.715467225421559,0.3665373125219379,0.1057915241561002,-0.0557672658624748,-0.0031919983509902,-31.058149511163887,-18.46497696096247,0.3388272655958479,6.040794673718904,1013.6054462633634,4.034091082486239,8.939888195558028,0.1137557026727749
2025-06-11 20:56:46+00:00,6.199999809265137,2.0299999713897705,2.0,7.142857074737549,6.259999752044678,304.1000061035156,-3.0,-75.21112284623086,40.01680199056864,0.0425558119267224,0.04525622876361,0.5340845835208893,0.8427340137958527,0.0724450904875993,-1.130729911327362,-0.0549518237262963,4.641957548856735,8.663778009414672,0.4924424002319574,-0.1397762240096926,-0.0340682266582734,0.005329915699549,-32.8115260844328,-16.85840795478042,9.66737937927246,6.2347098112106325,1013.5821838378906,4.134474534988403,8.890469589233398,-0.2959256203472614
2025-06-11 20:56:47+00:00,2.299999952316284,0.5,3.0,6.63265323638916,5.799999713897705,321.8999938964844,-2.0,-75.21117053925991,40.01684691756964,0.0660958759486674,0.0714266753941773,0.5248815131187439,0.8451234316825866,0.1155392605654196,-1.1110650897026062,-0.0845566543925087,4.052542527914048,8.121883285343648,-0.2507522202236578,0.2519644360770197,-0.2235355681611918,0.0182863156831658,-30.06204422152772,-18.933154787336075,7.871738610371035,6.605288696289063,1013.537628173828,4.251480293273926,8.812762565612793,-0.4808037392795086
2025-06-11 20:56:48+00:00,1.7999999523162842,0.3700000047683716,3.0,7.653061389923096,5.819999694824219,321.79998779296875,-2.0,-75.2112180646509,40.01688467804343,0.0824873934686183,0.0507251096516847,0.5285076546669006,0.84297607421875,-0.0037855017883703,-1.1181600165367127,-0.1974368341639637,4.221631534993649,8.88312120437622,0.1454911477025598,-0.2137315500900149,-0.0256293599586933,0.0094417644711211,-29.91879165649414,-22.72274351119995,-0.3089040008187294,7.425714778900146,1013.4390563964844,4.230949230194092,8.84497901916504,0.0350095920078456
2025-06-11 20:56:49+00:00,1.7999999523162842,0.4000000059604645,3.0,6.122448921203613,6.150000095367432,326.3999938964844,-1.0,-75.21126324310899,40.016927886754274,-0.0934687141253023,-0.0252633949715586,0.5252943063268856,0.8451332608047797,0.123409481453044,-1.1037925068213017,0.2962358992318717,4.058162512878577,8.783484369516373,-0.6574936157946164,0.0944463322200451,-0.1360800764998611,0.0123211706095203,-36.09631351548799,-18.44764456457021,-9.54562833844399,7.55545027256012,1013.4234649658204,4.30142726703566,8.796524534420092,-0.5482420796642498
2025-06-11 20:56:50+00:00,1.399999976158142,0.3600000143051147,3.0,5.612245082855225,6.679999828338623,334.5,-1.0,-75.21130163222551,40.01698132138699,-0.1452364638447761,-0.0794904319941997,0.5183311104774475,0.8388756859302521,0.0382795566611457,-1.1030475854873658,0.3664643496274948,4.120501903295517,8.80569884300232,-0.0515486619621515,-0.129071841120948,0.0588457227081098,0.0028325233231916,-31.147844275649717,-22.29587301916005,-9.654681400376925,8.209809422492981,1013.3448486328124,4.327513465881347,8.798734512329101,-0.1843099801149219
2025-06-11 20:56:51+00:00,1.100000023841858,0.3000000119209289,3.0,4.591836929321289,7.179999828338623,341.6000061035156,-1.0,-75.2113370038569,40.01703622285277,-0.2835247948461649,-0.152025537223232,0.5026705471836791,0.802325181815089,0.0912367871069177,-1.103575930303457,0.7354938728468758,4.538683664798737,8.76492995262146,0.0055216275714337,0.0691966270872701,-0.0632935129216699,0.0097376766983264,-19.36613024497519,-9.91710593870708,-13.219322185127105,8.120236372947693,1013.3556518554688,4.338061780345683,8.7867969396163,-0.4274426206034057
2025-06-11 20:56:52+00:00,1.100000023841858,0.3400000035762787,3.0,4.591836929321289,7.509999752044678,352.1000061035156,-1.0,-75.21135821007192,40.01709862612188,-0.3325501793622971,-0.2004719400405883,0.4878260290622711,0.7817795217037201,0.0248309160524513,-1.1107351541519166,0.8198039484024048,4.442032728195191,8.65338267326355,0.2917394624277949,-0.025305118703959,0.0230104718722549,0.0156233222686055,-24.55762349128723,-9.09534381210804,-19.15424380749464,8.065937662124634,1013.3621215820312,4.322799167633057,8.804215164184571,-0.1165889129228889
2025-06-11 20:56:53+00:00,1.5,0.4199999868869781,3.0,5.102040767669678,7.669999599456787,359.1000061035156,-1.0,-75.21136390976608,40.01716216094792,-0.3057091660956119,-0.1798800886311429,0.5002652051601004,0.7895790909199004,0.0501953904774594,-1.1207849472127065,0.7703124221335066,4.53484708526913,8.732662891855044,0.0183519821385948,-0.0924243146049168,-0.0251203337635767,0.0050731953281986,-39.912299156188965,-2.2031166683882475,-5.348429065508147,8.666922879219054,1013.2899475097656,4.24737031409081,8.839292647990774,-0.21071849636575
2025-06-11 21:01:50+00:00,11.100000381469728,0.4699999988079071,3.0,6.122448921203613,0.2399999946355819,339.20001220703125,40.0,-75.22153937257826,40.03222045954317,-0.5897893607616425,-0.3567134756594896,0.3658387754112482,0.625351469963789,-0.0305642571765929,-1.0723492056131363,1.4941160678863523,4.621541650671708,8.607635498046875,-0.0718457391117944,0.0241148538005194,-0.0092797310728775,0.0045526516501252,-16.302685419718426,-25.7187614440918,-37.64861842564174,48.63858127593994,1008.4978485107422,4.63203729901995,8.647555896214076,-0.000203963531281
2025-06-11 21:01:51+00:00,16.200000762939453,1.0,3.0,6.122448921203613,0.4899999797344208,304.79998779296875,40.0,-75.2215497661382,40.03222012426704,-0.5893194176429926,-0.3577239152997039,0.3671588724435762,0.6244428462760393,-0.029520159717216,-1.0762111087178077,1.4953157624533011,4.46838871292446,8.613241465195365,-0.0296461373800411,-0.0098523792942014,0.0085555006681192,0.0001764605585002,-15.79077789057856,-25.50330398393714,-38.81589035365892,46.53678436279297,1008.7494995117188,4.6088304292588,8.6599075453622,0.0173878695239268
2025-06-11 21:01:52+00:00,22.0,0.5299999713897705,3.0,7.653061389923096,0.2699999809265136,270.3999938964844,40.0,-75.22155303508043,40.0322215911001,-0.590648990869522,-0.3552681070566177,0.3702142381668091,0.6227837896347046,-0.0109338929131626,-1.07755859375,1.511307897567749,4.439216575622559,8.607883834838868,-0.0859997252374887,0.0008366138222924,-0.0008735136259073,0.0002824631949396,-16.04812364578247,-25.66587142944336,-37.94931945800781,48.52591604935496,1008.5113589638158,4.600213918685913,8.664363536834717,-0.0538089633733033
2025-06-11 21:01:53+00:00,28.600000381469727,0.1500000059604644,3.0,6.63265323638916,0.0199999995529651,236.0,40.0,-75.2215526998043,40.032221926376224,-0.592916537733639,-0.3502340977098427,0.3745209527950661,0.6208887053470985,0.0193832180978942,-1.0766532771727615,1.5362775699765074,4.518248847886627,8.60279655456543,-0.1828952978876437,-0.0546527860313653,-0.0008436868296121,-0.0060803406560443,-16.65031551361084,-26.320279541015623,-36.610003280639646,48.41795158386231,1008.5242767333984,4.607928032968559,8.65824665742762,-0.180581769960768
2025-06-11 21:01:54+00:00,35.599998474121094,0.6600000262260437,3.0,5.612245082855225,0.3599999845027923,236.0,40.0,-75.22155722603202,40.03222121391445,-0.5990629340663101,-0.3442245152863589,0.378411773479346,0.6159849600358442,0.0614183705412979,-1.0729566631895122,1.5794741132042625,4.639990040750215,8.567417260372277,-0.4115464958277615,0.0065709451146711,-1.567420290752357e-05,0.0005216590986545,-17.01049668861158,-26.55496337197044,-35.747847585967094,48.35320575420673,1008.5320152869592,4.634005604368268,8.638719125227494,-0.3668882639119119
