timestamp,latitude,longitude,altitude,velocity_north,velocity_east,velocity_down,roll,pitch,yaw,acc_bias_x,acc_bias_y,acc_bias_z,gyro_bias_x,gyro_bias_y,gyro_bias_z,latitude_cov,longitude_cov,altitude_cov,velocity_n_cov,velocity_e_cov,velocity_d_cov,roll_cov,pitch_cov,yaw_cov,acc_bias_x_cov,acc_bias_y_cov,acc_bias_z_cov,gyro_bias_x_cov,gyro_bias_y_cov,gyro_bias_z_cov,acc_x,acc_y,acc_z,gyro_x,gyro_y,gyro_z,mag_x,mag_y,mag_z,pressure,freeair,mag_anomaly
2025-06-11T20:34:27Z,39.9817130388692,-75.15340304933488,23.0,0.8486200686915898,-2.1377192892587162,0.0,-0.47078934758901597,-0.9312303394079209,1.8654864311218262,0.001,0.001,0.001,0.001,0.001,0.001,0.3346913338530721,0.3346913338530721,1225000000.0,1040399.9610900882,1040399.9610900882,1040399.9610900882,1e-9,1e-9,1e-9,0.001,0.001,0.001,0.001,0.001,0.001,3.552991569042206,8.206758594512939,4.457910060882568,0.061595298675820184,0.31876489296555516,0.25775997744640333,-24.91239938735962,-30.55733938217163,-3.503839933872223,1014.2853240966797,0.2122820560928171,39.58094888874141
2025-06-11T20:34:28Z,39.981678281378265,-75.1535673937706,22.651220060412292,-2.728859287214585,-1.718663505892025,-4.72899032951017,6.052008775910476,5.55030397983974,1.7024013869353873,0.0010000000003884686,0.0010000000004168905,0.0010000000003884686,0.0010000000004026794,0.0010000000004026794,0.0010000000004026794,3.222922588919097e-6,3.22292257315393e-6,4.999999940395355,455450.9623682013,455391.7420403344,1039683.4729585547,0.000010022641107808817,0.000010011415638718116,0.000010001789789958762,0.0010010000000000008,0.0010010000000000004,0.0010010000000000008,0.0010000100000000006,0.0010000100000000006,0.0010000100000000006,4.276686500549316,7.039924453735352,5.892507051467895,0.12040863258391614,0.22860738241672515,-0.0360598018616438,-27.905059623718262,-30.62626943588257,-4.026609933376312,1014.3733673095703,0.34765202053334643,41.62775635932716
2025-06-11T20:34:29Z,39.98166672974441,-75.15358621166189,22.94183971429269,-4.83075518757297,-0.5384883735303359,-1.2129220890152226,0.8095425070820843,5.447457330545824,0.3968258959908969,0.0010000000004879422,0.0010000000003742545,0.001000000000502153,0.0010000000005305743,0.0010000000006442611,0.0010000000006442611,8.300619515453418e-7,8.30272527527633e-7,4.999975749175064,185689.43686562215,185382.83563879307,10.011705539771356,0.00003157973185463298,0.000015842752500846894,0.00003346675392723688,0.0010020000000000003,0.0010019999999999996,0.0010020000000000003,0.0010000200000000012,0.0010000200000000012,0.0010000200000000012,2.3522234311099934,8.211732815742076,4.831550191878884,0.06392108444177322,-0.46604281018900906,-1.153772472799227,-21.925229454040526,-32.86313934326172,-2.7815999388694763,1014.3384399414062,0.033458148041734,39.60347077395481
2025-06-11T20:34:30Z,39.98164903997281,-75.15357170636123,22.292849973574775,-9.580399339239856,0.2737928589892642,-3.8991600282628633,1.0377778455626527,5.413053672591531,0.09977317033526659,0.0010000000006382321,0.0010000000002245916,0.001000000000721881,0.0010000000007770768,0.0010000000006436885,0.0010000000005909162,6.606441218755868e-7,6.615052389513352e-7,4.167129152707954,157963.0135889629,157179.23826098384,2.5101815410360953,0.00004606515538875207,0.000025082035393850355,0.000050159601878189194,0.0010029999999999998,0.001002999999999999,0.0010029999999999998,0.0010000300000000007,0.0010000300000000007,0.0010000300000000007,-0.982843586124613,8.36840579187265,4.875646813891681,0.003777040883466204,-0.1785244923321061,-0.09159987222154005,-0.06292631653578659,-31.102936292949476,-4.89476836355109,1014.3510284423828,-0.04548565422667424,31.485745522134962
2025-06-11T20:34:31Z,39.98164082325783,-75.15354989954353,20.857507074376148,-9.038527500320226,8.44489154224467,-6.832998560647669,1.1849674485833477,5.098931981769467,6.255103360143321,0.001000000000410959,0.0010000000005741657,0.0010000000004770125,0.0010000000009869091,0.0010000000005737834,0.0010000000004100583,3.0393733208450294e-7,3.041980402506617e-7,3.501740202463221,130580.35075755858,129292.49734764908,1.0138067666030097,0.00014805854073895257,0.00003464251145500076,0.00013187674207524184,0.001003999999999999,0.0010039999999999982,0.001003999999999999,0.0010000400000000015,0.0010000399999999996,0.0010000400000000015,-0.3158786731070702,8.789962362289204,4.114303540229076,0.037324798829076425,-0.20584219603304854,0.2607702400305918,-0.27083999626338484,-30.69763927459717,-2.9157999873161318,1014.3314056396484,-0.07096028573120022,30.83694496322565
2025-06-11T20:34:32Z,39.98165176243788,-75.15351795189517,18.374613163987163,2.789196134801685,17.923463043832186,-9.156470830352546,1.1994415935357672,5.240645143389725,6.274962355943374,0.0010000000004679044,0.0010000000007130449,0.0010000000003695096,0.00100000000096972,0.0010000000009467956,0.0010000000005785804,2.894169500459143e-7,2.895736201102084e-7,3.004303730368041,68536.65167600596,67977.12125902156,0.5166499209522611,0.00009261012350895599,0.00004470127948666757,0.00009398683547187554,0.0010049999999999996,0.0010049999999999987,0.0010049999999999996,0.0010000500000000023,0.0010000499999999993,0.0010000500000000021,1.3982874503131573,8.279271816253088,3.8504887005085946,0.03240939790843082,0.0606827325482237,-0.129056868724935,-10.625589752197266,-32.059159469604495,-1.8208499670028686,1014.3586687360491,-0.5450820660741644,33.82314191642745
2025-06-11T20:34:33Z,39.98167546575917,-75.15345106210302,15.995494272545006,17.790028252426318,41.84278578297135,-10.370566755868662,1.5957294080597577,5.423548207554675,5.727698715408751,0.001000000000889221,0.0010000000009261214,0.0010000000005692118,0.0010000000012296186,0.001000000000827024,0.0010000000006503145,2.631538613723822e-7,2.632680928264619e-7,2.628683842814842,57542.54990365729,56982.43465747026,0.3066456122341214,0.00008268495949009473,0.000047291911142298876,0.00010960691833268216,0.0010059999999999984,0.0010059999999999976,0.0010059999999999984,0.0010000600000000018,0.0010000599999999984,0.001000060000000002,1.4299993922705738,8.343354009627582,4.451235049008953,-0.056713140499816454,-0.29440766519402767,-0.2383522846499656,-0.9131699688732624,-29.45811939239502,-2.3503299593925475,1014.2440032958984,-0.2213408868411044,29.565786495028934
2025-06-11T20:34:34Z,39.981733486997676,-75.15332432659076,12.747018195507449,40.417315603456004,76.52579363085746,-11.792183635918182,1.4121417797517415,5.467651626390685,5.965739598182195,0.0010000000010363204,0.0010000000009219884,0.00100000000057136,0.0010000000012969923,0.0010000000011076743,0.0010000000009987304,2.873459270503866e-7,2.874659982836712e-7,2.3403453059472232,50221.50810472373,49660.80870634339,0.20622817800804166,0.00007672514150540282,0.00006118230391043634,0.00010394411463228463,0.0010069999999999986,0.0010069999999999977,0.0010069999999999986,0.0010000700000000018,0.0010000699999999983,0.0010000700000000018,0.6909055823227812,8.325101958750752,4.855155528127578,-0.005836293619657204,0.16178442554093145,-0.03144167228864809,-7.277909898757935,-30.962989330291748,-3.014009952545166,1014.3489227294922,-0.12790584105631334,31.949267561793807
2025-06-11T20:34:35Z,39.98188257670994,-75.15305574208101,8.929271465912265,77.76013497528105,134.68009666251044,-13.768004379209486,1.2560186152962083,5.324276787419196,6.140196622688634,0.0010000000010168858,0.0010000000009310088,0.001000000000653148,0.0010000000015550803,0.0010000000010557519,0.0010000000014813433,3.359793503506088e-7,3.3613251367528605e-7,2.118412658123084,46842.77813294038,46225.479514519524,0.15707040966414876,0.00011641166077847436,0.00007226235287020795,0.00012301032125127992,0.0010079999999999993,0.0010079999999999985,0.0010079999999999991,0.001000080000000002,0.0010000799999999987,0.001000080000000002,-0.12638883257760922,8.305084179877314,4.945615238487149,-0.020006268208455427,0.07188331565103548,0.17073506542940398,-3.6258399367332457,-30.327369499206544,-2.73218994140625,1014.3821258544922,-0.13224732263874753,30.665254099849072
2025-06-11T20:34:36Z,39.98211531841386,-75.15265162460031,4.709344176185821,134.18393617230737,221.56023186539855,-14.730538021416159,1.5151294276150096,5.686996588501867,5.82844104711813,0.0010000000014107554,0.0010000000007604289,0.0010000000012593225,0.001000000001396247,0.001000000000832787,0.0010000000013947912,3.6169201129773785e-7,3.618617608075093e-7,1.9493418304038417,44884.07167917402,44178.08528005295,0.1301258866373814,0.00007263889109745952,0.0000775156570541257,0.00012360182460726136,0.0010089999999999984,0.0010089999999999984,0.0010089999999999988,0.0010000900000000017,0.0010000899999999984,0.0010000900000000017,0.616273827454921,8.072053741454148,4.116327396570983,0.03959746191637036,-0.16687764885204734,-0.4110579952924646,-6.957659912109375,-30.53598928451538,-2.7132799506187437,1014.4360809326172,-0.733652807369032,31.43587718092173
2025-06-11T20:34:37Z,39.98241977093289,-75.15212010668571,0.9857469734232165,198.03506170657462,324.47738561623237,-15.449816052241275,1.57519831883445,5.53038659185146,5.8161762577308656,0.001000000001469891,0.0010000000010460751,0.0010000000018199546,0.0010000000013937697,0.0010000000005504811,0.0010000000017499097,3.8527347525983616e-7,3.854505964027081e-7,1.823114088829506,41349.79150601118,40612.83375582509,0.11870003560152678,0.00010575019148794988,0.00008612055358339188,0.0001400442213081547,0.0010099999999999977,0.0010099999999999977,0.0010099999999999977,0.0010001000000000012,0.0010000999999999994,0.0010001000000000012,0.33242626439266393,8.22057267332001,5.19646765382462,0.05818714571604579,-0.019148592790490183,0.1700897278026699,-3.9186399221420287,-29.60329942703247,-3.0487799525260924,1014.3450012207031,-0.10829040198092904,30.01671354225816
2025-06-11T20:34:38Z,39.98281324624111,-75.15141534177921,-2.8478999581468205,269.54527664654375,451.9272227651384,-15.99034001608079,1.3782825530753686,5.526114910288399,6.144921538599905,0.0010000000013958136,0.0010000000009089223,0.0010000000021347809,0.0010000000007818002,0.0010000000005057723,0.0010000000020004504,4.08146122122774e-7,4.0833720406001116e-7,1.7341113068710132,39867.87235899303,39036.72191558613,0.11296797887372537,0.0001132259929652584,0.00009778200294285591,0.0001414636193643166,0.0010109999999999978,0.0010109999999999976,0.0010109999999999976,0.0010001100000000002,0.0010001100000000002,0.0010001100000000002,1.2729584539070928,7.873080395697501,4.726564431725112,0.0356027842727522,0.23456282520239138,0.045506029179432465,-10.959869718551635,-30.355429267883302,-2.8724899530410766,1014.4695892333984,-0.6035328786475807,32.400906529956735
2025-06-11T20:34:39Z,39.98349214449231,-75.15018638547785,-5.885139872824565,331.6644040145089,592.1041946996052,-16.31688498147232,1.499290063388028,5.529333571501672,5.916327330009911,0.0010000000015962123,0.001000000001123201,0.0010000000023549984,0.0010000000006243506,0.0010000000011836671,0.0010000000020347513,4.867963305906991e-7,4.870582975758265e-7,1.6773640688863223,38548.853981702516,37627.26597857843,0.11637533648816496,0.00013047291501491008,0.00010330266142966344,0.00015852283906412498,0.0010119999999999966,0.0010119999999999966,0.0010119999999999966,0.001000120000000001,0.001000120000000001,0.001000120000000001,0.38642671981314314,8.510940693854376,4.66579294109131,-0.028138369857184067,-0.1766287492816737,0.0007661464846246292,-2.561389946937561,-26.07749948501587,-1.5774599716067315,1014.3520202636719,-0.20506560059736695,26.250379359078373
2025-06-11T20:34:40Z,39.983943770665135,-75.1492104561713,-8.285101486682247,361.4618876803251,719.8755895766445,-16.779692031239655,1.366970424274378,5.412764846107279,6.108238459889116,0.0010000000015182805,0.0010000000014765667,0.0010000000027707329,0.001000000000157496,0.001000000001413021,0.0010000000018113107,5.138898109994377e-7,5.141710987467207e-7,1.6520320058208366,37263.129165472856,36267.03046002575,0.12558344534260812,0.00018774448227056612,0.00011025659419328703,0.00018242853904913936,0.0010129999999999972,0.001012999999999997,0.0010129999999999972,0.0010001300000000014,0.0010001300000000012,0.0010001300000000014,0.7025997733457816,7.9137519826877805,5.51601506376031,0.02006302668045236,0.10055301326767449,0.1688756594190515,-6.103659892082215,-29.324529266357423,-1.8672099530696868,1014.2669525146484,-0.2905219173226776,30.011099799649724
2025-06-11T20:34:41Z,39.984175032099444,-75.14845881830624,-10.226395841762741,338.7083137670636,809.1898233784053,-16.654768736403735,1.0182456227316992,5.325444565042777,0.2993607430971459,0.0010000000014384594,0.0010000000016304105,0.0010000000029844105,0.0009999999999153084,0.0010000000020075036,0.0010000000016563493,5.346923022366537e-7,5.349861270410818e-7,1.6574774182879735,36046.30016296376,35009.909189611964,0.1414107126334924,0.0003087579041920994,0.00010558724414356287,0.00026420228533335943,0.0010139999999999965,0.0010139999999999965,0.0010139999999999965,0.0010001400000000024,0.0010001400000000014,0.0010001400000000024,0.8377300039160716,8.685526703833057,5.326899274227233,0.036916777538909464,0.2238085625455554,0.23745893926737371,-9.708759880065918,-29.556329345703126,-1.542689961194992,1014.3238677978516,0.23189235668943006,31.14824806040243
2025-06-11T20:34:42Z,39.983869723741066,-75.14853119475923,-11.081733549644387,248.8861554590197,818.1893159904254,-16.024329979227094,1.3053013436393204,5.621655899675111,6.256826732182636,0.0010000000014794815,0.001000000001317508,0.0010000000030661819,0.0009999999999049916,0.0010000000022100976,0.0010000000009164217,5.194816193579993e-7,5.197421232128109e-7,1.6894429095998702,33866.04119949382,32891.853180925296,0.15624002421305638,0.00017516954705329945,0.00011484639203681587,0.00019136581026827016,0.0010149999999999966,0.0010149999999999966,0.0010149999999999966,0.0010001500000000022,0.0010001500000000013,0.001000150000000002,-0.19904181087728567,8.965467062630612,4.604400160661619,0.05479807446346703,-0.11457879741318107,-0.3163358586149089,-5.176459920406342,-29.161049365997314,-0.6215899874456227,1014.3250122070312,0.0942183217690952,29.623401362114546
2025-06-11T20:34:43Z,39.98326673800136,-75.14915527388177,-10.625942128476158,121.77385213211504,770.8320360680284,-14.4510477057241,0.8901940054854424,5.504901659457795,0.6127327787799931,0.0010000000014838983,0.0010000000011410944,0.0010000000031330563,0.0009999999997862578,0.001000000002270409,0.0010000000001777654,4.804485553915853e-7,4.806601534635568e-7,1.7323523978151951,32130.70609872892,31230.618011848244,0.1599349675324215,0.0002772436983554256,0.00010197956574439582,0.0002714303271496801,0.0010159999999999967,0.0010159999999999967,0.0010159999999999967,0.0010001600000000012,0.0010001600000000012,0.0010001600000000012,0.4409172593377637,8.485318969725245,5.088564061161789,0.014658001264186588,0.39128439330833675,0.41492294871715457,-11.114809703826904,-29.416639518737792,-1.6378499776124955,1014.360107421875,-0.05799870830064077,31.488998641879142
2025-06-11T20:34:44Z,39.982689950608815,-75.14979981586927,-8.948029645124976,-15.98189480032913,660.7867243411661,-12.644728833195021,1.0643174390131762,5.596590368163393,0.36276720681802554,0.001000000001471865,0.0010000000008159073,0.0010000000027942854,0.0010000000000325855,0.0010000000024985363,0.0009999999999929722,4.764717435961362e-7,4.766656515595359e-7,1.7691364138656254,29874.11831473125,29085.339057607038,0.15806051700005125,0.0002647169909936019,0.0001029043021769753,0.000254322732745017,0.0010169999999999964,0.0010169999999999964,0.0010169999999999964,0.001000170000000002,0.001000170000000002,0.001000170000000002,0.5229298935964766,8.531983541487506,5.454656170841899,-0.004275823124354236,-0.11797369590628685,-0.12092809958773741,-6.72768988609314,-29.33428955078125,0.16103999614715575,1014.4013061523438,0.21741251560710032,30.096266169377472
2025-06-11T20:34:45Z,39.982230859349144,-75.15022354593283,-6.454066560560388,-131.81244823788373,544.0392271663054,-10.79097622265608,1.1457108841281565,5.766496508678859,0.13339202731911373,0.0010000000013159923,0.0010000000008162143,0.0010000000026523972,0.0010000000002547821,0.001000000002461927,0.000999999999849305,5.126261653569893e-7,5.128406449601742e-7,1.7871793172631374,28524.950533997995,27780.191652835612,0.1449290735972729,0.000226532022550148,0.00010605499238414884,0.0002343706550713158,0.001017999999999997,0.001017999999999997,0.001017999999999997,0.0010001800000000024,0.0010001800000000029,0.0010001800000000029,0.65581557333881,8.086175631522316,5.151348154780455,-0.05021062367505856,-0.10888899045687422,-0.18343103660642393,-7.948909831047058,-29.746039485931398,-0.07014999613165855,1014.4197845458984,-0.2802305660108079,30.789833259167402
2025-06-11T20:34:46Z,39.981694463754636,-75.1512215172287,-3.9278139108683643,-209.5435480658035,421.9604359385447,-9.663443637364415,1.21330916977468,5.651428340016013,0.06416168385224008,0.0010000000015298318,0.0010000000007820175,0.001000000002536162,0.0010000000004052702,0.0010000000024863714,0.000999999999830465,4.6010867594130975e-7,4.60273046267077e-7,1.784841669727178,27152.069967546788,26420.46065669529,0.1359234086335623,0.00028927770442467994,0.00010698582079109262,0.00027352291874974995,0.0010189999999999967,0.0010189999999999965,0.0010189999999999963,0.0010001900000000024,0.0010001900000000024,0.0010001900000000024,-0.13900702485154667,8.159554289816993,5.2324068894359765,0.03712411896626129,-0.11169600793080725,0.13338202198609875,-4.851329922676086,-28.837139415740968,-0.22203999161720275,1014.4735412597656,-0.1681822848464352,29.243159008202586
2025-06-11T20:34:47Z,39.981364752958164,-75.15186360303225,-1.4145512438887025,-241.59972785405137,307.0898858280222,-8.470584549805345,1.0992346583508998,5.659264044386682,0.3401478106527926,0.0010000000016854927,0.0010000000010176248,0.0010000000023291534,0.0010000000000629152,0.0010000000022201277,0.0009999999997410845,4.551268134989821e-7,4.5527841042252427e-7,1.7703456747065722,25636.787144119382,24909.686084455832,0.12784505203320756,0.0003251092416023201,0.00009988580524198489,0.00030230172725435184,0.0010199999999999968,0.0010199999999999968,0.0010199999999999968,0.0010002000000000014,0.0010002000000000032,0.0010002000000000032,0.7231674607604346,8.495737599372081,5.1664653649304775,0.05403699220676421,0.20043480673183708,0.12808774763362668,-11.231319761276245,-31.065469360351564,0.23728999486193061,1014.4295959472656,0.1310085228168085,33.034207841142255
2025-06-11T20:34:48Z,39.9811722763396,-75.15243875923977,0.8299990453623689,-216.7025559762855,200.46725434849213,-7.748397697675772,1.2376025561777704,5.833815396935324,0.03345050814358686,0.0010000000016159524,0.0010000000007409843,0.0010000000021062022,0.0010000000001051644,0.0010000000021945035,0.0010000000000907317,4.5463467362388926e-7,4.5476825400442565e-7,1.7472775352718661,22638.041393449992,22006.9170005943,0.11965492700108607,0.00027363078149572287,0.0001078732261994013,0.00027274934854339,0.001020999999999997,0.001020999999999997,0.001020999999999997,0.0010002100000000022,0.0010002100000000033,0.0010002100000000031,0.21865678362007268,8.271958302496847,4.797975294826085,-0.014326296095045297,-0.18948968829649454,-0.2317160603146007,-3.1762699604034426,-32.711249351501465,0.5563199814409018,1014.4192123413086,-0.25116767456550954,32.86975333932055
2025-06-11T20:34:49Z,39.981104223903024,-75.15284049945852,2.7929464024707595,-166.3065015323667,125.92253130810003,-7.231467326097006,0.9514131006250259,5.506060167598744,0.5408216704391925,0.0010000000016277737,0.0010000000011542343,0.0010000000022530203,0.0009999999996667581,0.001000000002305763,0.001000000000648597,4.545807145313742e-7,4.546984924388292e-7,1.724731740863295,19943.241507369326,19416.829101931766,0.11920136184021779,0.00047328814457433914,0.00011009421960240055,0.0004368251816707366,0.0010219999999999964,0.0010219999999999962,0.0010219999999999967,0.0010002200000000026,0.0010002200000000028,0.0010002200000000026,0.2797126691548758,8.47349014186785,5.343576454160491,0.02105393383036094,0.23699012750167742,0.5663244282602357,-10.41940975189209,-34.624819374084474,-0.028060002252459533,1014.3616594587054,0.2203528116764253,36.158530637816774
2025-06-11T20:34:50Z,39.98111604181359,-75.15304948952664,3.8993824576524405,-111.50899283500847,83.60091324249424,-8.057326323590644,0.41716225237318505,5.555784098122989,1.4294564640294947,0.0010000000014766322,0.001000000001531727,0.0010000000021171478,0.0009999999993839076,0.001000000002017438,0.0010000000005895146,4.7373364368849424e-7,4.7385361308837254e-7,1.7141923230821512,18685.01725796101,18216.64874778515,0.12644614802283743,0.00021963529030163164,0.00023703736344199243,0.0003675864583125816,0.0010229999999999964,0.001022999999999996,0.0010229999999999961,0.0010002300000000021,0.0010002300000000021,0.0010002300000000021,0.8658768346293384,8.457729410170355,5.225003611085547,0.09749951919201554,0.5078625609851668,0.5857503745474886,-30.751319313049315,-31.38632936477661,4.79093987941742,1014.3787384033203,0.18643675151714822,44.20061011305633
2025-06-11T20:34:51Z,39.98119451935274,-75.15312704668384,4.168543955739884,-48.9876020277747,63.59819014045223,-7.521147177513171,1.038976301905013,5.7608170736949855,0.5832158737298604,0.0010000000014444446,0.001000000001690449,0.0010000000020413112,0.0009999999991354282,0.0010000000023253318,0.0010000000007109316,4.94345988558934e-7,4.944719370452682e-7,1.7120174787467393,17971.971763664344,17560.405428553106,0.12484281761251034,0.00034371622154770486,0.00011762808035008404,0.0003448994918607606,0.0010239999999999967,0.001023999999999997,0.0010239999999999967,0.001000240000000003,0.001000240000000003,0.0010002400000000012,1.3840082784352492,8.480807494161981,4.8222651978709985,0.1085785282558403,-0.3799471171816496,-0.7247445563083822,-34.063619232177736,-23.07385959625244,1.6530999720096589,1014.5199203491211,0.06516872320805331,41.17598471152134
2025-06-11T20:34:52Z,39.981323968309056,-75.15314582700127,5.098069036173866,23.845656342635174,57.981904888064626,-7.13655887562064,0.7246445084588362,5.710628712922268,1.2725690096097917,0.001000000001412305,0.0010000000020798303,0.0010000000018300867,0.0009999999993412763,0.001000000001981679,0.0010000000007756174,4.778715045280996e-7,4.77985401166862e-7,1.710931373985674,17324.030459893187,16982.642793301886,0.1258001357940657,0.00021214381461507443,0.0002367720835095486,0.000347543091111627,0.001024999999999997,0.0010249999999999968,0.0010249999999999968,0.0010002500000000037,0.0010002500000000037,0.0010002500000000003,0.06294014446851708,8.936341666219928,4.781410384712562,0.051581373591374886,0.47392106556659863,0.5025033434622331,-37.648589324951175,-22.630389499664307,-3.4300299286842346,1014.35302734375,0.3478584268737242,44.06031599456868
2025-06-11T20:34:53Z,39.98138909643756,-75.15309173885791,1.1938918735366961,53.61140320112574,60.10147138519324,-7.631141000042839,0.9158747399238063,5.859262268725814,0.8886508136573595,0.0010000000015075192,0.001000000001669962,0.001000000002105087,0.0009999999993403853,0.0010000000018245058,0.0010000000008402532,4.948074908758535e-7,4.94926019507659e-7,1.7048037208797315,16737.842795850866,16466.95061740602,0.11614215335736774,0.00027502313774491356,0.00016876795018770164,0.00033919010962824475,0.0010259999999999963,0.0010259999999999959,0.0010259999999999963,0.0010002600000000045,0.0010002600000000045,0.001000260000000001,1.2273530980334464,8.13018429744737,4.487899301078313,0.0006080273076132237,-0.15640961486796018,-0.33949801537140945,-39.882516748764935,-22.445846782011145,-8.232129265280332,1016.0541534423828,-0.42070121613413336,46.49940234127643
2025-06-11T20:34:54Z,39.98165175831305,-75.15288436984899,3.42232694775654,138.16591583848563,85.71051564186669,-6.236934107451856,1.039719434759821,5.979299048275642,0.5409035955585076,0.0010000000017185095,0.0010000000016640565,0.001000000002331628,0.0009999999996065246,0.001000000001623685,0.0010000000010125963,5.14783521839187e-7,5.149083290181972e-7,1.686343157324317,16211.360878837353,15999.734882952198,0.10546071865360354,0.000326365560911665,0.00011588697935598105,0.00034066583315843615,0.0010269999999999954,0.0010269999999999956,0.0010269999999999954,0.0010002700000000054,0.0010002700000000054,0.0010002700000000019,0.2551867105803855,8.52110028966101,4.906963798157539,-0.003319056097689766,-0.22343371457043942,-0.256266057700759,-35.493459701538086,-26.468509483337403,-11.625989818572998,1014.2846832275391,0.042231731506535156,45.7769229441519
2025-06-11T20:34:55Z,39.98184445143626,-75.15267938274887,5.181116294838901,200.49659854342562,115.76705549628014,-5.764606251167387,1.0468037203551095,5.866802746655162,0.5931662095991337,0.0010000000015337879,0.0010000000013541423,0.0010000000022270955,0.0009999999993485402,0.0010000000014840176,0.0010000000010399624,4.988739341700046e-7,4.989870467408127e-7,1.6588614753311361,15589.635730681097,15421.514199586118,0.0960441322733717,0.0003665340853064851,0.000123237912626455,0.00037769574030283677,0.0010279999999999948,0.0010279999999999948,0.0010279999999999948,0.0010002800000000057,0.0010002800000000057,0.0010002800000000023,-0.13075824903868627,8.369058107374435,4.141118597028308,0.02926014522223032,-0.025671094563550673,0.15023161226409737,-32.067699337005614,-28.000219345092773,-7.843989825248718,1014.3960876464844,-0.4632006969517992,43.28825951616059
2025-06-11T20:34:56Z,39.98204333499483,-75.15241923376337,6.472981721558429,244.96505326639337,147.09409345874712,-5.204467625344689,0.9491821018798117,5.874117711413193,0.8085188538777706,0.001000000001571838,0.0010000000010669475,0.0010000000021092097,0.0009999999996590859,0.0010000000011661841,0.0010000000013989036,5.152613332282774e-7,5.153778512201171e-7,1.6268746770877072,15024.254324756886,14877.107691941466,0.08854967267247432,0.0003377342744453028,0.00016100998190584885,0.0003849724810894258,0.0010289999999999954,0.0010289999999999954,0.0010289999999999954,0.001000290000000005,0.0010002900000000048,0.0010002900000000013,0.6271861510112445,8.383516859053211,4.688837107060113,-0.010078043678240375,0.16107080390155923,0.1259585445978523,-37.58819923400879,-24.84163942337036,-8.404579949378967,1014.4556884765625,-0.18346684316970532,45.8324348961082
2025-06-11T20:34:57Z,39.98210456998678,-75.15226673144554,8.196316663164593,272.29235617693007,177.1377117655975,-3.659612942603398,1.139044698018129,6.079042430422773,0.4069697348158248,0.0010000000012764059,0.0010000000011544151,0.0010000000020951093,0.0010000000000092075,0.0010000000010409352,0.0010000000015759041,4.799823888145895e-7,4.800790285267035e-7,1.5903188246476812,14355.030898238008,14211.093814708482,0.07934630635953857,0.00036483361850094117,0.00010946978840722983,0.00036873721183877943,0.001029999999999996,0.0010299999999999958,0.0010299999999999958,0.0010003000000000056,0.0010003000000000056,0.0010003000000000021,0.8828968748831925,8.790799757214645,5.456138012264712,0.07393179538047395,-0.25573910833222935,-0.36894941565709594,-34.140343772040474,-23.862522019280327,-6.909944269392225,1014.3677978515625,0.567309645088538,42.22234099717392
2025-06-11T20:34:58Z,39.98215815375856,-75.15211285781895,10.1504683352165,269.64708513656643,190.92927510077237,-2.1974038508820697,1.0843674014647082,6.0958142463756,0.3619862947352669,0.001000000001429804,0.0010000000012575882,0.001000000002056803,0.000999999999647756,0.001000000000781805,0.001000000001848147,4.950335617043458e-7,4.951269054798272e-7,1.5454736122782782,13043.757399148964,12904.312058806921,0.06793730979078857,0.00037491326105017604,0.00011071872756160374,0.00037901518667006034,0.0010309999999999952,0.0010309999999999944,0.0010309999999999944,0.001000310000000006,0.001000310000000006,0.0010003100000000025,1.2069159026952734,8.897506951330937,5.3505982508638406,-0.05545244023577298,-0.040032589633593046,-0.01892209912249084,-39.99769897460938,-25.468719482421875,-3.41416996717453,1014.4373016357422,0.6335427982183193,47.54075443455374
2025-06-11T20:34:59Z,39.98216046749816,-75.15199793093024,12.154474496711522,260.0693674251816,201.97631460331667,-1.6068251158840545,1.0617786000095115,6.046707360936684,0.3373680569126343,0.0010000000015318118,0.0010000000010574103,0.001000000002309925,0.0010000000000740916,0.001000000000797149,0.0010000000017161975,4.967035482947702e-7,4.967905703049802e-7,1.4953690723016542,12098.984781221117,11952.637639363053,0.059029516596667914,0.00039340414757042374,0.00011423559636973148,0.0003983348775221802,0.0010319999999999956,0.0010319999999999936,0.0010319999999999936,0.0010003200000000055,0.0010003200000000055,0.001000320000000002,0.8485600225855268,8.451871251105006,4.891147076127857,-0.019844727193584467,-0.051963446754812646,0.04318031115889599,-45.03873920440674,-22.060649585723876,-8.300879907608032,1014.4345550537109,-0.017992432835856886,50.833647744210005
2025-06-11T20:35:00Z,39.9822469436128,-75.1517898791745,13.6990133864888,251.00012583654043,213.75421753784792,-1.6597325963229248,0.9955406055286613,6.137560882745504,0.4438738727058126,0.0010000000017569353,0.0010000000012224373,0.0010000000024866472,0.0010000000004358413,0.00100000000053657,0.0010000000016697262,5.324585827800148e-7,5.325538939488242e-7,1.4462516701848147,11559.356535637573,11396.858835058669,0.05296570991892113,0.00038667018984595854,0.00012055330835476606,0.000396826207254663,0.0010329999999999946,0.0010329999999999938,0.0010329999999999938,0.001000330000000005,0.001000330000000005,0.0010003300000000015,-0.014897591272038171,8.123513959883585,4.719471693945602,-0.039582935417145075,0.13073321965070817,-0.014902679599675108,-40.44360885620117,-23.318469715118407,-12.567219781875611,1014.4307403564453,-0.42631121341698697,48.346319806749946
2025-06-11T20:35:01Z,39.982255753854105,-75.15165705195119,15.013589695061178,231.77717076047554,218.960677606785,-1.4735090123870136,0.8819167967193181,6.064802033583481,0.688899879357666,0.0010000000018202627,0.0010000000011831077,0.0010000000022690808,0.001000000000546116,0.001000000000938152,0.0010000000019132966,5.540536378996593e-7,5.541496572485361e-7,1.397875525322448,10779.420392728314,10610.720980595808,0.046127080877231996,0.0003817284105471391,0.00014915032804172477,0.00041598856066505,0.001033999999999995,0.001033999999999994,0.0010339999999999941,0.001000340000000004,0.0010003400000000043,0.0010003400000000006,0.5156575033200099,8.493448089598388,4.6198878619571495,-0.06607263646970313,0.14796501367858036,0.21430084886886847,-39.99037952423096,-24.869089603424072,-9.419009780883789,1014.3253631591797,-0.13839135022886112,48.02514912687096
2025-06-11T20:35:02Z,39.98235595532092,-75.15141544499606,15.874453931972226,219.74037442626945,229.00621288781275,-1.2797103038886568,0.8964893933658895,6.2317341711325716,0.9028255237409324,0.0010000000015697478,0.0010000000012284347,0.0010000000022437376,0.0010000000008021843,0.0010000000010244956,0.0010000000018414313,6.054151717999182e-7,6.05526361585323e-7,1.3508242164652642,10483.314146020663,10297.762466895561,0.042944764648306766,0.00033255908856000586,0.00019508817323076193,0.0004108375450356001,0.0010349999999999953,0.0010349999999999927,0.0010349999999999945,0.0010003500000000044,0.0010003500000000044,0.001000350000000001,0.16164110654410488,8.764422964094887,4.6022118871785365,0.044888169202407444,0.2703803738346255,0.011494592250274119,-44.19510898590088,-25.18567943572998,-11.905979871749878,1014.4059295654297,0.07886678347285787,52.24244603080998
2025-06-11T20:35:03Z,39.98223757227256,-75.15146390694916,16.384586712268685,204.23220146799156,233.12994825915135,-1.3673201400192991,0.866469670004565,6.08538863145117,1.0568667690244793,0.0010000000014631655,0.0010000000014544585,0.0010000000020776772,0.0010000000009908678,0.0010000000012649014,0.0010000000015687608,5.633056276357787e-7,5.633976042212242e-7,1.3060958186234943,10040.742715743127,9846.95329572059,0.03940555481965709,0.00031489959885470573,0.00023883739244742153,0.00043036689403845796,0.0010359999999999963,0.0010359999999999929,0.0010359999999999955,0.0010003600000000055,0.0010003600000000055,0.0010003600000000018,1.1720017200096646,8.099613164900505,4.845956610677383,-0.012839261046481644,0.021167179933306718,0.2186833234261933,-45.78537921905517,-27.948979473114015,-3.4818799257278443,1014.4570465087891,-0.3103687525273308,53.75466902508605
2025-06-11T20:35:04Z,39.98216874082309,-75.15145181693475,16.97681458211592,182.92279100331794,231.08326001213234,-1.0150332657032286,0.8243428027752344,6.065491680693817,1.0130985425701764,0.0010000000011270186,0.0010000000012971436,0.0010000000019393725,0.0010000000008959279,0.001000000001407044,0.0010000000015237672,5.580298466107181e-7,5.581143247661262e-7,1.2697984204007826,9412.91222649217,9223.500738655934,0.041042462093807595,0.00033926665371570615,0.0002333352151276564,0.00044426806919417865,0.0010369999999999958,0.0010369999999999924,0.0010369999999999952,0.001000370000000006,0.0010003700000000058,0.0010003700000000024,0.4991075737163694,8.746436642645335,5.209699391362974,-0.05459143290942434,-0.04906899810336359,-0.008833996230442492,-46.090989112854004,-15.534869623184203,-1.9977499425411225,1014.3776092529297,0.37287954517680644,48.67953904182807
2025-06-11T20:35:05Z,39.98207935599398,-75.15149717573256,16.970953370729273,166.9595158081785,234.5495035662217,-2.201979596089364,0.8991504189273397,5.90242330762023,0.8835517774535268,0.0010000000011784744,0.0010000000011860704,0.0010000000023099207,0.0010000000010766726,0.00100000000116859,0.001000000001626798,5.22057569596117e-7,5.221290758808131e-7,1.2509670558798878,9120.761682608912,8927.437974776498,0.04589540963185642,0.0004228074724395076,0.0002071018763519691,0.0004958505186585959,0.0010379999999999953,0.0010379999999999918,0.0010379999999999944,0.0010003800000000056,0.0010003800000000056,0.001000380000000002,0.22873113758376787,7.983180164335861,4.0096470361332575,0.033157157979475334,-0.2059729309990171,0.04803575687924291,-37.52048931121826,2.8926199615001678,4.967839908599854,1014.4340667724609,-0.8830564888292869,37.95826594502178
2025-06-11T20:35:06Z,39.982047307473934,-75.15143097385415,16.455922614747674,149.28622191349953,240.64889761515948,-2.8172168155955375,0.7718397932455394,5.850139955667493,1.1093665966946837,0.0010000000009265386,0.001000000000966345,0.0010000000026688897,0.0010000000006813593,0.0010000000015517642,0.0010000000016216974,5.179556433792108e-7,5.18024479141353e-7,1.2535987134907323,8933.693257604407,8737.31156915231,0.054085065445734604,0.00037510087365781326,0.00027564701169845255,0.0005104766686009756,0.0010389999999999963,0.0010389999999999907,0.0010389999999999935,0.001000390000000006,0.001000390000000006,0.0010003900000000025,-0.16937971648319194,8.502620767592198,5.097456275460795,-0.04397295236136397,0.11820179382726265,0.18658566414445987,-35.28311695772059,-1.7359882032170015,16.146340931163113,1014.3423614501953,0.09520368883743693,38.840859736694966
2025-06-11T20:35:07Z,39.98246635962938,-75.15059762474417,15.488109432762801,130.19110595113816,249.5577129703379,-3.726884927592266,0.8003172967039859,5.857931228671609,1.1467203249650113,0.001000000001160158,0.0010000000010201944,0.0010000000024029114,0.0010000000003142723,0.001000000001722261,0.001000000001402355,7.718644530452032e-7,7.720155648655079e-7,1.2792861956015589,8840.234239451664,8642.93128597654,0.06600554246050935,0.0003631338516777514,0.00029504922986447763,0.0005161892471203696,0.0010399999999999954,0.0010399999999999908,0.0010399999999999925,0.0010004000000000059,0.0010004000000000059,0.0010004000000000024,0.13604186268058155,8.63349769019984,4.476490091321184,0.03566606979609316,0.027304976264092857,0.02516911330098165,-33.54389915466309,-14.293519735336304,7.6298799276351925,1014.3563232421875,-0.09466056926405975,37.25196864638275
2025-06-11T20:35:08Z,39.982520583686394,-75.15029419419999,14.648130809805107,108.2690282944547,258.4365105433069,-3.5948192292340546,0.8124878977643608,5.877564903173536,1.0857549093836876,0.001000000001512896,0.001000000001214975,0.0010000000025495788,0.0009999999998318164,0.0010000000018010036,0.001000000001663514,8.325219308828737e-7,8.326958587869998e-7,1.324122383623921,8748.473385305306,8554.346784353922,0.07687768811885955,0.0003826577104744577,0.00028392458630546616,0.0005260956101952797,0.0010409999999999953,0.0010409999999999914,0.0010409999999999914,0.0010004100000000054,0.0010004100000000054,0.0010004100000000017,0.48696450141701314,9.058647941588335,5.091167717215996,-0.0233645285589969,-0.02996780178879781,-0.043907953519845146,-36.870229721069336,-18.106019496917725,-1.3572499871253967,1014.3026123046875,0.5811790883830685,41.09841533053478
2025-06-11T20:35:09Z,39.98220894119955,-75.150660583779,13.992340950036482,84.84044886318195,260.50127279938175,-3.8484266149863045,0.9180605643834578,5.866341162648941,0.8911642302744854,0.0010000000012269777,0.001000000001135018,0.001000000002334724,0.0010000000001518952,0.001000000001413282,0.0010000000015527523,6.934995346208936e-7,6.936169558153811e-7,1.3784877455868108,8505.559065077938,8323.580041993471,0.08393367978066978,0.0004638598381084308,0.00022975389577924017,0.0005572397269060444,0.0010419999999999958,0.0010419999999999924,0.0010419999999999924,0.001000420000000004,0.001000420000000004,0.0010004200000000006,0.4659553693368803,8.528070520399787,4.725090598103835,0.01696623268763588,-0.14970104976178497,-0.0967024974765127,-41.25673904418945,-22.318069458007812,-4.965399837493896,1014.3468627929688,-0.06049691866299026,47.16847627930943
2025-06-11T20:35:10Z,39.98200032928394,-75.15088656561137,13.364767214128236,63.243301096495436,260.09991013497523,-4.147231854429676,1.1036883864562455,5.808852861311684,0.5909013125799348,0.0010000000010071384,0.0010000000015191691,0.0010000000023237135,0.001000000000389028,0.0010000000011423677,0.0010000000011703035,6.08774804618205e-7,6.088632789834843e-7,1.432684054897261,8310.132545476241,8138.8908678448315,0.08946745437802754,0.0005941023915674944,0.00016014655923998042,0.0006252453762375662,0.001042999999999995,0.0010429999999999916,0.0010429999999999916,0.0010004300000000044,0.0010004300000000044,0.001000430000000001,0.23310055562731113,8.331364344595729,4.917184080717614,0.04886762017927773,-0.27406991443179307,-0.08252585925573226,-35.116479110717776,-20.35996961593628,-14.44357967376709,1014.3746337890625,-0.14361674742047265,43.08489403208428
2025-06-11T20:35:11Z,39.98187646983696,-75.1509852267408,13.054930607806988,43.92257983445443,254.16341855901237,-3.817319653213937,1.1539384696387611,6.0434366347831,0.5161379392613855,0.0010000000009754537,0.001000000001821194,0.0010000000025938095,0.0010000000004216926,0.0010000000008516668,0.001000000001135533,5.808649450082737e-7,5.809428996755284e-7,1.4773754350173653,8034.818075944293,7875.974001405293,0.08973504831354405,0.0005239017760455078,0.0001458348457763691,0.0005453600654831602,0.001043999999999995,0.0010439999999999913,0.0010439999999999913,0.0010004400000000048,0.0010004400000000048,0.0010004400000000013,0.3042569757322023,8.577267526625066,4.866700135705531,0.02137618627220604,0.028559015155558833,-0.22855978778121674,-34.564429473876956,-22.250359535217285,-11.363079833984376,1014.3636474609375,0.047283759893974084,42.64848817871513
2025-06-11T20:35:12Z,39.98180115712448,-75.15100790401037,13.138315087972853,29.055035033322262,247.7194295026551,-3.3170563071052914,1.1083269520704648,5.928002372461946,0.762971969941885,0.0010000000014454466,0.0010000000015834727,0.0010000000026779486,0.0010000000000185353,0.0010000000008975538,0.0010000000007897108,5.771853468727676e-7,5.772605114174399e-7,1.5090674067900738,7842.6882132818355,7690.416710244935,0.09038405913789245,0.0005253867164597899,0.00018888456244297634,0.0005939947673162277,0.0010449999999999947,0.001044999999999991,0.001044999999999991,0.0010004500000000047,0.0010004500000000052,0.0010004500000000013,-0.3395101898583094,8.957642673490609,4.660200195548325,0.025886540109845653,0.15956822666014925,0.2270450903222672,-32.6563494682312,-20.611289405822752,-9.450119709968567,1014.3953857421875,0.2853033621600671,39.7562969052963
2025-06-11T20:35:13Z,39.98179530438076,-75.15090610833307,13.928861316011691,19.146423943352325,237.85663911888645,-2.2322803868854098,1.1735805003071467,6.005982964322524,0.5545667710385853,0.0010000000012294144,0.0010000000018602017,0.001000000002720625,0.0009999999999178832,0.0010000000008137968,0.001000000000493769,6.242135180820848e-7,6.242992012216632e-7,1.5301776898814379,7642.503677775127,7494.688713229999,0.09449626100893632,0.0005617016801475987,0.00014039329108101194,0.0005881294327533737,0.0010459999999999942,0.0010459999999999907,0.0010459999999999907,0.001000460000000005,0.001000460000000005,0.0010004600000000016,0.27491677922610935,8.89086310767969,6.06093543225259,0.0013332116775960628,-0.15991572348863234,-0.13890932111521054,-36.800689125061034,-25.624879550933837,-2.5802999675273894,1014.3486022949219,0.9478915491457341,44.91746393438428
2025-06-11T20:35:14Z,39.98184425378774,-75.15070674390974,15.03326538955087,13.648980328712236,231.01661076341986,-1.9472057768012716,1.1055908542046426,5.967020891038249,0.6982614812561784,0.0010000000015398676,0.0010000000022023089,0.0010000000025715062,0.0010000000000914319,0.0010000000006824155,0.0010000000004435944,7.030781273699714e-7,7.031855310844346e-7,1.5441703570663132,7554.333780428475,7405.131909637212,0.09602282733551294,0.0005620426287940703,0.0001596765560579233,0.0006154288997033,0.0010469999999999948,0.001046999999999991,0.001046999999999991,0.0010004700000000048,0.0010004700000000048,0.0010004700000000011,0.4791721103477105,8.194101761816071,5.444488333699367,-0.020860613846603624,0.099141595861992,0.10732449160466881,-37.37530956268311,-26.481319427490234,-11.041609716415405,1014.3404541015625,0.03509102981830521,47.117792943710334
2025-06-11T20:35:15Z,39.982062432799175,-75.15012059024023,15.817000887885307,11.223971457842337,226.46311343152317,-2.0047097395832796,1.1269926232650271,6.069003340234382,0.6601438283970764,0.0010000000017883856,0.0010000000019395096,0.0010000000025107078,0.0010000000003122648,0.001000000000538192,0.0010000000006253102,9.250679250942656e-7,9.252529922166952e-7,1.5509919731385367,7524.376506558318,7371.077401675065,0.09196009405074831,0.000549494612010539,0.00014556225235089258,0.0005939995196999834,0.0010479999999999936,0.00104799999999999,0.0010479999999999901,0.0010004800000000041,0.001000480000000004,0.0010004800000000004,0.46744052616352827,8.090788220403377,4.81229183578234,0.01821027905764227,0.001977718610099759,-0.0967074942071701,-39.7475989492316,-19.33057845266242,-15.949894503543252,1014.3815612792969,-0.3883365359647715,46.98869285834227
2025-06-11T20:35:16Z,39.982152352121616,-75.14986751351258,16.616775835841384,11.362112865621608,221.55504396118323,-1.784744647464456,1.1161590682035374,6.029940395241535,0.6742999630648004,0.001000000002062913,0.0010000000020929114,0.0010000000026577094,0.0010000000004468258,0.0010000000004011047,0.001000000000798919,1.0245674007278071e-6,1.0247935139255374e-6,1.552907103475893,7499.750409242194,7341.875750808469,0.09315004294923095,0.0005632679066391799,0.00014238068910377621,0.0006196605074340559,0.0010489999999999929,0.0010489999999999894,0.0010489999999999894,0.0010004900000000036,0.0010004900000000027,0.0010004899999999993,0.2273582115527985,8.090859316823927,5.52558816575753,0.0019660605531322695,-0.014468012920740621,0.051651320024699465,-41.75205898284912,-15.420799779891968,-4.548159909248352,1014.3060302734375,-0.012511858930296015,44.740548923224424
2025-06-11T20:35:17Z,39.98217779872986,-75.14978563954392,17.200049294715733,13.074173974470899,216.65795021840194,-1.4021030674868384,1.0687024094481659,6.080661593101473,0.765109778649549,0.0010000000017772247,0.001000000002431693,0.0010000000025509705,0.001000000000423484,0.0010000000005527046,0.0010000000007959753,1.0615271118933473e-6,1.061767866889349e-6,1.5538573806547098,7443.016354729191,7282.505820854611,0.09222289975792791,0.0005340610800524081,0.00015321494154260014,0.0006133122977973449,0.0010499999999999921,0.0010499999999999884,0.0010499999999999904,0.0010005000000000031,0.0010005000000000031,0.0010004999999999997,0.5374484805146093,8.171162437436871,5.695744811532224,-0.017809619078859452,0.09344512659643708,0.003748861025219946,-33.647599601745604,-8.354559731483459,-16.26808981895447,1014.3891143798828,0.1629495732781916,38.29629866150627
2025-06-11T20:35:18Z,39.98211443322283,-75.1499303706249,17.858280425008527,16.00866023949519,213.82842590666417,-1.2795136417935524,1.0609895192251708,6.154073374595018,0.7679733980041431,0.0010000000018777137,0.0010000000026254053,0.0010000000022879782,0.0010000000002352602,0.0010000000004179491,0.001000000000730767,1.0000660542146475e-6,1.0002790189124183e-6,1.5505290531026246,7421.759282151659,7258.013166957337,0.08753266227395239,0.000517454841570971,0.00014824210023328807,0.0006061364379115659,0.0010509999999999918,0.0010509999999999881,0.001050999999999991,0.0010005100000000033,0.0010005100000000035,0.00100051,0.2689711822132946,7.917187958851154,5.534832586740031,0.002491491253529942,0.03006702677923044,-0.05571806982611736,-38.560988777562194,-10.9504629938226,-6.8082419947574015,1014.3613433837891,-0.14766104043922906,40.65969173877594
2025-06-11T20:35:19Z,39.98189659362687,-75.15043071966153,18.261657352499505,18.752060748454667,210.50288333890563,-1.1747065015614888,1.05779930174351,6.088959926115448,0.7095808991055941,0.001000000001838301,0.0010000000027383744,0.0010000000022662994,0.001000000000473711,0.0010000000005033478,0.0010000000009927738,7.960453709142729e-7,7.961792098476953e-7,1.5421871676110306,7363.051971221363,7198.57704887614,0.08316890348434142,0.0005284836195919076,0.0001375832722753132,0.0006319261869356562,0.001051999999999991,0.0010519999999999874,0.0010519999999999902,0.001000520000000003,0.0010005200000000028,0.001000519999999999,-0.031993690669551655,8.037547134396789,5.5170999875045785,-0.00345894941059184,-0.0888968121488101,0.03381415514761146,-35.74965953826904,-18.3835693359375,-4.753119850158692,1014.4182586669922,-0.061932884024325494,40.479399985340294
2025-06-11T20:35:20Z,39.9817742515052,-75.15070013673794,18.822034478893684,21.156069470150314,204.50487127455386,-0.7102462151385222,1.0360571514251518,6.064607321305822,1.007884664442254,0.0010000000016284864,0.0010000000030622907,0.0010000000023835684,0.0010000000002160759,0.00100000000070763,0.0010000000010750376,6.88204305271295e-7,6.883017876272194e-7,1.5265587597115118,7172.357537215306,7014.110778050076,0.07411860902218431,0.00047137862045720455,0.0001860578899948152,0.0006437603811108118,0.0010529999999999904,0.0010529999999999867,0.0010529999999999906,0.0010005300000000034,0.0010005300000000034,0.0010005299999999997,0.6707194680106138,8.622944377896431,5.175503479478477,0.0489750375277282,0.24102870055982795,0.17724840955336948,-46.694889068603516,-8.610149884223938,-3.1823699474334717,1014.3834686279297,0.26941517338742804,47.58854904448656
2025-06-11T20:35:21Z,39.98170318605716,-75.15086652509027,19.19695830139812,22.908221048106277,195.7276730523772,-0.8710372766253652,1.0437046519995266,6.083154279652922,0.9828846615426783,0.0010000000017467328,0.0010000000030224246,0.0010000000023839808,0.00100000000045705,0.0010000000006067432,0.0010000000009278492,6.247394432627388e-7,6.248166709105286e-7,1.5053131700021731,6888.944802150853,6741.5309634078285,0.07011878775014346,0.00047031975351522544,0.00017261463277433702,0.0006488376893038744,0.0010539999999999896,0.0010539999999999862,0.0010539999999999896,0.0010005400000000033,0.0010005400000000033,0.0010005399999999996,0.14086018914752774,8.126282261845388,5.123983295795918,0.008048066148318324,-0.01721091111517491,-0.023884963302551104,-39.59936943054199,-11.508259773254395,-14.980379676818847,1014.4326019287109,-0.20040704392068326,43.87433679987046
2025-06-11T20:35:22Z,39.98169689193086,-75.15087103490315,19.008584018276526,23.444581096516437,186.49283492585838,-1.5053482567842849,0.9412343963299663,5.900346620056161,1.2869118998345563,0.001000000001678216,0.0010000000031808916,0.0010000000020870298,0.001000000000229168,0.0010000000007404778,0.0010000000012405955,6.315240577664613e-7,6.315997536056725e-7,1.4881621360442159,6601.168625401956,6464.872942731393,0.07005096203396458,0.0004323334563724041,0.00024220972165659438,0.0007046102625000111,0.0010549999999999898,0.001054999999999986,0.0010549999999999895,0.0010005500000000028,0.0010005500000000028,0.0010005499999999991,-0.05435328709508808,7.990160678860502,4.8860669484114645,-0.0103969658021729,0.14544444901435494,0.32838925921824175,-40.76202945709228,-14.676599740982056,-15.771549510955811,1014.5004272460938,-0.44085665490364434,46.10512688739428
2025-06-11T20:35:23Z,39.98161132019601,-75.1510447384016,18.536581079384167,25.115195635697155,179.8943937687298,-1.8786853434139859,0.990252912546849,6.023819609778758,1.2424824094926072,0.001000000001906373,0.0010000000031197935,0.001000000001908144,0.000999999999931708,0.0010000000006238586,0.001000000001066469,5.485681125279175e-7,5.486235129256502e-7,1.477567579482732,6398.059547712294,6268.830566688791,0.07022832133709345,0.00041617063316179626,0.00021656539385847467,0.0006774099943114089,0.001055999999999989,0.0010559999999999856,0.0010559999999999892,0.001000560000000002,0.001000560000000002,0.0010005599999999984,0.4262415505705383,8.040192007061638,5.136878310678303,0.03912841645139632,0.028919572965432752,-0.12108964289103824,-39.50237922668457,-15.16581974029541,-18.934399700164796,1014.4849395751953,-0.255013449331171,46.35673462798921
2025-06-11T20:35:24Z,39.98166066040463,-75.15092465619031,17.943416404112728,27.194896563857302,175.49901602667725,-1.8711548739688184,0.9374616621203629,6.037687839785948,1.261258640040496,0.0010000000018502077,0.001000000003375642,0.0010000000018985532,0.000999999999792666,0.0010000000008415595,0.0010000000013011508,6.04564635193628e-7,6.046304266800012e-7,1.4691163398663294,6252.432473651767,6127.698700089704,0.06821931665389093,0.0004121362103106552,0.00020999435911694177,0.0006836516656785895,0.0010569999999999892,0.0010569999999999855,0.0010569999999999892,0.0010005700000000027,0.001000570000000001,0.0010005699999999992,0.13711925314176182,8.30651335620568,5.301326257524966,-0.04363149881728612,0.016129374137688526,0.0043417396488179515,-37.65468921661377,-19.926869487762453,-19.853059768676758,1014.5340728759766,0.05010945498961793,47.001010253433066
2025-06-11T20:35:25Z,39.981654674530645,-75.15091723569392,17.635673083995673,29.435017494054527,169.13649946222074,-1.921340996804112,0.9682315398576956,5.990215637150308,1.1744820013740502,0.0010000000015547791,0.0010000000030466897,0.0010000000017790494,0.0009999999998667579,0.0010000000005539061,0.0010000000011218943,6.129137757394423e-7,6.129789914034734e-7,1.4625164834692195,6025.518320791895,5907.829720301666,0.06888005621928668,0.00044776535868290134,0.00018162495088059125,0.0007093050972500015,0.0010579999999999884,0.0010579999999999845,0.0010579999999999884,0.0010005800000000035,0.00100058,0.00100058,-0.07953124078016018,8.081041150044289,5.599899980179841,0.01348056987740343,-0.10434330685520878,-0.0036521340258392704,-35.551409530639646,-24.549449634552,-14.985869646072388,1014.4703674316406,0.028154884320887304,45.72909194432765
2025-06-11T20:35:26Z,39.98156767225626,-75.1510768927178,17.126842569684918,30.698954110448422,160.3840191496348,-2.2960114414842727,0.9185229115843697,5.971674574853303,1.2931958565385082,0.001000000001700919,0.001000000003449496,0.0010000000014149693,0.00100000000013618,0.0010000000008726446,0.001000000001674864,5.464460470852356e-7,5.464951952604104e-7,1.4583854961545053,5707.55787738808,5599.553489839579,0.06820771073302394,0.0004321045101710498,0.00019621089980607055,0.0007225852742574453,0.0010589999999999886,0.0010589999999999846,0.0010589999999999886,0.0010005900000000043,0.0010005900000000006,0.0010005900000000004,0.252482364128186,7.836045168873601,5.3561459770184845,-0.008951407119847779,0.07279594985340275,0.08795600070860966,-37.65651950836182,-23.289799690246582,-14.780909538269043,1014.5253753662109,-0.30740429888043236,46.678675919893514
2025-06-11T20:35:27Z,39.981519234922644,-75.15114448568247,16.664072363108765,32.14899477161863,152.9809525384552,-2.354768007740148,0.8249294144578112,5.9682875129103135,1.6811328801717162,0.0010000000015777724,0.0010000000037466645,0.0010000000014538093,0.0009999999999643408,0.0010000000012340457,0.001000000001816552,5.20739986814207e-7,5.20782535578545e-7,1.456424360072881,5437.676378512535,5336.764479556451,0.0693036537094499,0.0003333467375916047,0.00028347782100532863,0.0007211270642422107,0.001059999999999988,0.0010599999999999843,0.001059999999999988,0.0010006000000000047,0.0010006000000000012,0.0010005999999999995,0.3137776696348317,8.092329405781157,5.597844385145679,0.031623334228856256,0.28287330472382066,0.25960279831122757,-38.799049377441406,-21.67329959869385,-16.010059785842895,1014.4959259033203,0.0435408287634269,47.23785953558659
2025-06-11T20:35:28Z,39.98149262439,-75.1511592480118,16.060505670923558,33.728282226165675,145.7715738858996,-2.8685473045622327,0.8049921421056957,5.800752388062398,1.7918999137466398,0.0010000000015124649,0.0010000000034104072,0.0010000000013176446,0.0009999999998784887,0.0010000000015289647,0.0010000000016561498,5.177922547842266e-7,5.178327217461688e-7,1.4686976432538863,5229.283987612536,5132.6505497496355,0.08136857340002909,0.0003596824151099797,0.00030063455639971366,0.0007792634387974068,0.0010609999999999884,0.001060999999999985,0.0010609999999999886,0.0010006100000000055,0.0010006099999999999,0.001000609999999999,-0.44526282914513177,8.283457850452493,5.508694039820171,0.023451262829860924,-0.05191348561014166,0.20381055453238026,-32.7527289390564,-26.161679172515868,-13.2193097114563,1014.5256042480469,0.1577600450702336,43.95361649913044
2025-06-11T20:35:29Z,39.98143579657457,-75.1512432591265,14.930931849390314,34.88954127899508,136.82760624017135,-4.005260924445858,0.43076103132319216,5.808204223529782,2.7043950374316745,0.0010000000014067135,0.001000000003718074,0.0010000000011544078,0.0009999999996653686,0.0010000000016372878,0.0010000000018190484,4.802128384121448e-7,4.802460580022493e-7,1.5083053420085206,4989.7763430350515,4898.019546930608,0.10214524481670291,0.00019113811877893004,0.0004259736493137248,0.0007363947618096001,0.0010619999999999885,0.0010619999999999846,0.0010619999999999885,0.0010006200000000057,0.0010006199999999994,0.0010006199999999985,0.6470430629089251,7.945194505688118,5.633888362883204,0.077059350047382,0.5960949485882728,0.856299718259109,-45.01616897583008,-16.336409664154054,-16.911029672622682,1014.5866394042969,-0.03732204443113912,50.78692278367746
2025-06-11T20:35:30Z,39.981435754635335,-75.15122876062992,13.878219340449885,36.258078434049246,131.7967099659894,-4.000179327629584,0.479827502318231,6.1094357151359775,3.2854201998350545,0.0010000000012491603,0.001000000003758224,0.0010000000012765798,0.0009999999996370048,0.0010000000013549012,0.0010000000016877086,4.950377496261652e-7,4.950720302924448e-7,1.5658680174536546,4846.779497078845,4755.838276047807,0.11513024446941555,0.00025582242525706595,0.0003212410469557878,0.0007203697064758837,0.0010629999999999889,0.0010629999999999834,0.0010629999999999889,0.0010006300000000067,0.0010006299999999995,0.0010006299999999984,1.866252861458643,7.816288849085162,6.286535309790411,0.25249171538135456,0.5897850045890497,0.44203506612595805,-42.02000969334652,-2.511273653883683,-32.040409891228926,1014.5584106445312,0.4048415083853428,52.90151427781157
2025-06-11T20:35:31Z,39.98141767151135,-75.15126635799795,13.208821047329117,34.340046680244946,126.7203409603656,-4.093181242964289,0.6012977283975109,0.05027822484409769,2.9913012789147153,0.0010000000006958514,0.001000000004210459,0.0010000000014413924,0.0009999999993110433,0.0010000000014678855,0.0010000000017709233,4.779108487957921e-7,4.77941759150437e-7,1.6190981135845175,4690.476629292014,4600.986012989527,0.11655105778661812,0.0001647806268627814,0.00039590954518318083,0.000729287502458882,0.001063999999999988,0.0010639999999999836,0.0010639999999999881,0.0010006400000000075,0.0010006399999999984,0.0010006399999999977,1.527151625393572,8.039204405780849,5.335933708189641,0.08351460279738017,0.03512628438197113,-0.3812649563283994,-28.004489517211915,-7.759199953079223,-35.320829200744626,1014.5596313476562,-0.028205858005128634,45.7385281303092
2025-06-11T20:35:32Z,39.98142078258348,-75.15127461254374,12.729479336489096,28.08271163833036,120.22535461867956,-4.251557647945511,0.564107212414129,0.1667995316037158,2.44043674956556,0.0010000000006823901,0.0010000000038812061,0.0010000000013180499,0.000999999999060885,0.0010000000014000557,0.0010000000018462402,4.947789496688195e-7,4.948104496741484e-7,1.645061796771445,4459.163108389604,4374.5255576096815,0.10376702991303213,0.00016062085972030302,0.00039592253849477654,0.0007422466588340638,0.0010649999999999867,0.0010649999999999828,0.0010649999999999876,0.0010006500000000066,0.0010006499999999988,0.0010006499999999985,0.8219357555501655,8.426668547626099,5.118364380835046,0.006114548056376856,-0.24786582759169495,-0.5752091491836138,-15.121289682388305,-13.832969808578492,-27.13157949447632,1014.5587921142578,0.09737353742780659,34.00181780689341
2025-06-11T20:35:33Z,39.98137915698841,-75.1513693741823,12.41110923633207,23.637339419755023,116.02333436398084,-3.8778891606074524,0.6905239282397698,6.188557836160715,2.507262402755554,0.0010000000008294852,0.001000000003810774,0.0010000000014197203,0.0009999999988975757,0.0010000000012029046,0.0010000000018827785,4.381401000150888e-7,4.381641296869784e-7,1.643287502590802,4339.254986083859,4255.382871605943,0.0965562139455751,0.00014885940714483593,0.0004024499867587635,0.000749678920274747,0.0010659999999999873,0.0010659999999999834,0.001065999999999987,0.001000660000000007,0.0010006599999999978,0.0010006599999999978,-0.9521115878827243,8.304900979038173,5.3811579396711515,0.11291187515203686,-0.19312693907460501,0.22377192528128398,-23.96384963989258,-16.17414970397949,-31.053269386291504,1014.5849456787109,0.1460699909021171,42.428415554098876
2025-06-11T20:35:34Z,39.98136900523211,-75.15140086026157,12.422912624684106,19.40874450317774,109.76160492904309,-3.4567986497511862,0.7023560433116783,6.1789795785748,2.951505674477257,0.001000000000418937,0.0010000000037244136,0.001000000001379039,0.000999999998578414,0.0010000000011235013,0.0010000000016849627,4.3313978172551863e-7,4.331622572669425e-7,1.6279304713337415,4152.675950350962,4072.438483828502,0.08886915322704007,0.0001326587420822614,0.0004200917862640445,0.0007588237462066718,0.0010669999999999874,0.001066999999999984,0.0010669999999999874,0.0010006700000000073,0.001000669999999997,0.001000669999999997,0.5344781695878368,8.34775064146765,5.361507782482936,0.04170893931499095,0.28809346425669113,0.37824938686003756,-31.004694085372122,-14.15264179832057,-29.957420650281403,1014.5912475585938,0.14106419028501702,45.37654434814691
2025-06-11T20:35:35Z,39.98135965600552,-75.15141957485163,12.97342843223199,18.746676206764135,101.7954600914226,-1.614270050255017,0.935452995091357,6.071691028718974,3.67236398475269,0.00100000000022641,0.0010000000033336925,0.0010000000012234487,0.0009999999981277722,0.0010000000012036039,0.001000000001647881,4.326848719810591e-7,4.3270663956278986e-7,1.6223322638380662,4031.3785519796043,3952.093798896618,0.1024073117328674,0.0003121949759067608,0.0002546526763374387,0.0007767326716527416,0.001067999999999987,0.0010679999999999832,0.0010679999999999871,0.0010006800000000073,0.0010006799999999977,0.0010006799999999977,1.0018042875618258,11.829931996040635,2.806744879470249,0.40946379804753363,0.5804877404820115,0.723049323795541,-33.419009961579974,-10.118294515107808,-30.573199523122685,1014.6791381835938,2.4061489410380013,46.410407612307594
2025-06-11T20:35:36Z,39.981323740095156,-75.15152046337374,14.560915685996363,14.935937792741015,97.85684657630954,-0.9679398460710703,1.0782426589500387,0.018202013927601284,3.991934432028954,0.0010000000004477447,0.001000000003541074,0.0010000000015108646,0.0009999999982440192,0.001000000001235741,0.0010000000011507375,3.6836060701038624e-7,3.6837571056156307e-7,1.6117277045959402,3859.1859485885607,3783.479030050542,0.08251146265461114,0.00038576967054102586,0.00017129613578915345,0.0007796946773915893,0.0010689999999999862,0.0010689999999999825,0.001068999999999988,0.0010006900000000065,0.0010006899999999968,0.0010006899999999983,1.7745549550054194,8.382880829807762,4.830065082548826,0.16913629041799366,0.4219275807726268,-0.029105962836900166,-26.31234941482544,-9.328729724884033,-37.98347930908203,1014.5451507568359,0.043416914425230727,47.13920715820608
2025-06-11T20:35:37Z,39.9813154249644,-75.15155922179756,15.999524253122125,12.405393727505357,94.36575674760432,-0.5143387964112405,1.0478097565218896,6.092621216362964,4.536274760905766,0.0010000000007412799,0.001000000003642631,0.0010000000017152534,0.0009999999983791492,0.0010000000016659408,0.0010000000006869837,3.4119362139955476e-7,3.412060485063744e-7,1.57088765133066,3701.2206822698117,3628.528998141873,0.0671082651583072,0.00045510973202971303,0.00012174945957242205,0.0007972262674447709,0.0010699999999999865,0.0010699999999999829,0.0010699999999999874,0.0010007000000000071,0.0010006999999999972,0.0010006999999999972,1.4397500791403288,8.612746302464895,4.445046834898754,0.011622827200112363,0.4286632498490374,0.4908372735369619,-24.222489643096925,-12.722159671783448,-36.49507923126221,1014.5483551025391,0.006207065924450528,45.6121533717444
2025-06-11T20:35:38Z,39.981351798020164,-75.1515210536372,17.00742482209518,12.49425293264004,95.05622215820642,-0.7616835519660111,1.008772234198638,5.823375423522268,4.712179505244962,0.0010000000005010799,0.0010000000035596238,0.001000000001527779,0.0009999999982882287,0.0010000000018425,0.0010000000005998455,3.835517661003851e-7,3.8356695318830257e-7,1.5032060638957143,3580.3942086221114,3509.1493913238232,0.04859920126570514,0.0005239171614675413,0.00014250026127804666,0.000877339748292966,0.0010709999999999871,0.0010709999999999834,0.0010709999999999871,0.0010007100000000075,0.0010007099999999978,0.0010007099999999978,0.4476397273831107,8.987491678234273,3.592674278257562,0.01502688579167274,0.009074780274379265,0.32098742926052054,-23.350799560546875,-13.687179708480835,-34.83404903411865,1014.5552215576172,-0.1030886206629229,44.1135492611517
2025-06-11T20:35:39Z,39.9813676261873,-75.15156012074068,17.562236523436557,12.398235584592348,97.6900742167575,-0.9042169094912222,1.1445291727091218,6.040203298595406,4.346844419131825,0.0010000000007229992,0.001000000003256823,0.0010000000012868873,0.0009999999980601795,0.001000000001805468,0.0010000000006468908,3.42130017819321e-7,3.421418446351862e-7,1.4131844301375605,3506.8299910950036,3434.6407768968024,0.035215581740352206,0.000471153646713711,0.00012769939267809815,0.0008233007650995045,0.0010719999999999868,0.001071999999999983,0.0010719999999999868,0.0010007200000000075,0.0010007199999999966,0.0010007199999999966,0.3748372991457227,8.810242103573101,4.4522787770017604,0.004567400327965612,-0.2091213496643848,-0.376750397146348,-19.261359691619873,-13.230899572372437,-37.690069389343265,1014.5331508091518,0.08567342765754701,44.34629088725699
2025-06-11T20:35:40Z,39.9814504864265,-75.15147939588326,17.997799450524713,11.836570007557137,96.72116476224372,-0.29001434100062934,1.1844510122328544,6.1454647286038595,4.199627576498364,0.001000000000447477,0.0010000000030226757,0.0010000000013468734,0.0009999999977756012,0.0010000000016849855,0.00100000000077711,4.0424987804827745e-7,4.042657660434209e-7,1.321936949996863,3376.59042026908,3305.1781999318473,0.028861381948636626,0.00043825729431726213,0.0001528726653359477,0.0008215736375262805,0.001072999999999986,0.0010729999999999817,0.0010729999999999863,0.0010007300000000072,0.0010007299999999966,0.0010007299999999968,1.1320596856765668,9.282797693249305,4.33679598977288,0.008257072875819064,-0.09086779893929008,-0.15763330610906198,-20.354479694366454,-13.807959842681885,-36.29377956390381,1014.5655212402344,0.5156035851003052,43.8428852715204
2025-06-11T20:35:41Z,39.98148303202379,-75.15152542943652,18.372564824870423,12.035024404252821,99.96711651606248,-0.5720477301896408,1.1273480368212272,5.959358865217534,4.455797011890311,0.0010000000002750814,0.0010000000035427178,0.0010000000013344094,0.0009999999978892327,0.0010000000018622211,0.001000000000920712,3.4338136672899925e-7,3.4339274112558534e-7,1.2373936049295136,3355.3276163748615,3279.5866424031556,0.023664658132795335,0.0005090901365495161,0.0001373589595926501,0.0008593629029794599,0.0010739999999999856,0.0010739999999999819,0.0010739999999999858,0.0010007400000000078,0.001000739999999997,0.0010007399999999971,0.4032272873218353,8.394724630352812,4.658498095511043,-0.0008609404057372061,0.16023144924472155,0.2776140007715817,-19.141189575195312,-13.473069763183593,-37.67847919464111,1014.5769653320312,-0.18395276842534,44.357322334835075
2025-06-11T20:35:42Z,39.981520749691015,-75.15156176533353,18.235873431228352,13.836212784794279,104.5429475751151,-1.1786540138588777,0.9553415076080675,5.751489035232294,4.760305362923426,0.0009999999999931223,0.0010000000033559405,0.0010000000014064136,0.0009999999977214455,0.0010000000020804233,0.0010000000006047637,2.912567033923526e-7,2.91264743101235e-7,1.156987425228161,3301.4706236020147,3222.110903246392,0.02460463364879652,0.000588458397585606,0.00016946058950179373,0.0009490976455803476,0.0010749999999999857,0.0010749999999999822,0.0010749999999999857,0.0010007500000000077,0.0010007499999999973,0.0010007499999999973,0.1658571549464992,8.83136718177441,4.522634606598474,-0.04779081099828107,0.1426907233651731,0.33038189464715434,-24.17307949066162,-15.333569765090942,-37.77302932739258,1014.5941314697266,0.1296863537206255,47.39465237287502
2025-06-11T20:35:43Z,39.981600325521455,-75.15149659149608,17.22927763228904,16.546869247198803,111.8566484479229,-2.524862546290226,0.8597581924378601,5.830431080808623,4.98435197543476,0.0009999999997885264,0.0010000000035443094,0.0010000000015620658,0.0009999999975036614,0.0010000000020258918,0.001000000000407385,3.130339431565762e-7,3.130431752393446e-7,1.0892896951900664,3288.6275922212094,3202.9370776244605,0.03136095667026655,0.00048643805652447743,0.00022733366179529993,0.0009112004833377139,0.0010759999999999847,0.0010759999999999808,0.0010759999999999847,0.0010007600000000068,0.0010007599999999962,0.0010007599999999962,0.5136186907310107,8.192294858929138,4.500671543715978,0.008727547040625082,0.20902489272296998,0.05966684513292332,-26.31173963546753,-15.636129808425903,-36.01988906860352,1014.6425018310547,-0.4335589836297614,47.26757677938978
2025-06-11T20:35:44Z,39.981661647613095,-75.1514801393343,15.538603682914323,22.535305272528802,123.8121280874274,-3.7006906552672225,0.8101968501517951,5.820288024340389,5.228005192538527,0.001000000000042881,0.0010000000036459256,0.0010000000013189797,0.0009999999972121977,0.0010000000018923663,0.0010000000002379896,2.898044816182503e-7,2.898123294863411e-7,1.048504028905339,3268.5556081728682,3175.7471408205165,0.04624653024503026,0.00040826958268038853,0.00030814818169459216,0.0009129553784088931,0.001076999999999984,0.00107699999999998,0.001076999999999984,0.0010007700000000072,0.0010007699999999967,0.0010007699999999967,0.23356816785058665,8.842163490291865,4.1325218958541035,0.05534349137794263,0.16064280026948516,0.15636774448264626,-21.52567958831787,-12.844159746170044,-33.804369354248045,1014.5475158691406,-0.03365359642186863,42.0839451848278
2025-06-11T20:35:45Z,39.98173028972775,-75.15145227230373,13.714643462638827,32.0462312466338,138.83851724195844,-3.6982016166607945,0.870683177545156,6.110226436667316,5.060796352576876,0.0010000000002215869,0.0010000000035532046,0.0010000000016332038,0.0009999999971683636,0.0010000000016271197,0.001000000000417116,2.631267738861391e-7,2.631332009999714e-7,1.048578067858529,3254.4570217151827,3153.016956550262,0.05801422854191113,0.00039404957169131847,0.0002685944931142939,0.0008770087171928232,0.0010779999999999833,0.0010779999999999798,0.0010779999999999833,0.0010007800000000082,0.0010007799999999958,0.0010007799999999958,0.6633348610726688,8.573242353435685,4.943557749664954,0.0004305705814560683,0.0788754582162649,-0.3328065697329636,-18.7007698059082,-12.76241979598999,-39.97512950897217,1014.5390472412109,0.11960012444547728,45.94131552462017
2025-06-11T20:35:46Z,39.98184616429949,-75.15132635517368,12.09993637261249,45.56190196918165,155.33135906908612,-3.9058086590949785,0.8676592755654544,0.01070315820419253,5.080745991105461,0.0010000000006829479,0.001000000003298491,0.0010000000013518178,0.0009999999973125697,0.001000000001498414,0.0010000000003388108,2.872990507146635e-7,2.8730664940603e-7,1.0889379610383585,3234.543086829814,3124.2050833803846,0.06443592339909729,0.0003809095190374187,0.00028370924426628406,0.0008922098446756474,0.0010789999999999836,0.00107899999999998,0.0010789999999999838,0.0010007900000000073,0.0010007899999999966,0.0010007899999999966,0.20577297525085703,8.432601808544419,4.299120866297042,-0.01190164719797629,0.13372925671213573,-0.1262073876563905,-25.799339485168456,-15.957599639892578,-35.724039268493655,1014.6190795898438,-0.3343001634927628,46.86633263335912
2025-06-11T20:35:47Z,39.9819490934022,-75.15122779267598,10.528262616143154,60.6613127217287,174.66107476614698,-4.349248006377339,0.9847685026589401,6.134605119649186,5.067759250571605,0.0010000000007509252,0.0010000000030040924,0.0010000000014985032,0.0009999999976585956,0.0010000000011219973,0.0010000000002238702,2.885312961879741e-7,2.8853889163319637e-7,1.1529350165562016,3212.3458992129226,3092.9485291868823,0.06731590479842357,0.00039468397005692883,0.00028908135898706404,0.000896503370239766,0.0010799999999999824,0.0010799999999999805,0.0010799999999999844,0.0010008000000000076,0.0010007999999999968,0.001000799999999997,-0.2833249619460975,7.96880364918379,4.2121066679941,0.10336651320465429,-0.11030045496356569,0.12581510186671266,-21.42258949279785,-16.10948977470398,-35.74355964660644,1014.7126159667969,-0.787232777204632,44.67706937830647
2025-06-11T20:35:48Z,39.98204502670769,-75.15118354089512,9.67964890993926,78.12731850334102,197.87618919087188,-3.927999847583292,1.0120189341572619,6.226144901691943,5.024438602311347,0.0010000000005986954,0.0010000000031142402,0.0010000000011655761,0.0009999999980649964,0.00100000000144017,0.001000000000148316,2.630736534661847e-7,2.6307991743783214e-7,1.215387236785858,3193.2686902297887,3064.708779357647,0.06181745209062119,0.000400277487336702,0.0002839441268294571,0.0009067532835508652,0.0010809999999999834,0.0010809999999999798,0.0010809999999999832,0.0010008100000000082,0.0010008099999999978,0.0010008099999999978,0.09125159175618897,8.12048010730443,5.233817303715638,0.004589049474814958,0.009728445508326642,-0.09223841831482978,-20.948619747161864,-14.247769737243653,-36.5926794052124,1014.5901641845703,-0.14810518053699573,44.5068903175956
2025-06-11T20:35:49Z,39.982103062903064,-75.15125765661377,9.773225379355894,92.16650347749717,212.60233258081198,-3.001426258441212,0.9794644239700726,6.1365918480735795,5.0474386776844415,0.001000000000847181,0.0010000000032392665,0.0010000000010391057,0.0009999999983531572,0.0010000000014011245,0.0009999999999446639,2.0724305239096304e-7,2.0724676711513058e-7,1.253646478985934,3052.5637566708774,2925.796753063564,0.053041746836986634,0.00040083679009880773,0.0002980865732042381,0.000916872194472717,0.0010819999999999842,0.0010819999999999808,0.0010819999999999834,0.001000820000000009,0.0010008199999999984,0.0010008199999999982,0.3415062341343479,8.067937017800986,6.1564021435907605,-0.04923387205640068,-0.03439024642626416,0.09834470639549263,-20.90652952194214,-10.893989849090577,-36.02110919952393,1014.5233306884766,0.3417752425101253,43.049714692064576
2025-06-11T20:35:50Z,39.98215220077199,-75.15130801370235,10.193037518150028,100.39054883606848,216.7756655014465,-2.5416055384146152,0.9855929843935671,6.160893340661069,5.090754270483099,0.0010000000010527638,0.0010000000033798303,0.0010000000014977939,0.0009999999982068146,0.001000000001616246,0.0010000000002227348,1.7641096497213543e-7,1.7641346373278103e-7,1.2699245050192078,2830.7949128352443,2714.4104582588716,0.049115641677335495,0.0003850066016562172,0.0003185199164120572,0.0009262446605730827,0.0010829999999999846,0.001082999999999981,0.0010829999999999835,0.0010008300000000085,0.0010008299999999977,0.0010008299999999977,0.47889153526638667,8.381829570767025,5.026348423003111,-0.004079218984356178,0.045090995928243935,0.013540611542694111,-21.113929557800294,-14.239229869842529,-39.16748943328857,1014.6303863525391,-0.02838579416306393,46.71874549703221
2025-06-11T20:35:51Z,39.98222874200083,-75.15128860761466,10.683445805835447,106.06409905579815,219.33276960637187,-2.2759289546150097,0.9865810967355345,6.096291477365279,5.091017808800843,0.0010000000007541515,0.0010000000033097284,0.001000000001325477,0.0009999999980429802,0.0010000000016778393,0.0010000000001182206,1.757378711313484e-7,1.7574019981896478e-7,1.2748424402253866,2656.144238824164,2547.9116809204243,0.04673149780121384,0.0003953778733972581,0.00032465456123775767,0.0009400199134886486,0.0010839999999999845,0.001083999999999981,0.0010839999999999836,0.0010008400000000078,0.0010008399999999972,0.0010008399999999972,0.06227800158073158,8.141560243603188,5.278955393074445,-0.012245549468393038,-0.03939890826682407,0.06392441560817956,-20.824179553985594,-15.458619642257691,-37.896249008178714,1014.6946105957031,-0.11073606733814138,45.920980050052826
2025-06-11T20:35:52Z,39.98234451237856,-75.15118892578397,11.078824754556724,110.87643099323168,223.38405419069431,-2.0217538357054345,0.9789341871802997,6.061646736938372,5.116789108911918,0.0010000000008023387,0.0010000000030739185,0.0010000000016485288,0.0009999999979116501,0.0010000000015068858,0.0010000000000395955,2.047473731249551e-7,2.04750412145702e-7,1.270884288718204,2552.8493855598167,2448.4233298469626,0.046345196199216114,0.0003966196981316261,0.0003385966678356887,0.0009539078053607391,0.0010849999999999844,0.0010849999999999807,0.0010849999999999844,0.0010008500000000084,0.0010008499999999978,0.0010008499999999976,0.22964766782260523,7.776384614941148,6.022979878424272,-0.01205319660077678,-0.0019825803356259748,0.05265638341742849,-22.378459453582764,-14.78456974029541,-37.76021938323974,1014.7873077392578,0.023711068011052577,46.31639474556864
2025-06-11T20:35:53Z,39.98236055773589,-75.15124861661965,11.856482986697705,113.97053720592281,223.5074256384004,-1.610410557371889,0.9878403171823459,6.158442603621872,5.147280354362251,0.0010000000010267145,0.001000000002905535,0.0010000000016331806,0.000999999997789431,0.0010000000011041485,0.0009999999999618502,1.7635743442854267e-7,1.7635957649658076e-7,1.262155650272656,2422.756076186689,2325.4218071327705,0.04600643791071883,0.0003791622712861939,0.00035248317044236894,0.0009570586685497287,0.0010859999999999837,0.00108599999999998,0.0010859999999999856,0.0010008600000000081,0.0010008599999999975,0.0010008599999999975,0.42240708970943325,8.03162157439878,5.762352274893066,0.006367687907295616,0.07377520033566462,-0.05308758534867546,-23.229409599304198,-14.909619855880738,-36.552419090270995,1014.6641693115234,0.07876178140841142,45.80367815300974
2025-06-11T20:35:54Z,39.98240520282445,-75.15124324473703,12.80275702799875,115.60828941341066,221.34772174566882,-1.296189966582591,0.992980774212573,6.0995636462313945,5.129879442162913,0.0010000000014282085,0.001000000002623959,0.0010000000011951712,0.000999999997898875,0.0010000000009272867,0.000999999999869258,1.7573654776566077e-7,1.75738565307729e-7,1.2544917472386565,2294.9543428567367,2205.3563734481113,0.04703532665163447,0.0004026016263041944,0.0003462442732087094,0.0009719731461919586,0.0010869999999999832,0.0010869999999999797,0.001086999999999986,0.0010008700000000083,0.0010008699999999979,0.0010008699999999979,0.15306313855098333,8.116368793484643,5.553129004476822,-0.00247803394135684,-0.05265624935290359,0.05137070154402489,-24.825779533386232,-13.392549753189087,-35.80882930755615,1014.6172485351562,0.020605244638259364,45.584507821679104
2025-06-11T20:35:55Z,39.982395163374264,-75.15131449138985,13.507439578253988,115.8836963297811,218.06576986452262,-1.066967291070221,0.989815944032346,6.128701015678393,5.113890450497739,0.0010000000016705808,0.0010000000027199985,0.0010000000014360475,0.0009999999977663113,0.0010000000009970772,0.0010000000003590182,1.4490955458362446e-7,1.4491086524314132e-7,1.251822763875116,2189.8852613781637,2106.8377951267703,0.048798522691315585,0.00041556575480151985,0.00033738688120476883,0.0009803873838052618,0.0010879999999999833,0.0010879999999999794,0.0010879999999999868,0.0010008800000000074,0.001000879999999997,0.0010008799999999967,0.24789597131262203,8.152453850743532,5.495234214304682,-0.0075743273291569505,-0.0028366877237250205,-0.0229680864135314,-21.04255962371826,-11.225219821929931,-34.353369331359865,1014.7302398681641,0.020448063065056227,41.82038522331948
2025-06-11T20:35:56Z,39.98242318378651,-75.1513146848483,14.32980137658559,116.58690018442614,215.21170959889028,-0.7395174304214991,0.9848558428104333,6.18421885275471,4.9998580597314675,0.0010000000014500194,0.001000000002957747,0.0010000000012234734,0.0009999999977033205,0.0010000000011189867,0.0010000000005595288,1.4443024146958297e-7,1.4443149672673116e-7,1.2521677189550222,2108.879386598367,2030.9999604889858,0.047393932215559056,0.0004628139282165687,0.0002899723275958443,0.0009877435379799474,0.0010889999999999832,0.0010889999999999795,0.001088999999999987,0.001000890000000006,0.0010008899999999973,0.0010008899999999973,0.3798239706542401,8.180525874135158,5.544408844946379,-0.018529900136963998,-0.0702044680948095,-0.09936628790980712,-22.236329555511475,-11.775439739227295,-36.84338932037353,1014.6969757080078,0.07590194691207933,44.61553705423142
2025-06-11T20:35:57Z,39.982484962813395,-75.15124972424768,15.016017765820873,114.38703695787783,208.06295278375566,-0.644534478257911,0.9805866263565349,6.202947645816855,5.015932813919836,0.001000000001604825,0.0010000000028095133,0.001000000001617852,0.0009999999977345303,0.0010000000011821917,0.0010000000003721721,1.75007078474539e-7,1.7500883168605658e-7,1.2503383961896515,2002.6830133419087,1932.003685642027,0.04547741277684185,0.00046460987506199904,0.00028904830463155406,0.0009972523722434948,0.001089999999999983,0.0010899999999999792,0.0010899999999999866,0.001000900000000006,0.001000899999999998,0.001000899999999998,0.2935017736390634,7.807759927746676,5.75391266250488,-0.00048622657745978396,0.018450095216206712,0.0013640218068838212,-23.175119590759277,-13.057659912109376,-36.9733190536499,1014.7468719482422,-0.10908540566318836,45.54789078120908
2025-06-11T20:35:58Z,39.98254071365006,-75.15118456756414,15.739709455473374,114.36115661682037,204.5014762876608,-0.45813687506570155,1.0067982346114168,6.206947744424584,4.8996569923471,0.0010000000013474044,0.0010000000030750526,0.0010000000019388731,0.0009999999979106993,0.001000000001082177,0.0010000000008331227,2.0472490932245114e-7,2.047272361339927e-7,1.2445576920028465,1940.287020661715,1873.7377196290927,0.04151185037273655,0.0005086447214055099,0.0002456585816068913,0.00100770297478376,0.0010909999999999824,0.0010909999999999787,0.0010909999999999859,0.0010009100000000055,0.0010009099999999977,0.0010009099999999974,0.16168974756661506,8.30422005557733,5.212037514684967,0.020900718117186343,-0.10029391183077295,-0.05950100405551452,-23.342869567871094,-13.944599819183349,-37.66627922058105,1014.7018585205078,-0.006104481535556275,46.45519674339432
2025-06-11T20:35:59Z,39.98255097415547,-75.15118909135671,16.535191973367517,115.02920409999643,200.99436615486343,-0.5194946800151761,0.9533057118948723,6.10737308784322,5.1397836610860095,0.0010000000017717195,0.0010000000033959801,0.0010000000017790275,0.0009999999976674759,0.0010000000008915666,0.0010000000008496732,2.0560855902346584e-7,2.0561081837520931e-7,1.2351203906224182,1865.6509520363747,1803.859770745963,0.038118416383393264,0.0004487759048366936,0.00031722174197996864,0.0010273694151879884,0.0010919999999999823,0.0010919999999999786,0.001091999999999986,0.0010009200000000045,0.0010009199999999976,0.0010009199999999974,-0.6011515407128695,9.367855428692604,3.3933570256213827,-0.01999960753007942,0.14063729734610575,0.22781799042141573,-22.57670965194702,-14.513729619979859,-37.73398933410645,1014.597412109375,0.17042840730060807,46.30556578633387
2025-06-11T20:36:00Z,39.98257087911711,-75.151190053867,16.92845426609689,115.15661464284469,198.84975408334424,-0.6824898575912849,0.8965481784732637,6.13345203315368,5.344446399357459,0.0010000000015721968,0.0010000000035714535,0.0010000000018592233,0.000999999997398544,0.0010000000013536427,0.001000000001116458,2.056342570663952e-7,2.0563645369841567e-7,1.2256132024838151,1812.2468277948838,1753.535630083116,0.0392614203770954,0.00037698580251047483,0.00038541703565018147,0.0010330068005028493,0.0010929999999999814,0.0010929999999999777,0.001092999999999985,0.0010009300000000045,0.0010009299999999975,0.0010009299999999975,0.07893798560628838,9.023588936250203,3.9777379001298483,-0.022970664008981956,0.17486773522109042,0.10816634607043828,-19.916499614715576,-15.481189680099487,-38.44402904510498,1014.6623382568359,0.05089976418023803,45.981223324890216
2025-06-11T20:36:01Z,39.98260344840783,-75.1511926137319,16.668682214913456,112.8301157738243,195.43545179687123,-0.9758038342825346,0.941197895413095,6.084496247135474,5.165764369261007,0.0010000000019025443,0.0010000000036954303,0.001000000002153341,0.0009999999977239517,0.0010000000014238298,0.0010000000013015583,2.056349770599619e-7,2.0563710321321623e-7,1.22285229559817,1753.3327468304794,1697.754532867683,0.04292142374818348,0.0004631156261745293,0.0003118636541493889,0.0010523529417563124,0.0010939999999999806,0.0010939999999999772,0.0010939999999999845,0.0010009400000000044,0.0010009399999999975,0.0010009399999999975,-0.19747774455250422,8.606568354830122,4.532235663457556,0.013571290425984333,-0.1740586141361421,-0.06538048983006375,-15.87733635149504,-15.868347067581979,-35.54116720902292,1014.8614807128906,-0.08117151009404779,42.036466944674515
2025-06-11T20:36:02Z,39.98264133994893,-75.15118203556273,16.716215890480104,112.50464217321414,193.40558542312436,-0.6981539508991531,0.959138823085484,6.1971704872899265,5.201322517933307,0.0010000000022775822,0.0010000000035728597,0.0010000000024050144,0.0009999999977263392,0.0010000000015200595,0.0010000000014647745,2.056349810123711e-7,2.0563706245171226e-7,1.2251522284436969,1716.6082760274408,1662.4775902189242,0.043639045649706575,0.0004458084128578396,0.0003187993501339603,0.0010494448081636019,0.0010949999999999797,0.001094999999999976,0.0010949999999999834,0.001000950000000004,0.001000949999999997,0.001000949999999997,0.2514199339542139,8.986631177898525,4.598976050851576,0.022996611315399172,0.09102198367423481,-0.06652895144689595,-20.16467325310958,-14.187315438923083,-36.353430697792454,1014.7326202392578,0.2883888164305977,43.92563530646884
2025-06-11T20:36:03Z,39.982681339892565,-75.15118322645434,16.88947653889905,110.52674452823402,188.56555778495,-0.9257289598410807,0.9453652627684488,6.195744504886149,5.151529221872134,0.0010000000023847899,0.0010000000032131823,0.0010000000022872323,0.0009999999977950054,0.0010000000016944257,0.0010000000012430567,2.056349541373628e-7,2.0563696664076776e-7,1.226713918417927,1659.5890545599411,1607.949549735418,0.04415672767621657,0.0004740574720318674,0.0002967132718866849,0.0010601992238576312,0.0010959999999999792,0.0010959999999999752,0.001095999999999983,0.0010009600000000034,0.0010009599999999965,0.0010009599999999963,-0.08619617337961265,8.587974094387295,4.239370604393462,-0.01911445245757575,-0.04504291711841443,-0.022339481086770786,-18.75444984436035,-12.95578966140747,-35.26775913238525,1014.6723480224609,-0.2311616954400738,41.99276665923694
2025-06-11T20:36:04Z,39.982719926568464,-75.15117874471107,17.146467668119566,109.12935756994364,184.81203511584934,0.1044696206166694,0.982534230214439,6.210295976766879,5.0980705053980815,0.001000000002105643,0.0010000000033881411,0.0010000000020887348,0.0009999999975995107,0.001000000001915224,0.0010000000013188342,2.0563493718977814e-7,2.0563690657321767e-7,1.2228397817949002,1624.9104109143727,1574.1422298173493,0.04055718121516344,0.0005010310793728445,0.00027604839682751257,0.0010695898516875902,0.0010969999999999784,0.0010969999999999747,0.0010969999999999823,0.0010009700000000038,0.0010009699999999966,0.0010009699999999966,0.831063659371286,9.23490607642806,5.436673511353828,0.0318340052649077,-0.03784176835400921,-0.03904917656940843,-18.895359611511232,-13.151599740982055,-37.16973934173584,1014.7686309814453,0.9403530465225798,43.72166832147897
2025-06-11T20:36:05Z,39.98277274612503,-75.15118229768034,17.6197665419214,108.32591083618843,182.40519353942858,-0.25799322107682526,0.9122697472554736,6.165931055441115,4.948050434493825,0.001000000002335023,0.0010000000032049218,0.0010000000019475196,0.0009999999977653887,0.0010000000017022876,0.0010000000013606586,2.0563492413891286e-7,2.0563686019515515e-7,1.2137841162453549,1598.27202347205,1547.8314536428152,0.040684246141971865,0.0005603646744627063,0.0002303256621354993,0.0010850062714601917,0.0010979999999999772,0.0010979999999999736,0.001097999999999982,0.001000980000000003,0.001000979999999996,0.0010009799999999962,0.3966806417086526,8.329059957500883,4.42209313863307,-0.08642787001693851,-0.15059120316389615,-0.04921222280284025,-19.503529644012453,-13.737199783325195,-36.83179931640625,1014.7571868896484,-0.36926187432265023,43.88251723093396
2025-06-11T20:36:06Z,39.98279391069287,-75.15123748104037,17.81388527332526,107.92879124533869,180.92992233408816,-0.5246021811531277,0.863912683442092,6.066123519695776,4.8469526596476555,0.001000000002630589,0.0010000000033882077,0.0010000000016073614,0.0009999999978754957,0.0010000000019073515,0.0010000000014465395,1.763761474866057e-7,1.7637754942156403e-7,1.2096632427565925,1574.4201517187503,1524.0605656925627,0.04537023048357787,0.0006127882287228356,0.0002076000949166144,0.0011165414264164165,0.0010989999999999778,0.0010989999999999722,0.0010989999999999824,0.001000990000000003,0.0010009899999999959,0.0010009899999999959,0.4448602126664415,8.431999372479094,4.660944651601752,-0.06719011207725907,-0.143414201052699,0.017192726418877948,-20.28920974731445,-14.88582968711853,-35.736239433288574,1014.7181570870536,-0.162775887669975,43.70714284225888
2025-06-11T20:36:07Z,39.982887718710955,-75.1511769950328,17.34378652274943,106.51126785303688,179.12772278359404,-1.4168285936228624,0.8217289522533557,5.857322495808392,4.920060663913366,0.0010000000025756556,0.0010000000034464153,0.0010000000013971847,0.0009999999976889565,0.0010000000015893539,0.0010000000010353723,2.0476623954423287e-7,2.0476808078486496e-7,1.2257584423386114,1534.6720412320421,1485.4405592217304,0.058726432139198696,0.0006892783119345853,0.0002266279059654702,0.0012155285407115218,0.0010999999999999786,0.0010999999999999719,0.0010999999999999832,0.0010010000000000023,0.001000999999999995,0.001000999999999995,0.1186876397330085,8.390583418842741,4.404914676187816,-0.021293971672580753,-0.08982796214640706,0.20793592533643854,-23.03847942352295,-11.688819742202758,-35.47576904296875,1014.8115234375,-0.3298585216206092,43.885370924573614
2025-06-11T20:36:08Z,39.98298738540299,-75.15110407742114,16.32629690996552,105.71593458916028,179.99279382791568,-1.9710612039267594,0.8361711763600621,5.864204198987385,4.919293223989788,0.0010000000029102313,0.0010000000034129305,0.0010000000015830748,0.0009999999981647487,0.0010000000013624,0.0010000000007962407,2.332436406518693e-7,2.3324599383289454e-7,1.27197308075575,1512.649623017417,1463.526836437474,0.07366169118574133,0.0006838639118123673,0.00023007223558029965,0.001221066218686836,0.0011009999999999796,0.0011009999999999722,0.0011009999999999833,0.0010010100000000031,0.001001009999999996,0.001001009999999996,0.6300068203110569,8.709521006580722,4.866210030554328,0.010657733437587925,0.003201779792358572,-0.0023531293322906987,-18.301829719543456,-13.836629819869994,-35.83017921447754,1014.87353515625,0.18935342377084258,42.54652424119557
2025-06-11T20:36:09Z,39.98305195703045,-75.15109241004879,15.202530218092294,102.87366963203512,179.8919606271767,-2.922605331367857,0.7725602955399001,5.794560890083945,5.050625271754893,0.001000000002947721,0.0010000000030447197,0.0010000000014721163,0.0009999999978637312,0.001000000001440266,0.0010000000011268406,2.3429101790818346e-7,2.3429334256472403e-7,1.3443250385790266,1481.2385677488228,1433.0581827742942,0.0889982502828969,0.0006636900339311885,0.00028052641987850373,0.0012628135283990886,0.0011019999999999786,0.0011019999999999728,0.0011019999999999821,0.0010010200000000035,0.0010010199999999966,0.0010010199999999946,0.1122270367321327,8.532709311481877,4.799789666174259,-0.014079144326531704,0.03648793970890074,0.1390410190216685,-16.940309524536133,-15.405549621582031,-33.1803394317627,1014.7921447753906,-0.016474551935107377,40.31421441195169
2025-06-11T20:36:10Z,39.98317489854297,-75.15097955341446,13.722786598383113,98.61284038548716,179.36088329179861,-4.052158090632527,0.7233703763782334,5.809264469092228,5.185470668761091,0.0010000000031607794,0.001000000003291151,0.001000000001842628,0.000999999997771841,0.0010000000013443736,0.001000000001201413,2.8577881506371027e-7,2.8578220287936653e-7,1.4304863030694726,1450.7959129925694,1403.6933434081473,0.10091304714695863,0.0005591626417671837,0.0003474202923805293,0.0012420712790477673,0.0011029999999999777,0.0011029999999999727,0.0011029999999999814,0.0010010300000000021,0.001001029999999996,0.0010010299999999952,0.24199276461530003,8.28475229644471,4.812093623517471,0.00007750719393957522,0.09365829636757586,0.08625896791907962,-22.5089994430542,-14.416129636764527,-35.77222957611084,1014.7781677246094,-0.22300435204982424,44.65565732634475
2025-06-11T20:36:11Z,39.98320881989707,-75.15101556725224,12.212316377374805,94.44472967123806,178.0892479955215,-4.671881143794585,0.7676787650173273,5.998886934974458,5.153805283749703,0.0010000000034038736,0.0010000000030411882,0.0010000000019518439,0.0009999999976334354,0.0010000000011614345,0.001000000001280934,2.629573583886255e-7,2.629601835521099e-7,1.5157164782048647,1428.847142212231,1382.4246633677917,0.11061444232328109,0.0004736847791741804,0.00034416838702916306,0.0011777251511392948,0.0011039999999999772,0.0011039999999999737,0.001103999999999981,0.0010010400000000027,0.0010010399999999956,0.0010010399999999956,0.708839652103005,8.56734282874732,4.143183602927273,0.01301925677423594,0.12226054535671738,-0.14300118463606568,-21.65804958343506,-15.02917971611023,-36.63171901702881,1014.7484893798828,-0.263661485720091,45.13120447532016
2025-06-11T20:36:12Z,39.98329533033353,-75.15095992480992,11.097467911813693,89.54278602470663,175.44228692551167,-4.654444408410138,0.8702563188230266,6.071620929834921,5.102167393704153,0.0010000000036404853,0.0010000000027328851,0.0010000000014667937,0.0009999999975030278,0.0010000000012094616,0.001000000001014482,2.87288546913272e-7,2.872918723867931e-7,1.58704057974678,1408.7989085820361,1363.0614510810622,0.11359577372268201,0.000459348718236333,0.0003310811742616303,0.0011731720785275461,0.0011049999999999777,0.0011049999999999743,0.0011049999999999816,0.0010010500000000018,0.0010010499999999947,0.0010010499999999947,0.4038969106016169,8.931968521115124,3.8775132560859475,0.0656780717694583,0.013311532954455287,-0.07909515595564186,-23.236119556427003,-12.504389810562134,-34.969469451904295,1014.7370452880859,-0.06034061881187376,43.80794869680504
2025-06-11T20:36:13Z,39.9833550628303,-75.15095006115804,10.452918482484698,83.07488230494685,171.9992967968617,-4.084198393251599,0.9229267245915412,6.159704582023241,4.93743563915956,0.0010000000031843992,0.0010000000027746622,0.0010000000013016576,0.0009999999977272505,0.0010000000014281415,0.0010000000009626068,2.8852904915773913e-7,2.885323632167825e-7,1.6235210064583656,1391.6603231874167,1346.4338036972308,0.09829387486395683,0.0005030097522689585,0.0002660626237237748,0.0011734315156021818,0.0011059999999999766,0.0011059999999999738,0.0011059999999999813,0.001001060000000002,0.001001059999999995,0.001001059999999995,-0.11515479323259457,8.296577285763869,5.148254485963308,0.001033442258421437,-0.07474765407414975,-0.16320570174147306,-19.21011953353882,-14.787619590759277,-36.68051929473877,1014.806396484375,-0.04049188035030057,43.967697504948624
2025-06-11T20:36:14Z,39.98336011471076,-75.15104692052789,10.657817009055469,76.58844697257334,168.82623381659963,-3.615525904517092,0.915621629061485,6.006146585416443,4.952307085932904,0.001000000002723132,0.0010000000029097462,0.001000000001560594,0.0009999999973669329,0.001000000001247938,0.0010000000010058011,2.362163903877722e-7,2.3621858695019874e-7,1.6211568777017291,1376.077110023579,1331.1460101199355,0.0858921308739793,0.0005135623360126863,0.0002820235118301666,0.0012152023480473762,0.0011069999999999754,0.0011069999999999745,0.001106999999999982,0.0010010700000000028,0.0010010699999999956,0.0010010699999999956,-0.15590485118089167,8.32484006786069,4.95783684158195,-0.02826993667665835,-0.08438110423789677,0.1427032162202209,-17.542989635467528,-11.72724986076355,-32.9820894241333,1014.6944732666016,-0.11400414019496366,39.15480976668281
2025-06-11T20:36:15Z,39.983418318843064,-75.15104047514569,10.79347261499048,71.41967941550197,168.5135964630209,-3.323868491224637,0.956628626338464,5.770435404389471,4.981067066126179,0.0010000000024019112,0.001000000002551677,0.0010000000017135128,0.0009999999970724488,0.0010000000012615005,0.0010000000013696492,2.34398026736197e-7,2.3440017338463173e-7,1.6013199929213768,1366.3066053501716,1320.9113577201897,0.08187641270700355,0.0005918594910102622,0.00030766000082677736,0.0013298317085117797,0.0011079999999999747,0.0011079999999999747,0.0011079999999999825,0.0010010800000000031,0.0010010799999999962,0.0010010799999999962,0.01160322323960817,8.98175296687789,4.809553513465751,0.0343004496250788,-0.11945672680189824,0.22095741832155733,-20.690589714050294,-13.492589712142944,-35.38243942260742,1014.7867126464844,0.38399975480157367,43.151629454530905
2025-06-11T20:36:16Z,39.9835282378654,-75.15093241347276,10.875696123983474,66.52025766959974,168.29495142839116,-3.8667151434295537,0.9963698781884931,5.775109576811946,4.93661841562092,0.001000000002095168,0.0010000000025058619,0.0010000000017528446,0.000999999996924614,0.0010000000009877006,0.0010000000013204089,2.8578445688570283e-7,2.857876198466733e-7,1.5790195468995298,1355.1448607541347,1309.0424635096563,0.08287686476856383,0.0006102620993133691,0.0002968008344784667,0.0013453250494866954,0.0011089999999999735,0.0011089999999999757,0.001108999999999983,0.0010010900000000027,0.0010010899999999957,0.0010010899999999955,0.2737188936894955,8.688766908944238,4.364157373639953,0.0029171730442524206,-0.027926734338942702,-0.013365962655770839,-23.131199585764033,-15.627557603936447,-33.91278859188682,1014.73681640625,-0.07722657275418512,43.92431818379257
2025-06-11T20:36:17Z,39.98356155723856,-75.15096908246225,10.58637208971696,62.51659942604823,168.24609459777008,-4.588500904851238,0.9530413372735189,5.709150609669445,4.984012422933415,0.0010000000019913914,0.0010000000022614963,0.0010000000014843042,0.0009999999970395589,0.0010000000011965676,0.0010000000016664756,2.629575279571177e-7,2.6296019254377014e-7,1.5613385105611348,1350.1467602901848,1302.4936108703034,0.08798693683031772,0.0006286080997749665,0.0003296193773838459,0.001398803362969526,0.0011099999999999745,0.0011099999999999752,0.0011099999999999827,0.001001100000000003,0.0010010999999999967,0.0010010999999999957,0.48054956239792185,8.400159286496518,4.3712100508822935,-0.031601988445440904,-0.004441222520050053,0.09173770765122329,-23.980062685514753,-14.272073344180459,-37.14514682167455,1014.6774597167969,-0.32256741132311906,46.45958142523298
2025-06-11T20:36:18Z,39.98364731586326,-75.15091344372314,9.472537996292289,59.5915360580754,169.02138341822106,-5.7562777247208015,0.8616763397149133,5.635207301559436,5.136693266396564,0.001000000002277766,0.0010000000019353002,0.001000000001181659,0.0009999999967589645,0.0010000000012264979,0.001000000001282448,2.872884919146975e-7,2.872916629571272e-7,1.5586305763708475,1348.6724252748147,1298.6553028759602,0.10530781553836091,0.0005763918624518259,0.0004181071809162017,0.001432394330312347,0.0011109999999999742,0.0011109999999999738,0.0011109999999999822,0.0010011100000000025,0.0010011099999999965,0.0010011099999999954,0.0669541788975352,8.380538987157468,4.696981166838115,-0.013330365937457081,0.048732260767001705,0.15194205893906199,-21.913768266376696,-15.089473423204923,-37.690935837595084,1014.767578125,-0.1969916815585623,46.13574985647703
2025-06-11T20:36:19Z,39.98395454374118,-75.15040549692336,8.237682149397699,58.844926738906985,168.45122919214575,-6.575307309464792,0.9488381832026566,5.77792361471132,5.037434184796339,0.0010000000026416794,0.0010000000022763005,0.001000000001393681,0.000999999996642655,0.0010000000013961217,0.0010000000009815918,5.467329761329309e-7,5.467444502351652e-7,1.5806952573877666,1350.7677137510648,1297.711259333228,0.12190863536919305,0.0005723226054858399,0.0003603997820749652,0.0013803252992884206,0.001111999999999973,0.001111999999999973,0.0011119999999999826,0.0010011200000000016,0.001001119999999997,0.0010011199999999942,0.18960287246939045,8.548276878957319,4.186592613068453,0.025995103760481295,0.010130944260787107,-0.14410174435505363,-21.046283621537057,-15.685347105327406,-36.418925636693054,1014.6794128417969,-0.2838265469579387,44.892201565199024
2025-06-11T20:36:20Z,39.98386378019455,-75.15070230776368,7.082059567785941,59.5218644609411,165.81650269764972,-6.729246313776977,0.8877877482791666,5.760186785532978,5.124756468190266,0.0010000000029402234,0.001000000002346087,0.0010000000012747184,0.0009999999968142378,0.0010000000015752914,0.0010000000005930569,3.986992231438294e-7,3.987053149899493e-7,1.6210916677080838,1352.363848062506,1296.0225353585258,0.13663840866584465,0.0005492894359354612,0.0003976393741821613,0.0014034890544934596,0.0011129999999999725,0.0011129999999999725,0.0011129999999999827,0.0010011300000000007,0.0010011299999999963,0.0010011299999999937,0.2845347382809627,8.0464655389763,5.093857442377604,-0.01968305081398698,0.02855805151399896,0.08503582580132574,-23.335389287848223,-15.05479978260241,-34.534346530311986,1014.7040100097656,-0.27619285440838065,44.31482807440368
2025-06-11T20:36:21Z,39.983937836680504,-75.15065565973927,6.832115678457659,62.866988241158964,161.27923436387493,-5.769476240638098,0.8545221650063781,5.9707644522477565,5.104108313313837,0.0010000000027760028,0.0010000000027159213,0.0010000000012274528,0.0009999999966874191,0.0010000000014756918,0.0010000000007953681,4.294864483143102e-7,4.294935042577755e-7,1.6655242354391084,1353.8749612808429,1294.2490582148841,0.1398299592863657,0.0004945777658999431,0.0003629115566490896,0.0013297904443084103,0.0011139999999999718,0.0011139999999999718,0.001113999999999983,0.0010011400000000006,0.0010011399999999972,0.0010011399999999937,0.723590180811326,7.95654079818491,5.8808727135645515,-0.03754699415464818,0.09183219603664101,-0.14820219858050043,-20.516129589080812,-11.37588973045349,-37.000769424438474,1014.6555328369141,0.11736900867561788,43.81067149524832
2025-06-11T20:36:22Z,39.98392017509551,-75.15078220682986,7.165721652387681,67.52308302674115,156.94361859703108,-4.886838440982089,0.8660002733089001,5.892978587086648,5.062751246665269,0.0010000000025385339,0.001000000002442658,0.0010000000015080068,0.0009999999968812994,0.0010000000013306583,0.001000000000681746,3.6814499519610494e-7,3.681501581081663e-7,1.704203345756846,1351.9396108318167,1289.5798766165638,0.14354458024638903,0.0005822754573969222,0.00030905901613572224,0.001399934946494458,0.0011149999999999726,0.0011149999999999708,0.001114999999999982,0.0010011499999999997,0.0010011499999999962,0.0010011499999999925,-0.06052210128584943,7.686886524197724,6.328322767256463,0.008892419449572314,-0.11377691405414088,0.05792900953106206,-23.477069568634032,-14.745529747009277,-36.02476902008057,1014.7558441162109,0.15443673598648755,45.45748362405647
2025-06-11T20:36:23Z,39.983950221251725,-75.15079926097572,8.058044908097585,73.86298506897806,152.9856778153261,-4.14297716774248,0.821895317451991,5.948078930008085,5.206264545979713,0.0010000000029493604,0.0010000000026299117,0.0010000000014999111,0.0009999999968166228,0.0010000000015222223,0.001000000000973089,3.6394266173453155e-7,3.639476804658399e-7,1.7318289308089314,1347.8064791613929,1283.3900096365787,0.13693954009674394,0.0004927099136087715,0.0003537879311659924,0.001381014786405027,0.0011159999999999727,0.00111599999999997,0.0011159999999999814,0.0010011599999999994,0.0010011599999999957,0.0010011599999999923,0.38412604273601836,7.840646504399718,5.884565066336078,0.020688380339973292,0.1027346750484511,0.07011883573165902,-25.991489505767824,-12.492189741134643,-36.82264938354492,1014.7508850097656,0.008825557005048962,46.770878729786226
2025-06-11T20:36:24Z,39.984036679529126,-75.15069940290752,9.224534986559624,80.60602641517958,149.75899154648545,-3.577647113808206,0.7821209949411386,5.9869816349450895,5.294011523645242,0.0010000000028406197,0.0010000000028143766,0.0010000000013529377,0.0009999999970072507,0.001000000001516326,0.0010000000006690785,4.261519494701021e-7,4.261587781949641e-7,1.741498885054996,1339.9607090978425,1274.297897301859,0.12665738227920376,0.00044802203935937255,0.0003641544962773142,0.0013786566914694906,0.0011169999999999728,0.0011169999999999694,0.0011169999999999804,0.0010011699999999991,0.0010011699999999957,0.001001169999999992,0.007809913133115638,7.951008032796137,5.707629798887661,-0.0005653332412074028,0.0532567555660992,0.04984520317516767,-20.877249813079835,-13.058879709243774,-38.655699729919434,1014.7220077514648,-0.014079517111829802,45.832874380749416
2025-06-11T20:36:25Z,39.98404206444825,-75.15071813070603,10.14369364093331,86.71206222300285,148.91020672354108,-3.35219543673177,0.7099193797192223,5.927541217370826,5.5262661882874236,0.0010000000028023085,0.0010000000029028546,0.001000000001292787,0.0009999999968020752,0.0010000000013838416,0.0010000000007737108,4.115489060547598e-7,4.11555254249578e-7,1.7398542825278116,1337.9325666862592,1270.7853057652903,0.12334386727608923,0.000347772916336487,0.00044717736099317713,0.001394460478903236,0.001117999999999973,0.0011179999999999704,0.0011179999999999803,0.0010011799999999984,0.0010011799999999947,0.0010011799999999913,-0.38992238818038305,7.932119683035807,5.821855336324156,0.009584389306396185,0.0763249139062798,0.22235717622123807,-20.570419692993163,-14.652809715270996,-38.046919441223146,1014.7726287841797,0.04542934009201115,45.666294442709265
2025-06-11T20:36:26Z,39.98411436832691,-75.1506074102609,11.098913626354902,94.72213313943922,148.70860822399018,-2.9211985480950844,0.4888245881248643,6.041397829039898,0.1673390348064566,0.0010000000028437428,0.0010000000031191217,0.0010000000011502243,0.000999999996654958,0.0010000000011830717,0.0010000000008514027,4.690345403848592e-7,4.6904276801888805e-7,1.7175448598582168,1337.235562172405,1268.608399207393,0.09945227219381667,0.00015461619765320318,0.0005848615925668456,0.0013202026886377392,0.0011189999999999722,0.0011189999999999714,0.0011189999999999796,0.0010011899999999986,0.0010011899999999953,0.0010011899999999917,3.166566254732191,7.557741617199856,5.606411146162648,0.0758161360089981,0.76740949952464,0.94164681935233,-18.956969833374025,-12.045669746398925,-39.09001903533935,1014.7204437255859,0.12684278473996913,45.08314410586618
2025-06-11T20:36:27Z,39.984064987537884,-75.150682711519,11.599353779852729,99.39593226143555,150.42025577000248,-3.5194195072385175,0.7110501979758775,6.035922789415402,5.596128581339513,0.0010000000029278325,0.0010000000030963715,0.001000000001121436,0.0009999999966220266,0.0010000000013314764,0.0010000000011181408,4.1504508978423824e-7,4.150514965869163e-7,1.688511461351061,1331.915117134575,1262.0908253615364,0.10411447104690333,0.0003152816016644132,0.00042072417975845625,0.0013789396207492862,0.0011199999999999721,0.0011199999999999721,0.0011199999999999797,0.001001199999999999,0.0010011999999999953,0.0010011999999999916,-0.16304631179855528,8.617063735958796,4.639153682230752,-0.010231522492170195,-0.6508379958315181,-0.8783233294495514,-17.55194704156173,-14.724115421897487,-36.903073160271894,1014.7279968261719,-0.014383270692584924,43.43619256956408
2025-06-11T20:36:28Z,39.98408323055225,-75.15067596582016,11.295962468389241,102.9606743513663,153.37122173023317,-4.723846553906387,0.7617931768627365,5.849822073792197,5.720256857545319,0.001000000002733705,0.0010000000028747783,0.0010000000007276805,0.0009999999963471065,0.0010000000015368154,0.0010000000012045126,4.106188290207022e-7,4.1062507644820806e-7,1.6865756448607825,1329.3984476477883,1257.9983188507595,0.11982917577058005,0.000312463212754317,0.00045048269455840557,0.0014395351456088909,0.001120999999999973,0.0011209999999999712,0.0011209999999999786,0.0010012099999999985,0.001001209999999995,0.0010012099999999913,-2.2893779644995402,8.892890666958575,4.042006074427437,0.0928380925018592,-0.0837973869991765,0.23139191868230646,-21.600709533691408,-17.31301975250244,-33.375539779663086,1014.7310267857143,0.23025139528721827,43.36189069660565
2025-06-11T20:36:29Z,39.98408624601612,-75.15070615400793,10.600397529635577,108.19069160479961,154.3929093401807,-4.978884378811243,0.8458553711035217,5.943110098307991,5.483993852600071,0.0010000000023612972,0.0010000000030222136,0.0010000000008746866,0.0009999999962180396,0.001000000001724286,0.0010000000015584621,3.8902319077599574e-7,3.890287527023243e-7,1.6924957605966169,1320.8297124729825,1248.418349604759,0.11366694471450507,0.00043263346456218156,0.00031879633832933226,0.0014555761157147946,0.0011219999999999718,0.0011219999999999718,0.0011219999999999791,0.0010012199999999982,0.0010012199999999945,0.0010012199999999908,0.45230094899708845,9.245897029873834,3.5222062220566146,-0.006063712234293179,-0.11818520108350149,-0.2062251408406057,-31.566279315948485,-8.453379845619201,-38.590429592132566,1014.7341003417969,0.10124027107281613,50.567833156159935
2025-06-11T20:36:30Z,39.984119905644015,-75.15070278929585,9.951809656803615,111.67680195874226,154.74608708270995,-5.1255734902375085,0.737405452304043,5.839030121804304,5.740796732712462,0.001000000002162002,0.001000000002845615,0.0010000000013237582,0.0009999999959767552,0.0010000000019320463,0.0010000000018596166,3.873623067413831e-7,3.8736777667997067e-7,1.6904186034307669,1312.5139992304967,1239.0124966488859,0.11186290779118427,0.00034681465635637765,0.00041868267626414465,0.0014855646152333792,0.0011229999999999715,0.0011229999999999712,0.0011229999999999788,0.0010012299999999977,0.0010012299999999934,0.0010012299999999897,-0.03807271833208893,8.332718562123137,4.940314291953166,-0.0114103563432015,0.0750900245962185,0.26279618495546897,-19.678599548339843,-12.847819709777832,-37.915159034729,1014.7455444335938,-0.1161094450389328,44.6079422711501
2025-06-11T20:36:31Z,39.98412773871174,-75.15073341268287,9.33950417528435,115.28038014707873,154.9606272680492,-4.852368844283723,0.8621098650227558,5.957208229171574,5.448955062218992,0.0010000000019893113,0.0010000000029325895,0.0010000000015362455,0.0009999999961989672,0.0010000000020777258,0.0010000000018385074,3.6528857442546626e-7,3.652934082097773e-7,1.6813877028692712,1306.9302765467119,1231.9627437926467,0.10381140329220159,0.00048661801738413165,0.00026717010613033673,0.0014932314640419106,0.0011239999999999722,0.0011239999999999725,0.0011239999999999798,0.0010012399999999979,0.001001239999999994,0.0010012399999999905,0.7514414849678785,8.239512990948693,5.186973248957264,0.013195471357453008,-0.1374763713061971,-0.26477406229251427,-19.919549560546876,-13.228459739685059,-39.5212890625,1014.8206939697266,-0.03830866579661599,46.19207949307906
2025-06-11T20:36:32Z,39.98410476710688,-75.15080489163016,8.857837629837636,118.27267173673175,154.87789185671045,-4.670599581131512,0.8440627866585887,5.960782220575822,5.532071828499668,0.0010000000020559561,0.0010000000029492038,0.0010000000017475294,0.0009999999961173467,0.0010000000017884902,0.0010000000018518308,3.172013185588436e-7,3.1720493332145897e-7,1.6605605114442574,1298.6436588844872,1222.4472845603743,0.09444016349056691,0.0004631450875407441,0.0002918111160187096,0.0015040183207463784,0.001124999999999973,0.0011249999999999732,0.0011249999999999804,0.001001249999999997,0.0010012499999999935,0.00100124999999999,0.2886946700269952,8.266436575886654,4.976223575113668,0.009426177938078832,0.0423267983121509,0.06363463811485646,-15.829499673843383,-12.109719896316529,-37.65041942596436,1014.887451171875,-0.15060970179668598,42.600095539305485
2025-06-11T20:36:33Z,39.98413572312749,-75.15079804253465,9.06592194497334,121.97433895945383,155.2166455177734,-4.040378627264967,0.8850478596752858,5.985012367611688,5.21191006432336,0.0010000000018267952,0.0010000000026370555,0.0010000000018163657,0.0009999999962905172,0.0010000000018203805,0.0010000000017223241,3.145335235872774e-7,3.145370616738003e-7,1.6285886630302997,1295.8689388497803,1217.6610908207633,0.08391788800936804,0.0006132091085704538,0.000157263379910077,0.001538863835206663,0.0011259999999999719,0.0011259999999999727,0.0011259999999999792,0.0010012599999999975,0.0010012599999999938,0.0010012599999999904,0.6300404799858038,8.447307299611003,5.207368819438036,-0.05577719090025036,-0.24417365475177796,-0.209093869874243,-13.638989734649659,-14.397829723358154,-38.202469444274904,1014.7568206787109,0.13958328619785898,43.04351111984685
2025-06-11T20:36:34Z,39.98416238476219,-75.15078714295176,9.40941289729802,126.17936575027805,155.60699098201167,-3.935677658987459,0.943754323016332,6.148234123368908,4.805410384911476,0.0010000000020623909,0.0010000000028435692,0.0010000000019173953,0.000999999996524791,0.0010000000020946485,0.001000000001374504,3.1438117184499467e-7,3.1438470045385983e-7,1.5832255648068363,1296.8747365138336,1216.2557901651742,0.07118972252448591,0.0006172725577159481,0.0001197581950442892,0.001478667789822946,0.0011269999999999726,0.0011269999999999729,0.0011269999999999802,0.0010012699999999968,0.0010012699999999933,0.0010012699999999899,0.1770163709055991,8.116264056203113,4.582089420197578,-0.02197059695144832,-0.24799988868269562,-0.38295564262741183,-13.200399684906007,-15.528159666061402,-37.899299240112306,1014.7373657226562,-0.4819644820110058,43.03169546629247
2025-06-11T20:36:35Z,39.984216712295016,-75.15073387514673,9.493325867141799,129.85631273621456,154.9529828455447,-3.9550458825386494,0.9103116814303448,6.056801590882696,5.024194249728965,0.0010000000019988655,0.0010000000027189497,0.0010000000018946455,0.0009999999964882768,0.0010000000020056665,0.0010000000014587867,3.3773201397664047e-7,3.3773605753938015e-7,1.5233942964401668,1290.5570458547415,1208.348346072464,0.0628660863726777,0.0006547297201438201,0.00011800562527461235,0.0015403209672137565,0.0011279999999999717,0.0011279999999999726,0.001127999999999979,0.0010012799999999978,0.0010012799999999942,0.0010012799999999907,0.6222294159920752,8.729785739419,3.5326734205465216,0.012507149069319927,0.10670912989764553,0.21603035756808153,-19.641999626159667,-14.984039688110352,-37.74435920715332,1014.7565155029297,-0.36604328833414296,45.11054946733936
2025-06-11T20:36:36Z,39.98428008910467,-75.15067454311763,9.080200729901161,130.91917534020413,156.14032170309954,-4.486251298624485,0.7869815020931208,6.063426133308416,4.905342144206062,0.0010000000016715303,0.0010000000025652924,0.0010000000022113672,0.0009999999962002793,0.0010000000018907964,0.0010000000009679354,3.617548014746596e-7,3.6175941797159945e-7,1.4680347582720794,1287.515487668327,1203.0195145181947,0.06386848272116288,0.0006705190620664944,0.00011701829315444265,0.001555779642252051,0.0011289999999999705,0.0011289999999999736,0.001128999999999978,0.001001289999999997,0.0010012899999999934,0.0010012899999999898,-0.5121919961889705,7.624498747822903,4.879857008693707,-0.15115795125851386,-0.09503349670028155,-0.072851289788212,-17.76929979324341,-13.67497968673706,-36.212039184570315,1014.8113861083984,-0.7374106896412271,42.59178968334628
2025-06-11T20:36:37Z,39.98434636098125,-75.1506155322446,8.32990883244997,131.87623186500085,157.06695191472576,-4.9790956328905525,0.8262584508741668,6.0029040189374525,4.937551518106424,0.001000000001998722,0.0010000000023794916,0.0010000000020686543,0.0009999999963976175,0.0010000000018897015,0.001000000000643218,3.85211140558139e-7,3.852163513678141e-7,1.4308486543622418,1284.9257033992023,1198.18154273771,0.07443797031154988,0.0007071826211161647,0.00011935790544500259,0.0016150700447052696,0.0011299999999999698,0.0011299999999999737,0.0011299999999999776,0.001001299999999997,0.0010012999999999936,0.00100129999999999,0.4974129415808294,8.23169824981433,4.096702406344587,0.04164815147414794,-0.02915758970289511,0.07729583518808772,-15.730679798126221,-12.694709634780883,-29.591099357604982,1014.7989654541016,-0.5962636577729529,35.836287023779136
2025-06-11T20:36:38Z,39.98430488632528,-75.15073443661784,8.24928489467261,128.50812060435734,156.92905056606418,-4.245068485096969,1.0088747853058382,6.164089363648838,4.877321144893388,0.001000000001702107,0.0010000000023737585,0.001000000001799565,0.0009999999964351045,0.0010000000020071766,0.0010000000005473144,3.1826476297803984e-7,3.182683008862019e-7,1.4118018976764917,1281.1379510233862,1192.3628223009794,0.07113210255242368,0.0006689767973813553,0.0001237444839974157,0.0015396182501374416,0.0011309999999999695,0.0011309999999999732,0.0011309999999999769,0.0010013099999999974,0.001001309999999994,0.0010013099999999905,0.8808667992929499,8.098210201201443,5.394621544120627,0.15849860960605372,0.0452537216935036,-0.1499466981968755,-17.582639694213867,-10.149789762496948,-33.51339950561523,1014.6009979248047,-0.034014348095592645,39.18305022321869
2025-06-11T20:36:39Z,39.9843952679628,-75.15066392555471,8.618825918256174,123.75217906306727,157.8997979838058,-3.216232732331446,0.9961076567431799,6.014905709143199,5.3221679351252345,0.0010000000018567411,0.0010000000021986167,0.0010000000018514446,0.0009999999963437125,0.001000000001921394,0.0010000000006274096,3.6031589541344845e-7,3.6032041036648547e-7,1.4038045565430268,1278.7721013832809,1187.8567900426951,0.07028767210962536,0.000611103639587778,0.0002191094075745,0.0016230827815373707,0.0011319999999999698,0.0011319999999999735,0.0011319999999999774,0.0010013199999999974,0.001001319999999994,0.0010013199999999904,0.44091352017053626,9.082990311620245,4.677034466503251,0.05594303062402435,0.3141052042821839,0.40299792194311723,-20.86504945755005,-13.23333969116211,-39.300469398498535,1014.6859741210938,0.42164764326364046,46.421910310009004
2025-06-11T20:36:40Z,39.9844031047455,-75.15073023425643,10.238586867891328,116.14117147544668,157.73101430706018,-1.4806954934714205,1.062188430471562,6.052487887628023,5.771768613161044,0.0010000000020201356,0.0010000000020666442,0.001000000001939025,0.000999999996341096,0.0010000000018504467,0.001000000000575333,3.406879973551022e-7,3.406920124745937e-7,1.3900234127532198,1274.81503136881,1182.194053202491,0.0528491928577583,0.00034707759938095735,0.00045629782667603805,0.0015704445106230857,0.0011329999999999702,0.0011329999999999739,0.0011329999999999776,0.001001329999999997,0.0010013299999999934,0.00100132999999999,1.1176645466815738,9.123295291302389,5.9974817117434105,0.16384701047085776,0.43626242780493285,0.2124522654109879,-16.52062964439392,-20.31604948043823,-35.5764196395874,1014.5257568359375,1.1711550165679632,44.17408998768496
2025-06-11T20:36:41Z,39.98441908363297,-75.15077922086721,9.818568292705741,113.22633463557499,157.9739356500966,-2.877651372587665,1.4300626617646066,6.265244496575275,5.778884313367128,0.0010000000022359994,0.001000000001839081,0.0010000000019626558,0.00099999999656472,0.001000000001981325,0.0010000000005126962,3.394434059992371e-7,3.3944738605402893e-7,1.3585341785616787,1275.238881867511,1181.0920811611743,0.044483777643343096,0.00031687102760992534,0.0004683572820398079,0.0015251271849363716,0.0011339999999999695,0.0011339999999999734,0.001133999999999977,0.0010013399999999964,0.001001339999999993,0.0010013399999999892,0.6467417961527048,7.60005481273043,2.213864964545971,0.37890471872401305,0.0845406976752105,-0.21626108868477656,-2.558187447488308,-23.99968671798706,-27.703911900520325,1015.3069152832031,-1.861598156084986,36.74278561976092
2025-06-11T20:36:42Z,39.984399320217555,-75.15088990783546,9.996626200318767,107.18003889738677,154.9566045577526,-2.905038437375589,1.4733460808694498,6.107259310423635,6.16179140366136,0.001000000002635176,0.0010000000018674357,0.0010000000017544885,0.0009999999965597897,0.001000000001716129,0.001000000000706558,3.157856384104631e-7,3.157890715593334e-7,1.3020874457268052,1272.8253172276447,1177.7564011297209,0.02772747016269603,0.000170921179412898,0.0006209462047114129,0.001543630885528529,0.0011349999999999683,0.001134999999999973,0.001134999999999977,0.0010013499999999972,0.0010013499999999937,0.0010013499999999903,0.749835178439886,8.917825331186544,4.151532625764065,0.06722855007246936,0.3893358869234776,0.20166636330583085,-4.8189998984336855,-24.02301940917969,-25.41198949813843,1014.7820129394531,0.06213255121537495,35.30005457511303
2025-06-11T20:36:43Z,39.984397486544786,-75.15096811261246,9.771694143715852,101.02106782214375,153.2665128853059,-3.3432157316254187,1.5464305674734429,5.964411941024274,6.012695337037567,0.001000000002438331,0.0010000000018626591,0.0010000000015039686,0.0009999999965158266,0.0010000000017768656,0.0010000000009901535,3.144527031964613e-7,3.144560990666456e-7,1.216235531996693,1272.1149376610467,1175.5047357672634,0.020606549785466503,0.00022909271519181248,0.0005861661092846426,0.001585112975764546,0.0011359999999999688,0.0011359999999999736,0.0011359999999999773,0.0010013599999999974,0.0010013599999999937,0.001001359999999991,0.5835780163045697,8.968457626340905,3.137566474614773,0.024762757941795416,-0.1484978060478742,0.12502176216825964,5.27710988521576,-22.208269309997558,-22.89329957962036,1014.7839965820312,-0.28338855043253425,32.328857117935
2025-06-11T20:36:44Z,39.98440188158123,-75.15104515465133,9.086345941449892,93.72274596501971,152.14893935677176,-5.0529782909790555,1.562052426709962,5.785518411908363,6.022764413021858,0.001000000002489389,0.0010000000016229362,0.001000000001550998,0.0009999999964312861,0.0010000000016263033,0.0010000000014254932,3.143765128331377e-7,3.1437989180908467e-7,1.1172078053959855,1268.9390182493553,1171.0066060594622,0.03629807526029087,0.00026337954289392225,0.0006015079220359088,0.001639294071502407,0.0011369999999999694,0.001136999999999974,0.0011369999999999777,0.0010013699999999977,0.0010013699999999943,0.0010013699999999915,-0.22223919986432245,8.468795298574491,3.658810384733961,0.008860777090062485,0.013151657277803954,0.1758877877843909,4.739699947834015,-23.67287950515747,-25.163109588623048,1014.477294921875,-0.5742992567535625,34.871887365513444
2025-06-11T20:36:45Z,39.98438591756648,-75.15117975305144,6.629381868592024,89.54498800635491,150.64393112347182,-6.555370693558093,1.5088771512374899,5.684741632663515,6.173733866954198,0.0010000000022072594,0.0010000000018166096,0.0010000000013528642,0.0009999999965509992,0.0010000000017820405,0.0010000000016119584,2.898678633844978e-7,2.8987070726193484e-7,1.0494088111079671,1258.1315590822826,1159.942366837094,0.09319207257245032,0.0002528348623385929,0.000648284824453597,0.0016476782007728077,0.0011379999999999691,0.001137999999999973,0.001137999999999977,0.0010013799999999975,0.001001379999999994,0.0010013799999999903,0.2533353013669392,8.994846259592341,4.380972682474493,0.02044107015694666,0.1282301375402638,0.11456227976546561,3.3171799302101137,-23.43497943878174,-26.718609619140626,1014.7009887695312,0.20623203697527262,35.694291212831494
2025-06-11T20:36:46Z,39.98437365472016,-75.15131373171288,3.6932970267362872,94.38922147024843,151.299272872867,-7.93381388481506,1.5092229007906706,5.883384784555381,6.093793181409452,0.0010000000022096784,0.0010000000017580863,0.0010000000015620192,0.0009999999965738947,0.0010000000015610842,0.00100000000196308,2.6312779227894964e-7,2.6313011437112483e-7,1.0972474753164776,1246.7131960681959,1149.5342972619483,0.17446440660840432,0.00024367630334980547,0.0006205112047230601,0.0016287205616698059,0.00113899999999997,0.0011389999999999738,0.0011389999999999775,0.0010013899999999978,0.0010013899999999942,0.0010013899999999905,0.12092472591775466,8.276249193189711,4.802920783473688,-0.038751903754003954,-0.06795619179114087,-0.16869482866090799,8.51620991230011,-19.4821795463562,-22.754829788208006,1014.6136322021484,-0.23253629172037635,31.142579734441046
2025-06-11T20:36:47Z,39.98440883462232,-75.15139599321783,2.3052853803524798,112.71975990634967,155.44583452670838,-6.841184491040847,1.5047098061202877,5.892705213158424,6.058731968852645,0.0010000000021164294,0.0010000000017532209,0.0010000000016660512,0.0009999999967413404,0.0010000000014962053,0.001000000002033519,2.6199634869785094e-7,2.619986350992932e-7,1.304890353779797,1234.4751217014134,1140.6796090891391,0.23536044659621194,0.0002825333789085385,0.000562677602837317,0.0016613242453770716,0.00113999999999997,0.0011399999999999746,0.0011399999999999785,0.0010013999999999984,0.001001399999999995,0.0010013999999999915,1.1424632390715437,9.163869403837353,4.22454527222954,-0.0017502582821261642,-0.05962507422145101,0.060057378431216,-2.9316599488258364,-19.53402967453003,-24.389019680023193,1014.4527893066406,0.3517360918030855,31.38461477331608
2025-06-11T20:36:48Z,39.98441976459089,-75.1515268766361,3.2454985315838005,136.41071963952166,160.21002572595393,-5.671540892867718,1.4347441098332658,5.8234326801264125,6.135970519492513,0.001000000001805685,0.0010000000016726254,0.0010000000015149035,0.000999999996663931,0.0010000000016350554,0.0010000000023651313,2.3530934561701412e-7,2.3531117672859224e-7,1.6102198301817965,1216.5009931660452,1130.417706493453,0.28262112994069655,0.000310350698779385,0.0004963957729946773,0.0017064679148428169,0.00114099999999997,0.0011409999999999734,0.0011409999999999775,0.0010014099999999992,0.0010014099999999956,0.001001409999999992,0.5074536254384812,8.714455317495501,4.0769015951773255,-0.011954303602711151,0.017758640911353065,0.16279194592831508,2.4936799585819243,-24.7056095123291,-26.90831937789917,1014.5440368652344,-0.170845489400936,36.61474458117609
2025-06-11T20:36:49Z,39.984493813116586,-75.15156163880206,5.682801223976744,157.1573443909973,163.35424041942525,-4.074928700143383,1.3632992639089492,5.914740386354426,6.272482016815394,0.0010000000017008877,0.001000000002029465,0.0010000000013201536,0.0009999999968761388,0.0010000000018822973,0.001000000001827801,2.607782460319187e-7,2.607804769824655e-7,1.8904378960299986,1194.6758025376312,1118.6630014093828,0.28558385652818796,0.00027971734440334077,0.0004166928359737954,0.0016768140928512015,0.0011419999999999707,0.0011419999999999744,0.0011419999999999764,0.001001419999999999,0.0010014199999999955,0.0010014199999999916,0.35074938197998434,8.990577863691565,3.8724030857667078,0.005224396455643758,0.08992948837042258,0.006425143808904524,4.851939916610718,-23.5362398147583,-25.067339611053466,1014.6958618164062,-0.01128693836231949,34.72555111400914
2025-06-11T20:36:50Z,39.98456902957436,-75.15159818133145,9.235876186722992,172.77604668781132,164.4232105750859,-2.896179905927704,1.3072443331102566,5.7661004735935455,0.08624957967929042,0.0010000000016717786,0.0010000000020917296,0.0010000000015174479,0.000999999997109301,0.0010000000017032385,0.0010000000020795922,2.871754131666735e-7,2.871781076863766e-7,2.0674794542465356,1178.4697853021366,1111.786130245133,0.27488862880113385,0.0003396221269260815,0.00033016800982043823,0.0017408360929139482,0.001142999999999971,0.001142999999999975,0.0011429999999999758,0.0010014299999999998,0.0010014299999999963,0.0010014299999999907,-0.3805969436893485,8.86017618083751,4.619173335074058,-0.0008218032965863037,0.005761485109318897,0.22815939464982354,4.76043986082077,-23.30443983078003,-25.305239391326904,1014.5688323974609,0.19159046137240707,34.729099084408915
2025-06-11T20:36:51Z,39.984594854928986,-75.15169845809531,11.874134451508684,181.04792243691082,163.6425345173153,-2.255417220765507,1.3182929023063783,5.947303514415209,0.025828660708424135,0.0010000000013798414,0.0010000000018962477,0.0010000000014256934,0.0009999999974108277,0.001000000001269662,0.0010000000022021107,2.88523144850748e-7,2.885258586292913e-7,2.1364397433682263,1166.7994176395923,1107.4576420565602,0.23851763486706987,0.0002894141997508428,0.0002683615886077534,0.0016828163170592707,0.00114399999999997,0.0011439999999999738,0.0011439999999999768,0.0010014399999999997,0.0010014399999999962,0.0010014399999999902,-0.04778045381027745,8.799202608106429,4.611870991228494,-0.00432828245884378,-0.0370057426749997,-0.15535505062549645,5.813909888267517,-23.34591951370239,-24.43232946395874,1014.6892852783203,0.1267088288102583,34.28948458061938
2025-06-11T20:36:52Z,39.98460773094068,-75.15180941880547,14.147021694440742,184.9133432595098,160.82377516928915,-1.9407425355485302,1.3374344204794542,5.980017554805962,6.139871135701816,0.0010000000011357096,0.0010000000016533348,0.0010000000012386444,0.0009999999971523103,0.001000000000915224,0.0010000000018243918,2.885907912942387e-7,2.885934836316704e-7,2.1196397587752482,1150.0691693159972,1096.8039825281232,0.1959323954732499,0.0002612891460246547,0.00024942406366410176,0.001678287388367364,0.001144999999999971,0.0011449999999999746,0.0011449999999999757,0.0010014499999999996,0.0010014499999999957,0.0010014499999999897,-0.08631962253174894,8.452163099287043,4.856296510784392,-0.02193895473258558,-0.1709006399152458,-0.04809973971113981,4.943439888954162,-22.420549392700195,-24.621429538726808,1014.5733184814453,-0.059381578676394986,33.66496713936897
2025-06-11T20:36:53Z,39.98462014450425,-75.1519208004961,15.884721699665967,185.82682276398776,157.78533045988527,-1.5110325118574657,1.3390052413033817,5.851074356561471,6.139732429424862,0.0010000000010983064,0.0010000000019399272,0.00100000000135875,0.0009999999967849238,0.0010000000005951364,0.0010000000019132916,2.8859417147951484e-7,2.885968390269635e-7,2.052898964388751,1134.5700629005987,1085.766829797814,0.15844382232026638,0.0002807543438681248,0.00023492014193720633,0.0017150213591119593,0.0011459999999999706,0.0011459999999999745,0.0011459999999999745,0.0010014599999999987,0.001001459999999995,0.001001459999999989,0.9755686996269789,8.753024338720575,4.660020720003797,0.011461284737156395,-0.04537516271228222,0.14020845831748194,3.325719916820526,-24.49881954193115,-25.770059490203856,1014.5070190429688,0.15680052525043617,35.71197162675311
2025-06-11T20:36:54Z,39.98454663598066,-75.15213506770942,17.116776261672495,183.04709750335542,154.4433075552902,-1.9147513659024913,1.3259315045779416,5.687743934951856,6.1673715918852965,0.0010000000011848975,0.0010000000017056803,0.0010000000011070591,0.00099999999663233,0.0010000000005280392,0.0010000000022610746,2.362184132372615e-7,2.362201779976458e-7,1.9723327910646964,1116.7130113729904,1071.722578559933,0.13800223920983057,0.0003398040029847092,0.00022399205368412443,0.0017839313556147164,0.0011469999999999712,0.001146999999999975,0.001146999999999975,0.0010014699999999995,0.0010014699999999943,0.00100146999999999,0.6706448345343642,8.739485759006559,4.497783436558137,0.006804853705179083,-0.027947683340999313,0.1761126121263444,5.6986198902130125,-23.014689445495605,-24.553719520568848,1014.4249267578125,0.04523850631024359,34.13256334903281
2025-06-11T20:36:55Z,39.984548221789076,-75.15224938376033,16.922234207570245,176.9946765340444,150.0734700099007,-3.524730015921712,1.2695765603679303,5.529734964215233,6.276557377361842,0.0010000000011549945,0.0010000000015597406,0.0010000000013085412,0.000999999996421976,0.0010000000003096113,0.0010000000025380536,2.3439793071322066e-7,2.3439964543385056e-7,1.906541795940517,1098.7326190541537,1057.2588765188455,0.13521075223611406,0.00048001657720903127,0.0001989916301793623,0.001913109446774435,0.00114799999999997,0.001147999999999974,0.0011479999999999756,0.0010014800000000003,0.0010014799999999934,0.0010014799999999897,-0.04213911539434667,8.668916915891849,5.1746654873479265,0.01525504414887726,0.029715629178502612,0.18506325443607954,6.2762898921966555,-23.115339374542238,-23.98519973754883,1014.5066375732422,0.2904456059696639,33.896859723456984
2025-06-11T20:36:56Z,39.98454756469528,-75.15236612711497,15.733324647646171,169.07877810702757,143.0471914463615,-4.216984521441255,1.2705458426942104,5.695476928962245,0.17094570630774217,0.00100000000129677,0.0010000000011900004,0.0010000000013544613,0.0009999999964699375,0.0010000000004738014,0.0010000000026178636,2.3433238596872212e-7,2.343340576239691e-7,1.8609785936059897,1068.5956053850684,1031.179533280851,0.133733921553999,0.0004297680089173967,0.00015942004833126346,0.0018230582278337545,0.0011489999999999693,0.0011489999999999732,0.001148999999999976,0.0010014900000000011,0.0010014899999999942,0.0010014899999999907,0.4483542581785096,9.220148025987973,5.380577947734478,0.11496780587345534,0.17588195574997692,-0.10957429986607767,3.965609908103943,-25.064289379119874,-23.285529613494873,1014.5926208496094,0.8806889588240253,34.440630971608826
2025-06-11T20:36:57Z,39.984583931393296,-75.1524401773968,15.141330903010068,162.32863590287693,135.48898383765905,-4.264641703107981,1.3985998258401837,5.73104516299271,0.09219861670516527,0.0010000000015796073,0.0010000000009651865,0.0010000000015028732,0.0009999999964202765,0.001000000000585968,0.0010000000023680676,2.6073457148801755e-7,2.607365863035879e-7,1.8244769971095172,1037.4110280872292,1003.6300633147353,0.12709860312608293,0.0004014691747909373,0.00017252084019143661,0.0018098509713848966,0.0011499999999999685,0.0011499999999999722,0.001149999999999975,0.0010015000000000015,0.0010014999999999944,0.0010014999999999918,0.4135485497998144,9.507897471426729,4.564563064812259,0.08778529675192234,-0.06603849562770568,-0.036859187881286164,4.818999934196472,-30.707399368286133,-29.727129459381104,1014.4195709228516,0.7524382108371893,43.01005698376888
2025-06-11T20:36:58Z,39.98455285131266,-75.15259862839252,14.595199658226537,158.8909969362765,129.63179373103355,-4.9224048569619185,1.4459295111759582,5.945143487251603,0.006599909873785904,0.001000000001276657,0.0010000000007400445,0.0010000000019849084,0.000999999996633734,0.0010000000001852177,0.0010000000023192984,2.3526533073269214e-7,2.352669453038642e-7,1.7838672247334615,1018.805481757561,987.2789953106587,0.11248173779670942,0.0003141707747650564,0.00019191900308533356,0.0017395007320642338,0.0011509999999999687,0.0011509999999999726,0.0011509999999999752,0.001001510000000002,0.001001509999999995,0.0010015099999999924,0.5804992267622648,8.359818004607188,3.753953727869677,0.014466218425697699,-0.053573748252107214,-0.21157372579685904,5.07031991481781,-25.774939441680907,-22.721279621124268,1014.3642578125,-0.619054019628122,34.73195464785091
2025-06-11T20:36:59Z,39.98462083617509,-75.15262912248639,13.680042547887997,157.1676917573144,125.119433603235,-5.20203483924025,1.4553017853834362,5.865986858399906,6.222648279633933,0.0010000000011900904,0.0010000000006989602,0.0010000000020785565,0.0009999999965459969,0.001000000000169975,0.0010000000020136176,2.8583060205729757e-7,2.858329682006618e-7,1.7339506261323052,1009.8336028402547,979.7468853714249,0.09811792156134105,0.000323337282763317,0.00021116575499568763,0.001769282404417697,0.0011519999999999692,0.0011519999999999727,0.001151999999999974,0.001001520000000002,0.001001519999999995,0.0010015199999999914,0.9140339776637305,8.575352214812492,3.4823353489617523,-0.009703330510887783,-0.07836738026160639,0.08571271907865036,6.171979880332946,-24.31825981140137,-24.54700927734375,1014.4123229980469,-0.5001702744776221,35.1001880593482
2025-06-11T20:37:00Z,39.98462598404111,-75.1527404004058,12.646236125756165,153.30294236497775,119.7961225890991,-6.326482880958783,1.362739933611791,5.617911699962161,0.09032869288937037,0.0010000000012470543,0.0010000000008554822,0.0010000000022578931,0.0009999999964204118,0.0010000000003859337,0.0010000000020709682,2.884553789418375e-7,2.884577736816494e-7,1.6889805102056556,1001.9598117730468,973.6167448206916,0.09778200094822871,0.0005189427480667278,0.00017440788018167585,0.0019375073198034034,0.0011529999999999698,0.0011529999999999718,0.0011529999999999746,0.0010015300000000029,0.0010015299999999957,0.0010015299999999922,-0.03738438060998717,8.375253008841769,4.51255655193121,-0.008587518981929226,0.08243772732170063,0.2891726391146312,6.170149827003479,-23.26417942047119,-24.00288963317871,1014.3427429199219,-0.2860107852671947,33.99158804127798
2025-06-11T20:37:01Z,39.984654419790395,-75.15282028331465,11.053195569729136,148.44706019715076,114.2034904114598,-7.187074832526015,1.2731752035770505,5.637906185820715,0.2889154143872795,0.00100000000134435,0.0010000000012169627,0.0010000000025191884,0.0009999999961824322,0.0010000000005117363,0.001000000002088995,3.128664289499728e-7,3.1286922442060635e-7,1.6609686573405174,992.2703888549705,965.8729597372052,0.10096457583400414,0.000597229213959862,0.00013190882232933353,0.001980588494463197,0.0011539999999999686,0.0011539999999999712,0.0011539999999999751,0.0010015400000000035,0.0010015399999999963,0.0010015399999999928,0.33425558033018465,8.842425345419981,4.536891370055802,0.035505358297232115,0.15008339078685787,0.03801676786856381,5.236849904060364,-24.343269634246827,-26.8625696182251,1014.3857727050781,0.1454279915812349,36.62803989340951
2025-06-11T20:37:02Z,39.984647858592815,-75.15294458915568,9.498501589570486,143.02513676719346,107.7136431640187,-7.624506353893146,1.305285025074232,5.780754380703068,0.23684894964666134,0.0010000000009483165,0.0010000000013716253,0.0010000000022433275,0.0009999999962724264,0.001000000000219403,0.0010000000016816685,3.1428539409403115e-7,3.142881735218987e-7,1.645557530352257,975.5468274428712,951.3417048022684,0.1023608347193919,0.0005033652508640218,0.0001435738503322177,0.0018908194111235499,0.0011549999999999677,0.0011549999999999705,0.0011549999999999746,0.001001550000000002,0.0010015499999999952,0.0010015499999999917,0.06889946546829913,8.695163320540166,4.669328085867032,0.007771611937297584,-0.010915735311153781,-0.1296014530828623,2.322269965708256,-20.13792963027954,-23.100089740753173,1014.3658599853516,0.07241812760749508,30.733372378737275
2025-06-11T20:37:03Z,39.9846990073388,-75.15299872666559,8.460596848793116,139.95651463536313,102.75406912968833,-7.584772850821417,1.3399422634989264,5.871479770706794,0.12094960371895314,0.0010000000007596224,0.001000000001072891,0.0010000000021457211,0.0009999999961449258,0.0010000000000189198,0.0010000000018179456,3.6001754275305813e-7,3.6002117214178784e-7,1.6340025540158285,968.8194475188933,946.1037080580909,0.09966339958479387,0.0004428923320470306,0.00017455699951843116,0.0018546032856583579,0.0011559999999999678,0.0011559999999999715,0.0011559999999999754,0.0010015600000000031,0.001001559999999996,0.0010015599999999925,0.23833412129895923,8.441811727522433,4.733387975928925,-0.00844013207359009,-0.08737381214670421,-0.0914123841103219,11.22887978553772,-21.965489387512207,-21.88496971130371,1014.2796478271484,-0.11532590616334637,32.97755329251304
2025-06-11T20:37:04Z,39.98465182226515,-75.1531742208855,7.811595941073512,136.51477448539777,98.21309880789701,-7.027525789134142,1.3237071425866354,5.810072291972664,0.06575980003201608,0.0010000000005608732,0.0010000000014447048,0.0010000000026119324,0.000999999996199582,0.0010000000001398582,0.0010000000021744416,3.169155984837722e-7,3.169183921061238e-7,1.6221755719441626,960.5248517022312,939.3811514928988,0.09758219218825126,0.00046474898727336144,0.00019497537401000988,0.001898993898007176,0.0011569999999999677,0.0011569999999999716,0.0011569999999999755,0.0010015700000000024,0.0010015699999999953,0.0010015699999999916,0.6435639961391542,8.695133279799343,5.0512406533339025,-0.027854422498364603,-0.07203056964553686,0.06906880723456661,7.197999882698059,-23.91809959411621,-25.011829376220703,1014.3148193359375,0.2806928154853383,35.347909634958654
2025-06-11T20:37:05Z,39.984676328415865,-75.15325508518855,7.4730821700312084,131.44263635145393,94.47732786538427,-7.344153839667097,1.2432281793023656,5.614312087315087,0.11438988100679807,0.0010000000004905692,0.0010000000015132318,0.001000000002395748,0.000999999996278508,0.0010000000003399737,0.0010000000025200235,3.378987033868797e-7,3.379018660202068e-7,1.6161757891595343,954.4574107232886,935.1114280310892,0.10141724505253238,0.0006462474004324158,0.00018610303545522265,0.002089541409368787,0.0011579999999999687,0.0011579999999999724,0.001157999999999976,0.0010015800000000028,0.0010015799999999958,0.0010015799999999924,0.061552263587152364,8.36277699375008,5.294824509856474,-0.040527210368234035,-0.02862549677877703,0.22274521121165267,6.148799920082093,-25.792629432678222,-28.011809635162354,1014.2889556884766,0.10323277594935328,38.57103890330869
2025-06-11T20:37:06Z,39.984701296998445,-75.15332629884301,6.757405499764513,125.03374718636621,91.44619161952785,-8.580797300608742,1.0803859388278965,5.422643832845696,0.3116842134383526,0.001000000000612439,0.0010000000016239451,0.001000000002037572,0.0009999999964647045,0.0010000000002967383,0.001000000002423336,3.617665267340448e-7,3.6177013381438607e-7,1.6217367345219222,947.3810526847376,930.1165450797992,0.10858402237021728,0.0011281250481248797,0.00013789041553442983,0.0025670546188676,0.0011589999999999697,0.0011589999999999734,0.0011589999999999762,0.0010015900000000032,0.0010015899999999962,0.0010015899999999925,0.23701999858398426,8.185734051929959,5.077283440496683,-0.013253110153604369,0.03906846282102395,0.25804232859359505,6.623989844322205,-24.559209537506103,-25.661479473114014,1014.2678985595703,-0.1588990051603916,36.1322553973371
2025-06-11T20:37:07Z,39.9847184057519,-75.1533981493688,5.13709599402196,118.1333614476142,88.04220939798442,-10.71437806725981,0.9139758067798817,5.272762246873917,0.49273542387758684,0.0010000000007673985,0.0010000000011900375,0.0010000000018895395,0.0009999999964472339,0.0009999999999171282,0.0010000000021858945,3.8521155940841587e-7,3.852156478111289e-7,1.642641564334136,944.4893703791184,929.4826630933619,0.12377323700240142,0.002010511119407488,0.0001088900695061933,0.003490623934976297,0.0011599999999999707,0.0011599999999999733,0.0011599999999999755,0.0010016000000000022,0.001001599999999997,0.0010015999999999936,0.06056091261593847,8.101146887777611,5.662214802739967,-0.011659332150783384,-0.011083939324546259,0.21143804394956484,6.706949901580811,-23.240999507904053,-26.75398941040039,1014.2753601074219,0.09039813621796298,36.06798480338339
2025-06-11T20:37:08Z,39.98473337230142,-75.15347523280428,2.758762387691565,111.57989305222867,84.90381466680317,-12.99495514489114,0.7740068521355111,5.270150149744198,0.6467167830697973,0.0010000000008560724,0.0010000000009983095,0.0010000000019835704,0.0009999999968945514,0.000999999999777377,0.0010000000026593615,4.080678892393925e-7,4.0807248363350513e-7,1.6786140008302315,942.9418614663656,930.3024730640044,0.13932005658123287,0.0023304350540622873,0.00010399935619953701,0.0038382681890643706,0.0011609999999999709,0.001160999999999974,0.0011609999999999748,0.0010016100000000013,0.0010016099999999978,0.0010016099999999944,0.4227886665381268,8.062779759405855,5.088915728567141,-0.004953636905583779,0.038232436710236545,0.08970799080436387,4.615869915485382,-24.454899501800536,-27.448779582977295,1014.2333984375,-0.24909724845739367,37.05104733931349
2025-06-11T20:37:09Z,39.984782478683854,-75.1535189546761,-0.02627534749533389,105.27467621585728,80.36734655459827,-15.226972171279058,0.4189346377687022,5.220600959882271,1.0481572683012015,0.0010000000011224997,0.00100000000083026,0.0010000000022582117,0.0009999999968799377,0.0009999999996974337,0.0010000000031439261,4.68648668930168e-7,4.6865474816543424e-7,1.7272702826365345,942.8001625998521,932.8473630400144,0.15912568047307804,0.002393131421709727,0.0002535806186313499,0.00408427704092013,0.0011619999999999719,0.0011619999999999727,0.0011619999999999758,0.0010016200000000008,0.0010016199999999973,0.0010016199999999934,0.2543603111059226,8.291871260642008,5.445644222734375,-0.012681881730133241,0.05873339319629737,0.24837556907268657,3.6679298996925356,-24.24810962677002,-27.399979400634766,1014.1830444335938,0.13138621132492537,36.771995775095455
2025-06-11T20:37:10Z,39.984947412993385,-75.15341577790133,-2.784574622552107,99.76078917230936,74.23816783237278,-17.235142177885834,0.5090370431872587,5.215943144592311,0.9445643974531391,0.0010000000011710123,0.0010000000004882629,0.0010000000021183593,0.0009999999969583797,0.000999999999406974,0.0010000000037077349,6.841918584971069e-7,6.842048658865961e-7,1.7863309792587505,943.0139921369155,936.0304154475759,0.17635610747510444,0.0026305582274467,0.0002705351612226057,0.004360254381650371,0.0011629999999999713,0.0011629999999999722,0.001162999999999975,0.0010016300000000003,0.0010016299999999966,0.001001629999999993,0.2383042039114933,8.444460486411218,5.345738672254211,-0.013296410507196432,-0.029147597610647894,0.02288003439095265,5.427169907093048,-18.9807599067688,-25.341839599609376,1014.1168060302734,0.20607730159036228,32.12365168059722
2025-06-11T20:37:11Z,39.98495232482259,-75.15350743156154,-5.571446116367987,95.51788900677072,66.51525760684333,-18.46436667544736,0.6468263973831112,5.232166530412874,0.7903586152907411,0.00100000000119483,0.0010000000005774333,0.0010000000018427593,0.0009999999966541172,0.000999999999675885,0.0010000000035358576,7.275703238916077e-7,7.275850882458211e-7,1.840569233861769,943.2657414403076,939.3712556930326,0.17761220769032288,0.00271774364995493,0.0002742588158320208,0.004457689028612374,0.0011639999999999717,0.001163999999999973,0.0011639999999999736,0.0010016400000000003,0.0010016399999999955,0.001001639999999992,0.13277245710602098,7.952897907619897,5.844984958464911,-0.012926694316076192,-0.013656967486825978,0.00484635322077092,9.143289756774902,-24.20967960357666,-21.18468952178955,1014.2259368896484,0.0807766756439116,33.44392341701052
2025-06-11T20:37:12Z,39.98489690248609,-75.15365323875477,-7.296535361747669,91.84107398792422,59.4556616459683,-18.594846686210783,0.8874509628723961,5.327897689726009,0.5303932023359073,0.0010000000013004344,0.0010000000008061618,0.0010000000019498227,0.0009999999961629324,0.000999999999737554,0.0010000000032932008,6.929170577384071e-7,6.929305005275254e-7,1.8731536675161837,943.0256660177776,942.5844883998868,0.17197427645047958,0.002492143610432028,0.00020450318638749615,0.00412629753344052,0.0011649999999999727,0.0011649999999999727,0.0011649999999999727,0.0010016499999999995,0.001001649999999995,0.0010016499999999915,0.3351346930253478,8.216375278472324,5.134562658308094,0.0008535797052016622,-0.0022956737159071147,-0.08479828520472772,8.916979801654815,-12.331759845465422,-16.232099771499634,1014.1406021118164,-0.09427427830515936,22.250025547193353
2025-06-11T20:37:13Z,39.98476484412486,-75.15386280957753,-8.707583073175932,87.37121858954664,52.80563117316336,-19.276171710146954,0.2734078363026501,5.286571007928766,1.2877538991367243,0.0010000000011567802,0.001000000000871652,0.0010000000022087245,0.0009999999961460015,0.0009999999997625522,0.0010000000029871268,5.363526204803464e-7,5.363607106654577e-7,1.8795735651744487,942.7813076148688,945.9882831359781,0.16973518371691831,0.0005097947123293133,0.0008730402295466281,0.0024759639858675346,0.0011659999999999733,0.0011659999999999733,0.0011659999999999715,0.0010016600000000006,0.0010016599999999943,0.0010016599999999908,-0.25558219982813707,7.944618438719897,5.86820588016315,-0.00005572374898937739,0.24262247809793963,0.4816701320674866,97.90621871948242,-19.34614975452423,-39.34011907577515,1014.1837463378906,0.09232047874927617,107.27318055940638
2025-06-11T20:37:14Z,39.984712805720996,-75.15394633499743,-10.265662062784909,81.06640631600551,50.29566428959647,-20.36248932589682,0.1935623842825845,5.358051085270598,1.4204720175174037,0.0010000000006981497,0.0010000000008612948,0.0010000000025040198,0.000999999995958056,0.0009999999993889532,0.0010000000029473661,4.820452099148259e-7,4.820517805821785e-7,1.8741766305783945,942.634925729355,949.6606566330112,0.19058985840090786,0.00020886574531737135,0.0009504733758350425,0.0021154563940133804,0.0011669999999999743,0.0011669999999999743,0.0011669999999999706,0.0010016700000000005,0.0010016699999999931,0.0010016699999999899,0.15625415965892178,8.216304325102888,5.277159785268482,0.0007103561942690332,0.09136755315238135,0.11923952826558849,-8.996279883384705,-12.401299715042114,6.5873898476362225,1014.1851196289062,-0.02108700992143668,16.67684924048139
2025-06-11T20:37:15Z,39.984684159731586,-75.15396018378681,-11.90261505548115,72.37459199060207,53.63568801144979,-20.73814504524707,0.09366263033570643,5.4196530297191785,1.6163675792332102,0.0010000000002768007,0.0010000000006642976,0.0010000000022785723,0.0009999999958922156,0.0009999999996965839,0.0010000000032741618,4.5718030083116214e-7,4.5718623323966646e-7,1.8908198391245106,941.1109825740156,951.6727902998919,0.2552798499350482,0.0002860151679652823,0.0009122693582940623,0.002029800035867715,0.001167999999999974,0.001167999999999974,0.0011679999999999703,0.0010016800000000013,0.0010016799999999935,0.0010016799999999907,0.07704348617722313,7.906229018210504,5.885343193051695,0.0076400458513199996,0.0361606911538691,0.17616507259461586,0.7588399848900735,-15.709329748153687,-25.235699462890626,1014.2522583007812,0.06895503745572829,29.735439998793126
2025-06-11T20:37:16Z,39.984678382535094,-75.15389901461312,-11.656037006508665,60.357151811129455,67.14503608364927,-19.029010662287455,0.3761238682167932,5.462977333519524,1.3160950340909185,0.0010000000005601654,0.0010000000008391979,0.001000000002113436,0.0009999999960602199,0.000999999999566936,0.001000000003276408,4.547864088133478e-7,4.547922976097731e-7,1.9646442517750093,939.3312236617498,953.5860875521352,0.31904189500173846,0.0001945270258394451,0.000933034010437213,0.0020843938315596336,0.0011689999999999737,0.0011689999999999737,0.0011689999999999698,0.0010016900000000017,0.0010016899999999928,0.001001689999999991,1.3926685621735666,8.382319616317085,4.81700916194688,-0.007209408423713645,-0.10622603169053252,-0.12197146623164001,-2.3875399768352508,-19.84268960952759,-22.343079662323,1014.1455993652344,-0.02149514503603376,29.977372260293457
2025-06-11T20:37:17Z,39.98467572462719,-75.15379566305161,-8.940567575823426,46.64342608774052,85.99024939197459,-15.566583286392198,0.4608792558644579,5.625566093722345,1.2792044028766214,0.0010000000008421601,0.001000000000754107,0.0010000000022827677,0.000999999996612661,0.0009999999995206049,0.0010000000036266084,4.5455293702875604e-7,4.545587630162887e-7,2.0797808441830563,926.6189700335856,943.7186351608772,0.35673402512293756,0.000182095144080474,0.000867520745818209,0.002083414995028881,0.0011699999999999742,0.0011699999999999742,0.0011699999999999703,0.001001700000000002,0.0010016999999999925,0.0010016999999999917,1.3536879470342758,8.476258348464127,4.6969773521402205,-0.0016249179545033579,-0.002198288130451317,0.010583980369165205,-2.0599699437618257,-19.670669746398925,-22.5224196434021,1014.1845855712891,-0.006708491618543354,29.97390652127118
2025-06-11T20:37:18Z,39.984542849206456,-75.15397465013783,-4.057010128952598,18.244840052621054,52.67150011966146,-11.582129536970974,0.5239366828503783,5.785392797831712,1.2806325753401482,0.001000000001293549,0.0010000000005225985,0.001000000001880438,0.0009999999967807362,0.0009999999992581995,0.001000000003885545,4.545290000692038e-7,4.545318162834902e-7,2.178747496922555,456.33564197542336,461.1100435467976,0.34533344280603867,0.00017397054468850618,0.0007701989445499561,0.002051328227454253,0.0011709999999999735,0.0011709999999999735,0.0011709999999999696,0.0010017100000000024,0.0010017099999999916,0.0010017099999999916,1.3581883122912568,8.466591810225687,4.699528764722449,-0.001940112916464886,-0.00038547092849413494,0.011934255153970716,-1.8999894292731034,-19.666399604395817,-22.509641747725638,1014.1657562255859,-0.00849442518938796,29.950929339397636
2025-06-11T20:37:19Z,39.984394997692206,-75.1542338741377,1.5055252851626122,5.511631736493107,28.504895697908466,-8.2034617486993,0.5710563153532786,5.925366660929396,1.282597473256612,0.0010000000013742447,0.0010000000003727995,0.0010000000017407456,0.000999999996848225,0.0009999999988965808,0.0010000000035633345,7.819704444741331e-8,7.819708297265732e-8,2.218874419707175,213.14046014417707,214.53393705080546,0.2963676466553866,0.00017246921181875426,0.0006734061078281751,0.002039330400957024,0.001171999999999974,0.001171999999999974,0.00117199999999997,0.0010017200000000028,0.0010017199999999924,0.0010017199999999924,1.253374641178745,8.499321292876674,4.677603076932934,-0.0003096956343473812,0.002167572714315216,-0.00397605280454457,-1.7933999657630921,-19.690799617767333,-22.454709625244142,1014.1702423095703,-0.0015555858638857355,29.919138090241564
2025-06-11T20:37:20Z,39.98438535037718,-75.1542507598998,6.495456118966567,0.47477938291000654,20.887762165251118,-5.846278476988745,0.6023658524453974,6.033131148458954,1.284942962777205,0.0010000000012541103,0.0010000000005524685,0.0010000000018440408,0.0009999999967765206,0.0009999999992636854,0.0010000000032754411,3.9794856892806304e-8,3.979486343442209e-8,2.1883225045609604,139.0549079370767,140.01819176347368,0.23055836215898926,0.00017628711064148113,0.0005936499788379953,0.0020398647117120146,0.0011729999999999738,0.001172999999999974,0.0011729999999999703,0.0010017300000000017,0.0010017299999999928,0.0010017299999999928,1.3499544968591297,8.462712549209222,4.691246246336149,0.00242487555195965,0.004791395429344629,-0.00951930497621459,-1.6634699642658233,-19.67615976333618,-22.458979320526122,1014.1670379638672,-0.013003138744186302,29.905202149134674
2025-06-11T20:37:21Z,39.984384048314126,-75.15425257496264,10.255060103551916,-2.7001058153368525,17.27659842899519,-4.526869852544747,0.6191867214810207,6.10376411573846,1.3080903704046156,0.0010000000015656144,0.0010000000004369172,0.0010000000016479652,0.0009999999971016524,0.0009999999993127264,0.0010000000030013746,3.974068449482234e-8,3.9740689300580754e-8,2.1036402653526185,103.19526371972468,104.07570916264174,0.1741046992058503,0.00017711017884629565,0.0005421427081885664,0.002041350900649893,0.001173999999999973,0.001173999999999973,0.0011739999999999691,0.0010017400000000023,0.0010017399999999923,0.0010017399999999923,1.2445310583102083,8.498692869185849,4.664524744985644,0.002681345656827239,0.012582092111036723,0.009354565322266898,-1.030289989709854,-19.579779529571532,-22.31501970291138,1014.1773376464844,-0.008140019284927231,29.704988750060597
2025-06-11T20:37:22Z,39.98438366241139,-75.15425190001405,12.800001483913974,-6.273296196953966,18.934851582583708,-3.8884614406324376,0.630693509482213,6.142217561410562,1.3143934003268132,0.0010000000019061291,0.0010000000004896288,0.0010000000015905632,0.0009999999970379374,0.000999999999580392,0.0010000000031051366,3.9740605328301515e-8,3.9740610007985e-8,1.9916084004607244,100.34460876725215,101.68831869956216,0.13300622930213515,0.00018320488228089265,0.0005087139316800079,0.0020512843449522087,0.0011749999999999734,0.0011749999999999736,0.0011749999999999697,0.0010017500000000029,0.0010017499999999922,0.0010017499999999922,1.3649781157954772,8.486953662871878,4.664262842176697,-0.0009109016006634324,-0.0031983154911543413,0.004347568841443681,-1.3175999820232391,-19.593809509277342,-22.455319690704346,1014.1839861188616,-0.002588211962397075,29.831054269718944
2025-06-11T20:37:23Z,39.98438316501923,-75.15425200287235,14.369176028465287,-8.861726565736388,18.760109890603115,-3.6683598934514565,0.6392425744217496,6.163328076135886,1.322278187724803,0.0010000000021020492,0.0010000000002745987,0.0010000000019633807,0.000999999997046132,0.0009999999994560662,0.0010000000027162671,3.9740605003140846e-8,3.974060928933997e-8,1.875312841234533,90.31307049916866,91.8922668635011,0.10941705169465404,0.00018832261819589133,0.0004925425881133844,0.00205995180997867,0.0011759999999999729,0.0011759999999999729,0.001175999999999969,0.001001760000000002,0.0010017599999999913,0.0010017599999999913,1.1310690597787596,8.526722404116187,4.665074616566839,-0.0020158881988382974,-0.003702096072460872,0.007969793209494863,-1.4444799721240997,-19.610279655456544,-22.377239608764647,1014.1797180175781,0.0025546431022621836,29.78904870849899
2025-06-11T20:37:24Z,39.984382715672915,-75.15425203449658,15.181749624835625,-11.12877189229081,18.6862130116714,-3.6703487802675716,0.6486567754062446,6.180314217018553,1.3278859873042177,0.0010000000023778315,0.0010000000004856122,0.0010000000018201107,0.0009999999969324458,0.0009999999995035744,0.0010000000029361973,3.974060482622741e-8,3.974060878396259e-8,1.770665550118483,82.12108940381657,83.94286722035201,0.09744755870418761,0.000192378962112411,0.0004884800746343997,0.0020675357869042884,0.0011769999999999726,0.0011769999999999721,0.0011769999999999687,0.0010017700000000023,0.0010017699999999917,0.0010017699999999917,1.1873021593072852,8.514588188171112,4.65723366641802,-0.001201512241576137,0.0006662231844730038,0.004196850995174292,-1.2120699644088746,-19.685309505462648,-22.49496955871582,1014.1878814697266,-0.005086444688263814,29.916569762237646
2025-06-11T20:37:25Z,39.9843823043857,-75.15425213291343,15.56175497268895,-13.161801868756418,18.50871227649809,-3.744385721126122,0.6584183089500043,6.189633289154303,1.3317763451852649,0.0010000000025078954,0.001000000000778791,0.0010000000020574877,0.0009999999968968957,0.0009999999993923075,0.0010000000032223707,3.9740604739071826e-8,3.974060832819689e-8,1.6862173139559782,75.3078028612541,77.39285543974486,0.0941153597241678,0.00019486210263873632,0.0004927800773809082,0.0020751216884297378,0.0011779999999999727,0.001177999999999971,0.0011779999999999692,0.0010017800000000025,0.0010017799999999925,0.0010017799999999927,1.057199739453799,8.535002373694887,4.6595717182141225,-0.0021158117033366506,0.00024904287271949573,0.004706460351913498,-1.1181299895048142,-19.627359485626222,-22.39736967086792,1014.1648406982422,-0.0010944658003163997,29.801385905197623
2025-06-11T20:37:26Z,39.98438548737549,-75.15423224151417,15.412377994176715,-17.47918471983544,20.254714661818273,-4.33738505953999,0.6675686662251467,6.162894871416558,1.3272819721282751,0.0010000000025582696,0.0010000000007160585,0.001000000001867902,0.0009999999971025057,0.0009999999990848972,0.0010000000036388356,1.1075531969829568e-7,1.1075534797892142e-7,1.6312939090293785,75.31687260532355,78.21898854407269,0.10532893482064083,0.00019808351534181357,0.0005008447753963665,0.002091910145152268,0.0011789999999999724,0.0011789999999999715,0.0011789999999999685,0.0010017900000000033,0.0010017899999999933,0.0010017899999999933,1.2384333213542655,9.271732067107376,3.3884376575926236,-0.005011093094402985,-0.026640351999874693,0.019343577506407146,-1.2285399913787842,-19.933579540252687,-22.08138952255249,1014.18017578125,0.16617282876991488,29.77316994462135
2025-06-11T20:37:27Z,39.98439021399447,-75.1542238362986,14.886125032802825,-21.140597082288384,22.04103795358645,-4.71484107283298,0.7084814235395301,0.012566271298142546,1.28760873008731,0.0010000000026340228,0.0010000000005571635,0.001000000001552252,0.0009999999969171852,0.0009999999992070104,0.0010000000032741045,1.7419879284706955e-7,1.7419886368678113e-7,1.6120556903305878,75.37842346081808,79.18293389267097,0.12172888981089451,0.00020645016987291793,0.0004978116738193631,0.002074683397606207,0.0011799999999999717,0.0011799999999999717,0.001179999999999968,0.0010018000000000036,0.0010017999999999932,0.0010017999999999932,1.1403683306400227,9.221004795073748,3.4735029211025634,0.021736962801782302,0.08141491502634539,-0.11173181121728905,-0.6057299809530378,-22.008799648284914,-22.420549583435058,1014.1881103515625,0.13636173354554346,31.423431203297728
2025-06-11T20:37:28Z,39.984394230970146,-75.15422943162305,14.55256000236406,-23.564706261239298,24.867961438323977,-4.922773234594347,0.6887841812246108,0.10616469844878824,0.5949928979952462,0.0010000000028488982,0.0010000000008936118,0.001000000001674582,0.0009999999971520694,0.000999999999398444,0.0010000000030408788,2.0469945949606214e-7,2.0469955865103372e-7,1.6289944448722264,75.50415178476109,80.15046563436321,0.1523531266179191,0.0005062417716713029,0.00020378833595215018,0.002051104385237178,0.001180999999999971,0.0011809999999999711,0.0011809999999999672,0.0010018100000000027,0.0010018099999999938,0.0010018099999999936,-0.09910615852738568,9.075990938186088,3.5147430112346383,-0.003928589327903331,-0.44490150755564545,-0.6971473718318302,4.460319924354553,-24.012039566040038,-25.754199600219728,1014.0999908447266,-0.050010179934634504,35.492924599358716
2025-06-11T20:37:29Z,39.98440237193532,-75.15423748449976,13.879908202055528,-22.353361137351712,28.563537487584053,-5.413498489924637,0.7514991650007583,0.31983462897002174,0.5970047820409412,0.0010000000026249341,0.0010000000006440844,0.0010000000013807514,0.0009999999973951095,0.000999999999548816,0.0010000000035153044,2.593860820638398e-7,2.593862427510182e-7,1.680692951609151,75.74658688172141,80.64718255081482,0.19071802102575008,0.0005271701333403216,0.00021478055462747852,0.0020201090000335985,0.0011819999999999715,0.0011819999999999715,0.0011819999999999676,0.0010018200000000018,0.001001819999999994,0.0010018199999999938,0.8019030314618172,8.976354812621178,3.4826532965285724,0.02938148089995946,0.16565086726762546,-0.13645968933778535,3.08598992228508,-24.711709403991698,-25.208249282836913,1014.2224426269531,-0.12211286436913406,35.43506956189411
2025-06-11T20:37:30Z,39.98441744848989,-75.1542949495436,13.800811167260427,-20.901036297146018,30.472609230353076,-4.567246753065257,0.8641908190701697,0.22138352323263624,0.9661635908935193,0.0010000000032393149,0.0010000000004130815,0.0010000000011743644,0.0009999999976107235,0.0009999999994006633,0.001000000003652791,2.3521774063966548e-7,2.352178734796385e-7,1.7632210003721922,76.02867909494815,81.17563002407812,0.22033635887119662,0.0002966913755552514,0.00037777064685213217,0.002054257443636616,0.001182999999999971,0.0011829999999999712,0.0011829999999999673,0.0010018300000000013,0.0010018299999999935,0.0010018299999999935,0.14509119230618842,9.3105106105798,4.296449898718407,-0.03110276555754525,0.2106936113689881,0.32524166905528445,3.4654099464416506,-23.025669670104982,-24.61288948059082,1014.1988677978516,0.47110209411781667,33.88187455538641
2025-06-11T20:37:31Z,39.98443569653615,-75.15436180039266,14.951477732945083,-19.604081977297408,30.8950460696108,-3.426615110256348,0.8722200136037123,0.3649977468153613,0.8640013489132418,0.0010000000035691678,0.0010000000002983787,0.001000000001171996,0.0009999999976568303,0.0009999999990200226,0.001000000003489053,2.3436129466121385e-7,2.3436142681340367e-7,1.8569355400761496,76.2993170537646,81.5986305119791,0.23126355118736525,0.00032736085518981,0.0003296912939667162,0.002047482856694383,0.0011839999999999707,0.0011839999999999709,0.001183999999999967,0.001001840000000002,0.0010018399999999926,0.0010018399999999926,-0.3062270446005074,9.280979441642348,4.164203908829706,-0.005778837829301619,0.03747218526121557,-0.19077374509342215,5.714479899406433,-24.434769344329833,-26.423979663848876,1014.0941772460938,0.3929859585367475,36.440859487916214
2025-06-11T20:37:32Z,39.98445435682257,-75.15442876645817,16.143142514458486,-17.19804240157103,31.754746337802906,-2.9707302001682603,0.8702951009512463,0.37936417159723584,0.7713827144441899,0.0010000000039075082,0.0010000000000866874,0.0010000000013147584,0.0009999999976252464,0.0009999999986319728,0.001000000003578801,2.3433044688347695e-7,2.343305790868734e-7,1.9343174568018395,76.65450476836132,81.58319877337911,0.23350279629534576,0.00031608030972935934,0.0002880420126801422,0.0020541803476101825,0.0011849999999999714,0.0011849999999999714,0.0011849999999999675,0.001001850000000001,0.001001849999999993,0.001001849999999993,0.05520388686300033,8.833439635276497,4.533468376635334,-0.0056222911047367746,-0.043701444773886114,-0.08234516551857472,5.152059888839721,-25.814589405059813,-25.20153942108154,1014.1919250488281,0.1449139071446652,36.44242914236504
2025-06-11T20:37:33Z,39.98447421773328,-75.15451279694854,17.2945894093175,-14.377600330757941,32.64171607188622,-3.012699442445778,0.817586753334847,0.3293553962396982,0.5435111227904308,0.001000000003786095,0.0010000000003554785,0.0010000000014073064,0.0009999999979607736,0.0009999999988569764,0.001000000003339853,2.0645280618551873e-7,2.064529081511621e-7,1.9840393378382104,77.09973971135197,81.27105044268991,0.22868555206356894,0.00031727468398024623,0.0002205543355423372,0.0020580537332209703,0.0011859999999999703,0.0011859999999999703,0.0011859999999999664,0.0010018600000000007,0.0010018599999999933,0.0010018599999999935,0.5402803707605268,8.578494500160131,4.4311873515831195,-0.008851484400988667,-0.18534873483938263,-0.11876808817297468,9.025559854507446,-19.609669399261474,-21.507989501953126,1014.1459197998047,-0.11371515053698576,30.472781094386924
2025-06-11T20:37:34Z,39.984494582153175,-75.15456898458609,18.484453401104496,-12.780767659335394,32.94165240065801,-2.4151759005741438,0.8647004052835346,0.09229519645733579,0.6789922961771607,0.0010000000036461544,0.0010000000002677884,0.0010000000011720776,0.0009999999978582486,0.0009999999991099795,0.001000000003484613,2.5946727550728924e-7,2.5946743533108987e-7,2.002608311867779,77.56735950775725,81.02225012069295,0.20875050246684668,0.00021032504701086564,0.00024617124584711556,0.0020804808629859136,0.0011869999999999708,0.0011869999999999708,0.001186999999999967,0.001001870000000001,0.001001869999999994,0.001001869999999994,0.48687096663930896,8.81381094360316,4.464537855027699,-0.012254708749181963,-0.047033057778862006,0.26226825543904103,4.278539919853211,-22.598059463500977,-26.00002956390381,1014.0694732666016,0.10782756306265494,34.712767296761726
2025-06-11T20:37:35Z,39.98450249416321,-75.15467467101782,19.09218728625949,-12.048696729308976,33.19537220650555,-2.0679174066553374,0.900271828207997,0.20458401283051006,0.6556264856067741,0.0010000000033382659,0.001000000000154997,0.0010000000008958615,0.0009999999974002456,0.0009999999991415394,0.0010000000035413417,2.071442964717119e-7,2.0714439768277058e-7,1.9848132835349788,78.00142729806193,80.78864232882214,0.17638166581423909,0.00018985193192503497,0.0002338579768819078,0.0020814301805770355,0.0011879999999999703,0.0011879999999999705,0.0011879999999999664,0.0010018800000000014,0.0010018799999999945,0.0010018799999999945,0.3071465751960601,8.60559576597641,4.544270817619242,0.020367792321648148,0.06458391056112538,-0.1091329723854936,4.607329916954041,-23.558199310302733,-24.410369396209717,1014.2100067138672,-0.04765675463619784,34.235637964752726
2025-06-11T20:37:36Z,39.98451278964441,-75.15476216323242,20.011780634225392,-11.392956046846988,33.9261802491673,-1.5986851250849117,0.8896277205233775,0.1878618944149272,0.5614849109727942,0.0010000000036982527,0.0009999999999421652,0.001000000000814986,0.0009999999977642958,0.000999999998918604,0.001000000003442442,2.056780496842417e-7,2.056781488242485e-7,1.940895179138179,78.5519957352601,80.51852455924919,0.1533361775116031,0.00017622456621639124,0.00021810197938854322,0.002089360586716979,0.001188999999999971,0.0011889999999999711,0.001188999999999967,0.0010018900000000014,0.0010018899999999944,0.0010018899999999944,-0.012192891843229938,9.069425653457486,4.32143565320879,-0.00905133047719348,-0.07400322502765636,-0.051938465729171844,5.848069882392883,-23.54843940734863,-23.84367961883545,1014.1023559570312,0.2620393722949213,34.01832636615725
2025-06-11T20:37:37Z,39.98452865140509,-75.15482526177985,20.725895756897913,-9.64662765892083,34.74602941136587,-1.6730414967633804,0.8535252873178719,0.28405814261456913,0.3516308805198615,0.001000000003802688,0.0009999999998157032,0.00100000000073249,0.0009999999974309502,0.0009999999987387437,0.001000000003353571,2.594314232320954e-7,2.594315797796675e-7,1.8855528416345289,79.10436791793958,80.03419870259349,0.134477205486375,0.00018310683179738823,0.00020064223470387903,0.0020964788401233274,0.00118999999999997,0.00118999999999997,0.001189999999999966,0.0010019000000000002,0.0010018999999999944,0.0010018999999999942,0.3214690358117493,8.399872111320553,4.774137960909982,-0.0008725978809869205,-0.09053139283586184,-0.21350382475899182,4.57011992931366,-19.074089670181273,-19.712759590148927,1014.0821380615234,-0.1172800984680828,27.80821756765477
2025-06-11T20:37:38Z,39.98453816780883,-75.15492281143406,21.181003675732274,-7.529618257976729,35.99717898494434,-2.1772244063159105,0.8661090827521365,0.2801947236668356,0.32155711883363086,0.0010000000042781787,0.0009999999998584522,0.0010000000006068776,0.0009999999973435644,0.0009999999985791299,0.0010000000032676804,2.3521932470293316e-7,2.35219452130725e-7,1.8300081617845798,79.76541578735132,79.47060009732326,0.1248868909864396,0.00016785187818588857,0.0002024401228099318,0.002106079020884616,0.0011909999999999705,0.0011909999999999705,0.0011909999999999666,0.0010019100000000004,0.0010019099999999934,0.0010019099999999934,0.3794124612323166,8.493848370552247,4.291665245383245,0.007364423436819116,-0.020146161775473247,-0.0207140595581798,5.103869915008545,-22.325389671325684,-22.477279567718504,1013.9969940185547,-0.2605031410589286,32.08889769965441
2025-06-11T20:37:39Z,39.984552729461804,-75.15500908890841,21.2499952665819,-4.716828359244624,37.404206938742675,-1.7287007033971087,0.8902716900261124,0.3258488636792082,0.26931608025060993,0.0010000000044707916,0.0009999999997877401,0.001000000000593322,0.0009999999975104895,0.0009999999985459847,0.001000000003449643,2.3436135367791686e-7,2.3436147897983144e-7,1.782440151732534,80.50349948839235,78.88435183387648,0.11992119989370806,0.00016294213123389472,0.00020373839755004778,0.0021169409740028145,0.0011919999999999698,0.0011919999999999698,0.0011919999999999659,0.0010019200000000012,0.0010019199999999943,0.0010019199999999943,0.5008284136386648,9.3053481330873,5.117036302923549,0.02908028175947471,-0.005795492404116635,-0.07156925589312671,6.271409869194031,-23.460599613189697,-23.268449592590333,1014.0535278320312,0.8465574642637851,33.63253859920389
2025-06-11T20:37:40Z,39.98457102382312,-75.1550983241829,21.231807037043833,-2.2039243434501388,38.82722962948348,-2.7180385479575664,0.8671305504536069,0.23177090858337776,0.25430151897929776,0.0010000000045627061,0.000999999999630838,0.0010000000004953193,0.0009999999972248202,0.000999999998676341,0.001000000003714923,2.3433045070344202e-7,2.3433057472140925e-7,1.7453770412705183,81.31328498539338,78.35007107177543,0.1176265946173922,0.0001472893828377509,0.00020649638552708822,0.0021249231337232516,0.0011929999999999703,0.0011929999999999708,0.0011929999999999667,0.0010019300000000022,0.001001929999999995,0.001001929999999995,0.9746072784729298,8.325831400394652,3.967486577271822,-0.02994115675923127,-0.0671085082436341,0.05833286620657516,7.297429823875428,-22.891469478607178,-24.833099365234375,1013.9942321777344,-0.510736350250326,34.55359862379053
2025-06-11T20:37:41Z,39.984590161623146,-75.15516863839632,20.624227777890766,-0.23543010164756825,40.067100513481506,-3.0568667105929475,0.8783225756479013,0.19940864572696418,0.23517110106457378,0.0010000000042735431,0.0009999999996588745,0.001000000000708637,0.0009999999969826042,0.000999999998804929,0.0010000000040246927,2.607337439776026e-7,2.6073389612394853e-7,1.7174696990511515,82.10786174813542,77.8811202558539,0.11381275905285312,0.00014143168654631028,0.00020837252947490803,0.00213445619007473,0.0011939999999999703,0.00119399999999997,0.0011939999999999666,0.001001940000000002,0.001001939999999995,0.001001939999999995,0.9611174362675294,8.63738450908698,4.326643042802315,0.005010473664254656,-0.029805704276039898,0.007440357651394478,4.504239881038666,-22.372969532012938,-25.020369625091554,1014.0352935791016,-0.076921289582886,33.86522413029536
2025-06-11T20:37:42Z,39.98460426271732,-75.15527076518761,20.267592923094792,-0.2901114600682472,40.555143319052036,-2.63776086707286,0.8993653326998435,0.02389860705599814,0.31527371925164716,0.00100000000438267,0.000999999999955366,0.0010000000007931258,0.0009999999971667649,0.000999999998550531,0.0010000000038729335,2.3526471386380836e-7,2.3526483678770914e-7,1.6875290693592775,82.8332744233453,77.67911669870261,0.09900061299590607,0.00013696076076340978,0.00020764469354063873,0.0021472200645939097,0.0011949999999999697,0.0011949999999999697,0.001194999999999966,0.0010019500000000015,0.0010019499999999945,0.0010019499999999945,-0.013562077496749049,8.781231116295203,4.607890622853525,0.0023266170038747694,-0.04209684069288596,0.18247190692618345,3.403189927339554,-22.438239765167236,-23.135469436645508,1014.0100402832031,0.1316740481450002,32.40837801906326
2025-06-11T20:37:43Z,39.9846156032803,-75.15536287298718,20.410593049422623,-1.009061269540909,40.28245809086593,-2.252523446844768,0.9035724513817847,6.251746177982429,0.3546979919627641,0.0010000000042100833,0.0010000000000381394,0.001000000001004302,0.0009999999968959583,0.0009999999988493534,0.0010000000043244755,2.3436298799385737e-7,2.3436310933160595e-7,1.64362879402739,83.36437262736163,77.52510846357957,0.08155453331176128,0.0001417700381865476,0.0002054124951505231,0.0021580463937216202,0.001195999999999969,0.001195999999999969,0.001195999999999965,0.0010019600000000003,0.001001959999999994,0.001001959999999994,0.47876435068556494,8.407223176002548,4.972823082446259,-0.003945243226790659,0.004973755528970002,0.0615220894738428,17.706469583511353,-26.636259365081788,-17.988899898529052,1013.9451904296875,-0.005539634760538103,36.69613300141895
2025-06-11T20:37:44Z,39.98462795519788,-75.15544668117641,20.654604665664984,-2.1647724879952444,39.7273610582715,-1.8750760329223515,0.8986256393321892,6.172103209222435,0.4783945986917381,0.0010000000041571339,0.0009999999999098833,0.0010000000008741194,0.00099999999672549,0.0009999999990741649,0.0010000000041830907,2.6073519641450387e-7,2.607353461361016e-7,1.5844525946997297,83.80724844522734,77.46376868266782,0.0649512574783742,0.00015740762855005874,0.00019638689834718283,0.0021705394823564447,0.0011969999999999698,0.0011969999999999698,0.001196999999999966,0.0010019700000000005,0.0010019699999999935,0.0010019699999999935,0.629067853997908,8.231283020019493,5.290582264005134,-0.0019609307131423373,0.055599962363238886,0.13398072986989895,6.737449908256531,-24.427449417114257,-25.690759468078614,1013.9620513916016,0.02008047772776336,36.08469176743541
2025-06-11T20:37:45Z,39.984633214112826,-75.15554102019851,21.221378212028213,-4.0279555673817775,38.95759455508626,-1.475396604154769,0.8990082905823059,6.173558933525879,0.5626590413181773,0.0010000000040597005,0.0010000000000087547,0.0010000000007314525,0.0009999999966126168,0.0009999999991501785,0.0010000000044152772,2.618923797721517e-7,2.618925305456763e-7,1.51294360452411,84.22242159048417,77.53082729485192,0.05041133746817481,0.0001723935238896665,0.0001890360349709708,0.002178955107690909,0.0011979999999999697,0.0011979999999999697,0.0011979999999999658,0.0010019800000000006,0.0010019799999999935,0.0010019799999999935,0.3511234738598916,8.350787376403899,5.338024858175834,0.0054367333925477955,0.0742631589081083,0.04526954366267509,10.674999952316284,-25.011829471588136,-25.336959648132325,1013.8742370605469,0.13240373682488762,37.16860225284718
2025-06-11T20:37:46Z,39.98463883181355,-75.15561820006756,21.269421345752733,-6.659784931167719,38.438296716010036,-1.8909874112006149,0.8690701562953871,6.03349292611442,0.7526273977596671,0.0010000000038111335,0.0010000000003223047,0.0010000000008445215,0.00099999999645653,0.0009999999990273093,0.0010000000046412143,2.6194227826179764e-7,2.619424289852766e-7,1.4331547581895754,84.5992006784783,77.70623109376378,0.03962645614035718,0.00020958638476659185,0.0001718461354786147,0.0021989282669731313,0.0011989999999999698,0.0011989999999999698,0.0011989999999999668,0.0010019899999999997,0.0010019899999999928,0.0010019899999999925,0.2913021063167983,8.154182242393485,4.563571704714759,0.0019727220452736938,0.063040092542686,0.22627250903403306,7.171159839630127,-23.23123950958252,-26.15313940048218,1013.9844055175781,-0.43597764676911377,35.708529833162736
2025-06-11T20:37:47Z,39.98464279250409,-75.15570324456316,21.04684422383106,-9.421787981600746,37.46708500502611,-2.4945124556405807,0.8656482431217806,6.057052683210809,0.7652744455892762,0.001000000003981788,0.0010000000000496081,0.0010000000010992568,0.0009999999964020324,0.0009999999991973528,0.001000000004669015,2.6194442862680724e-7,2.619445795692431e-7,1.351067467263944,84.91654881843469,77.93150424934635,0.03345490031499401,0.00021720724289074104,0.0001740905489144398,0.0022048037062610878,0.0011999999999999702,0.0011999999999999702,0.0011999999999999674,0.0010020000000000007,0.0010019999999999936,0.0010019999999999927,0.5994422693696966,7.9546543713521,4.6131433261681245,-0.002647071839492056,0.03095634613609351,-0.014345606583155205,8.725439834594727,-22.407129573822022,-25.813369750976562,1013.8852233886719,-0.5697145906564027,35.278027684923615
2025-06-11T20:37:48Z,39.984653371653415,-75.15576761922406,20.457272386567272,-11.266230735313387,37.039705993146775,-2.618979451798637,0.8980098178122644,6.178733770669643,0.5458303631903493,0.0010000000038278578,0.00099999999997859,0.0010000000008993355,0.0009999999962051912,0.000999999999153825,0.0010000000044818342,3.1127753559084256e-7,3.112777492405031e-7,1.2769725642515146,85.50779258984642,78.16692741011734,0.03163243421079051,0.00019265845674181693,0.00020412722846000145,0.00220596093804189,0.0012009999999999705,0.0012009999999999705,0.0012009999999999669,0.0010020100000000017,0.0010020099999999946,0.001002009999999992,0.7708644425196743,8.143961833953808,4.905751736997459,-0.00801629035979203,-0.08655027646281582,-0.23951722479333473,9.207949829101562,-20.850409603118898,-27.06569938659668,1013.9051361083984,-0.24611460403327304,35.38466357813011
2025-06-11T20:37:49Z,39.984659987440345,-75.1558626221472,19.73225157668246,-12.552955604184984,37.39441144780274,-2.651052709677831,0.9008773125370881,6.191186697783241,0.6520468066777384,0.0010000000036186122,0.0009999999996958757,0.0010000000009133655,0.0009999999963913727,0.0009999999996348529,0.0010000000042508902,2.897157835212343e-7,2.8971596886034986e-7,1.2198574862760048,86.3301879359845,78.37086379037513,0.032763210619875756,0.00021167449406916836,0.0001999729370130466,0.0022148249717645614,0.0012019999999999707,0.0012019999999999707,0.0012019999999999676,0.0010020200000000013,0.001002019999999994,0.0010020199999999915,0.789524246539818,8.557915686607382,4.507756893872315,0.008119677722057928,0.09496479609693263,0.053984531989495835,-3.4269799441099167,-19.527319526672365,-21.552519512176513,1013.9686737060547,-0.08005877748087356,29.284270996776158
2025-06-11T20:37:50Z,39.984669290796106,-75.1559432176927,19.853163909278454,-12.719889636745426,37.26527441605138,-1.9030469133016936,0.9242469470334663,0.05798256424977205,0.4850032675701047,0.0010000000038192275,0.000999999999299942,0.0010000000006441438,0.0009999999965073197,0.0009999999992629433,0.0010000000041915625,2.886495851136808e-7,2.886497691517573e-7,1.1803938672829115,87.26419986159405,78.54669978054821,0.03235072155619126,0.00019729588701552107,0.00022869753701952754,0.002225512608875267,0.0012029999999999712,0.001202999999999971,0.0012029999999999673,0.0010020300000000005,0.001002029999999995,0.0010020299999999923,0.5729462709018164,8.765968107223815,5.347698949812929,0.012459686344838464,-0.0377851454760953,-0.22638562138058646,11.605859756469727,-18.054779720306396,-26.510599517822264,1013.718505859375,0.49963360687491853,34.10981501054766
2025-06-11T20:37:51Z,39.984686392946195,-75.15600836469447,19.818509427944743,-14.321813532495874,37.73543039798696,-1.807117084105219,0.9447348667473978,5.999143603446619,0.377873326894839,0.0010000000038658747,0.0009999999987686037,0.001000000000702432,0.0009999999966305614,0.0009999999991152698,0.0010000000042319135,3.128768790910898e-7,3.12877095460032e-7,1.1566715594304138,88.29471370225521,78.9803434349555,0.03772386529828028,0.00020507444937017957,0.0002503154937087255,0.0022455413942289748,0.0012039999999999699,0.0012039999999999696,0.0012039999999999668,0.00100204,0.001002039999999994,0.0010020399999999931,0.011700493909324646,9.010887383461698,3.9603713115447277,0.0008544127210045661,-0.3000758180610915,0.221480346665717,5.666289949417115,-18.198129844665527,-28.363169288635255,1013.9387817382812,0.0579976764506853,34.17227939749396
2025-06-11T20:37:52Z,39.98470417378405,-75.15607540070918,19.78852003955495,-15.479050393109599,37.68389208929946,-1.6776044956147615,0.9680123713707313,6.056664644870561,0.29836413360957287,0.0010000000037122974,0.0009999999985206931,0.001000000000929655,0.0009999999968686247,0.000999999999038941,0.001000000004452685,3.3763110102695906e-7,3.376313535088463e-7,1.149661164220185,89.22603396110345,79.44043659399746,0.042571743658650435,0.00019426123281701644,0.00026773290878969954,0.0022498256835132182,0.001204999999999969,0.001204999999999969,0.001204999999999968,0.0010020499999999991,0.0010020499999999944,0.001002049999999993,1.111283886259379,8.797332891967399,4.405823528439673,-0.004245013797545896,-0.028451463555032405,-0.08851710080964859,3.1893367767333984,-21.36733617280659,-27.152062566656817,1013.97998046875,0.11667535119396463,34.69821188462866
2025-06-11T20:37:53Z,39.984718316674254,-75.15614183529313,20.27036746125106,-15.608284817019126,37.027471969440214,-1.2708692104283115,0.9394070101018119,6.10328313556312,0.3877449081471928,0.0010000000040125236,0.00099999999850137,0.0010000000007447916,0.000999999997119778,0.0009999999989703558,0.0010000000046130515,3.832540154907427e-7,3.8325434159933644e-7,1.1549790502871586,90.03830539104406,79.83806025029418,0.04445596359671618,0.00020214498580584052,0.0002676045645223285,0.0022567239796883977,0.0012059999999999695,0.0012059999999999677,0.0012059999999999669,0.0010020599999999986,0.0010020599999999952,0.0010020599999999926,1.016977165799601,8.600008820535232,5.033598401187921,-0.020067927863410804,0.09887981253887528,0.01746521515840921,5.210009932518005,-17.966329860687257,-26.21352939605713,1013.8199920654297,0.23183777740917128,32.20371206285883
2025-06-11T20:37:54Z,39.98473402353792,-75.15622474583196,20.886162334841224,-16.440350401735056,35.70530334225041,-1.9831359029089732,0.8003640312952681,5.985408353080904,0.5597936536744637,0.0010000000038719885,0.000999999998679916,0.0010000000010145108,0.0009999999973824246,0.000999999999086433,0.0010000000048636065,4.078962817187237e-7,4.078966521564635e-7,1.171098089814465,90.56867573464055,80.46055202165253,0.05201873243437624,0.00023486837872428753,0.00025683241796912375,0.002275198326529312,0.0012069999999999702,0.0012069999999999674,0.0012069999999999674,0.0010020699999999984,0.0010020699999999949,0.0010020699999999923,-0.15919314527144507,7.61488829755933,4.954301687120647,-0.11203491428951487,0.05283041491834964,0.208044808610386,5.4088698625564575,-19.046029472351073,-30.70861930847168,1013.6357421875,-0.6984785227462251,36.53796255036482
2025-06-11T20:37:55Z,39.984749249834444,-75.15632313229204,20.71804470073071,-18.296617787767193,35.521533553302355,-2.509320355189175,0.7461925899084461,6.020277296406704,0.5971658789682851,0.0010000000041430457,0.0009999999987647876,0.0010000000008716322,0.0009999999970234617,0.0009999999989737077,0.0010000000049262305,3.888138470463967e-7,3.888141855028549e-7,1.2119164317360014,91.22718870154488,81.38284259853656,0.07230482279810706,0.00023168874808843535,0.00025992045956088627,0.002281000001958853,0.0012079999999999702,0.0012079999999999663,0.0012079999999999663,0.0010020799999999976,0.001002079999999994,0.0010020799999999914,-0.20424527100115783,8.651181005479225,4.611609192727982,-0.056393386414218136,0.04918404434759255,0.008289547788878188,3.547759938240051,-27.115109539031984,-32.16285915374756,1013.7540740966797,0.021138885775260456,42.21683307326686
2025-06-11T20:37:56Z,39.984767005099776,-75.15643717269808,20.312101539893636,-18.990501409447262,36.295299121224325,-2.396534335953257,0.8466816906242776,6.147260346489191,0.7060940872556264,0.0010000000038180008,0.000999999998904207,0.0010000000009567028,0.000999999996740003,0.0009999999992507489,0.0010000000050709296,3.4244636974347185e-7,3.424466344178131e-7,1.2864998343180933,91.9510637280302,82.2406134222012,0.08961174580423752,0.0002244502385549686,0.0002547352776774015,0.0022842254054628005,0.0012089999999999696,0.001208999999999966,0.001208999999999966,0.001002089999999998,0.0010020899999999945,0.0010020899999999917,0.4874208826306755,9.227162455560013,4.282862774352603,0.10950698563055697,0.16508273018021316,-0.009246182189592627,2.258829951286316,-31.38022937774658,-26.24768943786621,1013.8707275390625,0.39969972964251665,40.9726513105099
2025-06-11T20:37:57Z,39.98478458344045,-75.1565714507769,19.381351291612276,-18.244940749349432,36.09055404492936,-4.145009740552348,0.9561926623852737,6.082098338244653,0.6815679856185228,0.0010000000038360474,0.000999999999171532,0.0010000000010270032,0.000999999996387192,0.0009999999993136179,0.0010000000053446828,2.6524615122645673e-7,2.6524631119551387e-7,1.3742856298346071,92.02642458539985,82.9254957595302,0.09485398585990136,0.00021627159768616426,0.0002614842798108703,0.0022954245074070026,0.0012099999999999691,0.0012099999999999652,0.0012099999999999652,0.001002099999999998,0.0010020999999999945,0.001002099999999991,0.009818813457992372,7.363418435097836,3.0416264673461884,0.08954311812249979,-0.062345490975487486,0.04461088204575247,3.642919921875,-23.954699516296387,-21.670249366760252,1013.9436874389648,-1.8177209480460883,32.50684399351312
2025-06-11T20:37:58Z,39.98480426061813,-75.15667990859943,18.57407547398087,-15.527177516417911,35.421257362107475,-3.9752538582345354,0.9564462333442579,6.094535128531197,0.7316069701842,0.001000000004195066,0.000999999999014745,0.0010000000008138017,0.0009999999963759144,0.0009999999992002715,0.0010000000050040332,2.620864942961081e-7,2.6208665183846877e-7,1.4476426818245547,92.00774459990515,83.63427371553277,0.09158816209288737,0.00020672973493048285,0.00026113557006529717,0.002304396150264891,0.0012109999999999684,0.0012109999999999647,0.0012109999999999645,0.001002109999999998,0.0010021099999999944,0.001002109999999991,0.854942067500093,8.520727061272495,4.0603591887046555,-0.011815522031172775,0.04412177221545667,0.03067572730085521,2.879809927940369,-22.21253957748413,-24.20357961654663,1013.8003692626953,-0.307172072072115,32.97726705761754
2025-06-11T20:37:59Z,39.984825121037495,-75.15678016456896,17.943631850730554,-13.4169638093853,33.686424855134895,-4.0787051969494375,0.8944164972995798,5.985714393090963,0.8947087392567958,0.0010000000043916533,0.0009999999990944527,0.0010000000010982886,0.0009999999964793278,0.0009999999993340802,0.0010000000050865141,2.872422339011137e-7,2.872424247623925e-7,1.49803221949254,91.44796615653675,84.58158890708224,0.09125183918808503,0.000213932680362978,0.00025572425193614255,0.0023197474107204056,0.0012119999999999672,0.0012119999999999655,0.0012119999999999633,0.0010021199999999978,0.0010021199999999944,0.001002119999999991,-0.03562614641013036,8.26225417310098,4.416930680885097,-0.04556251882585571,0.06015480344822507,0.19707404987013613,5.085569930076599,-22.112499618530272,-25.312559509277342,1013.8824920654297,-0.4154513794690938,33.993350576542106
2025-06-11T20:38:00Z,39.98483974732705,-75.15689654000073,18.557116784604332,-9.725640637429155,32.26969502364187,-3.040102706365201,0.9453025922842155,6.180991785502994,0.9125327090247072,0.0010000000045032249,0.000999999998737938,0.001000000000744069,0.000999999996538866,0.0009999999994737918,0.0010000000047092777,2.885255102071756e-7,2.885257048009924e-7,1.5273258812606958,90.7637180094936,85.37652978508306,0.08679010661987255,0.00018494981533881714,0.0002601406266858284,0.0023219408062737376,0.0012129999999999676,0.0012129999999999645,0.0012129999999999635,0.001002129999999997,0.0010021299999999934,0.0010021299999999898,0.4206376237527323,8.871563600541066,4.9764780377734645,0.027678024004940217,0.1310138361311657,-0.1333635697415672,4.1961899399757385,-20.1373197555542,-24.268849754333495,1013.6063842773438,0.3965955367989458,31.81341698044735
2025-06-11T20:38:01Z,39.98485348034199,-75.15702595113281,19.233910996447484,-6.607097222340146,31.809462700428476,-2.80330629681955,0.9539740915737613,6.186756338073818,0.7986785565980933,0.0010000000041882559,0.0009999999986786087,0.0010000000007190253,0.0009999999961586754,0.0009999999996967155,0.0010000000049050898,2.6307100667192337e-7,2.630711703589541e-7,1.5360720605120366,90.20333628018626,86.17452203560035,0.07985536529213441,0.00017306421639492122,0.00026586091793228393,0.0023309297249636696,0.0012139999999999662,0.0012139999999999653,0.0012139999999999645,0.0010021399999999973,0.0010021399999999936,0.00100213999999999,-0.10363269767615506,8.481338666917155,4.290505547612161,-0.023899118225354364,-0.09443923071812367,-0.05958510656287572,8.125809860229491,-21.304249668121336,-24.909349536895753,1013.7109069824219,-0.2786712882449816,33.76939606324027
2025-06-11T20:38:02Z,39.98487006272712,-75.15713952770604,20.13832880634853,-3.5570184437540435,31.552896035282416,-2.066825372942965,0.9819041697844653,6.113457972359683,0.7936829489116695,0.0010000000039062796,0.0009999999988749432,0.0010000000005514138,0.0009999999959364762,0.000999999999884043,0.0010000000046105383,2.619930380551293e-7,2.6199320245616875e-7,1.5260779575708565,89.75240959880409,87.05397753452975,0.07106878882249187,0.00017169276363299162,0.00026757948230201386,0.0023404822756959128,0.001214999999999965,0.001214999999999965,0.001214999999999965,0.0010021499999999968,0.0010021499999999933,0.0010021499999999899,0.4029729043799479,8.775279234887492,4.786037950753447,0.010098160161985614,-0.05098336476243502,0.0697691025871161,5.956649851799011,-21.850199508666993,-25.926219272613526,1013.6747817993164,0.21968591077753033,34.42496552867641
2025-06-11T20:38:03Z,39.98488989807543,-75.15722720177585,20.940595642633088,-1.0167329630126742,31.37631647673843,-2.001266340667082,0.9806133305691311,6.1579660976324,0.8723417571368619,0.0010000000039789155,0.0009999999987300352,0.001000000000878361,0.000999999996066551,0.0010000000000300196,0.0010000000049000706,2.87237395039263e-7,2.8723759504610377e-7,1.5000783747094029,89.21750365808681,87.8331225358984,0.06220714212649599,0.00016459208281100385,0.00027211770232902485,0.0023495284479904542,0.001215999999999966,0.001215999999999966,0.001215999999999966,0.0010021599999999963,0.0010021599999999926,0.0010021599999999891,0.5785726353263535,8.231484984399014,4.571203236817762,-0.003408987582322975,0.08554534604877648,0.016340045229985355,6.83809986114502,-21.04499969482422,-24.223709678649904,1013.7122039794922,-0.35064910855071296,32.809090297338386
2025-06-11T20:38:04Z,39.98489793318445,-75.15735371670556,21.306564339330656,0.9238962737019001,31.29282180217432,-1.5360053541831906,1.0125945242304797,6.2138134733782895,0.9165657900111447,0.0010000000037937262,0.0009999999987140727,0.001000000001017861,0.0009999999958525817,0.0009999999998103943,0.0010000000053584656,2.3617214579462845e-7,2.3617228234521285e-7,1.4616913174612418,88.6677197948508,88.49775811617036,0.05322714312364775,0.00016020936546427885,0.00027713665270740205,0.0023592359797154883,0.0012169999999999657,0.0012169999999999657,0.0012169999999999655,0.001002169999999996,0.0010021699999999915,0.001002169999999988,0.4380010938363363,8.6013596014308,4.957245572588814,0.026360701006114037,0.06416256759638687,-0.016182532054848424,5.0642199397087095,-24.095609378814697,-22.09968957901001,1013.86181640625,0.15329555431475317,33.085308523517774
2025-06-11T20:38:05Z,39.98492204623799,-75.15742807348097,21.68138537239088,3.6966919794333046,30.941393969654257,-1.1336310195256474,1.062052181332546,6.2249067650826415,0.9857390189704008,0.0010000000038927683,0.0009999999988833594,0.0010000000012285169,0.0009999999960506637,0.0009999999999961051,0.0010000000049249197,2.8587827720782743e-7,2.8587847944995195e-7,1.4084536071148106,88.18104124155494,88.93197074582058,0.04124706376758074,0.00015820763173801997,0.0002841500080605354,0.002369109804657003,0.0012179999999999648,0.0012179999999999646,0.001217999999999965,0.0010021799999999968,0.0010021799999999923,0.0010021799999999888,0.6213989199809046,8.112878512383794,5.777054181112821,0.04635621123523753,0.06282692256030027,0.030807292992478592,4.7945999026298525,-23.7704797744751,-27.114499378204346,1013.9268188476562,0.19499945943492855,36.376039992126735
2025-06-11T20:38:06Z,39.984950931541455,-75.15749324682427,22.86747527549419,7.110215224937015,30.968716259045404,-0.606672681210934,1.0732423624463565,0.1155577432882826,0.7807557813735112,0.0010000000037396924,0.0009999999985426712,0.00100000000156605,0.0009999999960959816,0.0010000000001199791,0.0010000000045441398,3.3581784196616935e-7,3.358181230094067e-7,1.3415114992753419,87.80519238870984,89.32439894274196,0.03188090581748483,0.00017588174033715073,0.0002758349932502095,0.002387578730739518,0.0012189999999999643,0.0012189999999999643,0.0012189999999999643,0.0010021899999999966,0.001002189999999993,0.0010021899999999894,0.09034626015631499,8.356282710076494,5.616534226177894,0.00935289985988342,-0.10221493989135676,-0.25000002778068936,6.986329877376557,-19.93784980773926,-19.706049537658693,1013.6285095214844,0.2848652645821934,28.89034647536926
2025-06-11T20:38:07Z,39.984976780874554,-75.15756975036663,23.943915703203277,11.360720055449592,31.843910076562803,-0.41759941663302214,0.9368380908950686,0.2762912134809419,0.6976807596954692,0.001000000003695999,0.0009999999983170713,0.0010000000011098184,0.0009999999957249401,0.001000000000142066,0.0010000000048757554,3.616129766662551e-7,3.6161330449168837e-7,1.2626204075467418,87.76053631480251,89.39953820033098,0.02242557977852886,0.0002027258583723453,0.0002712686699819116,0.002415084023369695,0.001219999999999963,0.001219999999999963,0.001219999999999963,0.0010021999999999974,0.0010021999999999941,0.0010021999999999904,0.1765450214706217,7.788374320210483,6.360270502208097,-0.12629815397766242,0.013552182820505616,-0.1772591000691794,10.604239892959594,-23.373979568481445,-22.022219562530516,1013.6216430664062,0.27291613533343473,33.8196326156659
2025-06-11T20:38:08Z,39.985000466406795,-75.15764908673913,24.7566249685032,14.473712733723982,33.805946264189224,-0.35456519400897657,0.9796545273205088,0.1640036985235456,0.8635031935347505,0.0010000000038080253,0.000999999998389212,0.0010000000012945528,0.0009999999959225364,0.001000000000178681,0.001000000004410902,3.6347702685817115e-7,3.6347735928293497e-7,1.1777217650655878,88.1454790158972,89.70952469894414,0.018798466676313196,0.0001827267271119959,0.00029445958237299093,0.0024107080029238176,0.0012209999999999637,0.0012209999999999639,0.0012209999999999617,0.0010022099999999977,0.0010022099999999943,0.0010022099999999908,0.2578468715977217,8.195022033693089,5.771914087771259,0.0032534072809762495,0.06621599277793189,0.1902459485184072,5.39178991317749,-17.54298973083496,-26.480099391937255,1013.6298065185547,0.24263411220080025,32.21832218693629
2025-06-11T20:38:09Z,39.98502384930867,-75.15771566621126,25.308966071747605,16.795923594896376,35.330882026577974,-0.2783055117077858,0.942686070197557,0.18374284625561907,0.755784910952851,0.0010000000041037905,0.0009999999986158342,0.0010000000016913658,0.0009999999962321368,0.0009999999998824354,0.0010000000046669242,3.636097268768745e-7,3.6361006075299997e-7,1.099787229873038,88.57171917108518,90.20301217024397,0.01909371983557298,0.00020299863090687554,0.00029196300270945653,0.002422542622101715,0.001221999999999964,0.0012219999999999642,0.0012219999999999612,0.0010022199999999968,0.0010022199999999933,0.0010022199999999916,0.23099814655437242,8.161750101091087,5.75313459539284,-0.020667428797690058,-0.07734566393698734,-0.0755945047631265,5.6723899126052855,-19.129599475860594,-21.162729454040527,1013.6667327880859,0.20377623445685603,29.085662319176937
2025-06-11T20:38:10Z,39.985044795399574,-75.15777105398787,25.61815080662807,17.41507290948546,36.56344494161229,-0.6304600811850257,0.9214888909300655,6.275711583366626,0.7534803455800977,0.0010000000042156675,0.0009999999986009833,0.001000000001334767,0.0009999999963721052,0.0009999999995573196,0.0010000000044223267,3.636191649510224e-7,3.636195005292241e-7,1.039347675593148,89.02209667095543,91.07934400213225,0.020227189364765485,0.00020482770009473,0.0003012038659460309,0.0024208404292834027,0.0012229999999999637,0.0012229999999999637,0.0012229999999999607,0.0010022299999999965,0.0010022299999999928,0.001002229999999992,-0.10549942071401178,8.088315414430095,4.805363683937289,-0.02316634601864785,-0.11793896211317202,0.15505026075061087,10.909239745140075,-14.782739686965943,-23.813789558410644,1013.6507873535156,-0.3759833894670612,30.077141291241144
2025-06-11T20:38:11Z,39.98507311684881,-75.15778920470099,25.700448878589725,17.44578408013544,38.436512222170045,-0.9938401769960307,0.9020221773821052,0.08716539460425692,0.5910807482875334,0.0010000000038324181,0.0009999999988985796,0.001000000001261913,0.0009999999964561462,0.0009999999992319297,0.0010000000047829403,4.261179237220822e-7,4.261183884929729e-7,1.0009822711812713,89.80134237764845,92.15304949373873,0.024050569414993096,0.0002357423839138326,0.0002901101006118261,0.002434592334791467,0.0012239999999999636,0.0012239999999999636,0.001223999999999961,0.0010022399999999967,0.001002239999999993,0.0010022399999999921,0.24526609142448144,8.62027342224261,4.135447298525429,-0.01561213575313293,-0.07138356498770847,-0.17567947676055917,3.9778099060058594,-21.94108943939209,-23.76864938735962,1013.5557250976562,-0.22085010753713144,32.591099504453716
2025-06-11T20:38:12Z,39.985079523062794,-75.15783337548153,25.336611934872405,19.608654516449157,37.355014390878324,-0.6274194442297885,0.9384799908767364,0.018697236648910667,0.5115886639174744,0.0010000000040572986,0.0009999999990241194,0.0010000000008965858,0.0009999999967651172,0.0009999999991653036,0.0010000000051411718,4.320345062197269e-7,4.320349877782609e-7,0.9754984500820985,89.80021351559348,92.68627315852463,0.021844847674853785,0.00025334147137697047,0.0002885405354769604,0.002441126401587785,0.001224999999999963,0.0012249999999999633,0.0012249999999999603,0.0010022499999999962,0.0010022499999999919,0.0010022499999999919,0.5380956617853465,7.0128437986384915,7.5500390758501785,0.03939321376830821,-0.10489372035784209,0.006296074828937983,4.329169929027557,-20.09583959579468,-27.42437925338745,1013.8180999755859,0.5337704795596838,34.273569758156924
2025-06-11T20:38:13Z,39.98508210856475,-75.15786855842907,25.535615490199604,16.15866201348454,36.26088252529608,-0.5315445997709041,0.8228633622958466,5.93858230075027,1.3975270596223082,0.0010000000040584845,0.0009999999987101952,0.00100000000086738,0.0009999999966772842,0.0009999999990965003,0.0010000000048505367,4.325759399266467e-7,4.325764279330717e-7,0.9553040337953047,89.94634717413983,94.70888275810299,0.01710432358626415,0.00023713898131702308,0.00034756672079112427,0.00246631350312819,0.0012259999999999639,0.0012259999999999639,0.00122599999999996,0.0010022599999999966,0.0010022599999999914,0.0010022599999999914,-0.2422195634137434,8.861833499909423,4.434587835310993,0.05178849567757205,0.6757638576666495,1.195512084253089,-0.21959999517390602,-20.99748370521947,-29.922746758711966,1013.6106567382812,0.12780111973050673,36.55556884436713
2025-06-11T20:38:14Z,39.98505431776791,-75.15792553532691,25.50768976123667,12.92486663382606,34.409663785073285,-1.4170489721358075,0.855186874252307,5.9768498020641045,1.3003201222082235,0.001000000004186228,0.0009999999989503227,0.0010000000006704045,0.0009999999964901364,0.0009999999992278867,0.0010000000048227405,3.683477796768142e-7,3.6834814034872576e-7,0.9372970171097617,89.8695525855906,96.72898472396437,0.020106657588618897,0.00023413971028933022,0.00036100167548206954,0.0024704310074782033,0.0012269999999999649,0.0012269999999999649,0.001226999999999961,0.0010022699999999956,0.0010022699999999922,0.0010022699999999922,0.6028550761487728,9.086267398835519,3.504762219428149,-0.00043126903048925995,-0.04045226797278023,-0.09160556833186018,5.346649885177612,-22.330879497528077,-25.838989543914796,1013.5130004882812,-0.026980099913814466,34.56739388771623
2025-06-11T20:38:15Z,39.985061917629025,-75.15791405448695,24.992875113113655,9.97618117167329,31.41338689181016,-1.417883349139911,1.0960694986495285,5.814316692985513,0.99017972553379,0.0010000000044541697,0.0009999999991185577,0.0010000000005039023,0.0009999999967303848,0.0009999999994707548,0.0010000000048119393,4.818512110723664e-7,4.818518438245682e-7,0.925043430192445,89.47876519578251,98.96926639128877,0.03452034540949586,0.00027673240621861665,0.00036920188911496686,0.002505592993221644,0.0012279999999999641,0.0012279999999999644,0.0012279999999999602,0.001002279999999996,0.0010022799999999923,0.0010022799999999921,-0.10036310053290326,9.95513808632002,4.064758545509801,0.12380352819316895,-0.34052815979641954,-0.028606344879771005,7.579859805107117,-21.595219612121582,-24.268239498138428,1013.5888366699219,0.9694559790876098,33.35793535468135
2025-06-11T20:38:16Z,39.985057989262515,-75.15795627758536,24.130675468083208,7.746547056258093,28.492215588764726,-2.7505509249731417,1.0337111983884844,5.786657778491047,1.1175005805931153,0.001000000004352412,0.0009999999990711525,0.0010000000003968215,0.0009999999965422314,0.0009999999991835598,0.001000000004763672,5.305319783842983e-7,5.305327647757138e-7,0.9420575847999946,88.85768347054737,101.12228515503196,0.06347361347803092,0.0002858744968447988,0.0003826316503454902,0.002519179828247458,0.001228999999999963,0.0012289999999999638,0.001228999999999959,0.0010022899999999966,0.0010022899999999912,0.0010022899999999912,-0.2324786880898172,9.072575587500591,3.234877641609233,-0.00733181498524665,0.08679772084724925,0.08285490844476334,5.0953298807144165,-20.68448963165283,-25.111259555816652,1013.5189514160156,-0.14881537001618497,32.92996379909964
2025-06-11T20:38:17Z,39.985055609232774,-75.15803990934538,22.39179653740809,6.27211674338433,26.16920762550859,-3.1867877106206195,0.8900232244324744,5.690914795546502,1.4142110548885036,0.001000000004252139,0.0009999999991550433,0.0010000000002884635,0.0009999999963030684,0.0009999999991646082,0.001000000004703389,5.189078404869761e-7,5.189086119388735e-7,1.0217226962633692,88.07849997081601,103.18540186539454,0.10133279685955764,0.00033624353361737036,0.00037954379428010803,0.0025588718746640694,0.0012299999999999633,0.0012299999999999644,0.0012299999999999592,0.0010022999999999963,0.00100229999999999,0.0010022999999999918,1.2310038365156637,9.351365231514906,3.954434510111412,0.005566633846343257,0.1577475176908789,0.23571610587731476,6.796009826660156,-20.366069793701172,-25.313169384002684,1013.7722516741071,0.44408995064959056,33.192103390800135
2025-06-11T20:38:18Z,39.98505221151188,-75.15815114086537,20.739935563076447,6.921922651613343,23.995673545218118,-5.081715889076146,0.7117718880993735,5.458125371256106,1.6890482282717905,0.0010000000044346235,0.0009999999992439147,0.0010000000004482573,0.0009999999963327987,0.0009999999991137287,0.0010000000046898926,4.4018087239353696e-7,4.4018144088417767e-7,1.1910506445474651,86.46099430401445,104.74544803010527,0.16552215109152593,0.000552307454980893,0.0003518749406940494,0.002738905210686401,0.0012309999999999641,0.0012309999999999643,0.0012309999999999593,0.0010023099999999958,0.0010023099999999906,0.0010023099999999915,0.5533212890582478,8.75236976051415,3.960285273730466,-0.011893319007968944,-0.011335412923342537,0.34241350942379767,1.5243899652734398,-21.230439758300783,-22.42115983963013,1013.5172119140625,-0.1605345802719111,30.915378233289562
2025-06-11T20:38:19Z,39.985061329458006,-75.15822810185279,17.983740917617194,9.745263932011385,22.520706873170482,-7.4947040591263985,0.8965843453179997,5.350072373899359,1.451907620525998,0.0010000000044609874,0.0009999999991297766,0.0010000000004274801,0.0009999999964528643,0.000999999998927898,0.00100000000495744,4.333163363691544e-7,4.333168986855706e-7,1.4574284801949207,84.30512596441015,105.23289585450507,0.24554011208219706,0.0006562350002356793,0.00035688911582804105,0.002851823596470782,0.0012319999999999638,0.0012319999999999638,0.00123199999999996,0.0010023199999999964,0.0010023199999999895,0.001002319999999992,0.16092658110078273,8.817626785279076,4.854074338707625,-0.015826137685275056,-0.1863804439297396,0.005385940308649342,7.372459793090821,-20.484409523010253,-25.943909645080566,1013.7228240966797,0.28375739212748435,33.8680854326055
2025-06-11T20:38:20Z,39.985087097702966,-75.15828096972002,15.166203284164443,14.31123340207527,25.100673062008397,-9.797192103994458,0.911214337801667,5.272470927131288,1.4619465094196504,0.0010000000044312527,0.0009999999988393297,0.001000000000183295,0.0009999999968556116,0.000999999998695243,0.0010000000045460667,4.5243357677965326e-7,4.524341970331088e-7,1.768199014559605,82.27983045066598,104.83971498885813,0.306853015506066,0.0008633582672989322,0.00032457824745262985,0.003051905288525643,0.0012329999999999624,0.0012329999999999626,0.0012329999999999594,0.0010023299999999962,0.0010023299999999892,0.0010023299999999927,0.09959388204962952,8.675796483994402,4.383441699739118,0.0037005653416818914,-0.04713714497429209,0.1208591201091378,6.4385498523712155,-21.559839534759522,-25.771889400482177,1013.7450256347656,-0.062470236737788475,34.21210925450637
2025-06-11T20:38:21Z,39.98510016049164,-75.15837954645215,13.21926710316554,20.553630870118873,30.86776429733222,-10.524828399149992,0.9065591485188049,5.380979110918358,1.4755833001459058,0.001000000004419272,0.0009999999983682133,0.0009999999998203143,0.000999999996817143,0.0009999999990368263,0.0010000000047689684,3.696472172717647e-7,3.696476328001272e-7,2.019346558818971,80.78223799776325,103.51328104239435,0.3195062965074526,0.0006524484182607878,0.0002906715750101266,0.0028807077664119106,0.0012339999999999626,0.0012339999999999626,0.0012339999999999584,0.0010023399999999965,0.0010023399999999896,0.001002339999999993,0.6978936606750283,8.108123754502504,5.427770050406273,-0.01638904006278491,0.06852505624052224,-0.010825803338206656,4.587199950218201,-22.833519554138185,-25.609019374847414,1013.7720336914062,-0.0019013741035419532,34.615464498706075
2025-06-11T20:38:22Z,39.98514194923333,-75.15842414128268,12.418047575999772,25.999189770138948,37.474080355489264,-10.34978811883722,1.04403000498867,5.439065127505446,1.340431326663886,0.0010000000045350705,0.0009999999985938687,0.0009999999996489388,0.0009999999965010873,0.0009999999988380376,0.0010000000046390173,4.0670484706194936e-7,4.0670535021098907e-7,2.1542891327601046,79.94518437822391,101.99966011197064,0.3041238561408071,0.0006544751181241212,0.000240420940745728,0.0028816331910028296,0.0012349999999999636,0.0012349999999999636,0.0012349999999999586,0.0010023499999999956,0.0010023499999999884,0.0010023499999999921,0.4878997219458732,8.046233653070173,5.824362050533475,0.013450038209902074,-0.04735495461227644,-0.02607285029172956,7.409669876098633,-21.565329456329344,-25.553509330749513,1013.7982788085938,0.160157793786051,34.24828476114038
2025-06-11T20:38:23Z,39.98517025690456,-75.15850092427877,12.321888879233526,29.082904101990046,44.01170829341581,-11.03575295829841,0.725737708863375,5.361537413218234,1.774673112239833,0.0010000000044655423,0.0009999999989180413,0.000999999999474047,0.000999999996992038,0.0009999999990019592,0.0010000000049230676,3.88722925199463e-7,3.887233836224296e-7,2.1962354164138755,79.60582179164173,100.80810786816936,0.2812685269069405,0.0005659634694503371,0.00030728296316899864,0.0028833678712321576,0.001235999999999963,0.001235999999999963,0.0012359999999999583,0.0010023599999999942,0.001002359999999989,0.0010023599999999925,0.06497896441363778,7.779164170266604,4.82527293393051,-0.0009583645688771071,0.16101834529754483,0.31100840882493075,3.6118099331855773,-22.40712947845459,-27.127919483184815,1013.7128295898438,-0.63129637110069,35.37011523782572
2025-06-11T20:38:24Z,39.98518672651212,-75.15858878290163,11.35330146437256,30.535918496577814,48.5191048767301,-11.887335824377315,0.8258259070935051,5.37618643391298,1.6853411621688612,0.0010000000048045474,0.000999999998973561,0.0009999999997853477,0.0009999999971590972,0.0009999999991362188,0.001000000004778623,3.6538108004980475e-7,3.653814845253083e-7,2.1878459430010704,79.71461480416485,99.7756567749461,0.26747452530902877,0.0006055544021358849,0.0002834825601434244,0.0029214510386207835,0.0012369999999999623,0.0012369999999999623,0.0012369999999999575,0.0010023699999999938,0.0010023699999999894,0.001002369999999993,0.09007693396062141,7.966753577233443,5.251620398998787,0.00996326419511322,-0.03874857320140892,0.00857183162189451,10.38890974521637,-20.677169513702392,-22.182039642333983,1013.8471069335938,-0.24390180399526595,32.05486573975136
2025-06-11T20:38:25Z,39.98520181255223,-75.15866008873012,10.899716954312378,30.77299652510806,53.69006527657885,-10.926128832123508,1.1299753918701017,5.701507864544251,1.262525036793856,0.0010000000047992808,0.0009999999993251223,0.0009999999998648406,0.0009999999971031569,0.0009999999988224433,0.0010000000050799478,3.63744981793248e-7,3.637453824479601e-7,2.154253537466125,80.22453546083983,98.90107507070337,0.2461045754972362,0.0005257559799040016,0.00015650564094712782,0.002766683592659454,0.001237999999999962,0.001237999999999962,0.001237999999999957,0.0010023799999999926,0.001002379999999989,0.0010023799999999924,0.5675069333830299,7.901410531045033,5.69304381513617,0.0062161372779406575,-0.10788059693115996,-0.40624446070672104,7.276079821586609,-19.742039299011232,-27.202949428558348,1013.7789154052734,-0.031672970634356215,34.3902082605098
2025-06-11T20:38:26Z,39.98520283350546,-75.15874117298229,12.070294151656592,31.26337072834548,56.51503268177743,-7.676364989029971,1.1958963837783905,5.644476770557279,1.2982597725091396,0.0010000000050628514,0.0009999999990349501,0.0010000000001551138,0.0009999999968824042,0.000999999998693459,0.0010000000050414775,3.409011836222107e-7,3.4090153407318136e-7,2.1176210008222776,81.20040940129323,97.52450615642914,0.2576869735498024,0.0006166395988547626,0.00014167560593173379,0.002864183946195933,0.0012389999999999608,0.0012389999999999608,0.001238999999999957,0.0010023899999999923,0.0010023899999999889,0.0010023899999999923,0.3173427881401468,9.527417795897206,8.253440626502172,0.09868943996644622,-0.0245727694223035,0.11044210267304014,4.26328991651535,-20.28127956390381,-22.81643943786621,1013.6698913574219,2.8218878659341917,30.823574179881167
2025-06-11T20:38:27Z,39.98523066944392,-75.15876934297148,14.832981152128294,29.52071595341036,57.62179615955153,-5.917519385731852,0.84177406150034,5.496312177640001,1.977788337581037,0.0010000000048470026,0.0009999999989207726,0.0010000000000954048,0.0009999999970717335,0.000999999998761405,0.0010000000051898043,3.8352198752989623e-7,3.8352242782242876e-7,2.1052655941835843,82.44736463931446,96.46340985169289,0.27323151348617425,0.0004262907380327876,0.0003278490984521018,0.0028490708621664337,0.0012399999999999597,0.0012399999999999597,0.0012399999999999558,0.0010023999999999923,0.0010023999999999888,0.0010023999999999923,0.21320622728258726,9.72521619701482,6.5476392050979975,0.11648060945821916,0.36293619506262687,0.47815187384429086,1.808649969100952,-22.72066946029663,-28.964629650115967,1013.4846343994141,1.9384765259134948,36.85710337826717
2025-06-11T20:38:28Z,39.985243504721545,-75.15881554495878,16.393996722543175,26.471409460860013,57.496315019167035,-6.077080297540608,0.9927630507196762,5.705473537542757,1.6901667821009623,0.0010000000049091185,0.0009999999992503724,0.0010000000001486379,0.000999999997402697,0.000999999998770606,0.0010000000047367765,4.079195666834664e-7,4.079200613785231e-7,2.105766053475982,83.64381194033872,95.70723779211488,0.2594418158620335,0.0004788955544046486,0.0001998093532238849,0.00281798178745945,0.0012409999999999585,0.0012409999999999585,0.0012409999999999546,0.0010024099999999918,0.0010024099999999883,0.0010024099999999918,-0.3183813596416306,8.745744513512737,4.641600229382419,-0.02917674153191575,-0.0868467160246056,-0.2778678371846419,5.852339887619019,-24.09682950973511,-23.359339332580568,1013.6813354492188,0.11886772221274422,34.067027383440276
2025-06-11T20:38:29Z,39.985217232926786,-75.15893814963376,17.311116024832828,22.062650358243893,57.89635695993102,-5.628516837543494,1.0045055277547408,5.828150603020313,1.6013949086670218,0.001000000004757312,0.0009999999995495925,0.001000000000470694,0.0009999999971981647,0.0009999999989588333,0.0010000000045055403,3.435960489781206e-7,3.435963987812373e-7,2.083835134293632,84.75038511481306,95.48847544385796,0.21351377440682978,0.00046767987475371725,0.00014863710038684453,0.002781930552472875,0.0012419999999999586,0.0012419999999999586,0.0012419999999999547,0.0010024199999999913,0.0010024199999999876,0.0010024199999999913,-0.008732516904614025,8.816740058899676,4.013099863916487,-0.0179778234997868,-0.030514883189629704,-0.12367266195741113,8.116659832000732,-22.985409641265868,-22.552919483184816,1013.7104644775391,-0.10030222268632001,33.20903541984522
2025-06-11T20:38:30Z,39.98523164645335,-75.15897441134493,18.10670976462694,19.514175185989263,60.98902301002466,-3.8838525993322426,1.0338982220581066,6.228128780584164,2.0404543887368227,0.0010000000044942017,0.0009999999999895984,0.0010000000006961595,0.0009999999973775602,0.0009999999987165475,0.0010000000045324866,3.837421238265043e-7,3.837425592583102e-7,2.0157660311351098,85.32685624669405,94.83079521780093,0.1585975493384749,0.0002524800428757819,0.0002583244266308168,0.0026745099851113517,0.0012429999999999588,0.0012429999999999588,0.0012429999999999549,0.0010024299999999901,0.0010024299999999867,0.0010024299999999904,1.5597314653647056,8.242950963020775,5.348406009912019,0.1710323383836154,0.6162786533842962,-0.10222576320295945,6.45989990234375,-25.914629459381104,-22.209489631652833,1013.8050689697266,0.16130170167935381,34.73551834646362
2025-06-11T20:38:31Z,39.985232396851686,-75.1590423838142,18.962285172344437,19.09609195960666,61.76625221042819,-2.541049941956621,1.2474887137253194,6.030194022491312,1.5705950319020652,0.0010000000042440238,0.001000000000221765,0.0010000000008139904,0.0009999999970607067,0.0009999999985772616,0.0010000000049539984,3.8694847822815515e-7,3.869489174462736e-7,1.9270145583855434,86.13400597858534,93.73401940374876,0.13804640750880098,0.00040748518772094867,0.00011823786572171266,0.002726368180557287,0.0012439999999999582,0.0012439999999999582,0.0012439999999999541,0.0010024399999999912,0.0010024399999999877,0.001002439999999991,-0.5372226238519192,8.792641006946575,5.564894147753019,0.1637462549179939,-0.5758261794435064,-0.0014205115417639874,11.93281979560852,-12.92284984588623,-23.355679416656493,1013.9435424804688,0.6316676093194837,29.238280269205166
2025-06-11T20:38:32Z,39.98523733478217,-75.15913362130986,20.493668423572537,19.929970057526496,62.6761477186916,-1.9015250534391048,1.1833014107555442,6.126386902633028,1.6002753600524133,0.0010000000044877437,0.0010000000003432216,0.001000000000701635,0.0009999999972593499,0.0009999999984762835,0.0010000000045545662,3.652581148862196e-7,3.6525850084640057e-7,1.853213695163699,86.83509073738249,92.27718970107361,0.13452316924863783,0.00038242881560511863,0.00011745553502563562,0.002712324802887264,0.0012449999999999573,0.001244999999999959,0.0012449999999999534,0.001002449999999992,0.0010024499999999885,0.0010024499999999911,0.48438323295809604,7.919344686507957,6.515710311173579,-0.04292703809528047,0.04803159410602192,-0.06894543352939121,-6.017649906128645,-6.040219867229462,-32.6722092628479,1013.7773132324219,0.4786849493363597,33.76634716916649
2025-06-11T20:38:33Z,39.98527597558879,-75.15916689792364,21.989353834070744,20.465853149630313,64.88313217491498,-1.1567923949283245,1.167525394190095,0.14159114419761878,1.4551511781528774,0.0010000000044289555,0.0010000000000884844,0.001000000000624337,0.000999999997666849,0.000999999998241279,0.0010000000049658405,4.06316939704202e-7,4.063174091537886e-7,1.793760978547936,87.15450804559137,91.07959757420339,0.12397953497531965,0.0003801281787282857,0.00010538467046464383,0.0026984509657606037,0.0012459999999999566,0.0012459999999999596,0.0012459999999999527,0.0010024599999999924,0.0010024599999999889,0.0010024599999999915,0.5065101951713189,7.961623187473499,6.388108975727651,-0.0009766843366038514,-0.028579698616977695,-0.3348699892208822,9.166469860076905,-24.96180953979492,-20.51368942260742,1013.7303009033203,0.43186365651480013,33.58458208688531
2025-06-11T20:38:34Z,39.98528910699581,-75.1592303959352,22.864283452632137,21.53205752731823,67.27871022375675,-1.2828047798848918,1.1800452567555442,0.05029478554011065,1.6619590961481412,0.0010000000042423892,0.001000000000207596,0.0010000000004918952,0.000999999997973894,0.000999999997926385,0.0010000000046907782,3.8869327784503834e-7,3.8869370034450735e-7,1.74083197502402,87.18505321798807,89.9514055516609,0.11639333954663353,0.00034442268952239794,0.00012212457717043068,0.0027083272465807675,0.0012469999999999573,0.0012469999999999604,0.0012469999999999537,0.0010024699999999914,0.001002469999999988,0.0010024699999999914,0.2906324740231451,7.4768887987135955,6.2264719715112165,0.0048330297022305966,0.15315437258955872,0.17206404895583907,9.243329858779907,-23.221479606628417,-24.779419326782225,1013.8252868652344,-0.054298084665976534,35.19506095915732
2025-06-11T20:38:35Z,39.9853392360945,-75.15917913024782,23.937893521552123,21.799498980902673,69.15419131182135,-0.9112708526730389,1.1231762344587413,6.280525108041797,1.7137516879052528,0.0010000000041710652,0.0009999999999817542,0.0010000000005809628,0.0009999999978715511,0.0009999999977468685,0.001000000004412183,4.843499730634055e-7,4.843506186158826e-7,1.696604691718066,87.26135239229436,89.04873594867563,0.10944223644921083,0.00032509977869533323,0.00012814643251205088,0.002719705904896939,0.0012479999999999564,0.0012479999999999603,0.0012479999999999525,0.0010024799999999918,0.0010024799999999883,0.0010024799999999918,0.11141150945000793,7.903049158096106,6.1488512268061495,-0.04565577951429828,0.020204584088154624,0.07562877924271232,4.603059864044189,-18.70686960220337,-23.49475975036621,1013.6568450927734,0.22505374330433922,30.38314970105758
2025-06-11T20:38:36Z,39.98535527588385,-75.1591900197463,24.669486908310496,22.35481550251127,70.45009166368982,-0.7721061247194508,1.1438884873617816,0.004395491922662309,1.767055808115939,0.0010000000042832088,0.0009999999999297045,0.0010000000010108529,0.0009999999981545197,0.0009999999979812624,0.00100000000427282,4.954868621558832e-7,4.95487528747453e-7,1.6609816534533848,87.2489713148366,88.24096882816387,0.1034339944478391,0.0003059278410860391,0.00013479326842441087,0.002728380377120206,0.001248999999999956,0.00124899999999996,0.0012489999999999518,0.0010024899999999922,0.0010024899999999887,0.0010024899999999922,0.05638976331941909,7.764851378440875,6.097476934432402,0.030141969418186112,0.04708981521280411,0.020276195954077342,3.706359899044037,-18.259739875793457,-28.17955951690674,1013.7110137939453,0.08389705655495742,33.78223428944097
2025-06-11T20:38:37Z,39.98538059191208,-75.15917524036475,25.47363856704359,21.328570226670646,71.9362422826094,-0.6364254965617849,1.1218654113898208,0.1359151182037439,1.6686505395604678,0.0010000000044946532,0.0010000000000454836,0.001000000001252829,0.0009999999980680203,0.0009999999983433207,0.001000000004533449,5.322694172155017e-7,5.322701784712192e-7,1.621557116045294,87.09936862570677,87.91515734511542,0.08542886945516769,0.000301083029991012,0.0001335200872667953,0.0027377332967018528,0.0012499999999999569,0.001249999999999961,0.0012499999999999519,0.0010024999999999912,0.0010024999999999878,0.0010024999999999912,-0.0512969409381962,8.426021360397408,4.746889006136837,-0.005487394679354859,-0.036578569794034,-0.15860339573452983,5.252099895477295,-19.535859680175783,-26.695429420471193,1013.6197662353516,-0.11798638823113969,33.494431221729954
2025-06-11T20:38:38Z,39.98535614916732,-75.15923870556348,25.74947447310225,21.00026074156057,73.27718114777682,-0.5634033575468486,1.1172046679322762,0.12672889472854562,1.6816085752603411,0.0010000000044088234,0.0010000000003025644,0.0010000000012112865,0.0009999999979274775,0.000999999998247049,0.0010000000046354466,4.6184821194316017e-7,4.618487814014974e-7,1.5702790493945784,86.9124033825626,87.66222714430553,0.07167001731445793,0.0002841313461829077,0.0001408978591627236,0.002747264228459047,0.0012509999999999555,0.0012509999999999607,0.0012509999999999518,0.0010025099999999908,0.0010025099999999873,0.0010025099999999908,-0.41922214276047987,8.434505867004349,4.931021880148589,-0.0005969756003212304,0.00642264541497342,0.015514011898666797,6.781369853019714,-18.919149684906007,-26.367859745025633,1013.7502288818359,-0.010290734930824086,33.15391180702447
2025-06-11T20:38:39Z,39.98535402621054,-75.15924378092492,25.969878067405013,20.738907549865342,74.35547261440182,-0.4999680043868955,1.1111068187837156,0.11691669947523761,1.681701123672466,0.0010000000040819594,0.0010000000006292085,0.001000000001382028,0.0009999999980131382,0.0009999999984590835,0.0010000000046528755,4.552381784510061e-7,4.5523872886485244e-7,1.5140030929568296,86.7332430235112,87.45998968874584,0.06103162389795137,0.00026984360534468526,0.00014903373990915816,0.0027567501596362817,0.0012519999999999558,0.0012519999999999608,0.001251999999999952,0.0010025199999999903,0.0010025199999999868,0.0010025199999999903,-0.4838543633266668,8.439668439864809,4.924071215628366,-0.0011942955513292966,-0.0051024118666524775,0.010005058835636477,6.853959798812866,-18.890479850769044,-26.253789329528807,1013.7487030029297,-0.0064992129833553285,33.06183745803571
2025-06-11T20:38:40Z,39.985352520483815,-75.15924483678563,26.148405664197227,19.69833407658093,71.50626198844469,-0.44475737866926834,1.1057976854430516,0.11598697703023907,1.687516941834115,0.0010000000043613047,0.001000000000698587,0.0010000000015258578,0.0009999999982532519,0.0009999999985016068,0.001000000004489985,4.7375767088016977e-7,4.737582332750835e-7,1.4555721016457333,82.1373227643063,82.81325221980775,0.05264992511386396,0.00025783956926975313,0.00015794787621524156,0.0027513944822213175,0.0012529999999999553,0.00125299999999996,0.0012529999999999514,0.0010025299999999893,0.0010025299999999859,0.0010025299999999893,-0.4662307972352793,8.44389541053709,4.933195280073691,-0.000834293682411413,2.5650583831914563e-6,0.0017603847270111796,6.655099821090698,-18.857539653778076,-26.201939487457274,1013.7455749511719,0.0012764550278119603,32.96112022617787
2025-06-11T20:38:41Z,39.985337831707874,-75.15927358168834,26.28916029389141,18.793369879151783,68.92781235616603,-0.41074504411727786,1.1005559623777557,0.10987451977539503,1.69295589310257,0.0010000000046880547,0.0010000000008689692,0.0010000000017671273,0.0009999999984805351,0.0009999999982593562,0.0010000000043373194,4.563866715988562e-7,4.5638716600345586e-7,1.3997242532984984,78.04493118010018,78.69341366275683,0.0461761914192696,0.00024804388910619046,0.00016738819987883896,0.002747922543813954,0.0012539999999999542,0.0012539999999999602,0.0012539999999999502,0.0010025399999999897,0.0010025399999999862,0.0010025399999999897,-0.41330397671897234,8.437981103896396,4.938630889891052,-0.0013655531993712771,-0.002091663469517207,0.00608790188206253,6.689259886741638,-19.002719497680665,-26.243419456481934,1013.7464294433594,-0.0031103708088518565,33.08418438878008
2025-06-11T20:38:42Z,39.985325771534775,-75.15929721554258,26.41154063557889,18.184575186678167,67.64887354051767,-0.4096201104972873,1.0974434223501301,0.11092898773343861,1.7020528936915964,0.0010000000048737028,0.001000000000712878,0.0010000000018513145,0.0009999999987788236,0.0009999999978827234,0.0010000000041918424,4.3477186466716635e-7,4.347722987157246e-7,1.3479360850143487,75.66005485267954,76.31699755115555,0.04096988015139371,0.00024110645893254696,0.00017707882983051466,0.0027503749399633414,0.001254999999999953,0.0012549999999999608,0.001254999999999949,0.0010025499999999896,0.0010025499999999862,0.0010025499999999899,-0.4468901405381353,8.429515289305773,4.887626909254214,-0.00026139940937839994,0.006032944054220754,0.00204266839960385,6.736839818954468,-18.911219787597656,-26.22267942428589,1013.7357482910156,-0.034414819148577594,33.024911999311485
2025-06-11T20:38:43Z,39.98531543512324,-75.15931354237553,26.511561296465274,17.645143175297928,68.05960628968744,-0.31406438155294597,1.1203011323657124,0.08208070305900671,1.837719286835136,0.0010000000045634902,0.0010000000008414502,0.001000000001977923,0.0009999999988075216,0.0009999999981523556,0.0010000000045396313,4.1226135677221554e-7,4.1226174661617295e-7,1.2982210196637796,75.674534406454,76.44352245255833,0.034939739949633244,0.0002362665007862288,0.00018585409819914093,0.0027599439370109527,0.001255999999999954,0.00125599999999996,0.0012559999999999481,0.0010025599999999892,0.0010025599999999855,0.001002559999999989,-0.5763977432895759,8.772791599272969,4.408592044351634,0.012642878828743646,0.10838617773565777,0.08675608489103523,7.44443986415863,-19.240619564056395,-25.429679584503173,1013.7403259277344,0.04641694965297689,32.74578461331976
2025-06-11T20:38:44Z,39.98532619118411,-75.15929391901435,26.649920057290956,15.613565015704573,70.573537195302,-0.3373302311935289,0.9972922814317132,0.29457920962127326,1.2119476326678877,0.0010000000043504265,0.0010000000003868776,0.0010000000020057266,0.000999999998579719,0.0009999999984221328,0.0010000000048162878,4.3075408180233576e-7,4.307545089096314e-7,1.2425337813053172,75.49353306836129,77.0047820749312,0.029861867252599168,0.00023694433963104714,0.00021056935062875386,0.002779215233250582,0.0012569999999999543,0.001256999999999959,0.0012569999999999474,0.00100256999999999,0.0010025699999999865,0.001002569999999989,0.23738393333842978,9.352715848921887,3.5043394794444334,0.0016596287131825285,-0.5090756634455325,-0.5621916244075394,7.216909885406494,-19.412029838562013,-25.960379314422607,1013.7137756347656,0.20145903497119813,33.20916466861484
2025-06-11T20:38:45Z,39.9853159843307,-75.15933770287023,26.091627343613926,14.467399145315015,75.2831418948889,-2.078639959793307,0.771689952625195,0.35709481359680995,0.6373926172817543,0.001000000004307129,0.000999999999918672,0.0010000000020605056,0.0009999999988617888,0.0009999999983654928,0.0010000000047342107,3.905368833758042e-7,3.9053723640725877e-7,1.1918205202551493,75.07300179006319,77.32061252170746,0.03879434009672238,0.00023552390424377766,0.00022957950059255877,0.0027942505106934635,0.0012579999999999536,0.0012579999999999586,0.0012579999999999464,0.0010025799999999895,0.0010025799999999858,0.0010025799999999886,0.49192766728136444,8.620274516695636,3.1116973572211415,-0.037678559680911675,-0.4231923038347678,-0.43839316423206726,5.90540988445282,-20.54662971496582,-26.37639923095703,1013.6948547363281,-0.6117704339885996,33.95215534692619
2025-06-11T20:38:46Z,39.98536670661017,-75.15927008073962,24.157269290415087,15.498105784689109,80.92613256812844,-3.984009959612853,0.7847446469819059,0.5730808376102383,0.5615319418445507,0.0010000000040784971,0.0009999999997654255,0.0010000000019147232,0.0009999999992823605,0.0009999999982812438,0.0010000000047338628,4.6668831446084053e-7,4.666888189946684e-7,1.1821958688150709,74.7397922441482,77.06486920118186,0.06574246071909032,0.00030393361868027047,0.0002295648820968528,0.0028518846092507716,0.0012589999999999526,0.0012589999999999587,0.001258999999999947,0.0010025899999999898,0.0010025899999999846,0.0010025899999999881,0.9369958532707535,8.882300042152485,3.9650325348356623,0.04847625324243876,0.11259545114264359,-0.20863006024536052,2.710229939222336,-23.650309562683105,-25.474209690093993,1013.7330627441406,-0.018301786454606922,34.86566094613053
2025-06-11T20:38:47Z,39.98541121285018,-75.15921989879332,21.46182960552586,15.687865073563747,85.57920486670494,-5.051612577794927,0.7649291959967099,0.5456632740649414,0.5448570888786458,0.0010000000042330376,0.0009999999999709868,0.0010000000017422017,0.0009999999995284835,0.0009999999983040268,0.0010000000046340486,5.285754672890094e-7,5.285761120894126e-7,1.2342980525385763,74.68790578996045,76.92371039061732,0.09487795480252606,0.0003064239898226336,0.00022614959639399957,0.0028565384994150627,0.0012599999999999515,0.0012599999999999593,0.0012599999999999474,0.0010025999999999894,0.0010025999999999848,0.0010025999999999883,-0.895249295074846,8.96389744186425,4.305465521825425,-0.013120712448823669,-0.02243773890394204,-0.000327182436904834,7.168719863891601,-22.412009620666502,-27.040079402923585,1013.7819213867188,0.193403038243069,35.84481803141297
2025-06-11T20:38:48Z,39.98545933022122,-75.15918819164611,18.557866212977807,15.229876960248516,89.14873453539927,-6.505222035269029,0.9175276392550786,0.3379418651394808,0.868794783985232,0.0010000000039471022,0.0009999999999942865,0.001000000001970925,0.0009999999995885067,0.0009999999981007335,0.0010000000045176554,5.860160183176509e-7,5.86016807044166e-7,1.3396339498307284,74.76730804960042,76.73621634146544,0.12119727938305812,0.00027126661133965407,0.00021094471949097094,0.002828532205383206,0.0012609999999999507,0.0012609999999999586,0.0012609999999999468,0.0010026099999999897,0.0010026099999999854,0.001002609999999989,0.6893942473656077,8.218889330863982,3.9882412960511906,0.008094697214203223,0.09668264582550246,0.34615897142423707,1.0308999851346017,-24.71414957046509,-29.838149547576904,1013.8103485107422,-0.6301651977043086,38.75774996983201
2025-06-11T20:38:49Z,39.98542900814832,-75.15932639040368,16.658383749780995,14.885460404206476,89.78110068319113,-6.179205470990137,0.9946682663151689,0.3889937768285082,0.8000321731315312,0.001000000003749399,0.0009999999997381973,0.0010000000019477935,0.0009999999997911129,0.0009999999982320058,0.0010000000043190764,5.063208667223081e-7,5.063214520568536e-7,1.4674695816476322,75.09700969999969,76.41446736960398,0.12886765963847271,0.00029568169533448916,0.0001991471432236572,0.002851258545191498,0.0012619999999999504,0.0012619999999999585,0.0012619999999999465,0.0010026199999999888,0.0010026199999999851,0.0010026199999999888,0.3965758962293731,8.183219372272497,5.45492925925542,0.09521543530415912,-0.007052862036005289,-0.10636426041668816,6.487959861755371,-21.423809623718263,-22.65234956741333,1013.6467056274414,0.05102871494067157,31.84649045201383
2025-06-11T20:38:50Z,39.98540569580775,-75.15945516869816,15.244289336278364,15.680294075351638,88.95774857112218,-5.677803115230821,0.9933392197101797,0.3045339584461087,0.8137254130487284,0.0010000000037673942,0.0009999999994597878,0.001000000002338949,0.0009999999996447497,0.0009999999981241143,0.0010000000040685474,4.391174293072865e-7,4.39117865975149e-7,1.5745527209120997,75.51516564153196,75.92433060085017,0.12363801182627253,0.0002914962835763601,0.00018381565301399267,0.002851838148674207,0.0012629999999999497,0.0012629999999999575,0.0012629999999999456,0.0010026299999999883,0.0010026299999999848,0.0010026299999999883,0.22618907810283986,7.783878639948062,6.157360640205979,-0.014851052935724793,-0.02150595318256097,0.051382359090598656,8.271599888801575,-21.42380952835083,-24.520169830322267,1013.9361267089844,0.13583429127146987,33.5951529520171
2025-06-11T20:38:51Z,39.98537701756521,-75.15958972947266,15.249783970605485,15.46325641216156,87.11832442220064,-4.862142750791168,0.9718883566062031,0.2284654449614035,0.7023940610909315,0.0010000000035992169,0.0009999999997951064,0.0010000000026407939,0.0009999999995263236,0.0009999999979489593,0.001000000003744156,3.687787402744688e-7,3.6877904578799e-7,1.6355481293384901,76.0159696675852,75.61111839065265,0.11030378236799754,0.0002821887853328677,0.00017870432538217445,0.0028550871598822603,0.0012639999999999507,0.0012639999999999563,0.0012639999999999466,0.0010026399999999882,0.0010026399999999846,0.0010026399999999882,0.03048001189898215,7.886701201439444,5.7632239093757125,-0.00348392979811743,-0.11691700725069804,-0.02446285443897923,6.840539860725403,-19.389459800720214,-27.05288944244385,1013.8052825927734,-0.023197800057519074,33.979398451292056
2025-06-11T20:38:52Z,39.9853666132962,-75.15967448332756,16.149602814749993,14.823849778713406,85.47368318650604,-3.9126526570147795,1.0270983507133518,0.16516900916546312,0.9280919577890514,0.0010000000034604585,0.0009999999998489071,0.0010000000028538862,0.0009999999991172287,0.0009999999976754758,0.001000000003948323,3.4121484473227504e-7,3.412151046734301e-7,1.6511839381712452,76.59603296630364,75.40811644723676,0.09685180144424038,0.00030280287702321324,0.00015174578821012085,0.002862849354764265,0.00126499999999995,0.001264999999999957,0.001264999999999946,0.0010026499999999873,0.0010026499999999838,0.0010026499999999873,0.3468662835398087,8.331641172409263,5.302687918183547,0.0024731716970061894,0.16974082792010367,0.14903919414801495,3.511159884929657,-22.383339500427248,-25.98172950744629,1013.7240295410156,0.09099319821016388,34.47301704317293
2025-06-11T20:38:53Z,39.98534629421438,-75.15977428915751,16.939681720729183,14.30321379276907,83.85376238106124,-3.25760713124404,0.9971027306672076,0.16616668258792527,0.7475545588172451,0.001000000003490317,0.001000000000120999,0.001000000003064315,0.000999999998991145,0.0009999999977963812,0.0010000000037613736,2.911516289620544e-7,2.9115181735504194e-7,1.6323611306120824,77.19357959550413,75.25767441767611,0.0816842883435466,0.0002996923103529888,0.000157669439979092,0.00287427587517935,0.0012659999999999497,0.001265999999999958,0.0012659999999999458,0.0010026599999999877,0.0010026599999999842,0.0010026599999999877,0.014158289877031334,8.16165289783493,5.27423816823674,-0.005452421416344224,-0.14048144726222755,-0.11657393633224018,6.92044985294342,-20.121459674835204,-26.347119331359863,1013.8650970458984,-0.07330903786257784,33.8663997069527
2025-06-11T20:38:54Z,39.98537825660512,-75.15974908525033,18.108596964402476,14.57021099560483,83.16205631453515,-2.614004749322639,0.9931610585037053,0.21787396715211374,0.6284864801338816,0.0010000000031234733,0.0010000000002128608,0.001000000003091528,0.0009999999989179105,0.0009999999978808607,0.0010000000037371803,3.582579263873445e-7,3.5825821094083766e-7,1.595714671616708,77.90371946573318,75.07908245658105,0.0739828968260346,0.0003003088024746576,0.00016896425482044064,0.002891782308255614,0.001266999999999949,0.001266999999999959,0.001266999999999945,0.001002669999999988,0.0010026699999999844,0.0010026699999999879,0.6437061434353257,8.469936155319093,5.2652935465543615,0.012183231047432165,-0.06074172064814142,-0.1248842345811787,3.4678499341011046,-20.873589515686035,-27.34385938644409,1013.7652282714844,0.20312906123895996,34.57478652425212
2025-06-11T20:38:55Z,39.98536481964849,-75.15982410186936,19.199636806180877,15.08891031134643,81.95994464185634,-2.1750348780732573,0.9305428189940216,0.20687874281370155,0.2098202307585038,0.001000000003153706,0.0010000000001628964,0.0010000000028658612,0.000999999999164035,0.0009999999975104674,0.001000000004063081,3.168189735863728e-7,3.1681919558463367e-7,1.5520547475976032,78.62954541634289,74.95973031568586,0.06564672199933753,0.00022530696120568217,0.000246730829751245,0.002896413666511327,0.0012679999999999478,0.0012679999999999595,0.0012679999999999437,0.0010026799999999878,0.001002679999999984,0.0010026799999999878,-0.058333644619424654,8.022942494392183,5.681615280148276,0.01922866571895952,-0.3552951690011886,-0.25232074819785794,3.5105499744415285,-14.803479719161988,-32.84666910171509,1013.7727813720703,0.04058213148793665,36.1989913387618
2025-06-11T20:38:56Z,39.98537410984805,-75.159826252291,19.915986102262554,16.8159444485011,81.41327895412213,-2.6971553345514017,1.115500945241704,0.11243080397815977,0.7101369844582954,0.0010000000030404015,0.0009999999999329497,0.001000000003011398,0.0009999999991522196,0.0009999999975964695,0.0010000000042032044,3.378912160094673e-7,3.37891468089746e-7,1.5096300061567898,79.3137220040182,74.73260262154025,0.06596950855168005,0.00032189991819308905,0.0001538086836640749,0.002903076213931245,0.001268999999999949,0.0012689999999999596,0.001268999999999944,0.0010026899999999877,0.001002689999999984,0.0010026899999999875,1.7820555200545245,7.620630620956258,5.094527064797397,0.10532963141598736,0.41674179112592513,0.35545462785042037,-1.2419599920511246,-23.705819511413573,-27.848939514160158,1013.7477569580078,-0.452209249500807,36.593278964397285
2025-06-11T20:38:57Z,39.98537551607973,-75.15984166972429,20.405972355022087,15.219933777793868,80.4646203419857,-2.080185328054724,1.1033861423305482,0.05369059095244815,0.6210075720537169,0.0010000000032381999,0.000999999999889793,0.0010000000032256713,0.0009999999994785495,0.000999999997546379,0.0010000000039616429,3.392623384784459e-7,3.3926259247041384e-7,1.4660061571528171,80.06777818089124,74.9707355309731,0.0532991206759252,0.00031559627903949194,0.00016664493948172768,0.0029095072955514054,0.0012699999999999485,0.0012699999999999606,0.0012699999999999446,0.0010026999999999866,0.0010026999999999831,0.0010026999999999866,-0.6690645741552715,9.0667620887757,4.0368585576981,-0.0054915581812054895,-0.10005492868034095,0.0014214778053451818,8.854759788513183,-15.097499752044678,-30.963599681854248,1013.7404327392578,0.15698785759202538,35.56799360179651
2025-06-11T20:38:58Z,39.985409614784615,-75.15977605046656,20.95928159187262,14.934543316417548,79.46818099829174,-1.7472410581265487,1.1048490756672078,0.08612516015427553,0.5278402519812841,0.0010000000032780714,0.0010000000000724833,0.0010000000031399976,0.0009999999997714606,0.000999999997502696,0.0010000000041401175,4.237098466914409e-7,4.237102440008654e-7,1.4155549565918952,80.79833428987261,75.11716934151333,0.04752629803128931,0.000310722643093761,0.00018362110307211353,0.0029221396096121635,0.0012709999999999477,0.0012709999999999616,0.0012709999999999436,0.0010027099999999867,0.0010027099999999844,0.0010027099999999867,0.2831393703562422,8.497794960975758,4.894330730077379,0.007480169484913261,-0.06342133360110727,-0.08084131798544314,12.545259761810303,-21.17492961883545,-26.383719635009765,1013.7673645019531,0.02032532947710826,36.08127201911107
2025-06-11T20:38:59Z,39.98540484136465,-75.15981222913,21.46816099741666,15.820116003821695,78.86326169339395,-1.3904498299921264,1.11419686684657,0.21063088530984625,0.33600987006789745,0.001000000003049254,0.0010000000000700865,0.0010000000033525414,0.0009999999995254519,0.0009999999973455324,0.0010000000042503594,4.1134301355344307e-7,4.113433893229892e-7,1.3714679909329102,81.5792983558949,75.25943779206371,0.0485175625134289,0.0002909099515307943,0.0002249856915052026,0.002945420795325322,0.001271999999999947,0.0012719999999999617,0.0012719999999999429,0.0010027199999999865,0.0010027199999999839,0.0010027199999999865,0.588916333695506,8.607531856536793,5.198760919806201,0.03778694484469748,-0.11231803113717445,-0.2079614056539213,8.02637975215912,-22.28939962387085,-22.80362949371338,1013.8036804199219,0.28275126623744407,32.882248886366796
2025-06-11T20:39:00Z,39.98540671677974,-75.15984375285392,22.113445114412254,17.515006867351058,78.3369744095588,-1.415557213339902,1.0976746052172457,0.2673508609443868,0.4477751177836385,0.0010000000027659424,0.0009999999996453239,0.0010000000031837792,0.0009999999996958492,0.0009999999976009909,0.0010000000040003049,4.103042552990733e-7,4.103046305999739e-7,1.3454318194054682,82.25527874736873,75.37971290281465,0.057736563910456215,0.0003375096389432303,0.0001996173825334128,0.0029696171940194506,0.0012729999999999463,0.0012729999999999623,0.0012729999999999424,0.0010027299999999855,0.0010027299999999832,0.0010027299999999855,0.7396911879747416,8.28434448146813,5.570711361404881,-0.04264475444656835,0.12847411798206174,-0.010853282764991775,7.395029926300049,-24.25298957824707,-22.141169357299805,1013.7151576450893,0.2204139390664447,33.6618766378216
2025-06-11T20:39:01Z,39.985409635059725,-75.15986807281708,22.252066980827873,18.727632072104456,78.51100853816673,-1.634940604786788,1.0297901714860145,0.31335805112208104,0.21804453141499452,0.001000000002949867,0.0009999999992213232,0.0010000000034679922,0.0009999999998477895,0.0009999999979086603,0.001000000003705903,4.1021641584124665e-7,4.1021679253328976e-7,1.3423245268799044,82.80461527119846,75.61704204607359,0.06587751161605837,0.0003009608822571091,0.0002486104133091417,0.002984253459649139,0.0012739999999999457,0.0012739999999999616,0.0012739999999999416,0.0010027399999999846,0.0010027399999999837,0.0010027399999999846,0.012976152779795311,8.234414195061085,5.187702738281881,-0.000406288275773089,-0.167659789902553,-0.15717532302094184,5.1166798830032345,-19.61149969100952,-24.97583951950073,1013.8294067382812,-0.05781016910425563,32.164897509688316
2025-06-11T20:39:02Z,39.98540019404302,-75.1599055177518,22.43554240884972,18.56671857909316,78.55036168359196,-1.4087859295459355,1.1273771799068553,6.280480560510712,0.8239943347835074,0.0010000000032034044,0.0009999999988722162,0.0010000000035681963,0.0010000000000022534,0.0009999999974804297,0.0010000000039835375,3.889905577873797e-7,3.889908985723673e-7,1.3528055909594838,83.25231348769657,76.03369328011628,0.06726545726361592,0.0003775029516715728,0.00014694526558440253,0.002960458239536771,0.0012749999999999457,0.0012749999999999617,0.0012749999999999418,0.0010027499999999837,0.0010027499999999828,0.0010027499999999837,0.11781582012903322,8.190921415783889,5.362086632316391,0.005629919714912236,0.462284154238408,0.646301471229662,1.7689999759197235,-21.146869659423828,-26.564889430999756,1013.7977447509766,0.0005290642789011618,34.00013765666415
2025-06-11T20:39:03Z,39.98539289677725,-75.15993869506018,22.619269797977157,19.025122771763044,79.43700466798087,-1.3604793502871602,1.044764903659627,0.30381814690392434,0.3730796911166925,0.0010000000036675927,0.000999999998988447,0.001000000003709316,0.0009999999998151858,0.00099999999793306,0.0010000000039964228,3.6539957909232017e-7,3.653998821179025e-7,1.3710714186087873,83.55517186853803,76.4754737895949,0.071667431651213,0.00035620852495792907,0.00020136665059229016,0.0030112588843965167,0.0012759999999999447,0.001275999999999961,0.001275999999999941,0.0010027599999999825,0.0010027599999999823,0.0010027599999999825,0.7599259363231811,8.213633202553924,5.274612187381991,-0.007000401780331663,-0.27793112008021637,-0.5353813404480716,4.6634498834609985,-22.905499744415284,-22.300379467010497,1013.8320770263672,0.0006986699499889216,32.30655246723388
2025-06-11T20:39:04Z,39.985396102182754,-75.15994733492914,22.89998841898511,18.20456341403643,79.82607237588297,-1.1863992861164288,1.0726488056783465,0.15810690732415505,0.3443246524789817,0.001000000003308421,0.0009999999989330627,0.0010000000038647425,0.001000000000041243,0.0009999999976114738,0.001000000003892659,3.6374627281686464e-7,3.637465756350033e-7,1.3897214947031997,83.61574031236964,76.96056931622137,0.06811302790282499,0.0003333466122882453,0.000198967736270936,0.0029942072926575497,0.0012769999999999457,0.001276999999999962,0.0012769999999999418,0.0010027699999999834,0.0010027699999999825,0.0010027699999999836,-0.9892478866762836,8.248786996842442,5.118678592678175,0.03952394735645353,-0.089890217568521,0.10663918323974016,7.508489871025086,-15.130439710617065,-29.858279609680174,1013.8136138916016,-0.03212984736945668,34.30482486797373
2025-06-11T20:39:05Z,39.98541798453809,-75.15991105488567,23.343601310224518,18.237289336489916,81.78536066374289,-0.7237358157559789,0.7108080088702894,0.4687893390291961,5.648011007030386,0.0010000000035628148,0.0009999999987612706,0.0010000000038347077,0.000999999999613818,0.0009999999973916282,0.001000000003580505,4.061829136505868e-7,4.061832946969304e-7,1.4018180053416138,83.68543751527088,77.50354915357792,0.06610652489633426,0.00019917944292821842,0.00036131585150646237,0.003026638732616017,0.001277999999999947,0.0012779999999999608,0.0012779999999999409,0.0010027799999999837,0.001002779999999982,0.0010027799999999846,-1.943400869730443,8.050487112046355,5.24568726920695,-0.04446502622360758,-0.817138762233253,-1.2332790473738495,10.324249744415283,-11.99259967803955,-29.12505931854248,1013.8189544677734,0.012711294573331828,33.14631653111564
2025-06-11T20:39:06Z,39.98541249976826,-75.15993059215107,23.65704460397672,20.39607974132481,83.03769365967129,-1.2304724204238187,0.9721104991756597,0.29666802186656277,0.008392023829764218,0.0010000000035188556,0.0009999999985187945,0.0010000000038910429,0.0009999999997418422,0.0009999999974775477,0.0010000000035706618,3.886830260025471e-7,3.8868337798614136e-7,1.4232264470751006,83.49720244387976,78.02299697931005,0.07839112320784963,0.0002989857058579916,0.00024243660727834454,0.0030322570071400416,0.0012789999999999458,0.001278999999999961,0.001278999999999941,0.0010027899999999828,0.0010027899999999817,0.0010027899999999854,-0.01998901211454118,8.459540270806597,5.027841161724071,0.01257709612386733,0.39143760928772453,0.5908056651914078,6.074989867210388,-18.07856979370117,-28.063049411773683,1013.8238372802734,0.05014636212106738,33.93039183263177
2025-06-11T20:39:07Z,39.985398176414684,-75.15997669788733,23.880246854426446,20.054812951390858,85.67674431882175,-0.734568191961833,0.5796793342832685,0.45711897922310113,5.319866856560502,0.0010000000032919006,0.000999999998772391,0.0010000000040324948,0.0009999999999962897,0.0009999999975414731,0.0010000000038824885,3.4243838948918733e-7,3.424386656629064e-7,1.4433687596427878,83.45973115097206,78.69961980217201,0.06970318351887406,0.00019138955516011046,0.0003561792227553669,0.003039592395946176,0.0012799999999999468,0.0012799999999999615,0.0012799999999999416,0.0010027999999999823,0.0010027999999999814,0.0010027999999999851,-3.5948249826466463,7.557865297409812,5.288917366841376,-0.013076578681913939,-0.7358768681262541,-1.0642036030328217,8.908439874649048,-2.59615994989872,-36.45786952972412,1013.8347625732422,0.10921944804173189,37.62011143000293
2025-06-11T20:39:08Z,39.985419129842704,-75.15995511612194,23.924908764691633,23.105757588820055,88.63348832917204,-1.8178813142573866,0.7612720814606676,0.22700159425787586,5.688947937122174,0.0010000000032065945,0.0009999999990691168,0.0010000000042740633,0.0010000000001938964,0.0009999999976692436,0.0010000000035014305,3.620963530039223e-7,3.6209666561261014e-7,1.4637675171544515,83.33090968332286,79.45327548516322,0.08406459276374217,0.00018839055498324757,0.00032794086572209013,0.0030316657650650706,0.0012809999999999478,0.0012809999999999608,0.0012809999999999406,0.0010028099999999827,0.001002809999999982,0.0010028099999999853,-1.0174845243129271,9.245683740617073,3.3955305209119526,0.05272299936425774,0.04599648565392925,0.43364609533160103,-2.5138099431991576,-9.152439880371094,-38.4885591506958,1013.7973785400391,0.11034441775054872,39.64153834830134
2025-06-11T20:39:09Z,39.98544133785453,-75.15995168400028,22.594702065079016,25.38082667425598,90.5897385481302,-2.9146337406296814,1.1065968671671775,0.1391327547336284,0.36305690066131535,0.001000000003039518,0.0009999999990901306,0.0010000000039604101,0.0010000000004892727,0.0009999999978173124,0.001000000003589369,3.6351142435222905e-7,3.635117437019271e-7,1.4973190055564674,83.14648898608948,80.31567140357916,0.08904071081203054,0.00035608381246163203,0.00015505045652738187,0.003045047646923303,0.0012819999999999466,0.0012819999999999616,0.0012819999999999414,0.0010028199999999822,0.001002819999999981,0.0010028199999999848,1.8050323573616862,8.10371689105127,4.093268226619261,0.21448237688820046,1.0560924609922828,0.9172596683467183,-11.559499835968017,-14.61071972846985,-34.54368934631348,1014.0582275390625,-0.5353209666503982,39.2473905117773
2025-06-11T20:39:10Z,39.98548523910581,-75.15990945337292,22.047178793572375,24.170622750625625,92.75525447262311,-2.4880954212460704,1.2179688400043012,6.152790023282459,1.0207264798867557,0.0010000000031348446,0.0009999999989087295,0.0010000000036138868,0.001000000000656501,0.0009999999978380697,0.0010000000037004497,4.061620773637483e-7,4.061624821799592e-7,1.5162460345353743,83.10124371539531,81.26442499026798,0.07967657026305494,0.00031115172095335416,0.00019668435758015277,0.0030478790392330277,0.001282999999999946,0.001282999999999961,0.0012829999999999409,0.0010028299999999828,0.0010028299999999808,0.0010028299999999845,2.1082019081085326,8.894634007454828,3.8176768889387582,0.13750552961181348,0.6165226300976646,0.597759506639229,-7.720769834518433,-19.299789714813233,-28.539459228515625,1013.7916564941406,0.1141062288874031,35.30707185967256
2025-06-11T20:39:11Z,39.98551215479633,-75.1599001985174,21.463537787618403,23.07455616319269,94.3605169949118,-2.6544611043617867,1.3332613440352983,0.08811639412644814,1.2779925629203719,0.0010000000031654918,0.0009999999991300555,0.0010000000032197923,0.0010000000007381253,0.0009999999978442292,0.0010000000036345556,4.301849516630509e-7,4.30185412907371e-7,1.509553363975046,83.06513219696066,82.21446573709795,0.06991223781872566,0.0002478629657386403,0.00025849327271548663,0.0030610966765362273,0.0012839999999999473,0.0012839999999999603,0.00128399999999994,0.0010028399999999819,0.0010028399999999816,0.001002839999999985,1.6359269266693237,8.568958996773857,3.293062422957383,0.13630645012044817,0.3268920706383151,-0.14372229806890088,-1.3358999490737915,-22.59195957183838,-22.969549655914307,1013.9116668701172,-0.4677885638180757,32.2455920728461
2025-06-11T20:39:12Z,39.98553935338855,-75.15987979237737,20.911230928629294,23.57410698778352,95.69672296594013,-3.126766319380406,1.2453225767599592,0.2369472271373647,1.1516807380941525,0.0010000000031511937,0.0009999999989271414,0.0010000000036391964,0.0010000000001820011,0.0009999999979707645,0.0010000000040385237,4.7107120405740456e-7,4.7107176627708766e-7,1.4948316017650205,83.05691971685351,83.36817165373549,0.06927118575454841,0.0002870587104636166,0.00023764658260721724,0.0030889004344670772,0.0012849999999999476,0.0012849999999999609,0.0012849999999999405,0.0010028499999999816,0.0010028499999999818,0.0010028499999999853,0.4195677198680128,8.009448956490433,4.965472175714134,-0.05668732631000927,-0.07516233679762595,-0.184063885945736,9.99606990814209,-18.76664972305298,-21.996599674224854,1013.8613891601562,-0.3594577776003334,30.593395544368345
2025-06-11T20:39:13Z,39.98552205004035,-75.15995385317225,20.193843326063444,23.268875402033927,97.08733496011648,-3.886705221722019,1.200984833532155,0.21678936704978674,0.9730722177981376,0.0010000000029390694,0.0009999999988525693,0.0010000000034616316,0.0010000000002536808,0.0009999999977425486,0.0010000000036563355,4.3607134413850965e-7,4.360718344733422e-7,1.4813090932348947,83.1218269441891,84.52725724730976,0.06644392138052672,0.0003283012790741701,0.00020257897852954905,0.0030979623761072388,0.0012859999999999484,0.0012859999999999614,0.0012859999999999415,0.0010028599999999809,0.001002859999999981,0.001002859999999986,0.12194973521178257,7.69296929741013,4.576238553758797,0.007165170771020864,-0.16532487396763915,-0.04723282624679406,5.521719849109649,-20.19160966873169,-22.346129608154296,1013.7987518310547,-0.8407279504639639,30.619224275319315
2025-06-11T20:39:14Z,39.985525940124404,-75.15999343164623,19.947703851474234,25.51791009456825,96.93105581123002,-1.9383882799905277,1.2082036724633711,0.26406552354000645,0.6661535426766506,0.0010000000029708228,0.000999999998510186,0.001000000003731104,0.0010000000005798975,0.000999999997856565,0.0010000000042101518,4.329435001461509e-7,4.3294399419658575e-7,1.4760919129570969,83.17367862655827,86.43903293890514,0.07359486835059113,0.00040234051823227496,0.00014918586481965155,0.0031221528377589447,0.0012869999999999481,0.00128699999999996,0.0012869999999999412,0.0010028699999999815,0.0010028699999999817,0.0010028699999999858,0.14805776297379677,9.51702906990166,7.696167593237276,0.09149911723865903,-0.2632615307546929,-0.1642590604633334,4.284029960632324,-17.955349826812743,-26.142159461975098,1013.8594055175781,2.4476342418510377,32.00244923209332
2025-06-11T20:39:15Z,39.98555422661059,-75.15998965580502,20.93657162141832,25.01211886341354,97.17783054497447,-1.8004320031210521,1.214065327501367,6.2189338257156335,1.2634792232370093,0.0010000000027611624,0.000999999998750788,0.0010000000039439003,0.0010000000001668652,0.0009999999982300805,0.0010000000040076373,4.713700922166392e-7,4.7137069253426125e-7,1.4741939680429217,83.18339995161028,87.90613111513264,0.06910064906290733,0.00024101824094620883,0.0002909772865221124,0.003097790471662678,0.001287999999999947,0.001287999999999959,0.00128799999999994,0.0010028799999999812,0.0010028799999999812,0.0010028799999999849,0.21790484004391833,8.152311820329725,5.069848123725499,-0.050961713678783396,0.5366013740918613,0.5941481059151509,-0.5587599836289883,-23.70947961807251,-19.315039443969727,1013.6810455322266,-0.19011349845576506,30.58625972874937
2025-06-11T20:39:16Z,39.98554039806572,-75.16007524170715,21.04304752834275,25.483051955204953,97.40515685522237,-1.9972193916255476,1.4133328615230103,0.10297701208979568,0.8592866792524497,0.0010000000026649507,0.0009999999989621022,0.001000000003847151,0.0010000000000153883,0.000999999998370231,0.0010000000038581282,4.3609760506184403e-7,4.3609813018353117e-7,1.4640324049225133,83.15846246894813,89.42669666134364,0.06615434187426253,0.00035075814122514356,0.00019167462382149242,0.003114917170325,0.001288999999999947,0.0012889999999999592,0.0012889999999999388,0.0010028899999999803,0.001002889999999982,0.0010028899999999837,0.7870814246107222,8.389917541087923,4.267584716316094,0.23131280799938442,-0.3779886173290196,-0.2906572027395508,7.230329918861389,-24.165149402618407,-18.27803964614868,1013.9314270019531,-0.34704117239409993,31.14989071473408
2025-06-11T20:39:17Z,39.98555466185577,-75.16009418783878,21.3817665356043,27.437676211470958,98.40866105316485,-2.1234885125235015,1.2207113284596847,0.4954402003670922,0.29248049593820946,0.0010000000025416477,0.000999999999013421,0.0010000000038210355,0.0010000000004561813,0.0009999999983440276,0.001000000004180096,4.5271026123818564e-7,4.527108410503728e-7,1.4590842096948733,83.20730189834495,91.4256374867467,0.07231304779460558,0.0005421326763240801,0.0001291814395025858,0.00325679556538152,0.0012899999999999477,0.0012899999999999598,0.0012899999999999377,0.0010028999999999793,0.001002899999999982,0.0010028999999999828,0.4748288815590912,9.012596963883484,4.376816510196654,-0.01217143938319433,-0.5025714824183378,-0.6074702585378128,5.154499912261963,-26.009789371490477,-12.672139930725098,1013.7598419189453,0.2374320563109468,29.388061579340192
2025-06-11T20:39:18Z,39.98556383644983,-75.1601283196967,20.70722998422525,31.04506637051036,99.12270867750397,-3.163853277441585,0.856868035446998,0.6834320265827281,5.908298313113373,0.0010000000025428243,0.0009999999990825937,0.0010000000037592722,0.001000000000187652,0.000999999998033431,0.001000000004332348,4.543481529763897e-7,4.5434875292869716e-7,1.4736112293062438,83.11564673114125,93.71690884430514,0.0863144507444761,0.000504694760216959,0.00025230042389947407,0.0033444928174262284,0.0012909999999999465,0.0012909999999999606,0.0012909999999999374,0.0010029099999999797,0.0010029099999999814,0.0010029099999999834,-0.4285296060393835,8.700322031022104,4.835407113071435,0.021168012393647965,-0.4277588078959118,-0.5015264528137523,-0.8558299213647842,-4.426159918308258,-39.049759483337404,1013.9830017089844,0.16985033188534038,39.309071049887876
2025-06-11T20:39:19Z,39.98557847043282,-75.16016107094042,20.15833399755489,33.21163265333758,101.03357981580763,-3.2351992775671654,0.9876706837147624,0.28098263998633166,6.253773454178796,0.0010000000026603665,0.0009999999989330588,0.001000000003932974,0.0010000000002753004,0.0009999999974817334,0.001000000004611388,4.545082455713111e-7,4.54508863609567e-7,1.5039557648989614,83.11227689005398,96.13267499713749,0.0934283310206859,0.0004382136908122478,0.0001581388486856585,0.0031859530567314278,0.0012919999999999466,0.0012919999999999596,0.0012919999999999375,0.001002919999999979,0.0010029199999999822,0.0010029199999999825,-0.1875906097020305,8.95561869049164,4.65243026816469,-0.036099769616687205,0.015947846395998787,0.5368386884884426,23.88881950378418,-21.665369606018068,-24.524439525604247,1013.8538360595703,0.30033439693119524,40.51552744068556
2025-06-11T20:39:20Z,39.98556637063433,-75.16024665554137,19.77063750612853,32.76147858285015,102.9455285668382,-3.3856348515185744,0.9592049188099531,0.22135458280987497,5.981133225327723,0.0010000000024909077,0.0009999999986616322,0.0010000000039872216,0.0010000000005886151,0.0009999999973911993,0.0010000000047806776,4.138750150591368e-7,4.1387554203632387e-7,1.5262888045142167,83.03236981545561,97.98172576327477,0.08535426230854912,0.00036740533018479456,0.0002186202990054725,0.003179193689044755,0.0012929999999999459,0.001292999999999959,0.0012929999999999376,0.0010029299999999796,0.0010029299999999813,0.0010029299999999813,-0.15736381311608158,8.232236908913725,4.468151601191402,0.04193459884329176,-0.2473620476399511,-0.11438228192641534,1.2687999572604896,-15.22559986114502,-29.125059509277342,1013.8382110595703,-0.42569641325708296,32.889124363414226
2025-06-11T20:39:21Z,39.985571907539196,-75.16028873543821,19.336758030086088,33.1527661625068,104.1500274123176,-3.0710417604968763,1.0384202084296659,0.22271509246404794,6.184838539022105,0.001000000002208048,0.0009999999985519203,0.0010000000038126711,0.0010000000004744792,0.0009999999972500387,0.0010000000045627699,4.105179855223447e-7,4.1051851797540076e-7,1.5326627657079017,82.88819232831034,100.21553496651032,0.08257589523857162,0.0004351862933192707,0.0001604328054787482,0.00319632380288181,0.0012939999999999465,0.0012939999999999588,0.0012939999999999386,0.0010029399999999802,0.001002939999999981,0.0010029399999999813,0.7442551349972611,8.605362032891659,5.069103669162578,0.036012470673064644,0.17966155948005721,0.09600233442230778,-3.5111599028110505,-18.48604965209961,-24.771489524841307,1013.9351043701172,0.22124337252166595,31.107648818377967
2025-06-11T20:39:22Z,39.98560245028135,-75.16027350242669,19.49449566444896,32.43598014929267,105.96176652124393,-3.063568475426375,1.017044994094981,0.22387721107053463,5.883342933901124,0.0010000000020574738,0.0009999999982706472,0.0010000000039539067,0.0010000000004049933,0.0009999999974847063,0.0010000000046043727,4.5013693220793385e-7,4.5013758918951634e-7,1.5272931427427707,82.7700410356992,102.24394806925307,0.07529712011087497,0.00036273379891565223,0.0002360497224343446,0.0032036844823018135,0.0012949999999999457,0.0012949999999999579,0.0012949999999999377,0.00100294999999998,0.00100294999999998,0.0010029499999999801,-0.035697220662954166,8.36412756347801,4.377905147310259,0.04839631482509709,-0.24829799478971137,-0.17175831487183385,7.199829816818237,-19.834149837493896,-18.894139575958253,1013.7859497070312,-0.35344466610311914,28.32343001628109
2025-06-11T20:39:23Z,39.985598172566206,-75.16032710352343,19.751856146434214,31.859544642071995,107.00885158323786,-2.9193270853402433,1.005654173855036,0.27754896645773763,5.781084856905274,0.0010000000017639015,0.0009999999981921076,0.0010000000035691498,0.0010000000005337254,0.0009999999977058547,0.0010000000045906645,4.342132246186974e-7,4.3421385054255315e-7,1.5124150714008917,82.53572721391713,104.40102633839024,0.07200604829055424,0.0003500409507062931,0.0002643813294739584,0.0032258749468274403,0.0012959999999999441,0.0012959999999999565,0.0012959999999999372,0.00100295999999998,0.00100295999999998,0.0010029599999999798,0.038339721945850926,8.27527646923238,4.968962422173242,0.012891022977945522,-0.04598885907563306,-0.11258699128305899,-2.9035999538376926,-15.390299558639526,-26.239149570465088,1013.7362060546875,-0.14166754543675136,30.557848177602875
2025-06-11T20:39:24Z,39.985624833875946,-75.1603171896456,19.59490658006655,31.443265403988406,107.5588025867105,-2.76384227727071,1.081462661873593,0.0976841620390338,6.013063337311581,0.00100000000163601,0.0009999999983250271,0.001000000003469407,0.0010000000009990132,0.0009999999975460452,0.0010000000046847487,4.715074173789084e-7,4.7150817289816854e-7,1.4946096265254911,82.24729430676358,106.4997784669836,0.07006551507307064,0.00041096277498449657,0.00018699391642415156,0.003208954538531565,0.0012969999999999438,0.001296999999999956,0.0012969999999999364,0.0010029699999999802,0.0010029699999999802,0.0010029699999999802,0.48774492202487313,8.15319142587025,5.275631697299204,0.03401566667056355,0.118457625786274,0.26500199937361363,7.057699918746948,-22.279029655456544,-24.39328956604004,1013.9136657714844,-0.07091047816501662,33.78158435315755
2025-06-11T20:39:25Z,39.98562170698746,-75.16038693527827,19.87284524964785,30.608171491732506,108.53858835345132,-2.240771691593058,1.0672899313836097,0.19613124129979026,5.922201634223546,0.0010000000017811742,0.0009999999979739735,0.0010000000038099962,0.0010000000006832911,0.0009999999976596538,0.001000000004959617,4.561706582662758e-7,4.561713796937656e-7,1.4760064957649446,81.90386564167727,108.44952352658062,0.0682705208700905,0.0004080269776881141,0.000207577270744668,0.0032377215975765575,0.0012979999999999426,0.0012979999999999548,0.0012979999999999366,0.0010029799999999802,0.0010029799999999802,0.0010029799999999802,0.5028672268374296,8.489258193017728,5.313746153351175,0.002818740415319142,-0.023828339899298796,-0.1424957381831763,6.093289875984192,-21.66597948074341,-17.92301950454712,1013.8364562988281,0.23331961839537058,28.77107157463059
2025-06-11T20:39:26Z,39.985627502841126,-75.16043648692234,20.580044483555167,29.419878414295066,110.19703980755015,-1.3570084165847967,1.1230075297722324,0.0639042248615729,5.931150971858731,0.0010000000017216357,0.0009999999976963063,0.0010000000034951309,0.0010000000010788013,0.0009999999979109669,0.001000000005177774,4.5468610075201157e-7,4.546868315125521e-7,1.454980247953745,81.65061621692055,110.312322767927,0.06307177050342945,0.00040621937485103333,0.00019956187361429948,0.0032271309827522814,0.0012989999999999432,0.0012989999999999554,0.0012989999999999352,0.0010029899999999797,0.0010029899999999797,0.0010029899999999799,-0.03302992668553491,9.029210518839001,4.978924568530088,0.05915828646357024,-0.04520034043060781,0.11094404214124624,4.584759914875031,-12.153029727935792,-35.842989158630374,1013.823486328125,0.5163473207926569,38.123905382925265
2025-06-11T20:39:27Z,39.98562112098758,-75.16050511259029,21.418268320966824,27.893757118540066,110.84359961822332,-1.072053041981227,1.1011244000345275,0.06758687731505804,5.8004760458308064,0.0010000000020277888,0.0009999999973749295,0.001000000003607343,0.0010000000011752906,0.0009999999979551264,0.0010000000051484494,4.3462020494775386e-7,4.3462088351046174e-7,1.4312217289540858,81.26890437292359,111.69255015664787,0.06144563285347282,0.0003754159146287182,0.00023317429066934246,0.0032379269765572876,0.0012999999999999425,0.0012999999999999546,0.0012999999999999347,0.0010029999999999792,0.0010029999999999792,0.0010029999999999794,0.38598155283755753,8.190723752024095,5.505903320547423,-0.009099626803219647,-0.10957097051130316,-0.07122951650951019,24.193209648132324,-24.84590950012207,-21.589729690551756,1013.8531036376953,0.08206929310391613,40.85024967416088
2025-06-11T20:39:28Z,39.985613109466996,-75.16057476935588,21.969168644853372,26.07352232070699,112.23778528555775,-1.1848653016012876,1.0761096258989753,6.238786392450081,5.803191712917962,0.0010000000022054726,0.000999999997604397,0.001000000003860167,0.001000000001287218,0.000999999997916228,0.001000000005236544,4.122488508677156e-7,4.122494687332034e-7,1.4040819369554731,80.99298936645273,112.70681752925118,0.05483378068576888,0.00038236984937076087,0.00022595922483912022,0.003239411914599916,0.0013009999999999428,0.001300999999999955,0.0013009999999999357,0.0010030099999999798,0.0010030099999999795,0.0010030099999999795,0.07760837446730368,7.9511014928844,5.074793695446222,-0.02097802492232242,-0.04427100869063686,0.0925449818097724,15.608069658279419,-14.812019729614258,-32.82226915359497,1013.8958282470703,-0.362058612555453,39.246721395011
2025-06-11T20:39:29Z,39.98564138309572,-75.16055579152936,22.29662031948269,24.955619458105055,113.06988060797286,-1.0238062714838605,1.0984173712601664,0.028136766190888896,5.938234997685059,0.0010000000021014412,0.000999999997363209,0.0010000000043389288,0.0010000000012581306,0.000999999997602908,0.001000000005546496,4.5031307402060407e-7,4.503138177589621e-7,1.3762250968864151,80.68205475334295,113.74768837947333,0.05404461569456142,0.00042311384214035005,0.00018473175561691685,0.0032552213987886817,0.0013019999999999423,0.001301999999999954,0.0013019999999999358,0.0010030199999999793,0.0010030199999999786,0.0010030199999999784,0.8450585132219195,8.102205585482132,5.460828768249466,0.028688915795290718,0.15921722480863093,-0.008234456395378984,10.563369846343994,-23.37885961532593,-22.665159606933592,1013.9259643554688,0.012095987774523965,34.23246775716578
2025-06-11T20:39:30Z,39.98563648383848,-75.16060598091022,22.608697031744413,23.936427256870967,113.37738927276217,-0.9561012616091338,1.0444807805074707,0.15589640811552932,5.5701528738202155,0.0010000000024246662,0.0009999999972365803,0.0010000000043488123,0.0010000000011871836,0.0009999999977236625,0.0010000000051605521,4.342290273179014e-7,4.3422972262683015e-7,1.3585608422037212,80.33952921033038,114.49977240970102,0.05852693579231602,0.00033064679835582305,0.0002830634256777352,0.003281396814603657,0.0013029999999999422,0.0013029999999999544,0.001302999999999935,0.0010030299999999794,0.0010030299999999794,0.0010030299999999792,0.25489527347846286,7.8129074802425045,5.969241188998652,-0.015515067740226828,-0.27025636543874354,-0.3087919178121264,22.957349586486817,-16.00334963798523,-19.67737970352173,1013.9236755371094,0.04045707477810008,34.21027481959168
2025-06-11T20:39:31Z,39.98561362261732,-75.16067782313661,23.015432382985548,23.866736836048695,115.22693117677443,-1.0506122408875693,1.0952943454787998,0.13197347875124893,5.712799661289584,0.001000000002265368,0.0009999999969425035,0.001000000004528999,0.0010000000013843783,0.000999999997347676,0.0010000000054490993,3.9079535070761355e-7,3.9079591587944263e-7,1.3516874444214402,80.08805661648834,115.26716911332437,0.05749867308650782,0.0003769069379002715,0.00023108779704151183,0.0032902943297631704,0.001303999999999943,0.0013039999999999552,0.0013039999999999348,0.001003039999999979,0.0010030399999999787,0.0010030399999999787,0.1822200241250885,8.470115827563188,4.506672023768845,0.03550952298075448,0.11941605860222516,0.08193228242030261,24.66839952468872,-18.77335968017578,-13.718289756774903,1013.8332672119141,-0.1992268531567038,33.89921836475868
2025-06-11T20:39:32Z,39.985637030193836,-75.16062374936581,23.157978005044985,23.54511646760176,116.29364497191644,-0.8808259181981921,1.0725622181635799,0.08462661808580096,5.726007421319777,0.0010000000024334398,0.0009999999969113383,0.0010000000041598125,0.0010000000013724094,0.000999999997434027,0.001000000005859161,4.287357776992323e-7,4.287364594845205e-7,1.3494219660012863,79.83550356686906,115.5808256531906,0.057684704186437966,0.0003775536293665481,0.00021992683097459386,0.0032930026581673246,0.0013049999999999436,0.0013049999999999555,0.0013049999999999332,0.0010030499999999797,0.0010030499999999789,0.0010030499999999789,0.20708979868662314,8.430734895709234,5.1484340419724,-0.019047004118781925,-0.005841290333100671,0.04248584338477721,25.729799652099608,-18.347579574584962,-13.141229820251464,1013.9208145141602,0.08507914179790398,34.22491369822657
2025-06-11T20:39:33Z,39.98562461450579,-75.16064432714484,23.44434542120432,22.867851355536846,118.24311328349188,-0.7101959595560751,1.0664185880064998,0.053939786254188986,5.747240561319975,0.001000000002587271,0.0009999999971524295,0.00100000000435854,0.0010000000010751161,0.0009999999971439027,0.0010000000061346638,4.117615318129215e-7,4.117621591691045e-7,1.3431182647444653,79.65290873049217,115.47512450149048,0.051059438331183135,0.00037959489488617295,0.00020858438594863684,0.0032990342070765353,0.0013059999999999428,0.0013059999999999552,0.001305999999999934,0.0010030599999999788,0.001003059999999978,0.001003059999999978,-0.21918659515363434,8.538421701434363,4.8082629194218045,-0.0020700133701075044,0.008360327392297497,0.03192976589287517,23.652749443054198,-19.670669937133788,-13.396209716796875,1013.8942260742188,0.005816275744979681,33.55358170019862
2025-06-11T20:39:34Z,39.98562235969268,-75.160641514107,23.703623558743352,22.483469576299857,119.72352262523916,-0.5911724062749745,1.062351051710316,0.03911162515633483,5.755728158087836,0.0010000000022456644,0.0009999999970492493,0.001000000004160882,0.001000000000964716,0.0009999999969463865,0.001000000005975197,4.103396423343891e-7,4.103402633917958e-7,1.3276761025888517,79.5287260876081,115.28512840168901,0.04641823804293735,0.00037833053516920796,0.00020212672913236403,0.003307224332289701,0.0013069999999999432,0.0013069999999999564,0.001306999999999933,0.0010030699999999796,0.0010030699999999788,0.001003069999999977,0.17520576238000946,8.45207340622233,4.947762583728246,0.0005121745476043239,0.003862107508179442,0.012901014427806206,24.538469314575195,-18.99600954055786,-13.40352988243103,1013.9198608398438,-0.0007028201864224849,33.802899889560784
2025-06-11T20:39:35Z,39.985621376320935,-75.160639929457,23.948640193719765,22.266012936123264,120.9674879648558,-0.4983098103390687,1.0565085917354395,0.01220995311398357,5.759662258645036,0.0010000000021186369,0.000999999996947391,0.0010000000038787693,0.0010000000009954453,0.0009999999971033685,0.0010000000060401304,4.1021943355972094e-7,4.102200515099279e-7,1.3069611672611237,79.4577910146843,115.01311115367578,0.04224626817406735,0.00037569588392244864,0.00019828251539211338,0.0033143514281362284,0.0013079999999999422,0.0013079999999999574,0.0013079999999999331,0.0010030799999999804,0.0010030799999999796,0.001003079999999977,0.3899955814458325,8.432523082736106,4.961435674663198,-0.0015107197526599589,-0.006690084162757381,0.02192132465724375,24.45062961578369,-19.207069683074952,-13.440129709243774,1013.9279251098633,-0.004624967724584431,33.872975463966924
2025-06-11T20:39:36Z,39.98559617884759,-75.16070080094144,23.834864865107516,21.396975870838943,108.54888574930494,-0.5159704082511537,1.0614465788631224,0.01962113549385695,5.733760146032003,0.0010000000024583979,0.0009999999966310011,0.0010000000041390168,0.0010000000009023839,0.0009999999969066498,0.0010000000063184905,4.1020924758406663e-7,4.1020978899985346e-7,1.273048746440002,72.96477738356552,101.72232747860919,0.03734711861847037,0.0003657706116751186,0.00019588005840331208,0.003293155813479222,0.0013089999999999424,0.0013089999999999567,0.0013089999999999324,0.0010030899999999795,0.0010030899999999797,0.0010030899999999762,0.3683130925276551,8.431269907000733,4.9433033218345,-0.0012198315457412554,0.00006584992389328651,-0.008908939389964086,24.42866954803467,-18.996619606018065,-13.451109647750854,1013.9417724609375,-0.01388036583165998,33.74256039610524
2025-06-11T20:39:37Z,39.98540892584093,-75.16110919366662,23.564276523278625,19.457128537521662,87.61842505765266,-0.5868718729434759,1.0713175834480548,0.03450716150187602,5.689394016636012,0.0010000000029359837,0.000999999996775184,0.0010000000040418548,0.001000000000609602,0.0009999999969080684,0.0010000000064177997,1.1394390637069113e-7,1.1394393919869641e-7,1.233006418595578,61.711218898744065,81.05721427259452,0.03372044505226407,0.00035343179507380575,0.0001947755815761356,0.0032535806974718145,0.0013099999999999425,0.0013099999999999557,0.0013099999999999312,0.0010030999999999803,0.0010030999999999803,0.0010030999999999768,0.4380068069075796,8.428314517978222,4.940318058963451,-0.002018386279785899,-0.0014138495364702849,-0.016775411256388175,24.283489513397218,-19.276609897613525,-13.587139797210693,1013.9226608276367,-0.01206815386497172,33.85088607357225
2025-06-11T20:39:38Z,39.98537540656818,-75.16118252442452,22.855356239845747,13.402115448638984,49.007871621653585,-0.7554244783428696,1.0957203331077674,0.041012551369899015,5.624827472091439,0.0010000000028081203,0.000999999997088927,0.0010000000038380777,0.0010000000006237903,0.0009999999972070612,0.001000000006118045,7.693247324337616e-8,7.693248132976934e-8,1.1853787608903295,38.183195318747174,44.8140497086906,0.030514476487424353,0.00033529468415478516,0.00019283405466441619,0.003172284662491314,0.0013109999999999422,0.001310999999999956,0.0013109999999999318,0.0010031099999999807,0.0010031099999999807,0.0010031099999999772,0.3419918393463338,8.431539176944142,4.939326714511645,-0.000882589972430902,-0.0002139356861120084,-0.0035463820488370445,24.65314950942993,-18.902069759368896,-13.40474967956543,1013.9452514648438,-0.008445516888984126,33.834152946311605
2025-06-11T20:39:39Z,39.98536890470261,-75.16119627422094,22.766952219499373,10.02573774044739,33.9144907240103,-0.745592393796578,1.1013047461003,0.04934574373127548,5.597275165948998,0.0010000000025710896,0.0009999999969778617,0.0010000000038885507,0.0010000000006017927,0.000999999997078323,0.0010000000058780494,7.675030371326542e-8,7.675030924950244e-8,1.1564591622312337,27.714135256886383,31.11512460351494,0.029392726581916603,0.00033068201420171495,0.0001939806599142108,0.0031467661662991525,0.001311999999999941,0.0013119999999999562,0.0013119999999999321,0.0010031199999999815,0.0010031199999999815,0.001003119999999978,0.31946763915287774,8.473018716815044,4.938043593402839,-0.0017560873817836905,0.004377545890106229,-0.009732475023704714,24.745869636535645,-18.783119487762452,-13.175389623641967,1013.9118041992188,0.02783582312625516,33.74538653201174
2025-06-11T20:39:40Z,39.985376301933435,-75.16118238018757,23.126545945707992,10.393172535410056,34.30720975445512,-0.6836710596243238,1.1010822591132896,0.04367139876428021,5.599393489235853,0.0010000000024091252,0.0009999999966215042,0.0010000000041093453,0.0010000000005375399,0.0009999999973003648,0.001000000005960303,1.111623155520051e-7,1.1116232727275808e-7,1.138390500226076,27.873779009520533,31.455557824315118,0.02740720904720465,0.0003348596275377768,0.00019694406669640115,0.003152251112527357,0.0013129999999999403,0.0013129999999999563,0.001312999999999932,0.0010031299999999816,0.0010031299999999814,0.0010031299999999788,0.21996611223857782,8.729602550509615,4.33963904285042,0.004363389962565912,0.005306001049244872,0.0032575707280202456,24.87091941833496,-18.977709674835204,-12.678849697113037,1013.8502349853516,-0.03312142916029528,33.75597583367881
2025-06-11T20:39:41Z,39.9853898624731,-75.16116339457683,23.355461509976585,13.609882167814833,33.93906169779513,-1.1032170287821632,1.1242796587997144,0.18870983030834934,5.645033375718849,0.0010000000022391863,0.0009999999964513619,0.0010000000039110412,0.0010000000005544135,0.0009999999971643453,0.0010000000060155498,1.7420878231456617e-7,1.7420881141413185e-7,1.1258274887638242,28.06735184621736,32.120151099429535,0.031809617060125625,0.00035233249331025144,0.0001993268994515184,0.003205559705540602,0.00131399999999994,0.001313999999999956,0.0013139999999999318,0.001003139999999981,0.0010031399999999807,0.0010031399999999783,2.343575461884769,9.087322003685834,3.169265061510609,0.02254196002653128,0.11216911308364823,-0.11388849535062893,6.0572999000549315,-25.27656946182251,-8.814499807357787,1013.7936096191406,0.12101731418581746,27.44610118121699
2025-06-11T20:39:42Z,39.985406515867666,-75.16115793368861,23.200572093715238,15.149656567762268,34.620451241680904,-1.1919386886173464,1.2284575411836933,6.232560381777871,6.08145676973492,0.0010000000021284088,0.0009999999966190348,0.0010000000037423313,0.0010000000002572146,0.0009999999973253886,0.0010000000054987957,2.3207347290184022e-7,2.3207352528037838e-7,1.1193219546889221,28.306813188556696,32.66625162937359,0.03217488628825761,0.0003184241062951916,0.00022991627516202374,0.0031467380212816887,0.0013149999999999401,0.0013149999999999564,0.0013149999999999321,0.00100314999999998,0.0010031499999999802,0.0010031499999999774,1.0121251506485005,9.086293553355905,3.0747748246153823,0.08381001027193122,0.347051622512792,0.41874334865206936,-5.633349919319153,-13.402919673919678,-20.497219371795655,1013.8666076660156,-0.13873391183840358,25.12978991699284
2025-06-11T20:39:43Z,39.985418342835494,-75.16117430903752,22.856433393797573,14.70464886556672,35.48410921336813,-1.2177578321401192,1.2724181520423172,6.233529012927942,5.895746338769888,0.0010000000020883564,0.0009999999963610012,0.0010000000037721998,0.0010000000003713822,0.0009999999971034299,0.0010000000058298765,2.6063284946234916e-7,2.606329165195335e-7,1.1086430377373468,28.5836281008432,32.99132083999123,0.02774875385938799,0.0003399830701469128,0.0002175068832937046,0.0031553701666070565,0.0013159999999999405,0.0013159999999999567,0.0013159999999999325,0.00100315999999998,0.00100315999999998,0.0010031599999999765,0.2011117587436127,9.230510496142907,2.874593379136158,0.03935574365381505,-0.17462944744259876,-0.06248038674695817,6.98876986503601,-20.26114978790283,-25.325369548797607,1013.9629058837891,-0.11467651573880538,33.177222217058116
2025-06-11T20:39:44Z,39.985432527305285,-75.16119977448467,22.32587082649442,13.48454225715406,35.01473744920333,-1.4901234981125409,1.1815484085757875,6.156324355433856,6.0066207141446055,0.0010000000019907333,0.000999999996530603,0.001000000003376265,0.0010000000002301824,0.0009999999967486004,0.0010000000062145773,3.111976097493815e-7,3.1119770594129905e-7,1.094526729649877,28.900589580018327,33.2453780447712,0.025398113479175203,0.00033729634175095485,0.00023437916031881595,0.0031520847145951785,0.0013169999999999395,0.0013169999999999556,0.001316999999999931,0.0010031699999999795,0.001003169999999979,0.0010031699999999756,0.254682052669821,8.432964514736,4.424337713953061,-0.07775201899874838,0.08154924328356061,0.10812554445093515,6.60446982383728,-20.544799518585204,-21.483589458465577,1014.0375061035156,-0.25794992970873365,30.450769081551194
2025-06-11T20:39:45Z,39.98546524986818,-75.16118929749823,22.317024395495206,12.325258692204198,35.088293584075736,-0.5819575093387692,1.2067248849922958,6.240049488084079,6.042733602504513,0.0010000000020628547,0.0009999999965310642,0.0010000000032812715,0.0010000000004756265,0.0009999999966025862,0.0010000000061011782,4.573994039375074e-7,4.573996129191952e-7,1.0793754508850988,29.313708874349935,33.62148822785376,0.02370561360464701,0.00033178543343411,0.0002456035689691929,0.003175187391431726,0.00131799999999994,0.0013179999999999544,0.0013179999999999297,0.0010031799999999803,0.0010031799999999785,0.001003179999999975,0.2539039326588274,9.518813656810416,4.730698185202083,0.033347012964778426,0.06787805229378038,-0.06765808621949779,3.0823299407958986,-22.12591943740845,-25.164329528808594,1013.9383239746094,0.8481105214943769,33.64962314581407
2025-06-11T20:39:46Z,39.98548628579339,-75.16120042632997,22.577214909196044,13.54881264919324,34.455856359395234,-0.507623837268889,1.1648160060951058,0.29081613441988713,5.983126230148912,0.0010000000019511276,0.0009999999965279618,0.0010000000033812896,0.0010000000007411099,0.0009999999964319768,0.0010000000059852637,5.59842373781658e-7,5.598426891191164e-7,1.069122070433259,29.75504943785641,34.25224717110721,0.026110586117271347,0.00037372737904663514,0.00024441947619910153,0.0032869187363398283,0.0013189999999999402,0.0013189999999999532,0.001318999999999929,0.001003189999999981,0.0010031899999999774,0.0010031899999999737,0.47875954803476223,8.744598350255893,4.453615343890996,-0.03177974615200487,0.07666548516568535,-0.3474353591264701,9.643489754199981,-16.72802953720093,-28.989029693603516,1014.0043334960938,0.04066670469686139,34.830793531946796
2025-06-11T20:39:47Z,39.985488287475164,-75.16125717131705,23.026166422823426,15.169602400441088,34.21277899390962,-0.5363206765771331,1.132872125794446,0.25961171074735967,5.9167511494909055,0.0010000000016411076,0.0009999999964982215,0.001000000003073119,0.0010000000006281083,0.0009999999963999336,0.0010000000065013659,5.905540918219427e-7,5.905544469159861e-7,1.0695309849860497,30.237724163534367,34.971166537403825,0.029265531390252,0.0003816060929013739,0.00024165167531663723,0.003283536156231227,0.001319999999999939,0.0013199999999999542,0.0013199999999999297,0.0010031999999999819,0.0010031999999999784,0.0010031999999999745,-0.5284089664240321,8.869483660701409,4.3602740528735975,-0.010316193965073462,-0.06654893614600303,-0.000057389531099816824,6.815529870986938,-21.579969596862792,-24.19930934906006,1013.8713073730469,0.1130454608455997,33.132306726945146
2025-06-11T20:39:48Z,39.98550687471759,-75.16132737667903,23.160486871186524,17.669041698372034,33.03262538667404,-0.8286188514611932,1.1189664891497473,0.38293027801714646,5.894585226876298,0.001000000001487412,0.000999999996310915,0.0010000000033568311,0.001000000000781042,0.0009999999962922899,0.0010000000063202746,6.412169753128564e-7,6.412174005889781e-7,1.0846479316424995,30.77226661715868,35.849706082188696,0.0382144392806994,0.0004235719789134199,0.00024316180227586576,0.003353776373292215,0.0013209999999999383,0.0013209999999999544,0.00132099999999993,0.0010032099999999827,0.0010032099999999792,0.0010032099999999749,0.1641723463267931,8.680032758013564,4.891078606702843,-0.004220339264968902,0.03832337511053628,-0.12348333426548433,9.685515604521099,-22.553304873014753,-21.757736206054688,1013.9319915771483,0.1803214996507179,32.800252019619215
2025-06-11T20:39:49Z,39.98551442440119,-75.16143716497476,22.583846687998708,21.377641938985978,32.04846162627403,-1.7967637381844621,1.12017359423813,0.30970733405294204,5.8820979809663445,0.0010000000012195585,0.0009999999966205514,0.0010000000034971173,0.001000000000891932,0.000999999996602924,0.0010000000067363589,6.339708131494523e-7,6.33971237170345e-7,1.1225174931231285,31.29075268242333,36.980606467032004,0.053855804210735526,0.0004106508619701114,0.0002431213998725004,0.0033256287541406646,0.0013219999999999385,0.001321999999999955,0.0013219999999999307,0.0010032199999999835,0.0010032199999999796,0.0010032199999999753,1.1405262334033874,8.763384872038664,4.10287435398268,0.007513652032538545,-0.03894548415061077,0.05806438807275825,6.001789808273315,-21.038899421691895,-24.389629459381105,1014.0505676269531,-0.04087788108427131,32.7644238937866
2025-06-11T20:39:50Z,39.98554590400872,-75.16148930003905,21.880974862140782,21.524935843625737,31.797501746281682,-1.7628257522348165,1.1513560875737092,0.03698138493826905,5.991463804859741,0.0010000000012963812,0.0009999999967844559,0.0010000000033018035,0.0010000000009485577,0.0009999999963133115,0.0010000000068190779,7.308341545236317e-7,7.308347305664913e-7,1.1729888727291693,31.853795579198984,37.68625085092035,0.05332637864261372,0.00036191631346246285,0.00026021716134416365,0.003244100781668422,0.0013229999999999386,0.0013229999999999549,0.0013229999999999304,0.0010032299999999834,0.0010032299999999789,0.0010032299999999752,-0.5716617299479521,8.431516741756004,4.670678596731504,0.01563725029918825,-0.012668251529860251,0.2958269264699289,5.726679825782776,-20.424019622802735,-26.160459518432617,1014.0077056884766,-0.12841906900401018,33.67939528812677
2025-06-11T20:39:51Z,39.98555545769724,-75.16160261050459,21.714744521065224,21.046334486809137,31.67012212423495,-1.4195585726948854,1.1425663357617128,0.09547511220124848,6.02782898547798,0.001000000001641335,0.0009999999965773097,0.0010000000037862933,0.0010000000009046423,0.0009999999961096413,0.0010000000064841578,7.080714569078147e-7,7.080720064076871e-7,1.214959645192998,32.43755803911238,38.39627812472205,0.050620891404771495,0.00036450896950902085,0.00026536846313235027,0.003269003938612761,0.0013239999999999392,0.0013239999999999556,0.001323999999999931,0.001003239999999983,0.0010032399999999795,0.0010032399999999758,0.07475403787066044,8.685436867717144,4.893552594419992,-0.006735604978183764,0.0624189023323902,-0.04566410701379356,4.624409878253937,-22.39309959411621,-25.083199501037598,1013.9073791503906,0.1853174657787298,33.94111860568721
2025-06-11T20:39:52Z,39.985558736125235,-75.16175888851845,21.412236946090562,20.821154736434366,31.35893184114944,-1.5736060110488124,1.1116156215790705,0.1802723192400079,5.887390044776991,0.0010000000017075662,0.0009999999963508192,0.0010000000038079074,0.001000000001043689,0.0009999999958590165,0.0010000000064607688,6.437030764083095e-7,6.437035374488439e-7,1.2439186925783308,33.003885789210464,39.147020951814206,0.04810743765798904,0.000409442978052352,0.0002350120163861851,0.003308639313793083,0.0013249999999999389,0.001324999999999955,0.0013249999999999306,0.0010032499999999833,0.0010032499999999799,0.0010032499999999764,-0.3943935297436662,8.22205030823096,4.788709074791459,-0.008656633230539827,-0.08570092673862607,-0.14370814312106212,11.623549699783325,-18.698329544067384,-22.817049503326416,1014.0530242919922,-0.2609615528458037,31.707238427906518
2025-06-11T20:39:53Z,39.985593612388975,-75.16183428973709,21.23183618468404,22.080759803433228,31.354577319728627,-1.6564641126031419,1.0955513079984995,0.13481276094990394,5.876972538334674,0.0010000000015231644,0.000999999996615529,0.0010000000040743674,0.0010000000011262998,0.0009999999955784046,0.0010000000064047945,7.327747733971549e-7,7.327753813921251e-7,1.2670843436515447,33.56580043155297,40.286543714426195,0.05169048579607408,0.0004150722052941372,0.00022838118075623162,0.0033063183566070893,0.0013259999999999377,0.0013259999999999537,0.0013259999999999294,0.001003259999999982,0.0010032599999999794,0.0010032599999999759,0.9499881220740886,8.776689576152636,4.256354503866202,-0.01195493850402595,-0.024459523178686993,0.028301712457614748,5.474139881134033,-21.295099830627443,-24.511629486083983,1013.9927520751953,0.016407723034747686,32.92816614748524
2025-06-11T20:39:54Z,39.98561831944499,-75.16194133567289,20.841449027722287,22.200416024026236,31.044709864714346,-1.590352962372888,1.128399972863212,0.13690518757098946,5.888887062020235,0.0010000000013077985,0.000999999996403797,0.0010000000042816172,0.0010000000009686692,0.0009999999953436195,0.001000000006231774,7.630765833331097e-7,7.630772560103775e-7,1.2860910592324473,34.151176221749,41.270684694380535,0.04976788481341343,0.00042296485885765254,0.00022546697098374093,0.0033191999583508723,0.0013269999999999372,0.0013269999999999534,0.0013269999999999291,0.0010032699999999826,0.001003269999999979,0.0010032699999999756,0.04838414692726403,8.555225943568754,4.720878223117092,0.03300477589926741,0.015570635202571426,-0.003408987066011949,5.604679918289184,-19.499259853363036,-23.6692195892334,1014.1271057128906,-0.012596450122619977,31.174707169285984
2025-06-11T20:39:55Z,39.985635405311186,-75.16205851318085,20.494080102180458,22.376595780827525,30.36784239561583,-1.7457451605520005,1.0912231214590917,0.21760737667859653,5.754892877331814,0.0010000000010677544,0.0009999999967557943,0.0010000000041351111,0.0010000000006990502,0.0009999999952112857,0.0010000000060409833,7.555816303469206e-7,7.555823031634053e-7,1.2972300916223483,34.749846602303506,42.33129429896448,0.049023999682985105,0.00047060738897260847,0.00019738858264518744,0.0033651287183963843,0.0013279999999999375,0.0013279999999999536,0.0013279999999999293,0.0010032799999999818,0.0010032799999999784,0.0010032799999999747,-0.0011945313079322166,8.307676695827265,4.8006799926715,-0.012513676774725415,-0.07894527057092657,-0.13938562183705275,3.641089916229248,-17.798579597473143,-20.861389541625975,1014.1419067382812,-0.18894972622018585,27.66300309839503
2025-06-11T20:39:56Z,39.98563205961948,-75.16224212802756,20.791301597451014,24.480411461627583,28.722127505817078,-1.239428869873725,1.0638657670425529,0.3203539633945824,5.755277918606647,0.0010000000013128353,0.0009999999967578123,0.001000000004158341,0.0010000000005167793,0.00099999999545038,0.0010000000063312797,6.337123083835042e-7,6.337127930992366e-7,1.3178223191469123,35.48759083385388,44.05054598286776,0.060927972811044596,0.0005117762709356446,0.0001916639903659839,0.003432944345150437,0.0013289999999999387,0.0013289999999999541,0.0013289999999999294,0.0010032899999999822,0.0010032899999999787,0.001003289999999975,1.519243254047976,9.376414678275692,5.326524078515586,-0.02724738744413536,0.0546223774376715,-0.10077770639256245,6.204663025705438,-21.615189100566663,-23.364283812673467,1013.9409484863281,1.1064641997941627,32.42839362961948
2025-06-11T20:39:57Z,39.9856592886637,-75.16235896094469,20.50974866143114,26.3448316509672,26.859493063493794,-1.5336092229051645,1.112987105978746,0.3942665667552875,5.837833609867653,0.0010000000012908145,0.0009999999965996608,0.001000000003905946,0.0010000000005186058,0.0009999999954458363,0.0010000000065123447,6.481194216324715e-7,6.481199449183408e-7,1.3541338836293917,36.17165568714876,45.637472997623796,0.06830348144041985,0.0005379404972424323,0.00019864153373161533,0.003490982271652575,0.0013299999999999382,0.0013299999999999545,0.00132999999999993,0.0010032999999999832,0.0010032999999999796,0.0010032999999999752,0.0827147572996005,8.505310629847909,5.223690493937149,0.020585046507211824,0.10639230790763501,-0.0359763717421535,6.792349839210511,-19.820119667053223,-23.306269550323485,1014.2388763427734,0.19813152752758237,31.339307314064396
2025-06-11T20:39:58Z,39.985674277440005,-75.1625013487252,20.28360025741138,27.995491661966724,24.87607161587387,-2.1843597095513982,1.0916623112085497,0.4156625944481959,5.804192067473115,0.0010000000007956192,0.0009999999967870764,0.001000000003889807,0.0010000000007194382,0.0009999999958688146,0.0010000000063209815,6.191400669880423e-7,6.191405597030789e-7,1.396953392126243,36.854144977591204,47.34851330135334,0.07647723335691345,0.0005702154317392164,0.00018511922322796587,0.0035262399940810644,0.001330999999999938,0.0013309999999999544,0.0013309999999999297,0.0010033099999999838,0.0010033099999999804,0.001003309999999976,0.09359065726682081,8.2247288631674,5.140284324616994,-0.007544150977215604,-0.013659466286816161,-0.04237412845808319,5.233799910545349,-20.386809635162354,-25.66696949005127,1014.1007995605469,-0.08397977547382081,33.19344251565649
2025-06-11T20:39:59Z,39.98568397628686,-75.16265397835679,19.926172994186466,28.7924923821753,24.587572596037226,-2.7907848962432382,1.1118483447363112,0.11500704172335717,5.862299093588899,0.0010000000009681796,0.0009999999969459417,0.0010000000038044097,0.0010000000004797437,0.0009999999957529563,0.0010000000065366562,5.821823241583518e-7,5.821827739915953e-7,1.4363308974445954,37.35058790565076,49.05575112922434,0.07717752805856275,0.000484239975411666,0.00018786825305472184,0.0033813044628976468,0.0013319999999999383,0.0013319999999999545,0.00133199999999993,0.0010033199999999838,0.00100331999999998,0.0010033199999999768,0.4129799183226616,8.303004311564797,3.762445598837755,0.005226894770960813,-0.08299133770127237,0.2898754356142253,1.3676199777051807,-24.44391965866089,-40.24718971252442,1014.0019989013672,-0.6582612097907066,47.10846098391816
2025-06-11T20:40:00Z,39.985683387233315,-75.16282677563315,19.845161600878622,30.051929592177355,22.922917739132696,-1.2886770635743727,1.1829584477906623,0.4218569717674049,5.962618581127855,0.0010000000012327771,0.0009999999966810648,0.0010000000035672557,0.0010000000003817203,0.0009999999955689544,0.0010000000063971472,5.059294593269229e-7,5.059298115302273e-7,1.4682189321959993,38.16768680796789,51.22820210475021,0.08086438999880903,0.0005621323906350288,0.00020297951964262084,0.003557364714621157,0.0013329999999999388,0.0013329999999999555,0.0013329999999999308,0.0010033299999999846,0.0010033299999999811,0.0010033299999999757,0.47072074921724477,9.98550267249965,5.387115439364117,0.0462550159070353,0.22713570774339942,-0.26069309909432703,-0.10031110751960012,-24.92053286234538,-18.726321962144638,1014.086408342634,1.5726225167631394,31.172343418993563
2025-06-11T20:40:01Z,39.98568685551272,-75.16298276887059,19.43806908669763,33.30988364361718,20.10362695987221,-2.508240778564565,1.09668385982182,0.4856003264617927,5.75779465984014,0.0010000000013964897,0.0009999999968916282,0.0010000000035431534,0.0010000000002395313,0.0009999999954045775,0.0010000000064358404,4.3908412498894333e-7,4.3908440149805015e-7,1.5060891258298907,38.89028984882133,53.701310367406556,0.09373518934626533,0.000666537720465624,0.00015368291364311465,0.0036484530564293576,0.0013339999999999396,0.001333999999999956,0.0013339999999999314,0.001003339999999985,0.001003339999999981,0.001003339999999975,1.2320924298601936,8.563803981784325,4.898595308300266,0.00388958673047844,-0.1399127171554064,-0.14501547536893641,27.075459575653078,-14.635729789733887,-24.736719703674318,1014.2986145019531,0.15966910467194137,39.48653436297638
2025-06-11T20:40:02Z,39.985706387993794,-75.16310997258867,19.12856121612559,34.37260674849969,17.912289549021935,-2.985932293196263,1.1064335809594172,0.40235664702698587,5.779921513714074,0.0010000000016418898,0.000999999996579365,0.001000000003362995,0.0010000000003166742,0.0009999999950624915,0.0010000000062358552,4.5300659036788247e-7,4.5300689770676273e-7,1.5451008317674466,39.604987482620075,55.93788392048426,0.09486820698177047,0.0006293124556208839,0.0001483484649926532,0.0035927376467468214,0.0013349999999999395,0.0013349999999999558,0.0013349999999999313,0.0010033499999999845,0.001003349999999981,0.001003349999999974,-0.20127123264875213,8.382757472041378,4.8345429798329205,-0.0012339476766242549,-0.01599168665265307,0.06992184275632105,6.05485987663269,-21.91912956237793,-24.90324935913086,1014.0700378417969,-0.10352378850629604,33.72355228053927
2025-06-11T20:40:03Z,39.98572555122198,-75.163227697128,18.682009886731144,35.22909902306449,15.977816422541343,-3.382536461614803,1.105558055009815,0.42650276280430155,5.805520938042394,0.0010000000018709127,0.0009999999966097124,0.001000000003184458,0.0010000000000777805,0.0009999999952081554,0.0010000000063823174,4.919444779227402e-7,4.91944854828425e-7,1.5710406432513802,40.31772537181207,58.295542179653765,0.09355309757211402,0.0006571735961849692,0.00014422905024578304,0.003634651039358127,0.00133599999999994,0.0013359999999999564,0.0013359999999999319,0.001003359999999984,0.0010033599999999803,0.0010033599999999731,-0.11090882143542448,8.430143879893862,4.620781843897317,-0.012707694921959223,0.03585009564417563,-0.025751866545244747,5.178289914131165,-23.20439968109131,-24.2072395324707,1014.0544586181641,-0.1682357651856934,33.93001409842878
2025-06-11T20:40:04Z,39.98571568075558,-75.16338902881827,17.79891291467176,36.7201960430322,13.911834426036346,-3.762901035297073,1.0943437819960304,0.37239623827502516,5.771179388296813,0.0010000000018623087,0.0009999999965742367,0.0010000000035836323,0.000999999999965775,0.0009999999953610723,0.0010000000064482792,4.168512758567367e-7,4.168515572239776e-7,1.5867176799166944,41.082612752406085,60.963131488682784,0.09399806928098567,0.0006497210564531717,0.00013304441760775255,0.0036106672825720336,0.0013369999999999387,0.0013369999999999552,0.0013369999999999305,0.0010033699999999828,0.001003369999999981,0.0010033699999999722,0.4505501823257572,8.686016797069124,4.575011486348306,0.00041808079198607387,-0.049116461718319696,0.02002388992733046,7.099179792404175,-21.226779747009278,-22.835959434509277,1014.1860656738281,0.045414266867865025,31.975808567050635
2025-06-11T20:40:05Z,39.985738827117686,-75.1634955855303,17.688997896009923,37.11401770309019,11.708312474593896,-3.5616031016175587,1.14593675504835,0.42892151790780053,5.881717945304644,0.0010000000016337524,0.0009999999962473003,0.0010000000039361808,0.0010000000003102857,0.0009999999955443474,0.00100000000622775,4.877306731583839e-7,4.877310751332574e-7,1.5935037560523813,41.95650199499203,63.632329763827364,0.09090224404201193,0.0006822113047673634,0.0001442091468289779,0.003680419532992278,0.0013379999999999375,0.0013379999999999538,0.0013379999999999293,0.001003379999999982,0.001003379999999982,0.0010033799999999713,-0.1505889723319557,8.752960776332467,4.897993043225401,0.006684111734886414,0.12127380145805046,-0.024349607524041816,4.899519896507263,-23.318469524383545,-25.357699489593507,1013.9603271484375,0.24943890681057218,34.796058853142846
2025-06-11T20:40:06Z,39.98575502764998,-75.1636125611319,17.71699213474471,38.08074517135238,9.261784930070883,-3.3897623659548524,1.1347611242030133,0.33538020821557984,5.785367436496061,0.001000000001619659,0.0009999999959635368,0.0010000000037445008,0.0010000000000507806,0.000999999995586585,0.0010000000061337186,5.138952310483014e-7,5.13895695414783e-7,1.5929991384868663,42.943928504443626,66.59550660891018,0.08992918353647433,0.0006672459996050238,0.00012466509788639632,0.0036269994144315326,0.0013389999999999364,0.0013389999999999529,0.0013389999999999303,0.001003389999999983,0.001003389999999983,0.0010033899999999723,0.45049406343535126,8.962726592067655,4.841710691686509,0.02330221000728018,-0.11701359925252919,0.030913045193825817,6.1079298734664915,-23.597849655151368,-24.572019481658934,1013.9710845947266,0.4152326553123347,34.61135576582896
2025-06-11T20:40:07Z,39.98576411654876,-75.16373188839226,18.496064723419266,37.56037466770931,7.369636937568534,-3.0163637759366924,1.135170689108459,0.21265924432212752,5.845692130036716,0.0010000000016702668,0.0009999999958489195,0.0010000000039382824,0.0010000000000099183,0.0009999999956994637,0.0010000000061816119,4.987359156253338e-7,4.987363701269968e-7,1.5827388362030688,43.916044971072296,69.14460613021124,0.08202663362946438,0.0006296485868493074,0.0001291690933891418,0.003562963854517284,0.0013399999999999356,0.0013399999999999521,0.0013399999999999309,0.001003399999999983,0.001003399999999983,0.0010033999999999725,0.14376316124038857,8.566886483673317,4.797257017131876,-0.01810435303232521,0.0054498192364401486,0.11814679314327792,12.7355797290802,-18.535459423065184,-25.93353967666626,1013.7354736328125,0.038282125702986704,34.3264219947966
2025-06-11T20:40:08Z,39.985802476802085,-75.1638169956816,18.621382817513204,37.33449415884895,5.905620796481786,-2.7425625103799245,1.1311009451588856,0.2379516156670282,5.850164480596511,0.0010000000014863866,0.000999999995746908,0.0010000000036807317,0.0010000000001879209,0.0009999999955967252,0.0010000000059652442,6.11514515009546e-7,6.115152227187449e-7,1.5579056388105745,44.91600704198718,71.57718398487222,0.07290014044639252,0.0006507358498657144,0.00012798508477022738,0.003596765168203703,0.0013409999999999356,0.001340999999999952,0.0013409999999999317,0.0010034099999999837,0.0010034099999999835,0.001003409999999973,-0.04884287884998453,8.505056237224917,4.832803442116614,-0.005616463370631129,0.018434274632593284,-0.03406133211044358,8.297219800949097,-20.32824945449829,-24.223709487915038,1013.98388671875,0.0011322832313925444,32.69352181950826
2025-06-11T20:40:09Z,39.9858178169431,-75.16390679328876,19.670558152658415,37.56365497417914,4.901885085848992,-2.0780571001579164,1.1231511317118643,0.020617704636305457,5.8517457282991625,0.0010000000015405004,0.000999999995869194,0.0010000000038631344,0.0010000000003687543,0.0009999999955434269,0.0010000000061733787,6.294892495747963e-7,6.294900231237791e-7,1.5251154212083307,45.96349215061589,74.40072275806696,0.0668474007192594,0.0006253272057118573,0.00012776761294895427,0.0035046016303264343,0.0013419999999999342,0.0013419999999999528,0.0013419999999999303,0.0010034199999999838,0.0010034199999999838,0.0010034199999999732,1.2077651018038429,8.932911299709758,4.586380230423107,-0.008178666102305774,-0.08850378053660692,0.18543713369369025,12.142659759521484,-22.063089752197264,-26.685669708251954,1013.6974792480469,0.3327700687757484,36.69257912808734
2025-06-11T20:40:10Z,39.98585509888228,-75.16398926786736,20.027419792443304,35.953870514758094,4.731996064151122,-1.795424779149806,1.1234788315887616,6.240539541947708,5.870248952589911,0.0010000000013160478,0.0009999999961354717,0.001000000004202271,0.0010000000005875164,0.0009999999957966952,0.0010000000060049047,7.544355609639063e-7,7.544367052071309e-7,1.4803802795151229,46.88745931330533,76.1121313242365,0.05342641149094235,0.000632768868211662,0.00013192844804150563,0.003496611778631117,0.0013429999999999334,0.001342999999999953,0.0013429999999999293,0.0010034299999999844,0.0010034299999999844,0.0010034299999999738,-0.132299521030536,8.451179217342693,4.8165938606223575,0.0012532725703009063,-0.007607436574904492,0.05626694933219939,5.967629885673523,-22.014899826049806,-24.900809574127198,1013.9790039062501,-0.05278396242882711,33.768555114953124
2025-06-11T20:40:11Z,39.98587925060452,-75.16410943589021,20.534302104169598,34.58945815620896,4.881135178486353,-1.5732933520624113,1.1002703702003476,0.03878570982479347,5.6974509143724,0.0010000000014477972,0.0009999999962324595,0.0010000000042255659,0.0010000000004548417,0.0009999999959995765,0.001000000005680354,7.539904106093843e-7,7.539915776939192e-7,1.4214428254064717,47.86257131652298,77.89122838397005,0.04384486971545806,0.0006577084256575966,0.00011987050402403467,0.0035385023798736727,0.0013439999999999338,0.0013439999999999522,0.0013439999999999297,0.0010034399999999835,0.0010034399999999852,0.0010034399999999744,-0.21335821012073486,8.416728805545857,4.827936493392556,-0.02266423224902789,-0.11739913674023625,-0.15940611360636323,5.729729866981506,-19.21316957473755,-25.269859409332277,1013.9146118164062,-0.0756168535322094,32.257374560538885
2025-06-11T20:40:12Z,39.98589406082599,-75.16425856203033,21.15324725951972,35.77561613630253,2.9376786606930994,-0.8657852647008407,1.0927239891843483,0.3586584503009518,5.573325199324218,0.0010000000011417345,0.000999999996144022,0.0010000000042664295,0.0010000000006224695,0.0009999999960372367,0.001000000005579291,7.119167003643109e-7,7.11917764391965e-7,1.3696547296419093,49.53701246964705,80.76931785863493,0.04727682343812842,0.0007527394282818051,0.0001321198219019186,0.003766415524847976,0.0013449999999999346,0.001344999999999951,0.0013449999999999307,0.001003449999999984,0.0010034499999999843,0.0010034499999999735,0.8533783724293535,8.818831323627425,5.807625105764217,0.01922450314789229,0.042202727664537185,-0.36122229418726565,5.39788988828659,-22.870729637145995,-24.811749362945555,1013.9227600097656,0.8129344083291232,34.17348286428709
2025-06-11T20:40:13Z,39.985911292740255,-75.16440304587258,21.76122815955961,36.89830462692018,3.5790004531423696,-1.7084110692072827,1.011088924439451,6.279191210375533,5.715503279480056,0.001000000001386353,0.000999999996185187,0.0010000000043614114,0.001000000000872311,0.0009999999958127262,0.001000000005498715,6.903810781534224e-7,6.903821040457118e-7,1.3316135744017554,50.58501517428126,83.19075689067218,0.042456384697789416,0.0006770957702519114,0.00012783790642215806,0.0035482059218217214,0.0013459999999999338,0.001345999999999952,0.0013459999999999315,0.0010034599999999851,0.0010034599999999851,0.0010034599999999743,-0.049443388727171814,7.712690371744288,3.904958343115582,-0.1087865693258758,-0.05611776295210699,0.39953140818514793,3.560569870471954,-36.35904941558838,-27.306649494171143,1013.8061981201172,-1.1359072303071096,45.61037836385842
2025-06-11T20:40:14Z,39.985930153890635,-75.16453137191907,21.499537929465316,38.85953656249982,3.4841576678746833,-1.6546086392749488,1.048590839074227,0.29085145205173113,5.666699865309379,0.0010000000014887295,0.0009999999962538183,0.0010000000043213098,0.0010000000009983527,0.000999999995719137,0.001000000005579837,7.012068770126457e-7,7.01207964543391e-7,1.3000764607737725,51.94200406660295,86.1152345272721,0.04159863432545628,0.0007481431987734542,0.00013213472565352913,0.0037374930957173804,0.001346999999999934,0.0013469999999999518,0.00134699999999993,0.0010034699999999844,0.0010034699999999842,0.0010034699999999738,0.8968817395852053,8.50040249729538,4.824876433397939,0.04874021846341279,0.1174933644819502,-0.29129005319429946,5.595529913902283,-24.72085952758789,-23.105579471588136,1013.9901428222656,0.03436741580025648,34.297159885606085
2025-06-11T20:40:15Z,39.98592748199874,-75.16467132040232,21.830347114240734,40.49063179768872,4.381430420513942,-1.8885511449584675,0.9536350901717621,0.08028852546856265,5.585528455844614,0.0010000000017800807,0.0009999999965194459,0.001000000004113104,0.001000000001265814,0.0009999999954718093,0.001000000005412455,5.924589608776439e-7,5.924597596315936e-7,1.2749182150511027,53.224999872547876,88.82421389672513,0.03998696014303445,0.0006950564950838259,0.00014114605417677353,0.003610939950943125,0.001347999999999935,0.0013479999999999515,0.001347999999999931,0.0010034799999999852,0.001003479999999985,0.0010034799999999746,0.09551625561670074,8.141399477962427,4.703134966614991,-0.07674196010927851,-0.17820254347231557,0.13012202265207531,9.937509870529174,-20.280669593811034,-23.67958974838257,1013.6797637939453,-0.3783709731503166,32.72276447026522
2025-06-11T20:40:16Z,39.9859369584276,-75.1647946471397,21.385300874612234,42.37529720086276,5.146268309177213,-1.754390652494262,0.9766503905645388,0.17348218011644145,5.677892129472938,0.0010000000017679,0.000999999996163627,0.0010000000043635783,0.0010000000008892277,0.0009999999953660675,0.0010000000052972564,5.440611624260368e-7,5.440618575272591e-7,1.2523454986018865,54.50959272223463,91.8466853766033,0.03857159626800165,0.0007265101647046778,0.00014021524357394705,0.0036783375964504718,0.0013489999999999364,0.0013489999999999516,0.001348999999999932,0.0010034899999999854,0.0010034899999999838,0.001003489999999975,0.5038772752267202,8.645547198299074,4.864769726033866,0.01398934716092503,0.13309557706197916,-0.028864479837763676,2.8328399538993834,-23.589919662475587,-23.176949501037598,1013.9950103759766,0.15185023164607417,33.191518718762524
2025-06-11T20:40:17Z,39.98595249362992,-75.16490118066866,21.302333731611945,43.19405798425007,6.531576529247572,-1.7670977634027154,0.9669018636850852,0.017141567078578404,5.57354985462262,0.0010000000014231559,0.000999999996121363,0.0010000000042588832,0.0010000000007414093,0.0009999999951055987,0.0010000000055462057,5.382966721465912e-7,5.382973747673583e-7,1.2287718497594813,55.69248742792083,94.50834852136661,0.035485942268591864,0.0007089722912195919,0.00014937270903232544,0.0036072020976359743,0.0013499999999999365,0.0013499999999999521,0.0013499999999999326,0.0010034999999999849,0.001003499999999984,0.0010034999999999745,-0.2127596523853934,8.3236917009392,4.762316649194168,0.0025855855318207216,-0.17145188259335636,0.06551819608575862,7.683559775352478,-21.137719440460206,-23.34591951370239,1013.8740081787109,-0.1892418861424977,32.41710883494781
2025-06-11T20:40:18Z,39.985967919686914,-75.16500429094427,20.57830737220619,43.679474936733506,9.916406733531202,-3.8421797701443623,1.107244971005261,6.241209772056719,5.4574727501492655,0.0010000000011527752,0.0009999999959959397,0.0010000000042245988,0.001000000000749053,0.0009999999949417563,0.0010000000053437244,5.013559913719854e-7,5.01356618698498e-7,1.198050765945397,56.081152569910266,96.83060971056462,0.036278112938871974,0.0006991135014386829,0.00017363400263927068,0.0035975411654915624,0.0013509999999999367,0.001350999999999953,0.0013509999999999325,0.0010035099999999844,0.0010035099999999844,0.0010035099999999738,-0.7744625722695005,7.676798675643167,1.6581496978444699,0.1397787903670258,-0.1274980644870034,-0.016200017374898477,11.345999908447265,-17.491749668121336,-26.777779483795165,1013.7780303955078,-1.8898300127032936,33.93728117628583
2025-06-11T20:40:19Z,39.985975587268385,-75.16511734837428,19.375880959045002,41.551297085911,9.596657730251714,-2.494444953109552,1.098239792135729,0.011957327376159668,5.575306048024245,0.0010000000012002808,0.0009999999961407629,0.0010000000040290007,0.0010000000005121956,0.0009999999950379972,0.0010000000051484383,4.5899964705548263e-7,4.5900018862180965e-7,1.1645666800069998,57.6896318197617,99.16284939728618,0.027080572416168014,0.000727551318705863,0.00015836985778965983,0.003631324040930285,0.001351999999999936,0.0013519999999999524,0.0013519999999999316,0.0010035199999999839,0.0010035199999999839,0.0010035199999999733,-0.17415690317306462,9.134828518871497,6.09996840858037,-0.010351165407154972,0.13272252751647606,-0.0024222434949947302,3.111609971523285,-23.267229557037354,-25.818859767913818,1013.9414367675781,1.203983662157842,34.89492899655619
2025-06-11T20:40:20Z,39.98599038298776,-75.16523091119228,19.760132930231663,39.50920701907913,9.892794124675497,-1.9928087203992817,1.0406443224619644,6.271204913204988,5.597468974091695,0.00100000000134011,0.000999999995860891,0.001000000003785835,0.0010000000005913937,0.0009999999948196317,0.0010000000053737887,4.54961655662211e-7,4.549622005194373e-7,1.128060781170694,58.99064856072663,101.7211080353848,0.023152805105001055,0.0007381350711342308,0.00016201930663718695,0.0036348344741382764,0.0013529999999999352,0.0013529999999999517,0.0013529999999999313,0.001003529999999983,0.001003529999999983,0.0010035299999999723,-0.44281251116217,8.680977653507277,4.957702266212249,-0.06276267107999879,0.010702698567256254,0.02167429098786964,3.560569930076599,-23.55697956085205,-25.967699432373045,1013.5746917724609,0.2250125696685345,35.24098161326862
2025-06-11T20:40:21Z,39.98599269898921,-75.16535760464718,19.94516420024352,37.750888351900954,9.951575607711314,-2.4469409817615464,1.0103416295036312,6.121696692931743,5.683705809027809,0.001000000001172131,0.0009999999957405498,0.0010000000035009166,0.0010000000004281558,0.0009999999950133919,0.001000000005159857,4.139118157732859e-7,4.1391227727579767e-7,1.0911613851965702,60.13271814339379,104.25011188055585,0.021006747046478622,0.0007676315086309035,0.00016427014138654713,0.003598765963282576,0.0013539999999999358,0.0013539999999999522,0.0013539999999999319,0.0010035399999999833,0.0010035399999999833,0.0010035399999999725,0.5832974383370588,7.8116280665439035,4.558192144866973,-0.02871792591142932,-0.0013439038823709068,0.16502527573167336,2.948129931092262,-23.639329624176025,-24.12366943359375,1013.6065063476562,-0.7186335024093691,33.90364825058183
2025-06-11T20:40:22Z,39.98600372107254,-75.16546735473925,19.67663213148317,35.412541541145764,10.37382351870805,-2.1581872996016256,1.0543580151084606,6.1560261772366935,5.865091431318187,0.001000000000937613,0.0009999999958160855,0.0010000000032747247,0.0010000000003105964,0.0009999999952060115,0.001000000005432599,4.3090762163689486e-7,4.3090813429007e-7,1.0540715317095621,61.29493890334428,106.86684791966734,0.01893470696694927,0.0007484680717027565,0.00018869237210913435,0.003619014399151018,0.0013549999999999352,0.0013549999999999517,0.0013549999999999311,0.001003549999999983,0.001003549999999983,0.0010035499999999724,0.3716126059878072,8.733803414349048,4.729564646419362,0.06562394693078497,0.1759544010566122,0.055549164973627434,4.793379878997802,-25.378439521789552,-21.72941961288452,1013.7685546875,0.15741897884302994,33.75212493880267
2025-06-11T20:40:23Z,39.985993176894205,-75.16559356443412,20.729166800046592,32.26108520866157,8.531316581033051,-0.04545825634315259,1.0531084848334518,6.260144062860385,5.638919807897438,0.0010000000012109005,0.0009999999959482094,0.0010000000031072358,0.0009999999999932491,0.0009999999950450888,0.0010000000058794335,3.682374304583564e-7,3.682378140486206e-7,1.013381150040275,63.26898066379032,109.86338782486962,0.015499284075894374,0.00076032374116834,0.00018050354161396577,0.0036684486370749574,0.0013559999999999347,0.0013559999999999512,0.0013559999999999306,0.001003559999999982,0.001003559999999982,0.001003559999999971,0.31140593045856174,9.256472775880706,7.412750457760397,-0.024336284235430408,-0.14718381112334547,-0.2143265291394975,-4.362719881534576,-11.580239725112914,-37.480229187011716,1013.5387420654297,2.081427897220667,39.47022745019519
2025-06-11T20:40:24Z,39.985997957143894,-75.16570542205373,22.180100785338187,31.555387846622658,7.96727116258892,0.11550373485909086,1.0328147079817687,6.153318755174032,5.639156451662986,0.0010000000010137418,0.0009999999960396322,0.0010000000031691245,0.000999999999738631,0.0009999999949087423,0.001000000005826617,3.639474686291033e-7,3.6394785261707707e-7,0.9744857844147454,64.82982621836403,113.05228317988916,0.015133190930539877,0.0007804103410496847,0.00018884421266655098,0.00363995971067977,0.0013569999999999357,0.00135699999999995,0.0013569999999999316,0.0010035699999999825,0.0010035699999999825,0.0010035699999999719,1.223087987559568,8.336788754705667,5.0696760802275165,-0.02357020443793643,-0.05340401039568678,0.08828491431864627,4.937949919700623,-23.012859439849855,-25.860949516296387,1013.6946868896484,0.05220643121153153,34.967988411786216
2025-06-11T20:40:25Z,39.9860201367832,-75.16581216172202,23.391614598020617,29.8959104279645,9.453472917220806,0.22380477350703318,0.981041591908671,6.07051504252015,5.778240897950856,0.0010000000012415687,0.0009999999957811812,0.0010000000034804774,0.0009999999995348651,0.000999999994901527,0.0010000000059039976,3.853845635541589e-7,3.853850047298938e-7,0.9401726247643991,66.05164965229422,115.76926194216394,0.014028391387620716,0.0008098232012407249,0.00019847054133982403,0.003629901283446249,0.0013579999999999359,0.0013579999999999493,0.0013579999999999315,0.001003579999999983,0.001003579999999983,0.0010035799999999707,0.02210029789704038,8.774422595445301,4.74285256766956,-0.03004524325832664,0.07274765389176706,0.14138755627883942,4.585369944572449,-23.223919677734376,-25.692589569091798,1013.7201309204102,0.19270486012657412,34.935392934274624
2025-06-11T20:40:26Z,39.98602547894216,-75.16593450065164,24.56274647721748,28.421120061060073,10.54767219783042,0.6388022221688489,1.0207067304811648,6.244699198481979,5.6491846948631155,0.00100000000107087,0.0009999999957519133,0.0010000000031363079,0.0009999999997789867,0.0009999999950058875,0.0010000000057335614,3.182726861836952e-7,3.182729945526884e-7,0.9077742368344407,67.54126280436424,118.78173654514717,0.014528532726538932,0.0007853236859331448,0.00020634101645754786,0.0036930082154318328,0.0013589999999999364,0.001358999999999949,0.001358999999999932,0.0010035899999999824,0.0010035899999999824,0.0010035899999999718,-0.22442765480404078,8.782506751064705,5.236993396070099,0.022476176709401816,-0.014405560542736721,-0.22112714879246365,6.907639908790588,-23.15437955856323,-24.80137939453125,1013.7258911132812,0.4461931277298506,34.62579516909409
2025-06-11T20:40:27Z,39.98604270674311,-75.16603987055178,25.38553341626427,28.754146383094454,11.118822283093762,-0.9543707660997935,0.9189814743447065,6.2512656813469345,5.645297125089351,0.0010000000010721372,0.0009999999956739317,0.0010000000032478746,0.0009999999999168946,0.000999999994904278,0.001000000005997959,3.6031488818599205e-7,3.6031529402938465e-7,0.882947144579137,68.82444580643327,121.93759585641787,0.015255622357646586,0.0007934811572444583,0.00021646868359109618,0.0037055966264067505,0.0013599999999999353,0.0013599999999999478,0.0013599999999999314,0.0010035999999999828,0.0010035999999999828,0.0010035999999999721,0.564791017188551,7.2650879068119085,3.724796923038207,-0.10418676084257912,-0.0003338440844208243,-0.009740802208107307,2.648619943857193,-23.92175931930542,-28.16796932220459,1013.4716796875,-1.5979232124387144,37.0499189724788
2025-06-11T20:40:28Z,39.98605667216407,-75.1661641632141,24.37138478487971,31.741906559868966,10.328090275967499,-2.1863359463975405,0.9070283049654524,0.1323624125410793,5.694167361837499,0.0010000000011143645,0.0009999999957251583,0.0010000000035905565,0.0010000000001057845,0.0009999999946088758,0.0010000000062891212,3.4068653449326253e-7,3.406869078891223e-7,0.8710464887224099,70.41198805269809,126.27781671950834,0.0188280818060455,0.0008170305726397441,0.0002241176133196282,0.0038101662849114953,0.0013609999999999354,0.001360999999999948,0.001360999999999931,0.0010036099999999838,0.0010036099999999838,0.0010036099999999732,2.633991039334656,7.752943929080521,4.092396645781131,-0.016203348174608105,0.1397005152716036,-0.10254801799817034,3.430639958381653,-24.6793794631958,-25.65171937942505,1013.8346252441406,-0.6277687204062281,35.7609863203573
2025-06-11T20:40:29Z,39.98606817152642,-75.16628944022845,23.08944684481581,33.568765414654045,9.234883023870367,-2.498492692467152,0.9710981126343337,0.2902891787660897,5.829217418616644,0.0010000000012844177,0.0009999999960065397,0.0010000000035495372,0.0010000000001761543,0.0009999999941748736,0.0010000000060045938,3.158534818526763e-7,3.158538141936532e-7,0.876815172426996,71.99429774129776,130.81958452731442,0.02936335295859648,0.0008728232810319896,0.0002406107847433983,0.003957904855518992,0.001361999999999935,0.0013619999999999477,0.0013619999999999308,0.0010036199999999826,0.0010036199999999844,0.001003619999999972,0.580398211042301,8.70197558308075,4.526364313598857,0.031326815627586914,0.2002354763544724,-0.05419970864544534,3.384279930591583,-24.0144793510437,-25.674289512634278,1013.6874237060547,0.04439100890295822,35.31733470093946
2025-06-11T20:40:30Z,39.98608594887352,-75.16641429405226,21.8854043591061,33.82108990605193,6.820071794357682,-2.4381298822453963,0.9334696685908428,0.1961627342216904,5.649447097338747,0.0010000000012813056,0.0009999999963883534,0.0010000000036522226,0.0010000000004606788,0.000999999994307246,0.0010000000059505426,3.1445538257940156e-7,3.144557234222786e-7,0.9068091957650616,73.39189942614722,134.9258635675243,0.03985821457901261,0.000835573546639812,0.0002463520710065217,0.0038744380707666447,0.0013629999999999348,0.001362999999999947,0.0013629999999999305,0.0010036299999999832,0.0010036299999999843,0.0010036299999999728,-0.24288918993005448,8.680588602070033,4.928900762435225,-0.002448057097326174,-0.20354728793515384,-0.0318538579674879,6.262869858741761,-22.569999790191652,-24.87091941833496,1013.7335815429688,0.20399122552330715,34.164127360081686
2025-06-11T20:40:31Z,39.98611028307172,-75.1665245511068,20.554388409997195,32.64111594811408,3.0470310882280165,-3.4821570709963807,0.9818423257562763,0.09821095265917074,5.869147114604352,0.00100000000103838,0.000999999996565607,0.001000000004035796,0.0010000000003883547,0.000999999994878504,0.001000000005816526,4.211951824760911e-7,4.211958127293219e-7,0.9659297795052129,74.07080979062363,138.23074469796063,0.05408157823512881,0.0007991129471757221,0.000258074650080063,0.0038117626711113373,0.0013639999999999354,0.001363999999999948,0.0013639999999999312,0.0010036399999999832,0.001003639999999984,0.0010036399999999723,0.786173023117411,7.840846830708244,3.985948756606994,0.0011847846505747728,0.11901220069056144,0.19814635456503424,3.936533292134603,-23.088499387105305,-25.586788495381672,1013.7412109375,-0.9499454106630282,34.68797092460004
2025-06-11T20:40:32Z,39.9861161378417,-75.1666610955087,19.326606562137243,30.016522629204253,-2.2763827013274143,-2.7411667733574143,1.0373260547351877,0.2518250641423269,5.853833491362321,0.0010000000010539803,0.0009999999965681445,0.001000000004418092,0.0010000000000044056,0.0009999999948310492,0.0010000000057233307,4.315817714265592e-7,4.3158244880740747e-7,1.0563629739530753,74.35169294417344,141.467796840066,0.06851454841019362,0.0008306436679731578,0.0002586370856276292,0.00393656930641873,0.001364999999999936,0.0013649999999999485,0.0013649999999999316,0.0010036499999999822,0.0010036499999999848,0.0010036499999999718,0.3227596668292629,9.335660981181718,4.665033536191719,0.0396846559602609,0.06407430035201753,-0.1548254586106589,4.9538098812103275,-24.06754951477051,-25.58827934265137,1013.8470306396484,0.6611047662834232,35.47595826551876
2025-06-11T20:40:33Z,39.986108541447294,-75.16681880090336,19.40800145270617,19.138747694354578,-10.45473218547518,-2.8389677801525504,1.0711622134790082,5.838666520302636,6.079332875828798,0.0010000000009846037,0.0009999999965277086,0.0010000000043712406,0.0009999999997805837,0.0009999999947636763,0.0010000000057096095,4.5226075424497943e-7,4.522615109231257e-7,1.1331964466635016,73.65428881769894,141.23493687706565,0.04535256197113226,0.0008636916724432376,0.00029303317136588833,0.0037241963614763705,0.001365999999999936,0.0013659999999999482,0.0013659999999999317,0.0010036599999999818,0.0010036599999999852,0.0010036599999999711,-1.4014957429143895,7.535722534898375,4.607879518504493,0.02651308120786702,-0.17494004455483508,0.8406908532323825,3.8759398952126505,-21.867889595031738,-27.77207956314087,1013.4901275634766,-0.8358698043661907,35.55998176753052
2025-06-11T20:40:34Z,39.98609754884735,-75.16696744757883,19.310055640744466,8.618248712461611,-19.48721107584244,-2.8492793823327824,1.116108908724788,6.024181862416363,6.140008977346059,0.0010000000013372335,0.0009999999966172006,0.0010000000043526205,0.0009999999998415296,0.000999999994601369,0.0010000000057896932,4.344036362414239e-7,4.3440433833833364e-7,1.140159794978617,73.10811097404292,140.89405462812758,0.024651050959844593,0.0007138163115486067,0.0002995736092563135,0.0037202705298305773,0.0013669999999999364,0.001366999999999949,0.0013669999999999303,0.001003669999999981,0.0010036699999999845,0.0010036699999999704,0.5894924359162736,8.133891343120231,5.511888827915589,0.03767119906375705,0.14388480864616338,-0.16106983947579803,3.7850499510765077,-24.689139461517335,-24.924599361419677,1013.58984375,0.06497451585805894,35.28614864513046
2025-06-11T20:40:35Z,39.986079809565425,-75.16711022322743,18.783334285039324,-1.3141554221778842,-26.508389333418844,-3.3962665289477623,1.16668699560642,5.955160535154068,6.082106649627985,0.0010000000016798965,0.0009999999962011154,0.0010000000040732999,0.0009999999998876817,0.000999999994477471,0.0010000000059503587,4.327919966831941e-7,4.327926960536799e-7,1.0937100811327072,72.52258099077936,140.70527776214823,0.018772376431921287,0.0007357046232041809,0.0002848809464959708,0.0037252811601839486,0.0013679999999999357,0.001367999999999948,0.0013679999999999307,0.0010036799999999816,0.0010036799999999834,0.0010036799999999708,-0.46991187839343757,8.730982827189967,3.820968904505788,0.008037241497002676,-0.07746390577034627,0.02185415338704676,6.862499833106995,-22.371139526367188,-24.703779411315917,1013.6701812744141,-0.235433194945363,34.02697540086376
2025-06-11T20:40:36Z,39.98605861287013,-75.16725925948788,17.579617412718033,-11.00356864686535,-34.34232690515911,-4.13539296507212,1.2034794295170939,5.884873631483691,6.031563406456146,0.0010000000020125588,0.000999999996243032,0.0010000000042219394,0.0010000000003021318,0.0009999999945835645,0.0010000000058097787,4.523814629846528e-7,4.523822305414456e-7,1.0177394931466046,72.65499528453915,140.85606058463046,0.01871921599791088,0.0007656442534091633,0.0002823046305260176,0.003737225749135228,0.0013689999999999365,0.0013689999999999488,0.0013689999999999313,0.0010036899999999811,0.001003689999999982,0.0010036899999999707,-0.03819242215324543,8.260746597293837,4.87903026693652,-0.006250143834452036,-0.069697357963836,0.03453277076558289,4.627459931373596,-23.432539558410646,-25.045379543304442,1013.7370147705078,-0.1826215123293528,34.608739114778075
2025-06-11T20:40:37Z,39.98602851885774,-75.1674067162486,16.17494256139377,-20.735077178949453,-41.59166876924753,-4.48402082159555,1.128720655109602,5.833969911957714,6.188447477050404,0.0010000000016104984,0.0009999999964151322,0.0010000000040095247,0.0010000000005904823,0.0009999999946720872,0.0010000000060114015,4.7345472659296535e-7,4.734555726452489e-7,0.9336699631711991,73.3998752685098,141.80471767197437,0.03270627416208762,0.0007626158705930029,0.00031295497305771014,0.00375039827743077,0.0013699999999999357,0.0013699999999999483,0.0013699999999999305,0.001003699999999982,0.0010036999999999828,0.001003699999999971,-0.019843118382767765,9.02817056084055,4.746511178250859,-0.03549106863730067,0.11180105980654792,0.09370992343850598,6.400119876861572,-22.90488967895508,-24.736719608306885,1013.5852661132812,0.42385961209894296,34.3146808743435
2025-06-11T20:40:38Z,39.986006280558705,-75.16754235550329,13.838047306301497,-29.805632336887374,-47.58536068943133,-6.5433022492417345,1.1975733978105663,5.511300135053274,6.089385859989577,0.0010000000016203883,0.0009999999963792264,0.0010000000041380218,0.0010000000007316602,0.0009999999946723387,0.0010000000057251027,4.756724176399769e-7,4.756732783719258e-7,0.8787928963369972,74.53715965558663,142.41829792505803,0.07537086981815154,0.0012408639386286761,0.0003070995189486788,0.003989833028432599,0.0013709999999999363,0.0013709999999999489,0.0013709999999999302,0.0010037099999999825,0.0010037099999999825,0.001003709999999972,-0.5738800863043677,8.060965444687614,5.082511263128086,-0.011077277012759835,-0.21295008158150985,0.27393098927060633,4.639049935340881,-22.431529426574706,-27.749509429931642,1013.564208984375,-0.22876058719394377,35.98230012271097
2025-06-11T20:40:39Z,39.98603683218326,-75.16761585853536,11.298643506202215,-31.51759870746998,-49.59788376859009,-5.814966234572299,1.2143677486892874,6.186010534780799,5.9833531174917365,0.0010000000018013943,0.0009999999965864346,0.0010000000037628375,0.0010000000009944417,0.0009999999951281373,0.0010000000053145546,3.938090745013799e-7,3.9380967058517454e-7,0.9118870873794799,76.21778992901832,145.35466430148597,0.11284145599229457,0.0006661259417570883,0.00030164369854844433,0.0038007311398160167,0.001371999999999936,0.0013719999999999481,0.0013719999999999286,0.0010037199999999827,0.0010037199999999827,0.0010037199999999719,0.696146654872466,8.588969229701801,4.9977115591723065,-0.045755703374543794,0.15797484105613133,-0.7669388989267379,5.777309894561768,-25.042329406738283,-22.70602951049805,1013.6110534667969,0.18620051343034683,34.29367100310082
2025-06-11T20:40:40Z,39.986036825018765,-75.16773333781217,10.090415110229404,-24.979685562134115,-46.799731986808126,-5.39065398739451,1.2113955013488693,6.07765255448386,6.077916788844644,0.001000000001562708,0.000999999996616113,0.001000000003400316,0.0010000000009532692,0.0009999999951682144,0.0010000000057840146,4.6705656808445315e-7,4.6705742260665153e-7,1.049840519002385,77.36486238500488,148.41349771770055,0.1381311545374342,0.0007002814275200822,0.0003038744893734968,0.0037768399922946945,0.0013729999999999357,0.001372999999999947,0.0013729999999999272,0.0010037299999999816,0.0010037299999999818,0.001003729999999971,0.28419858561630856,7.814839415508232,5.561439523988322,0.023394641070563556,0.02910859396795844,0.16575471672256806,5.621149921417237,-22.2942795753479,-26.814989471435545,1013.6578369140625,-0.17960312669382342,35.32240517394285
2025-06-11T20:40:41Z,39.98611068293039,-75.16775312944536,11.074183666745103,-11.838857966939212,-36.141588091732004,-4.097406276951514,1.1720022028830974,6.087444963360491,6.090305086318943,0.0010000000016862542,0.0009999999963386972,0.001000000003598503,0.0010000000008919278,0.0009999999954051779,0.0010000000059560451,4.1488496847795066e-7,4.148856532821419e-7,1.2615803280978575,77.10991528924207,150.27010108013855,0.17133652491296314,0.0007116926847116111,0.0002877897784307175,0.003781668678344263,0.0013739999999999347,0.0013739999999999473,0.0013739999999999263,0.001003739999999982,0.0010037399999999821,0.0010037399999999713,0.2207068210228552,7.954973434451626,6.20792813205379,-0.0042448825791305414,-0.01199070050809661,0.0402438330979233,3.965609920024872,-22.529739761352538,-28.303999423980713,1013.4288787841797,0.3164806483435452,36.39269060298737
2025-06-11T20:40:42Z,39.986184639936084,-75.16775832383256,13.676465228819064,5.362769283403228,-19.833323648728925,-2.837633407984778,1.1360594744827681,0.0028076477756977525,6.120486196148515,0.0010000000015999743,0.0009999999959244262,0.001000000003771999,0.001000000001149695,0.0009999999960351553,0.001000000006267831,4.1060326731406513e-7,4.1060394340933735e-7,1.4781217565909939,74.76204921381031,150.29607661750404,0.15929706705216545,0.0006685884510635155,0.00026616672910993267,0.0038178254554217055,0.0013749999999999344,0.0013749999999999468,0.0013749999999999262,0.001003749999999982,0.001003749999999983,0.0010037499999999715,0.7195125564692444,8.037251638416137,4.876018809314944,0.011870137183035066,0.08574852420104073,-0.12480429544150383,0.08235000818967819,-23.726559448242188,-21.569599533081053,1013.4663391113281,-0.349997961556831,32.06556997307046
2025-06-11T20:40:43Z,39.98624958094206,-75.16774541801882,16.996165751455234,21.267612283386956,-3.857382862625805,-1.7953173267217724,1.0986510392449993,6.215139339911166,6.2461280165973605,0.001000000001383102,0.0009999999959536365,0.0010000000034986562,0.0010000000014164976,0.0009999999963638438,0.0010000000061173141,3.8902014335957053e-7,3.8902075026393996e-7,1.621810007411331,71.52773879110644,148.5290053481006,0.14113420678518673,0.0006471679712439487,0.0002466443066963974,0.0038047506635886155,0.0013759999999999341,0.0013759999999999465,0.001375999999999926,0.0010037599999999816,0.0010037599999999825,0.0010037599999999708,0.5371117954834197,7.787813233379625,5.401897775169415,0.00839280209744165,0.06479458080628624,0.1600765661981608,2.0611899495124817,-23.2910195350647,-26.853419303894043,1013.4560394287109,-0.28687120653565207,35.606496783612585
2025-06-11T20:40:44Z,39.98630589174549,-75.16774702197333,19.787798974080495,32.06413068172874,8.18325377515401,-1.2133595087842481,1.0775369474373562,6.240205576022726,0.21190434702312497,0.0010000000007968808,0.0009999999957836622,0.0010000000036023162,0.001000000001111696,0.0009999999962656062,0.0010000000057172017,4.083963355129246e-7,4.083969994001844e-7,1.6924653139810504,68.19151843609481,145.25687790985853,0.129667720174418,0.0005972573174855261,0.0002477424391931217,0.0038143304504265766,0.001376999999999934,0.0013769999999999466,0.001376999999999926,0.0010037699999999809,0.001003769999999982,0.0010037699999999703,-0.12407318211671442,7.551636522058718,5.780914830204326,0.020600946485743902,0.22162690049028422,0.12623000401717757,6.336069869995117,-23.62224950790405,-23.35140962600708,1013.5829010009766,-0.2702896182451717,33.814809718405535
2025-06-11T20:40:45Z,39.98633737768987,-75.16775362871091,22.15599230512592,40.31621390068722,15.840657017756069,-0.6950500930534599,1.0330911148087005,6.223828136321009,0.09986218355737594,0.0010000000011211904,0.000999999995625722,0.0010000000036711344,0.0010000000009452617,0.000999999996599799,0.0010000000058484873,3.888520747537093e-7,3.888526664344775e-7,1.7235738576421575,65.75859925072871,141.21239605108053,0.1360821102061668,0.0005931408019944549,0.00020781898675779407,0.0038208911034139123,0.0013779999999999346,0.0013779999999999472,0.0013779999999999264,0.0010037799999999808,0.0010037799999999815,0.0010037799999999702,0.11299018955337292,6.675078093056127,7.588589452739928,-0.028719591869047063,-0.11685122160240094,-0.01981308368746076,7.52251980304718,-19.730449390411376,-26.714949512481688,1013.5803985595703,0.3248339872277295,34.05237160997655
2025-06-11T20:40:46Z,39.98636976927843,-75.16774029373168,25.016834410276108,47.26023063969459,26.4160710142105,0.07338321009145155,0.9921092696527065,0.12792306277822796,0.03677097286589261,0.0010000000007706175,0.0009999999960325836,0.0010000000038536477,0.0010000000008512425,0.000999999996306761,0.0010000000056189183,3.8734710984573077e-7,3.8734768340746075e-7,1.7189158050700466,62.8885798105321,136.63605128865325,0.10541866181257406,0.0005672284790362709,0.00019662786689385122,0.0038550571453104714,0.0013789999999999352,0.0013789999999999478,0.001378999999999927,0.0010037899999999801,0.001003789999999981,0.0010037899999999695,-0.3949995557080991,8.302592824940287,5.2619678487741,-0.015451425811639018,0.03932909618666829,-0.17804266682852032,8.269159817695618,-18.637939834594725,-27.325559616088867,1013.2812347412109,0.05380492850728493,34.094494524909656
2025-06-11T20:40:47Z,39.986366946586934,-75.16773946885189,26.747507846671176,50.79107045115789,32.35829059809384,0.26848510290077543,0.9851778099369384,0.03397687845703227,0.1591645217868142,0.0010000000007717121,0.000999999996242749,0.0010000000038603385,0.0010000000010049756,0.0009999999965204609,0.0010000000058139357,3.423571791204577e-7,3.4235761808642684e-7,1.6626251976023037,60.45193612414104,132.60570224043082,0.07318190652860775,0.000537125345546738,0.0001860212286577031,0.0038457865995578,0.0013799999999999349,0.0013799999999999475,0.0013799999999999266,0.001003799999999981,0.0010037999999999818,0.0010037999999999683,-0.2593979599185543,8.499710392002259,4.713811611171684,-0.0056722530352198335,0.04823893544260928,0.1540578467491704,8.97675986289978,-18.498859691619874,-27.368259525299074,1013.4692993164062,-0.06174095295357808,34.23168395322073
2025-06-11T20:40:48Z,39.986383409860736,-75.16771095608037,28.053153957799992,52.447228312911,36.401709508960536,0.43385572808498707,0.9734008815160492,6.1903988196223505,0.23384390605591757,0.0010000000007890498,0.0009999999962746551,0.0010000000040563963,0.0010000000012439698,0.0009999999966039284,0.0010000000060479276,3.620905292983203e-7,3.620910140988711e-7,1.572704851472877,58.61867494682189,129.42194511378952,0.05085899167770047,0.0005256195586657416,0.00018119139580521248,0.0038510105922056215,0.0013809999999999354,0.0013809999999999476,0.0013809999999999268,0.0010038099999999815,0.0010038099999999813,0.0010038099999999674,0.43054736794454174,8.6559020748176,4.643586729999496,-0.0032474444714180005,-0.010952373636200908,0.1519836013855015,6.350099849700928,-20.608849620819093,-27.086439514160155,1013.4539642333984,0.047198536541094405,34.62253812222705
2025-06-11T20:40:49Z,39.986311032627725,-75.1678073015069,27.757439960235565,30.514238408752043,12.797178034488793,0.11809420914762853,0.9913967588366899,6.1996962836508285,0.1776948074730527,0.0010000000004530439,0.0009999999962116586,0.0010000000041764442,0.0010000000010137336,0.0009999999965890783,0.0010000000061113363,3.6351097142724483e-7,3.635111793400048e-7,1.3751517118111256,34.605730923585796,54.64430302509305,0.034392829470685955,0.0004011857783469909,0.0001754601973754743,0.003602775932332053,0.0013819999999999347,0.0013819999999999469,0.0013819999999999265,0.001003819999999982,0.001003819999999982,0.0010038199999999678,-0.25879940970320925,8.553980278018862,4.715180777545687,0.0001591117583813902,0.022249683020307207,-0.004317457513412371,5.757789921760559,-20.931539440155028,-27.22612953186035,1013.4390106201172,-0.011034746337945824,34.821546302599
2025-06-11T20:40:50Z,39.986262583616124,-75.16784486279282,28.44402779183998,29.7725546238609,13.60395581161799,0.14950000591589815,0.9895475150900424,6.203770507568487,0.17069980902578866,0.001000000000204169,0.0009999999961043395,0.0010000000038982637,0.0010000000009706194,0.0009999999967247267,0.001000000005828015,1.1362946245768257e-7,1.1362948236410346e-7,1.3028923213074661,33.79083300238234,53.39807071362654,0.028195676360504972,0.0004013532140293888,0.00017811593875644165,0.0036004707923598805,0.0013829999999999346,0.001382999999999947,0.0013829999999999264,0.0010038299999999827,0.0010038299999999825,0.0010038299999999684,0.4127966141100168,8.579478477481816,4.720556520457859,-0.00013899311169609857,-0.0012173334566119934,-0.003088399670464651,5.246609878540039,-21.39330940246582,-27.165739631652833,1013.4623565673828,0.019076014400878503,34.97391122248181
2025-06-11T20:40:51Z,39.9862551023409,-75.16785045013155,28.964207568344822,28.507461913952845,13.772353755827757,0.14281838423036058,0.9888270974465635,6.197301835898124,0.1599591277964311,0.001000000000373086,0.000999999996203893,0.0010000000039979504,0.0010000000006435037,0.0009999999965835523,0.0010000000060865818,7.693097374297509e-8,7.69309826533583e-8,1.2324492466889383,32.52310773110302,51.079423190873115,0.02402247095242315,0.0004014470502759402,0.00018228173233115658,0.0035931940407141556,0.001383999999999935,0.0013839999999999476,0.0013839999999999267,0.0010038399999999829,0.0010038399999999829,0.0010038399999999685,0.5129415726063594,8.574562810901723,4.696053384776985,-0.0003798402092324765,-0.008951843068456398,0.0032848117186593034,4.974549889564514,-21.428079414367676,-27.116939353942872,1013.4451141357422,0.007718242734495183,34.91752559519044
2025-06-11T20:40:52Z,39.98624772514952,-75.16785634043113,29.306051610913066,27.05804144463397,13.778416096493206,0.10082311749599585,0.9876356380334242,6.212437525149399,0.15469610865385613,0.0010000000003157954,0.000999999996120104,0.0010000000037565754,0.0010000000008708902,0.0009999999968189517,0.0010000000059094813,3.979312842345012e-8,3.9793130708410565e-8,1.168872971298781,31.409457130325766,49.14123259953815,0.021918161671841935,0.00040228368783863563,0.00018715103306890242,0.003592335591707752,0.001384999999999934,0.0013849999999999464,0.0013849999999999277,0.0010038499999999824,0.0010038499999999824,0.001003849999999968,0.30232664996348263,8.574824737552625,4.694710372920807,-0.0011598774894842237,0.007024684072512531,-0.01283426478554993,5.4863399267196655,-21.060249519348144,-27.107179355621337,1013.4601440429688,-0.0014586356405757827,34.76247522431673
2025-06-11T20:40:53Z,39.98624766941647,-75.16785608252921,29.550650735275845,26.130206455018364,14.29850194532634,0.035308625346176584,0.9870523611441112,6.221690091366322,0.1358846652452611,0.0010000000002475457,0.0009999999961084148,0.0010000000036287772,0.0010000000006585494,0.0009999999964561699,0.0010000000060324816,3.974068085217559e-8,3.974068317202985e-8,1.1157275157005389,31.107704676671734,49.19332868631494,0.021396414355522538,0.0004073559032218103,0.00019397215500756857,0.0035977687206380266,0.0013859999999999326,0.0013859999999999452,0.0013859999999999277,0.0010038599999999814,0.0010038599999999814,0.0010038599999999671,0.03411246475359506,8.5637440433541,4.700636052127896,-0.0015379211309969401,-0.009539289768398096,-0.01669547262633704,6.04753987789154,-20.526499652862547,-27.424379348754883,1013.4589996337891,-0.012993419739596748,34.78509713137458
2025-06-11T20:40:54Z,39.98624759357412,-75.167855856425,29.696879755172013,25.271315305557476,14.787184021694037,-0.017481681296770316,0.9859951970282831,6.21083326853723,0.1430114302287209,0.0010000000004745842,0.000999999996151421,0.0010000000035153933,0.0010000000005165447,0.0009999999965986642,0.0010000000062314754,3.9740604232125135e-8,3.974060659639892e-8,1.0723114903391069,30.834412212012378,49.38453668783138,0.02174583145002381,0.0004160753266873554,0.00019915273312768033,0.003600629427670496,0.0013869999999999332,0.0013869999999999456,0.0013869999999999267,0.0010038699999999822,0.0010038699999999822,0.0010038699999999681,0.12029998505090751,8.579089473728256,4.699727009769626,-0.0005486791748809044,0.0008452526600380703,0.01409593200732267,5.913949871063233,-20.622879600524904,-27.43596954345703,1013.4560241699219,0.0006549732892301369,34.82824801380059
2025-06-11T20:40:55Z,39.986247509968386,-75.1678557307587,29.742305154551374,24.35660924661012,15.093241097457907,-0.11565746879774247,0.9861805602546495,6.211478933647508,0.12121029375483215,0.0010000000002177874,0.0009999999957675735,0.001000000003714548,0.0010000000003033097,0.0009999999961870102,0.0010000000062947744,3.974060405211038e-8,3.974060646646241e-8,1.038505215569844,30.365429249598044,49.13523908529283,0.022696024774819235,0.0004206781384280191,0.00020655590790283172,0.0036051199696849247,0.0013879999999999325,0.001387999999999945,0.0013879999999999273,0.001003879999999983,0.001003879999999983,0.0010038799999999687,0.2866595951612018,8.550976156238589,4.648453639980615,-0.001667821571612805,-0.016523104475378365,-0.011372052021968171,5.967629885673523,-20.589939689636232,-27.321289253234863,1013.4570922851562,-0.04513192493053079,34.72761938807245
2025-06-11T20:40:56Z,39.98625911413927,-75.1678417799824,29.697595340912123,23.72915954362253,15.808651748305554,-0.15524966311645255,0.9849154172544129,6.193802752661902,0.1373031048501725,0.0010000000002622414,0.000999999995627511,0.0010000000037853455,0.001000000000218784,0.000999999996045257,0.0010000000062432097,1.1075531473185037e-7,1.1075533357031895e-7,1.015930870538065,30.504779621204595,50.497701126591544,0.024506630180855058,0.00043269024396725856,0.00021133848664688912,0.0036107170748004283,0.0013889999999999313,0.0013889999999999439,0.001388999999999927,0.001003889999999983,0.001003889999999983,0.0010038899999999687,0.18295699039079819,8.582048582081258,4.733982800479989,-0.000029077342432649693,0.0035523449237338392,0.02401416533439513,5.494269847869873,-20.847969627380373,-27.27065944671631,1013.4810485839844,0.020610568850288512,34.76363302045631
2025-06-11T20:40:57Z,39.986257210620536,-75.16784329571382,29.576404003359055,21.454511482222305,14.513119145644827,-0.21344249090982648,0.9859616217513881,6.194997620049024,0.1342809472343598,0.0010000000003108753,0.000999999995650791,0.0010000000038852654,0.0010000000004578165,0.0009999999962880925,0.0010000000060308694,1.1151476869397515e-7,1.1151478614099783e-7,1.0024185355557893,28.45824335228764,45.99226547527312,0.0263161655573813,0.00042514792791082653,0.0002160069177290487,0.003609006520547512,0.0013899999999999314,0.001389999999999944,0.001389999999999927,0.001003899999999982,0.001003899999999982,0.001003899999999968,0.32971781247828,8.572336982731423,4.700377940174132,-0.001030809727323284,0.0022624999562797085,-0.00047290392925830984,5.252709889411927,-20.94678964614868,-27.266389560699462,1013.4796752929688,-0.00007508300282515405,34.78234366482741
2025-06-11T20:40:58Z,39.98625650633164,-75.16784337582948,29.483093327218135,20.331514174835775,14.406690540405188,-0.26287571961030076,0.9860108593966486,6.198546335468894,0.1336096657178835,0.0010000000003737308,0.0009999999953420851,0.001000000003785813,0.0010000000004458183,0.0009999999964635862,0.0010000000057830464,1.1152241854516106e-7,1.1152243562685297e-7,1.000097013540055,27.726862814777324,44.9924138415953,0.028356880242959962,0.0004251478266079147,0.00022134344424411286,0.0036152074808626375,0.0013909999999999305,0.001390999999999945,0.0013909999999999264,0.001003909999999981,0.001003909999999981,0.0010039099999999677,0.3451080431935063,8.576317428593216,4.690086578365255,-0.0012339873598460715,0.0027521247614506372,-0.002077507678502119,5.419239902496338,-20.949839496612547,-27.30725975036621,1013.4686126708984,-0.0009752295436654963,34.84173989034624
2025-06-11T20:40:59Z,39.98625188029981,-75.16784897480922,29.337250258506668,15.466034510054067,10.09169868223743,-0.3014934661857766,0.9910439911794011,6.202700619495679,0.12399029864802807,0.001000000000482987,0.0009999999954869196,0.0010000000039004978,0.001000000000397793,0.0009999999963871441,0.0010000000061057654,1.1152249389442076e-7,1.1152250579477545e-7,0.9981170855817617,21.792765520793157,31.643909992177747,0.02904725216691587,0.00038672492240504776,0.00022327112766012624,0.0036033936419092778,0.00139199999999993,0.0013919999999999456,0.0013919999999999256,0.001003919999999981,0.001003919999999981,0.0010039199999999668,0.27656653875075154,8.576575397496113,4.693423508640318,-0.0010732771787535834,0.003668089547238454,-0.0048728655679355914,5.76388988494873,-20.972409629821776,-27.18159952163696,1013.4441223144531,-0.0008005427201563723,34.81235722094244
2025-06-11T20:41:00Z,39.986247740610885,-75.16785243084783,29.201862885201436,14.995193892401844,10.522983611595459,-0.3385134157870504,0.9912286252503941,6.200653344230047,0.12281488124240222,0.0010000000005324493,0.000999999995771035,0.0010000000040840313,0.0010000000004326682,0.000999999996235126,0.0010000000061659864,7.692089953834145e-8,7.692090532262982e-8,1.0103876394125542,21.832542065878783,32.287626003274255,0.03033816200908953,0.0003894469370883597,0.0002293054948835067,0.003612263233238997,0.0013929999999999305,0.0013929999999999461,0.0013929999999999262,0.001003929999999981,0.001003929999999981,0.0010039299999999667,0.3444217910761771,8.5415033039562,4.747155037558152,-0.0009389356845349985,-0.002250893267170733,0.00181913601586989,5.62227359570955,-20.89859962463379,-27.006304891485918,1013.4918823242188,-0.0034540109750228407,34.6077797861314
2025-06-11T20:41:01Z,39.986247718376404,-75.16785204643568,29.01182036200332,14.387580347254714,10.973374364111983,-0.41011726206090227,0.9901001243854858,6.189017883044782,0.13217329743415862,0.0010000000004750796,0.000999999995742536,0.0010000000038281078,0.0010000000000773934,0.0009999999963347585,0.00100000000614124,7.675024490433295e-8,7.675025077376776e-8,1.0274025067484298,21.875185485947686,32.90290439342584,0.03201018631110328,0.00039065440017193643,0.00023513716003102194,0.003619521100222112,0.0013939999999999315,0.001393999999999945,0.0013939999999999272,0.0010039399999999807,0.001003939999999981,0.0010039399999999658,0.2740975191587845,8.559969448093828,4.671782135005682,-0.0014954536698057483,0.0011924865542491793,0.015518175479377878,5.581499862670898,-20.85894956588745,-27.037029552459718,1013.5169830322266,-0.025906842580055853,34.6012481938116
2025-06-11T20:41:02Z,39.98625461388281,-75.16784063880588,28.823955926958167,13.798262942313418,11.277989922554946,-0.4537682676019256,0.9904298919599583,6.178268080627899,0.16352232016664375,0.0010000000006033895,0.0009999999957999322,0.0010000000040981604,0.0010000000001776886,0.0009999999961348817,0.0010000000059647907,1.4328554952018552e-7,1.4328557074739525e-7,1.0481593403439446,22.07228723390071,33.79119653797793,0.03308377242569177,0.0003902026662097924,0.0002415107357220228,0.003627583897240321,0.0013949999999999312,0.0013949999999999438,0.001394999999999927,0.0010039499999999805,0.0010039499999999807,0.0010039499999999666,0.25229371315512666,8.51097851272282,4.800012152713399,0.0018369927326956515,0.01964917669998062,0.02689362536827649,5.557709956169129,-20.95898962020874,-27.074239349365236,1013.5132446289062,-0.007159729127496142,34.68686070205084
2025-06-11T20:41:03Z,39.986274425514694,-75.16781569405546,28.66137308933292,13.473819846989127,12.724894057165805,-0.5304699884682583,0.968787898565961,6.167946378967265,0.3426400591994207,0.001000000000418463,0.000999999995970483,0.001000000003984424,0.0010000000002634484,0.000999999996162341,0.001000000006136473,3.252244886680012e-7,3.252246006273274e-7,1.0758183596192565,22.205067121459553,34.619010999735735,0.03941545679308015,0.00037788155053378007,0.00025708285310495344,0.003637811882614954,0.0013959999999999318,0.0013959999999999444,0.0013959999999999277,0.0010039599999999798,0.0010039599999999798,0.0010039599999999657,0.919016902684562,9.06599891090813,3.7823212852437047,-0.004459848882808143,0.14296384843080315,0.10971765757500689,4.86596987247467,-20.651549530029296,-26.667369651794434,1013.4959259033203,0.08444089117757955,34.07798864116782
2025-06-11T20:41:04Z,39.98627194617739,-75.16782900536359,28.72510053328999,11.204660578590882,13.108161679977039,-0.33649517615708413,1.1276759135777747,6.143076722469672,5.953296773400435,0.0010000000003333516,0.0009999999961830563,0.0010000000039279747,0.001000000000093703,0.0009999999959830295,0.00100000000625196,3.149875080518733e-7,3.149876147531527e-7,1.118532211233394,22.407928617406057,35.43161015122053,0.04793453437188633,0.0003733005213504099,0.0002634612771681444,0.0036389054928152027,0.0013969999999999308,0.0013969999999999432,0.001396999999999929,0.0010039699999999803,0.0010039699999999803,0.001003969999999966,-1.2983730165515555,9.33084244633124,4.253582460220644,0.07527738243873894,-0.6995963344535597,-0.3669295955734225,9.57272982597351,-14.646709728240968,-29.66002950668335,1013.4190368652344,0.5546616516898044,34.43656662701303
2025-06-11T20:41:05Z,39.986274884894286,-75.16785265984679,28.59969410657284,9.943051322793435,12.185552579602764,-0.374850724772235,1.0457000349582648,5.983981278771406,0.3313480944891431,0.0009999999999772587,0.000999999996039906,0.0010000000038281511,0.001000000000276112,0.0009999999957531727,0.001000000006472901,3.144057478901434e-7,3.144058561947425e-7,1.1606555877867029,22.66904881421702,36.12646372035388,0.043988107915875235,0.0003862420544675348,0.0002730876044717284,0.0036413393558905075,0.0013979999999999301,0.0013979999999999427,0.001397999999999929,0.0010039799999999794,0.0010039799999999794,0.0010039799999999651,0.8281157823052648,8.383909605983735,5.074801116224176,0.0751008514788927,0.5896648770014878,0.5158989062246745,1.3615199863910674,-23.078739356994628,-25.73101940155029,1013.5596466064453,0.05337318492511327,34.591383309471055
2025-06-11T20:41:06Z,39.98628383281012,-75.16788465883518,28.329701964862014,5.467491853613959,11.89806841304219,-1.3264764900628363,0.8103944057135346,5.675333649718284,0.8259786961373906,0.0010000000000504865,0.0009999999961529255,0.001000000003574511,0.001000000000603196,0.0009999999959496204,0.0010000000063235073,3.377320503692826e-7,3.3773217749341665e-7,1.207119357148084,22.79983584062975,36.92457414966184,0.062444565153232455,0.0004130381300875806,0.0003394588658503072,0.0037288742079533274,0.0013989999999999296,0.0013989999999999422,0.0013989999999999287,0.0010039899999999798,0.0010039899999999798,0.001003989999999966,0.5049359639883269,9.316301654819634,3.1375066389999255,-0.018793864761464253,0.19590078311093145,0.56591056936332,2.398519957065582,-23.17877960205078,-24.629969596862793,1013.4516906738281,0.06170353061577938,33.90635171262192
2025-06-11T20:41:07Z,39.98628496901729,-75.16792517422044,27.243960090452507,0.5945159820149082,9.426440126828657,-3.2074551770896633,0.6349479473860515,5.628513263659732,0.9188050372750362,0.0009999999999978422,0.0009999999961091649,0.0010000000034101782,0.0010000000009124834,0.0009999999961366837,0.001000000006614286,3.8326220453688697e-7,3.8326237172051066e-7,1.2806695355045292,22.8582098760368,37.95310497701466,0.08960650944833898,0.0003941684872169541,0.0003592769360077341,0.0037594318754215106,0.0013999999999999306,0.0013999999999999432,0.0013999999999999295,0.0010039999999999787,0.0010039999999999787,0.0010039999999999654,0.7911141537371518,8.940224789623292,4.024348861511948,-0.1306673033821782,0.0181195150179314,0.0910294771256951,2.3600899398326876,-26.032969570159914,-24.558599376678465,1013.3665466308594,0.05469974019996594,35.86651218142112
2025-06-11T20:41:08Z,39.98627684890455,-75.16798955768593,24.83500206911014,-5.321819014233629,5.579870209868414,-4.949032587182466,0.3976949581968728,5.639798730875857,1.4184857494748837,0.0009999999998749143,0.0009999999964211482,0.001000000003643447,0.0010000000011896224,0.0009999999959201973,0.001000000006828878,3.8691085713334485e-7,3.869110333728734e-7,1.3899798510450672,22.84392142709568,39.74206862132313,0.14052430304466473,0.00033823939455298636,0.00037674154641714595,0.0038435874718351403,0.0014009999999999299,0.0014009999999999424,0.0014009999999999286,0.0010040099999999784,0.0010040099999999784,0.001004009999999965,0.820899513155224,9.876215433124619,4.911606369700598,0.059615218115523644,0.2230799531379232,0.36516690623843856,6.412929892539978,-22.63404960632324,-26.963219547271727,1013.5256195068359,1.2796573118771957,35.78320069162801
2025-06-11T20:41:09Z,39.986266132615334,-75.16808775985801,20.692776018715797,-9.01411902821127,-0.5634960490030976,-9.25613687855282,0.5107179378596396,5.3321156606320725,1.2976856899376155,0.0009999999997744972,0.000999999996179519,0.0010000000039361169,0.0010000000012913574,0.000999999995893007,0.0010000000070499503,3.18353042800876e-7,3.1835316885164244e-7,1.5390977847053402,22.755229591745728,41.710722168246846,0.19972614369238018,0.0005420607684460439,0.00039140546259729895,0.0040559266686530406,0.00140199999999993,0.0014019999999999428,0.001401999999999929,0.001004019999999978,0.0010040199999999779,0.001004019999999964,-0.6267884078902951,8.547485354376908,4.0954279300251715,0.009057205503909658,-0.3154309834389294,0.07535289527969355,3.25739994801973,-18.852209994667454,-25.779883836445055,1013.6950531005859,-0.281603988196802,32.1032028280838
2025-06-11T20:41:10Z,39.98626462897796,-75.16817729030795,16.148823390505665,-9.56303907780437,-5.017432203508299,-11.531035751978479,0.5055963323373093,5.518155413481166,1.433265274636219,0.0009999999999581875,0.0009999999963682135,0.0010000000038911732,0.001000000001487025,0.0009999999961166756,0.0010000000071538758,3.6032071454942976e-7,3.60320887967011e-7,1.717950803964026,22.723315581338817,44.27926352888784,0.25528956573027817,0.0003190464651942981,0.00038702093898689677,0.003908454410840707,0.0014029999999999295,0.001402999999999942,0.0014029999999999295,0.0010040299999999774,0.0010040299999999774,0.001004029999999963,0.8191525017621388,8.729276942256933,4.2115305950602275,0.07327808018272128,0.2175924913775267,0.023109026503218486,2.565049958229065,-24.092559337615967,-23.483779621124267,1013.5953674316406,-0.05311200733470734,33.741893559214205
2025-06-11T20:41:11Z,39.986280831641416,-75.16826974716797,12.518468542218159,-7.549783850413408,-6.995884500638539,-13.155996929654984,0.6415719801923931,5.3305420734408955,1.3093721415714854,0.0009999999997677,0.0009999999967137449,0.0010000000041189457,0.0010000000014004915,0.000999999996231992,0.0010000000069356762,3.406867382202632e-7,3.406869043938899e-7,1.8982218161592477,23.08670039761401,46.678223137527006,0.3036665442712717,0.00041975347869789304,0.00039055317459539947,0.004018755210657993,0.001403999999999929,0.0014039999999999415,0.001403999999999929,0.0010040399999999778,0.0010040399999999778,0.0010040399999999635,-0.2853338944017469,8.36945831680661,4.828220795627518,0.011771880136247085,-0.1992838854154854,0.0940413338768469,14.524099731445313,-18.354899597167968,-27.137069702148438,1013.5839996337891,-0.11308121596345924,35.83669531076211
2025-06-11T20:41:12Z,39.98630423234963,-75.1683448309165,11.0051547822295,-4.8457554187429,-4.079847194419489,-13.871802839701271,0.7785418706814389,5.217210950277046,1.186209498931996,0.0010000000000570002,0.0009999999964527388,0.0010000000041122143,0.0010000000012654674,0.0009999999961622385,0.0010000000065442764,4.04112632118661e-7,4.0411288062510995e-7,2.055575134919747,24.089654711495953,48.677175251181524,0.35208804843271135,0.000589578894262933,0.00037660167036843314,0.00418228137167913,0.0014049999999999278,0.0014049999999999404,0.0014049999999999278,0.0010040499999999781,0.0010040499999999781,0.0010040499999999638,-0.09896773670218009,8.619012784007499,5.309866743322068,0.014105091755740562,-0.12456114890049594,0.11716361787966716,8.969439840316772,-22.86096954345703,-29.24339952468872,1013.3296356201172,0.34394300343508744,38.1870046419125
2025-06-11T20:41:13Z,39.98632804156387,-75.16839796878863,10.732387479222744,-3.2741021504385337,3.963674374054362,-13.918363333061926,0.847762743036143,5.2652896155069575,1.0900655719198113,0.0009999999999708875,0.0009999999967180743,0.0010000000043675825,0.0010000000014585087,0.00099999999604283,0.0010000000066863642,3.6643770940868243e-7,3.664379222416925e-7,2.1766699991586624,25.574205952055614,49.93312764462372,0.37418183604064714,0.0005147362747866537,0.000351586284031723,0.004106692869789899,0.0014059999999999284,0.001405999999999941,0.0014059999999999284,0.001004059999999978,0.001004059999999978,0.001004059999999964,0.28180326155449786,8.158734725955696,5.243282233083527,-0.02216461488603033,0.005202747257538853,0.03966717017486049,3.87382099502965,-23.08304164284154,-26.155515369616058,1013.2867965698242,-0.07838994003485077,35.09901317938243
2025-06-11T20:41:14Z,39.98635217633842,-75.1684329728742,10.662305520382958,-4.390677453051124,14.289393244701241,-13.498610742822146,1.0207957436353163,5.325580831393143,0.871555226241038,0.0010000000001714365,0.0009999999969869207,0.0010000000042134237,0.001000000001572747,0.0009999999960674736,0.0010000000064458307,3.6381984378602894e-7,3.638200603133456e-7,2.2537302645788726,27.447751571614006,50.88543481359947,0.3786616198111123,0.0005120121834947099,0.00030841347206018337,0.004029376451090395,0.001406999999999928,0.0014069999999999404,0.0014069999999999278,0.0010040699999999782,0.0010040699999999785,0.0010040699999999641,0.12904630431535768,8.441258214953843,5.118727289672298,-0.010853282569387043,-0.05522677953797482,-0.014241519733266372,5.721799921989441,-23.20561933517456,-24.6208194732666,1013.4446105957031,0.09086977222302749,34.31356926313522
2025-06-11T20:41:15Z,39.98636486427474,-75.16847852872122,11.34950650531464,-6.785250750003706,25.478327162928867,-12.084302623112508,1.0538395087809909,5.505947786672553,0.8106792458182106,0.0009999999999907088,0.0009999999967743754,0.0010000000045883657,0.0010000000018031872,0.0009999999963119647,0.0010000000063027882,3.171205842947366e-7,3.1712075304062116e-7,2.2864751198217643,29.592585822276632,51.47610002342456,0.3597173261444263,0.0003857732449099233,0.0002669861853350305,0.0039051807874427827,0.0014079999999999282,0.0014079999999999408,0.0014079999999999282,0.0010040799999999775,0.0010040799999999775,0.0010040799999999634,0.2403056061368584,8.311492442134055,5.557651757236082,-0.009749129089236926,0.057176253134591945,-0.07912263365548207,-7.096129822731018,-18.31036968231201,-24.93130941390991,1013.4612121582031,0.2180181884585492,31.73628314298558
2025-06-11T20:41:16Z,39.986383206472205,-75.16849415991503,12.723130392409038,-11.379186158543385,36.44245445642239,-11.348380781872944,1.1267308165050676,5.291429392491116,0.7410211963684548,0.000999999999802373,0.0009999999969044432,0.0010000000046925972,0.0010000000021501056,0.0009999999960492226,0.0010000000065460409,3.3791101093115777e-7,3.379112077294258e-7,2.2868869312010562,31.918191390330282,52.395514979879124,0.339913350211155,0.0008681329939015782,0.0002234877652232209,0.004301454450947478,0.0014089999999999279,0.0014089999999999405,0.0014089999999999279,0.0010040899999999783,0.0010040899999999781,0.0010040899999999623,-0.03428688442706135,8.51735272312487,4.831830786700428,0.03151092033280414,-0.1522940635111089,0.26148385980095007,15.221329736709595,-17.34229955673218,-21.428079509735106,1013.370361328125,0.007866523091846263,31.48973851302779
2025-06-11T20:41:17Z,39.986394916992886,-75.16851995196305,13.89420745290239,-17.99588410994734,47.00877611571404,-11.283310027368394,1.053672928299313,5.412960406960322,0.8695580924247085,0.000999999999993537,0.0009999999971989258,0.0010000000048850169,0.0010000000020251433,0.0009999999958106617,0.001000000006506983,3.3926354991738114e-7,3.392637553349854e-7,2.2702397371472056,34.07320533508612,54.10614652809141,0.3115267878278878,0.0006475371133114951,0.0002273092299701673,0.004131890492017237,0.0014099999999999289,0.0014099999999999393,0.0014099999999999267,0.0010040999999999783,0.0010040999999999783,0.001004099999999963,0.12508090564628335,9.13223228359532,3.4070039560747905,0.04462920070969622,0.10641019171068175,-0.0012339875856682407,2.149029940366745,-23.46059970855713,-25.52605962753296,1013.3116912841797,-0.0381122845748981,34.73606579063729
2025-06-11T20:56:32Z,39.831649018760054,-75.21769257506769,23.285514690556738,-724398.0807168501,-87291.9275276566,-6.474666059475794,6.096552509807929,4.948302586899252,3.1266501869886905,0.00099999999922375,0.0009999999843016225,0.001000000023442773,0.000999999998187043,0.0009999999888204373,0.0010000000178901692,3.7166014882988433e-7,3.723301346929575e-7,4.999993902165443,97.28270031303292,350.2425625752175,0.1497961934533194,0.00018918624640363262,0.000191050440953029,0.00030447441505775,0.0014109999999999292,0.0014109999999999388,0.001410999999999926,0.001004109999999978,0.0010041099999999778,0.0010041099999999637,1.0951740314960545,8.866430973055781,3.671249010200384,-0.029069323163642056,0.2319431626987627,0.22811026655278463,-4.279149894416332,-22.138119506835938,-30.919679164886475,1014.2905578613281,-83464.47628077291,38.26787353024854
2025-06-11T20:56:33Z,27.291280854921627,-74.76115299943861,-164.87331344603444,-540475.7487808537,-94187.62586706132,-774.3888744411961,5.834091968584875,4.8977222419379105,3.553769165633903,0.000999999949860196,0.0010000000002543781,0.0009999999648890629,0.0009999999666144555,0.0010000001173307283,0.0010000001424901553,2.486735364699686e-7,2.660084397449924e-7,4.9778526725549455,125.61163627110545,1603.4643156626926,39.820432097201774,0.004719291291026903,0.000011155093931874376,0.005036490729517935,0.0014119999999999279,0.0014119999999999396,0.0014119999999999268,0.0010041199999999775,0.0010041199999999773,0.0010041199999999634,0.9122607601590766,9.226227175251447,3.986980630225342,-0.004058488967878158,-0.11776968656293677,0.1980649571463378,2.034831538796425,-20.381704832378187,-29.706999226620322,1014.2755584716797,-47180.4865233658,36.08402859332276
2025-06-11T20:56:34Z,29.99438056776069,-75.20394319119636,-229.0435398425616,-475044.32878090785,-92413.25316364833,-4107.040649786948,5.125929790957909,5.01061314386739,4.2701068625834875,0.0009999999585839081,0.0009999999931256892,0.0009999999879288526,0.0009999999825767165,0.001000000106079619,0.001000000137386633,2.5079540948317323e-7,2.619703429080411e-7,4.9442953726126575,67.82201280347726,1757.0503992258848,97.00474612719108,0.0010003986920187314,0.00009198598768163823,0.0010868601874202812,0.0014129999999999289,0.0014129999999999384,0.0014129999999999258,0.001004129999999977,0.001004129999999976,0.0010041299999999627,0.9937721094394449,8.48585770630811,3.8718719115608375,-0.003091731749617063,0.024580397061088194,0.23833076695259875,-1.5487899795174598,-22.160689449310304,-32.811899471282956,1014.3509347098214,-36711.9031132854,39.62463999928568
2025-06-11T20:56:35Z,29.069774847560687,-75.29408224919534,-270.4942102496134,-423242.6301019522,-90879.49449634957,-5213.475177544293,3.8879634296731824,5.266767800998286,5.430992509062168,0.000999999956798367,0.0009999999864655593,0.0010000000096565033,0.0009999999998028593,0.0010000000913394718,0.001000000120598132,2.988929349406743e-7,3.111362191261798e-7,4.932187465298796,173.43980438069764,1747.7832271727275,101.55791488840464,0.0014024867704585527,0.0000921592295554031,0.0014495174327077331,0.0014139999999999281,0.0014139999999999377,0.001413999999999925,0.0010041399999999767,0.0010041399999999767,0.0010041399999999622,1.0386184958931712,9.070708750731667,5.330060361874254,-0.05452740242903493,0.08374295697056632,-0.015701016384659112,-3.5447099208831787,-22.7176194190979,-31.92007932662964,1014.2272491455078,-29370.60095592159,39.338825289544374
2025-06-11T20:56:36Z,31.140669203875014,-75.29939073428348,-272.35996336051903,-378695.14559952426,-90511.51949842753,-4485.081444436979,3.2627636798280877,5.368052357616467,6.057581884530549,0.0009999999597478466,0.000999999980517277,0.0010000000188943718,0.000999999998934749,0.001000000089060343,0.0010000001255427216,2.547353777832911e-7,2.639270562268018e-7,4.924990009954968,133.31106071500523,1709.7392120924699,86.38073060601823,0.0012790578318075641,0.00017777236504757767,0.0013920149065624102,0.0014149999999999274,0.001414999999999937,0.0014149999999999243,0.0010041499999999773,0.0010041499999999775,0.0010041499999999615,1.4404253995254517,8.763293313039963,4.62635596710316,-0.0039452427986900376,0.02745153089799274,-0.08956796359595957,-0.36355999261140826,-23.242219543457033,-30.836109352111816,1014.0964813232422,-23759.610161854045,38.6159948855224
2025-06-11T20:56:37Z,31.58308793024042,-75.36108879789033,-343.17644377686884,-344307.9242263294,-90369.21643718958,-5786.034355076015,2.48586557834731,5.552517150335895,0.5958168471032295,0.0009999999589903102,0.000999999975879917,0.0010000000248003749,0.0009999999984362067,0.0010000000866562427,0.0010000001267581626,2.7912760617816473e-7,2.8727313175812687e-7,4.891896162968266,165.16879546576547,1640.9322681856975,63.942025272694025,0.0015082186878419448,0.00013781525120900212,0.001687804659165442,0.0014159999999999266,0.001415999999999937,0.0014159999999999245,0.0010041599999999766,0.0010041599999999768,0.0010041599999999617,0.7113498224124503,9.215101586838177,4.351475404720485,0.04005770280691219,0.09914159508689507,0.08408979681897862,-3.588019973039627,-21.86971950531006,-30.09190912246704,1014.1140289306641,-19857.334362379854,37.37215650105385
2025-06-11T20:56:38Z,31.040530467159794,-75.38332928954118,-435.5109365180924,-312090.63570605597,-90657.84148057176,-4493.575408592442,1.4416867416428016,6.195283144032094,1.828496199591118,0.000999999957800051,0.0009999999706041046,0.0010000000293380904,0.0009999999928066669,0.001000000087258646,0.001000000132433492,2.7995774545056356e-7,2.8847351674778846e-7,4.860570559148016,172.66598209403375,1566.9715241878398,52.844669271925056,0.000929624453522064,0.00027086360049444056,0.0011084622469502315,0.0014169999999999263,0.0014169999999999376,0.001416999999999925,0.0010041699999999774,0.0010041699999999757,0.0010041699999999607,0.7645347690396326,8.641525672936718,4.070411055301662,0.018683250268389563,0.03394322354155922,-0.22159096147874882,-1.5304899498820306,-21.736129665374754,-30.32736940383911,1013.9364013671875,-16550.337230000987,37.343642867094914
2025-06-11T20:56:39Z,31.056433939931487,-75.48583045098587,-438.1915077270587,-286368.02835554804,-91131.4694298755,-4432.878392642804,0.7220083884002996,6.243108922330993,2.8057641500084864,0.0009999999571810914,0.0009999999658635197,0.001000000030510835,0.0009999999834807837,0.0010000000888011073,0.0010000001398164646,3.036094911708152e-7,3.128129656509841e-7,4.824551348381419,177.56605476362037,1478.4168330353493,43.61815010507112,0.0010769886135624052,0.00024349954366432807,0.0018168396846846208,0.0014179999999999252,0.001417999999999938,0.0014179999999999254,0.0010041799999999765,0.0010041799999999756,0.0010041799999999613,1.1633451765601632,9.185492061644386,4.0995866899793025,-0.03514799954488522,-0.03342764948076173,0.288267504827865,-2.449759965389967,-22.254019737243652,-31.408289527893068,1013.7163696289062,-14149.427782090175,38.57097160919198
2025-06-11T20:56:40Z,31.80067672625374,-75.51935170423496,-487.80952202212575,-264376.4187381372,-91828.93045367558,-4135.946277487104,0.7321729980020703,6.1703977913558266,2.62210202197086,0.0009999999564741639,0.0009999999619055185,0.0010000000280858542,0.000999999972740841,0.0010000000919876742,0.001000000148342446,2.816755741219676e-7,2.8975280819413734e-7,4.788637424557805,190.65715538814842,1401.4338819070272,37.67551675619771,0.0013526660739088124,0.00010399024229868466,0.0020868045129998846,0.0014189999999999262,0.0014189999999999388,0.001418999999999926,0.0010041899999999769,0.0010041899999999751,0.0010041899999999608,1.0264492115210524,8.722554372821612,4.257914446800238,-0.021869841200544134,-0.22209973663031068,-0.14310443948407356,0.22204000372439622,-22.19057970046997,-30.4536395072937,1013.7267456054688,-12270.76424075698,37.68145188726405
2025-06-11T20:56:41Z,33.11326878508243,-75.56448367583198,-528.0212781194277,-245296.17088672266,-92622.50360895299,-4260.071378083596,1.1084633810986735,6.149895249810468,2.0853245271969802,0.000999999955847245,0.0009999999573546323,0.0010000000250057989,0.0009999999596739877,0.00100000009585508,0.0010000001585575432,2.575387790994137e-7,2.6309296495658513e-7,4.7427091625449265,201.2587470836935,1303.0384996149867,30.714426100748,0.0014812876331656763,0.00012734852337488152,0.0023254272082456526,0.0014199999999999259,0.0014199999999999372,0.0014199999999999246,0.0010041999999999775,0.0010041999999999749,0.00100419999999996,1.1016561430625016,8.701006608285851,4.447323845835257,-0.018835290958854084,-0.16770038327460268,-0.09097480223033946,-1.6567599753538766,-23.658239618937174,-30.416225814819335,1013.6195526123047,-10768.944211329848,38.569422248597576
2025-06-11T20:56:42Z,33.577519306027874,-75.63045431353119,-624.1592798164729,-227965.32909708848,-93609.10563152684,-4397.190071258168,1.2065850951128083,6.196186968885965,2.0428437822182945,0.0009999999546340488,0.000999999951816835,0.0010000000204986093,0.000999999942484385,0.0010000001015228858,0.0010000001718223571,2.575381960153266e-7,2.6196853982179333e-7,4.681267409214769,209.03356071235208,1191.3132664564496,25.000790040557533,0.001488160942409931,0.00017690138832376716,0.0022202042331648593,0.0014209999999999256,0.0014209999999999373,0.0014209999999999256,0.0010042099999999776,0.001004209999999974,0.0010042099999999598,1.2368771103894418,8.808607315106123,3.954049109433918,-0.008269429794233554,-0.017484867842331157,-0.038138207101030136,-1.2657499548047781,-22.0533296585083,-30.781819152832032,1013.8196563720703,-9511.821993816511,37.8875743296277
2025-06-11T20:56:43Z,34.3837479175026,-75.61827352999434,-732.9418927020943,-211986.1868225028,-94893.23575329855,-4311.029456915208,1.0546133418482178,6.129085761170495,2.344398456986016,0.0009999999531215525,0.000999999946910899,0.001000000013618377,0.0009999999233972102,0.0010000001091298844,0.0010000001859645608,2.3204094638148524e-7,2.3529061248135494e-7,4.620477713420833,216.82850023262364,1106.8495717384978,21.423867200738414,0.001527525442471796,0.00020221305228081243,0.002277202669224815,0.0014219999999999242,0.001421999999999936,0.0014219999999999266,0.0010042199999999771,0.0010042199999999732,0.0010042199999999591,1.0814784411571094,8.887874125528834,4.031258337715631,0.0022500096065988097,0.013918567825565697,0.027922836357268634,-2.1331699749454858,-21.320719528198243,-30.88063907623291,1013.6435089111328,-8447.437675330439,37.58635103021738
2025-06-11T20:56:44Z,35.00427625122373,-75.61839982361987,-839.517864693571,-197585.5061509917,-96525.06169100756,-4460.368847279224,1.139454542812573,5.931028820532354,2.1796059153381884,0.0009999999510656385,0.0009999999436159808,0.0010000000031761599,0.0009999999022023464,0.0010000001182567278,0.0010000002018139475,2.3184730817521697e-7,2.3435061950314294e-7,4.55518010365239,229.99156653702573,1057.9287119599917,17.51019557775671,0.0016845126625790062,0.0003398034492722558,0.003170731676452859,0.0014229999999999254,0.0014229999999999367,0.0014229999999999254,0.0010042299999999762,0.0010042299999999723,0.0010042299999999602,0.6619729679411829,8.771729124394781,4.3147979590416,-0.04486971682740688,-0.2079988789196846,0.1499385040032883,-0.889379995688796,-20.037889575958253,-31.379009628295897,1013.6143035888672,-7571.5775553017575,37.241733107823705
2025-06-11T20:56:45Z,34.07262805651016,-75.75716089469155,-959.9889985440841,-184016.77666755303,-98576.40739347972,-4371.34175921691,1.6624322680712238,6.2106042223199,1.4954993175986089,0.0009999999488511388,0.0009999999395794747,0.0009999999886567486,0.0009999998764936794,0.0010000001296565314,0.0010000002216024855,2.824367734650512e-7,2.85761256339461e-7,4.482458397845193,244.2385801594814,1014.1145282430616,15.23034018040326,0.0015749994256486078,0.0005225039114740495,0.0030490993755257403,0.0014239999999999258,0.0014239999999999353,0.0014239999999999258,0.0010042399999999757,0.0010042399999999712,0.0010042399999999605,0.8225657702086838,8.692993316033593,4.611966439300053,0.007043836324813165,-0.07739733973992503,-0.03562934640202413,0.3724587945377125,-19.464740753173828,-30.27106991936179,1013.6227242606027,-6822.026066898915,35.99095878464356
2025-06-11T20:56:46Z,31.035398922308957,-76.08631827597299,-977.3409253075561,-171234.18992584245,-100825.89287069184,-3725.3020529240557,1.2191600182914377,6.125848247751949,2.033053079213365,0.0009999999453712458,0.0009999999369165841,0.000999999972914383,0.0009999998499463053,0.0010000001406464036,0.0010000002404728589,3.9108941014102375e-7,3.9892889115311263e-7,4.445408429843667,257.1654235008457,976.5374850678552,14.987523988678227,0.0014197553159907463,0.0006954207262734899,0.0024403546856690767,0.0014249999999999252,0.0014249999999999348,0.0014249999999999252,0.0010042499999999752,0.0010042499999999717,0.0010042499999999611,0.5046105086160085,8.488506340087275,4.625589035999197,0.0015622036029714114,-0.08095206596256939,-0.13972203234391645,7.5999898433685305,-17.02387990951538,-34.36800975799561,1013.634521484375,-6179.718289171269,39.09896231131171
2025-06-11T20:56:47Z,30.363767775379607,-76.18222771804068,-825.7495536132874,-160221.8450221696,-102542.73891994212,-2790.0938385301506,0.9283128295504106,5.5836690685753245,2.3312596394052236,0.0009999999425820065,0.0009999999351253772,0.000999999962560311,0.0009999998308209954,0.0010000001486666673,0.0010000002536803372,3.771432389809e-7,3.8806366194737436e-7,4.457987669669883,266.5039001202648,944.2757981634077,15.80098812805035,0.000754874346993693,0.0014512397096809833,0.002302340209762187,0.001425999999999924,0.0014259999999999336,0.001425999999999924,0.001004259999999976,0.0010042599999999723,0.0010042599999999617,-0.31600586786199625,8.45593385607352,4.7581717154058465,0.007450668399776442,-0.38148383323792256,-0.07904812887516408,11.02086980342865,-17.74672966003418,-29.125669384002684,1013.5254211425781,-5661.596270927508,35.84281454705072
2025-06-11T20:56:48Z,30.812241665772703,-76.27229107356273,-674.8090862076688,-151416.35292032262,-103410.44699978188,-2682.3737153014044,1.5027305245051563,0.3910149221870647,1.4405682080571611,0.0009999999411591902,0.0009999999338225168,0.0009999999562980062,0.0009999998195504341,0.0010000001537443794,0.0010000002625473498,4.16155738737835e-7,4.283938084262416e-7,4.453296088442059,277.7517847015593,913.3743416302093,14.095377114732422,0.0006526122862485048,0.0014913220724503478,0.0018372349677656138,0.0014269999999999246,0.001426999999999934,0.0014269999999999244,0.0010042699999999755,0.0010042699999999723,0.0010042699999999617,0.593244605150681,8.732228516643548,4.135439871825465,0.014945281339021921,0.1377228642966322,-0.12454949021002945,-0.3263499945402145,-23.27759952545166,-29.948559761047363,1013.4414978027344,-5259.16659873296,37.93238612988987
2025-06-11T20:56:49Z,32.36441768193613,-76.17730091394132,-681.5896224417729,-143484.3164888898,-104200.84422353358,-2775.6736590644687,1.7504964305871566,1.1907433923171185,0.5173589205976317,0.0009999999402827947,0.0009999999331266182,0.0009999999497938158,0.0009999998085353206,0.0010000001589480683,0.001000000270673175,3.585674118262618e-7,3.6799736299977165e-7,4.408555369292607,291.95643035779136,885.6784545942461,13.17879599527955,0.00036560010907927583,0.0018125592909407665,0.0020556132850996444,0.001427999999999925,0.0014279999999999343,0.001427999999999925,0.001004279999999975,0.0010042799999999716,0.0010042799999999607,-0.6970430645726808,8.739605759686844,4.228652816100907,0.007001368615083608,-0.1688105750727297,-0.01767472260366946,-7.920849788188934,-18.088329601287843,-34.413759326934816,1013.4674377441406,-4918.186819820426,39.676575821422595
2025-06-11T20:56:50Z,33.62389196480599,-76.12368511587071,-737.5323325488598,-135934.34759449397,-105150.23712526965,-2955.6570768825795,1.095632359117237,6.169541298333012,1.6386597239861502,0.0009999999384176137,0.0009999999320963841,0.0009999999433570495,0.0009999997967696291,0.0010000001647448179,0.0010000002789755129,3.348089874675274e-7,3.4110559844543836e-7,4.356632918471451,306.25923739107037,854.481592881959,11.129729183505518,0.0008888403589518083,0.001683675145777105,0.0012782114760219127,0.0014289999999999251,0.0014289999999999336,0.0014289999999999251,0.0010042899999999741,0.0010042899999999706,0.0010042899999999598,0.11511503759782842,8.712981461591836,4.040618192246099,0.00438504017542222,0.0964661456519559,0.057498505814342606,-10.68292977809906,-22.296109533309938,-34.64555950164795,1013.3249816894531,-4618.801094789532,42.5623338016741
2025-06-11T20:56:51Z,34.87684820181549,-76.02903323521204,-850.4789506869774,-128529.0117869612,-106256.35176495653,-3130.186914039201,0.5061321523662938,4.805526555830549,2.4785834948836145,0.000999999936125173,0.0009999999296735312,0.0009999999359833847,0.0009999997819135692,0.0010000001711835372,0.0010000002890668221,2.873885527466991e-7,2.911021969639341e-7,4.273642280923788,319.51245430545686,824.0486115603144,9.599197650973835,0.0007463033359694118,0.00191530774247227,0.0015078846017417087,0.0014299999999999255,0.001429999999999934,0.0014299999999999255,0.0010042999999999745,0.001004299999999971,0.0010042999999999602,0.13011621236067597,8.87964014918442,4.453412275609393,0.017632388364725686,-0.1513264738031601,0.13105297300634186,-12.846599674224853,-11.991989856958389,-19.785349655151368,1013.3332977294922,-4348.184491033323,26.463190750839548
2025-06-11T20:56:52Z,35.39446456236422,-76.0310992757072,-977.8116636295636,-121108.89599284294,-107515.94585849594,-3266.8377180113403,3.178550140548765,4.466764303993112,5.989986420811714,0.000999999933889954,0.0009999999278988865,0.000999999926355105,0.000999999763426081,0.001000000179785627,0.001000000302861222,2.860228965274937e-7,2.8868054815193224e-7,4.190409096573699,332.96406795187664,796.130359416206,8.16448593539012,0.11061985843284355,0.00014168176070946236,0.11406855487660288,0.0014309999999999256,0.0014309999999999343,0.0014309999999999256,0.0010043099999999749,0.0010043099999999714,0.0010043099999999605,0.6270028476087237,8.627841352533094,4.536184226576926,0.014661808481064714,-0.014306470315546198,0.18809478016738526,-21.032799768447877,-10.471869884431362,-26.466679286956786,1013.3592376708984,-4100.120710115492,35.39096521319276
2025-06-11T20:56:53Z,35.171174401078524,-76.13546468695849,-1085.1971682724725,-113759.81197946612,-108804.22255076484,-3204.021801348321,0.27490476027458755,1.544233727671732,2.1309491556825932,0.0009999999354857643,0.0009999999253731107,0.0009999999122466243,0.0009999997444513438,0.0010000001873013305,0.0010000003203258043,3.1014892892968365e-7,3.1283363322869543e-7,4.120693781146066,347.66513963347916,774.1188685242408,7.583007636150141,0.11339699643599185,0.00037528047236341723,0.11641593296912689,0.0014319999999999249,0.0014319999999999335,0.001431999999999925,0.0010043199999999744,0.001004319999999971,0.00100431999999996,0.5213960973983491,8.54748976142464,4.738479436799023,-0.01568458150837634,0.0027296416069908526,-0.0067972241893361676,-4.531689933687448,1.9904299139976502,-38.3677791595459,1013.2937774658203,-3872.9975302925964,NaN
2025-06-11T21:01:51Z,32.29844905348228,-75.16758864606652,70.11519991356181,1201283.030073457,220389.16604045875,3264.0666087483028,3.3457157018876678,5.510510204624292,4.078815333945199,0.0009999997626436276,0.000999999948435446,0.0010000000905436035,0.0009999996687710857,0.0010000003778315877,0.0010000003439039375,4.900400737760864e-7,4.958383907871066e-7,4.999989625066519,137904.56454269105,3311.2772027634833,7.263426296375428,0.010186535217081554,0.00009542252572039684,0.0002667925895751834,0.001432999999999924,0.0014329999999999322,0.0014329999999999237,0.0010043299999999747,0.0010043299999999713,0.0010043299999999587,0.008836472046485782,8.620238596373742,4.469806318258637,0.004936627545486333,0.006740146918075681,-0.006625101616310381,-38.69911665074966,-25.299211277681238,-16.10184647055233,1008.6732025146484,-233905.50458581853,48.958519649724536
2025-06-11T21:01:52Z,37.32040599166214,-73.8867741987597,51.27040986742941,712924.8017938731,192353.4688672746,-4175.217289393477,3.2524737216598343,0.7725058227331768,3.5948356649332087,0.0009999998613102314,0.0009999999261109448,0.0010000001609577981,0.000999999867011838,0.0010000002041146386,0.0010000002062923597,3.892557018829602e-7,4.3554301775665414e-7,4.998863576347503,124647.27500621199,10326.268359646188,47.098633140922175,0.007169466768931357,0.00008161891586401457,0.00016249398229029722,0.0014339999999999225,0.001433999999999933,0.0014339999999999225,0.0010043399999999747,0.0010043399999999712,0.0010043399999999597,-0.07576643020765901,8.605115102819509,4.437232707886751,-0.0004304361190279407,-0.002082504189462463,0.003011925367625368,-37.68213958740235,-25.671849536895753,-16.17170958518982,1008.498064313616,-85516.37693656248,48.3787861321938
2025-06-11T21:01:53Z,46.01604674722155,-70.25007328045136,75.15295915682054,93661.6051354652,120746.94805436289,4721.203934389747,4.718935521277825,4.51568108072988,1.4517888350853696,0.0009999999143419608,0.0009999998880237731,0.001000000216553105,0.0009999999464381127,0.0010000000980957817,0.0010000001327336394,3.5479862896704415e-7,3.856825670747943e-7,4.988919169155906,18579.760070202195,9187.959114774747,122.8744610017402,0.004338573677652062,0.00012829691229463355,0.00018534015912974466,0.0014349999999999235,0.0014349999999999322,0.0014349999999999237,0.0010043499999999742,0.0010043499999999707,0.0010043499999999599,0.026091888267469575,8.639730142667274,4.462760924178337,-0.007531661375063708,-0.004999435398533369,-0.05007073026663129,-36.73114929199219,-26.08603963851929,-16.717659568786623,1008.5211868286133,-3673.907249301492,48.053447903349344
2025-06-11T21:01:54Z,42.01630251889253,-73.56338108117288,158.39677711493823,101257.56092206968,121869.54602185824,-1743.7245117299299,2.8537924374063515,5.096910469922278,4.4819370229347255,0.0009999999130212251,0.0009999998890143965,0.0010000001901806855,0.0009999999469585035,0.0010000000931100728,0.0010000001369804973,3.3995817723336423e-7,3.4207206292475304e-7,4.850753511677851,16849.57908435171,9151.892463432505,21.149923586116387,0.004108826460731491,0.00013791497719977313,0.00018013895392140214,0.0014359999999999232,0.0014359999999999315,0.001435999999999923,0.0010043599999999737,0.00100435999999997,0.0010043599999999594,-0.448906507466012,8.563010810964027,4.63592519643109,-0.0006935680969801177,-0.0008792593116899767,0.004305101224492135,-35.456859016418456,-26.640529727935792,-17.095249700546265,1008.5380249023438,-3949.6063879018643,47.53050960279444
