timestamp,latitude,longitude,altitude,velocity_north,velocity_east,velocity_down,roll,pitch,yaw,acc_bias_x,acc_bias_y,acc_bias_z,gyro_bias_x,gyro_bias_y,gyro_bias_z,latitude_cov,longitude_cov,altitude_cov,velocity_n_cov,velocity_e_cov,velocity_d_cov,roll_cov,pitch_cov,yaw_cov,acc_bias_x_cov,acc_bias_y_cov,acc_bias_z_cov,gyro_bias_x_cov,gyro_bias_y_cov,gyro_bias_z_cov,acc_x,acc_y,acc_z,gyro_x,gyro_y,gyro_z,mag_x,mag_y,mag_z,pressure,freeair,mag_anomaly
2025-06-14T21:17:02.800Z,40.074321,-75.2397738,58.89999771118164,0.0,0.0,0.0,0.01819286032114176,-0.35289162099361415,-0.04616038314998147,0.001,0.001,0.001,0.001,0.001,0.001,1.0677034502946993e-8,1.0677034502946993e-8,0.40789757646763647,2.25,2.25,2.25,1e-9,1e-9,1e-9,0.001,0.001,0.001,0.001,0.001,0.001,-0.7066050291061401,3.376290202140808,9.38941535949707,-0.0223987498320639,0.01047750008292494,-0.03218874968588348,5.332500219345093,4.501875257492065,-48.502502059936525,1005.8299560546876,0.22265387390057612,49.001940491079324
2025-06-14T21:17:07.800Z,40.07513586691293,-75.23871318954075,32.305001705660516,-1.2866142563286012,36.12315321567938,-72.69620423423518,5.645808940953628,0.948156716935678,6.196828810958366,0.001000000000388468,0.0010000000004168896,0.001000000000388468,0.0010000000004026788,0.0010000000004026788,0.0010000000004026788,1.010677734974928e-6,1.0106793948659543e-6,4.594689917589669,2.252371474133253,2.248964029971541,0.19843121795087892,0.000010002589845889649,0.000010000999766947009,0.000010003731195497178,0.0010010000000000008,0.0010010000000000004,0.0010010000000000008,0.0010000100000000006,0.0010000100000000006,0.0010000100000000006,2.0604801049232484,6.302000283241272,-0.9128950486183166,-0.538707494199276,1.2525600006580353,0.35722874605655663,-3.3304688781499863,-14.228906869888306,33.42656421661377,1005.7699584960938,-3.0917250070509765,36.48130077355929
2025-06-14T21:17:07.900Z,40.07515171407882,-75.23867044180544,41.83036489135838,-1.6445649114519145,36.632353256947276,-71.03302926937536,5.186094036196221,1.2684091548497645,5.681692942952567,0.0010000000007153176,0.0010000000004026788,0.001000000000672685,0.000999999999990564,0.0009999999999834586,0.0009999999999834586,2.010677763276332e-6,2.01067949020051e-6,2.4435481243343977,2.253412367693921,2.249930695461608,0.11054379353005482,0.00006642198466157846,0.000018399560065298664,0.00005158834438421793,0.001002,0.0010019999999999994,0.0010020000000000003,0.0010000199999999995,0.0010000199999999995,0.0010000199999999995,3.7168851842876363,7.829285358428538,-2.134480110764892,0.09471374840994146,3.949155019759729,0.933092485904291,-4.001785857336862,-12.439286231994629,34.14910888671875,1005.7699584960938,-0.8588855144356391,36.56375334343573
2025-06-14T21:17:08.400Z,40.07522285586528,-75.23845826679343,24.209785397816553,-1.3711779441663394,35.41841439797391,-78.32468979395021,4.470288637151806,1.0776294978362662,4.466044216528245,0.0010000000006584742,0.0010000000001326725,0.0010000000005874199,0.0009999999999763531,0.0010000000001539888,0.0010000000001539888,3.010677912954874e-6,3.0106799944357628e-6,1.8545178585166573,2.2552946917345085,2.2510307226280597,0.07595128177041426,0.00009358330833679956,0.000015558501609796745,0.00010969196237128853,0.001002999999999999,0.001002999999999999,0.0010029999999999998,0.0010000299999999998,0.0010000299999999998,0.0010000299999999998,11.928856777190447,2.374606328248575,0.015987501410094754,0.9772781209796761,0.9952734319269823,-0.4875265646949245,-42.586608341761995,6.637500286102295,-25.408929552350724,1005.7999877929688,2.378437826039916,50.03283164822378
2025-06-14T21:17:08.900Z,40.07527088899183,-75.23824893892949,6.115473363316422,-0.19951660500381851,34.80439984227233,-83.65144256877159,3.864482545999571,1.039850950574997,4.3302772859520235,0.001000000000189516,0.0010000000004026788,0.0010000000006584742,0.0009999999996495035,0.0010000000004808385,0.001000000000537682,4.0106780763543495e-6,4.01068054419022e-6,1.5317308760518284,2.257798950108802,2.2524756702086304,0.057751266698880574,0.00009345580597728324,0.000025138771019812143,0.0001140591164716769,0.0010039999999999982,0.0010039999999999984,0.001003999999999999,0.0010000399999999987,0.0010000399999999987,0.001000039999999999,7.826244162558851,1.753868827760087,4.148881362914452,-1.0618984455466034,0.16838281059249732,0.0052046860110337625,-30.447917726304794,5.862500190734863,-39.591667599148224,1005.8199462890624,-0.7544917998442721,50.288563722530114
2025-06-14T21:17:09.100Z,40.075269051501685,-75.23816323241238,6.300745742298041,0.23063683691056244,34.958936914436535,-84.72073983496065,3.9074261427010226,1.0074962275704746,4.50485028438323,0.0010000000000758291,0.001000000000189516,0.001000000000388468,0.0009999999996345354,0.0010000000006300525,0.0010000000006584742,5.0106781453974736e-6,5.010680776661635e-6,1.233495281106556,2.25970468939613,2.2539409701954636,0.04778804490234262,0.00009281896688556606,0.000035490659770073624,0.00011166703396643111,0.0010049999999999987,0.0010049999999999987,0.0010049999999999996,0.0010000499999999995,0.0010000499999999995,0.0010000499999999993,7.69163780117016,2.90136887335737,5.816862808703718,-0.5349468717571568,-0.1898562490935589,-0.4453484433000696,-30.26484489440918,11.043750166893005,-38.62968873977661,1005.8099975585938,0.28608172256948317,50.30082505048677
2025-06-14T21:17:09.900Z,40.075158621927756,-75.23781822428387,-37.75134047779683,3.2944698716934497,33.05510446102063,-97.74637328974386,3.3822619304168033,0.7890146956077461,4.584735730334029,0.001000000000088672,0.0009999999998172974,0.0010000000005461554,0.0009999999994464472,0.0010000000006314205,0.0010000000004275478,6.010678438978848e-6,6.010681775858921e-6,1.206268622421156,2.268033823949491,2.2619716714254787,0.04057163854703167,0.00006323180854689042,0.0000455700261832761,0.00009673659753058404,0.0010059999999999976,0.0010059999999999976,0.0010059999999999984,0.0010000599999999984,0.0010000599999999986,0.0010000599999999984,10.616217169867546,-0.9593333796926911,7.426550315856545,-0.8483849952217262,0.2451800061159986,-0.21666874664342686,-37.81312637329101,17.062500953674316,-26.39812602996826,1005.8099975585938,3.207265201539948,49.1713080134499
2025-06-14T21:17:10.500Z,40.074735604203056,-75.2375345401575,-64.41903868123026,2.685822291289923,31.269418105629583,-104.89515627549818,3.253951707699747,0.6807878268038929,4.466263942685198,0.0010000000003015394,0.001000000000241369,0.0010000000003901313,0.0009999999990852992,0.0010000000005109236,0.001000000000567993,7.010678668007192e-6,7.010682597318588e-6,1.1188236909129246,2.2765671191736208,2.270772236040782,0.03512421688430576,0.00006253167254641908,0.000055329135746413606,0.00010442245377941947,0.0010069999999999977,0.0010069999999999977,0.0010069999999999986,0.0010000699999999983,0.0010000699999999983,0.0010000699999999983,9.450683786180196,1.579783406893595,5.639016926658932,-0.08666249720696884,0.20162343576114813,0.11695781087087549,-40.86187629699707,16.230000686645507,-21.35625057220459,1005.7899780273438,1.3340106260410747,48.87934465435913
2025-06-14T21:17:10.900Z,40.07408834869932,-75.23731107621578,-74.29364341709838,2.723014206238766,30.577079349616454,-106.99313510976663,3.2898747095995797,0.6067974762624417,4.814248636781766,0.0010000000003600462,0.0010000000005824035,0.0010000000002321485,0.0009999999994497134,0.001000000000489616,0.0010000000005324571,8.01067881196295e-6,8.010683178000418e-6,1.002394292184144,2.281750419541552,2.276591572706461,0.031390822643963305,0.00006757171664083297,0.00006447011338853749,0.00011195102588983943,0.0010079999999999985,0.0010079999999999967,0.0010079999999999996,0.0010000799999999985,0.0010000799999999987,0.0010000799999999987,5.537480281829533,0.7368800392148466,4.722095226287451,-0.45898500478176196,0.08521250018426346,-0.7360474894052463,-41.173126220703125,11.971875476837159,-23.248125648498537,1005.8199462890624,-2.469191340159692,48.775224453633456
2025-06-14T21:17:11.300Z,40.07316705885503,-75.23706315558974,-86.11042915817048,3.368061044505533,28.85696850260004,-110.23102760124632,3.3338810253234183,0.4492463544686607,5.196147552153542,0.0010000000000758291,0.0010000000005004344,0.001000000000045687,0.000999999999749427,0.0010000000007508447,0.0010000000008379421,9.010678943121198e-6,9.010683784196645e-6,0.9150214650006383,2.289356385003822,2.285705850122136,0.029383784398284804,0.0000734977724646322,0.00006890905588995796,0.00012632722609791478,0.0010089999999999984,0.001008999999999998,0.0010089999999999986,0.0010000899999999982,0.0010000899999999982,0.0010000899999999982,8.247905324935553,1.0725050380224126,5.958500265121228,-0.3987187473321418,0.23792000168512975,-0.9230337390904982,-43.681875991821286,7.391250324249268,-21.01125087738037,1005.8199462890624,0.44773312742251203,49.03268866743306
2025-06-14T21:17:11.900Z,40.071444979976995,-75.23666238860034,-118.01867194410613,5.307807829675155,27.946717694652506,-118.1231138494525,4.320386937202044,1.0214398463615029,5.733237520807333,0.0009999999999742958,0.0010000000007315858,0.000999999999771229,0.0009999999997873067,0.0010000000008310618,0.0010000000010051448,0.000010010679112367533,0.000010010684740244761,0.8857477621231882,2.3055409658616197,2.30816008440332,0.02777298598112756,0.0002804665462945223,0.0000677682420152415,0.0002852858903503715,0.0010099999999999977,0.0010099999999999977,0.0010099999999999977,0.0010000999999999977,0.0010000999999999977,0.0010000999999999977,9.37831707170267,1.5199000574212898,4.591033584912572,1.3807069265580034,-1.6796611080177186,0.11116944295622226,-46.73437690734863,-1.0162500441074371,-15.296250534057616,1005.8199462890624,0.7682226884112532,49.18439830972553
2025-06-14T21:17:12.900Z,40.06697950922571,-75.23582635915159,-183.63074213664675,23.28613247716264,26.779870205996428,-117.77974664668432,5.317269009891232,0.11110198464548716,0.0860785846036189,0.0009999999998426055,0.0010000000009857376,0.0009999999995320642,0.000999999999816695,0.0010000000010789499,0.0010000000007976434,0.000011010679215231248,0.000011010686452843295,0.9415324513115826,2.30147772216555,2.360901727091518,0.04811747255769449,0.00009330012425667411,0.00007258679184868357,0.00016921912189713274,0.0010109999999999978,0.0010109999999999976,0.0010109999999999978,0.0010001099999999968,0.0010001099999999968,0.0010001099999999968,11.106883877224417,-7.442000302633381,-0.34308335147940755,1.1383402814867238,-1.3556805381783212,-1.5485624865965828,-12.480000591278076,36.65625152587891,19.68562545776367,1005.8399658203124,3.590483088652473,43.439045008028586
2025-06-14T21:17:13.100Z,40.06303932499277,-75.2353265310179,-162.97446617963672,25.46523473992461,24.959493442958554,-111.77699255733921,5.344813743099659,5.963284951315432,6.080339860137082,0.0009999999998577026,0.0010000000010261544,0.0009999999992242998,0.0009999999997816849,0.001000000000897237,0.0010000000007400847,0.00001201067892374258,0.000012010686809751773,0.8307918323352421,2.2995808127302317,2.365304927666766,0.04941497129803426,0.0001091306514221745,0.00008269612578237762,0.0001912873123550128,0.0010119999999999966,0.0010119999999999966,0.0010119999999999966,0.0010001199999999976,0.0010001199999999976,0.0010001199999999976,6.90930545234696,-8.062915349961312,1.1544950475697429,0.1285593753458902,-0.023584374529457233,-2.5443547198780405,-18.30833413865831,23.92291768391927,12.606250445048014,1005.8199462890624,0.8975975742874756,32.65601514662111
2025-06-14T21:17:13.200Z,40.05983042860696,-75.23494301954844,-140.12373227298735,26.3345853156699,23.80908398534684,-107.02901025474978,5.393577480592376,5.777064472977399,5.996594920792989,0.000999999999915388,0.0010000000009672064,0.0009999999992857736,0.0009999999999133272,0.0010000000006999687,0.0010000000007322346,0.000013010678640572661,0.000013010686988811001,0.7302453808483128,2.2994227083903875,2.3649627260522093,0.04835464351868575,0.00013256942406047326,0.000093029643653013,0.00021859061198360545,0.0010129999999999972,0.0010129999999999972,0.0010129999999999972,0.0010001299999999977,0.0010001299999999975,0.0010001299999999977,4.700000160641283,-7.017433662839432,1.4899833934579765,0.3530624992717171,-0.3938374918186696,-1.5633208284385454,-23.629167768690323,24.131250805324978,8.604166931576199,1005.8399658203124,-1.2068005387136758,34.8523024524002
2025-06-14T21:17:13.600Z,40.05589556573888,-75.23440267697455,-149.11066838757236,29.484551725181507,20.704759022391354,-104.00421450870098,5.8504527065017955,5.628513893627343,6.061969027130025,0.0009999999999294902,0.0010000000013653818,0.0009999999990130551,0.0010000000001589792,0.001000000000790767,0.0010000000007012897,0.00001401067839738409,0.000014010687731614816,0.7078806096608934,2.300771475318655,2.378791685780911,0.05472514605699707,0.0001589333324052355,0.00010208313169168228,0.00023995601839329426,0.0010139999999999965,0.0010139999999999962,0.0010139999999999965,0.0010001399999999979,0.0010001399999999979,0.0010001399999999979,7.642783675299835,-2.6586667891618014,-2.1888834300563875,1.4446887364388379,-0.3210999975211467,0.006136249588070225,-21.363750839233397,27.118126106262206,4.436250135302544,1005.8399658203124,-1.400016442509582,34.80631259234803
2025-06-14T21:17:13.900Z,40.051580627923435,-75.23387356108267,-148.06870719051585,31.668032765183032,16.93873029211678,-99.31777503855054,6.166600263315224,5.282668887022567,6.075490835088278,0.0010000000000006744,0.0010000000015640091,0.0009999999989712012,0.0010000000003316245,0.0010000000007161314,0.0010000000008186434,0.000015010678000095674,0.000015010688302832404,0.675743690680022,2.305479256418912,2.3868339410484416,0.060798860323219656,0.00029063262818386515,0.00011146444608546646,0.00035173461975486156,0.0010149999999999966,0.0010149999999999966,0.0010149999999999966,0.0010001499999999976,0.0010001499999999978,0.0010001499999999978,9.347131775856088,-7.187125397683555,-1.437868801712003,1.31263572393129,-0.9778392699113307,-0.20002142922331062,-9.624107497079033,22.746429443359375,-3.2919643947056363,1005.8199462890624,2.095751662681347,24.917022262929105
2025-06-14T21:17:14.700Z,40.043773769675305,-75.23295896445511,-185.25693942109956,36.221224078583965,12.087808792034057,-95.7884642921656,0.9568733357579451,5.096864356506798,5.410052601181542,0.000999999999692136,0.0010000000014000437,0.0009999999990808355,0.0010000000005047599,0.0010000000010779366,0.0010000000007569856,0.000016010677164780742,0.00001601068989911827,0.7697241456970032,2.313935982177682,2.4173619684336227,0.07378202192606578,0.0003564296674108077,0.00011543953924044459,0.0004715990161743316,0.0010159999999999967,0.0010159999999999967,0.0010159999999999967,0.0010001599999999978,0.0010001599999999978,0.0010001599999999978,5.490080236434936,-1.689910076023712,-2.7150101194371428,0.7864624937769434,-0.1994949976212987,-0.3484487513311943,55.51500282287598,-43.201876640319824,-36.470626258850096,1005.8699951171876,-3.4283250995371635,79.23645766139163
2025-06-14T21:17:14.900Z,40.03667131751842,-75.23226520524729,-166.7840118574373,38.04003064076149,7.512070868607401,-88.20072262640329,0.4388145216699079,4.883814074591427,5.784346737218918,0.0009999999995784492,0.0010000000016106014,0.0009999999993399067,0.0010000000007602573,0.0010000000011120163,0.0010000000007434346,0.000017010675996870885,0.000017010690305687454,0.7158178715463925,2.3264667009400495,2.4299659305795145,0.08144327528427428,0.0005956384603374636,0.00012065650310996118,0.0006068619508045082,0.0010169999999999964,0.0010169999999999962,0.0010169999999999964,0.0010001699999999986,0.0010001699999999986,0.0010001699999999986,11.922080539703677,-9.841915393830744,-4.07509019470123,-0.47324374711563993,0.12754874860387536,0.7137387379772843,-28.781250953674316,25.434375953674316,-3.0918751120567327,1005.8699951171876,6.206264650709328,38.533409768730614
2025-06-14T21:17:15.200Z,40.02949526207125,-75.23159543660836,-158.1340669682259,38.839279458841126,4.604281565515599,-81.51574031990219,3.6534413459368036,4.844839245176988,2.5142562541270426,0.000999999999864854,0.0010000000017647331,0.0009999999991608555,0.0010000000006038184,0.0010000000010437747,0.0010000000009684788,0.000018010674751860487,0.000018010690933714727,0.7006016327848065,2.3330769120626678,2.436213902291821,0.08191267569678079,0.011762958207561994,0.000031473177879918885,0.011367527416152335,0.0010179999999999968,0.001017999999999997,0.001017999999999997,0.001000179999999999,0.0010001799999999992,0.0010001799999999992,6.3728565444950505,-2.5991313884274376,-1.950381336569126,0.04807031170947819,-0.41363749392348714,0.5689546933166699,6.204375219345093,-3.1200001657009127,-34.23562641143799,1005.9099731445312,-2.627572393547393,34.932839054321626
2025-06-14T21:17:15.700Z,40.02072175952102,-75.23086614362394,-161.18834015030765,37.90918072794169,-4.6448388821852475,-74.94460149757772,2.1110851105414055,5.471252723639637,4.124925249670612,0.000999999999713468,0.0010000000019260288,0.0009999999993774492,0.0010000000004709445,0.0010000000012139422,0.0010000000013413908,0.000019010673012061167,0.000019010692019090573,0.737057372194428,2.3888656705016116,2.4449373944287522,0.05704912622421021,0.00021772211344162925,0.00018531611265682377,0.0005459648247519688,0.0010189999999999963,0.0010189999999999963,0.0010189999999999965,0.001000189999999999,0.001000189999999999,0.001000189999999999,10.061637925148146,-9.408756686212397,-2.5350064018956378,0.18180625459677693,-0.1285828108784004,-1.3900937566766887,-10.2037504196167,11.128125429153442,-6.780000305175781,1005.9199829101562,4.226652495294027,16.550481058626993
2025-06-14T21:17:15.900Z,40.01276808677732,-75.23025487819643,-144.12649000904048,36.615073277920835,-8.561610933296063,-70.63466273096002,2.2286301996584634,5.673780451471637,4.048581585017606,0.0009999999999211345,0.001000000001637058,0.0009999999995484027,0.0010000000003884111,0.0010000000007543601,0.0010000000017294658,0.00002001067112033473,0.000020010692458456613,0.6874013441144403,2.4038902133264233,2.443016197891455,0.051484066781639345,0.00025071820869469784,0.00016804442820868236,0.0005513091449413935,0.0010199999999999968,0.0010199999999999968,0.0010199999999999968,0.001000199999999998,0.0010001999999999975,0.0010001999999999997,4.6111103525164605,-4.862020255090732,-0.05809000825819704,0.162116254657036,0.3051712551849862,-0.457940004230887,-4.912500286102295,13.171875476837158,-20.44875087738037,1005.9299926757812,-3.0784824935588637,24.814912005198476
2025-06-14T21:17:16.100Z,40.00539509658092,-75.22972472349527,-130.42858065654508,35.19879605556411,-12.509702771633622,-66.7078367781153,2.324954666454374,5.764014586788617,3.818154286868558,0.0010000000000452397,0.001000000001775351,0.000999999999515015,0.001000000000550568,0.0010000000004456618,0.0010000000013899938,0.00002101066923193183,0.000021010692905002615,0.6461820506363782,2.427150374462158,2.4417139424811714,0.04850488326190849,0.0002635151142038127,0.00018290930302184363,0.0005787800859305458,0.001020999999999997,0.0010209999999999972,0.0010209999999999972,0.0010002099999999988,0.001000209999999997,0.0010002099999999996,7.429533568064451,-4.221800187854285,-2.6814501215612343,-0.42917499339619375,0.020683749369522577,0.26722124868458413,-11.576250457763672,15.14062557220459,-2.2518751502037047,1005.949951171875,-0.8230535663687232,19.19158962708262
2025-06-14T21:17:16.500Z,39.99690145927633,-75.22922028646606,-129.67800709180992,32.438033116019795,-19.129530260304264,-65.17561993389344,2.4895406808305576,6.043477351732903,3.8312371023617104,0.0010000000005237436,0.001000000001598977,0.0009999999994828681,0.001000000000673739,0.0010000000000713253,0.0010000000012088813,0.00002201066681079731,0.000022010693828027344,0.6534940297556964,2.494356322857072,2.4321835408631856,0.04960357768867081,0.0002763019640327236,0.00015007348333425006,0.0005101983291994879,0.0010219999999999964,0.0010219999999999964,0.0010219999999999964,0.0010002199999999994,0.0010002199999999968,0.0010002199999999991,8.622305368423417,-6.867100311281072,-2.3041001567835724,0.1683999972188927,0.024643748463617127,-0.6444999972595763,1.8900000751018524,-6.740625262260437,-8.394375419616699,1005.969970703125,1.4825807169325869,10.930350373986625
2025-06-14T21:17:16.900Z,39.987239919853984,-75.22874410255511,-128.23440405686702,28.54121047817371,-25.99187571303714,-63.609806850759334,2.6963337232528617,6.139509361998841,3.4476570443989116,0.0010000000013401808,0.0010000000017351069,0.0009999999989796372,0.0010000000006939196,0.0009999999994587778,0.001000000000836825,0.00002301066355049223,0.00002301069477593195,0.6610300826609078,2.588012599657561,2.4198196731519865,0.05767093218471592,0.00024165659110187595,0.00020003055813856439,0.000517989300990998,0.0010229999999999961,0.0010229999999999964,0.0010229999999999961,0.0010002299999999987,0.0010002299999999978,0.0010002299999999987,9.035994099616481,-8.225144190551449,-3.007131410598238,-0.022123439423482313,-0.2260874964521048,0.4216062479416858,-14.838750648498536,24.853125762939452,-14.857500648498535,1006.0,2.8058597314163483,32.53626295242736
2025-06-14T21:17:17.300Z,39.976417357163626,-75.2283158964246,-126.05539000199603,22.669236779013012,-32.6524160182159,-62.06389865506462,2.9093763319949737,0.0918032946417353,3.446490103047153,0.0010000000024603874,0.0010000000013916169,0.0009999999981210575,0.001000000000737161,0.000999999998890644,0.0010000000004931012,0.00002401065929796411,0.00002401069574713359,0.6725067174595767,2.707735628052707,2.400389858171217,0.0726382698317034,0.0002790188602114303,0.000172224030483129,0.000469590859024899,0.0010239999999999965,0.001023999999999997,0.0010239999999999965,0.0010002399999999977,0.0010002399999999969,0.0010002399999999995,9.97186295890674,-9.466656697751826,-2.3955063799609473,0.07829166861636919,-0.18259166123249979,-0.5633138936037908,-19.813125801086425,9.211875247955323,-14.971875667572021,1006.0199584960938,4.179933856470977,26.48722285840407
2025-06-14T21:17:17.700Z,39.96452452854318,-75.22795604095123,-122.76005232584501,16.42473902277933,-38.31559131321534,-59.34728737340508,3.0310148715705125,0.2899707739191953,3.454263955908041,0.0010000000038455862,0.0010000000011758591,0.0009999999970276485,0.001000000001055757,0.0009999999978195944,0.0009999999996857724,0.000025010653934598372,0.000025010696741004466,0.6923421548434032,2.836155660189761,2.3898109122159092,0.09249890500281202,0.00032919343827474915,0.0001551969452709629,0.0004278718827646101,0.001024999999999997,0.001024999999999997,0.001024999999999997,0.0010002499999999968,0.0010002499999999968,0.0010002500000000003,7.740550498536087,-8.289333680896032,-3.416750173643008,-0.31702082318803537,-0.3146527753527462,-0.4849235958130787,-35.88562660217285,28.531876182556154,-15.22500057220459,1006.0299682617188,2.068649209821366,48.30778301351035
2025-06-14T21:17:17.900Z,39.953761089336346,-75.22761753488696,-109.38647313671379,10.878483009332813,-40.50278394386745,-54.83436956347363,3.6557245429114005,0.4892814732004451,3.438668797409354,0.001000000004779578,0.0010000000009181033,0.0009999999960091652,0.0010000000012400877,0.0009999999970573923,0.000999999999060045,0.00002601064861153117,0.000026010697242496985,0.6615112283717348,2.8828090016468,2.3842765814282254,0.09734197542705625,0.00040274028587483364,0.00015544254295723377,0.00040564502881308776,0.001025999999999996,0.0010259999999999963,0.0010259999999999963,0.0010002599999999974,0.0010002599999999972,0.001000260000000001,6.596019076343506,-5.515731496573671,-3.3625001440018494,2.05175467038049,-1.0903609449245584,-0.23291093467144539,-38.13000144958496,21.759375953674315,-17.745000648498536,1006.0299682617188,-0.5436828803194313,47.35237797644074
2025-06-14T21:17:18.100Z,39.94385168369583,-75.22735974569457,-97.88203058808922,5.222795620710093,-41.70408870945842,-51.26574109048529,4.144724170043815,0.5221212797331805,3.508841852243453,0.0010000000063954675,0.001000000000444332,0.000999999994946809,0.0010000000013551385,0.0009999999963795974,0.0009999999985320493,0.00002701064338723188,0.000027010697749890297,0.6377571519343674,2.9081670868625364,2.378548303275512,0.0996948282968565,0.0004565338793674808,0.00015049677970176297,0.00041658608493549845,0.0010269999999999954,0.0010269999999999954,0.0010269999999999956,0.0010002699999999975,0.0010002699999999975,0.0010002700000000019,7.8903953304242975,-3.135295129776919,-1.8070900807340766,1.153159704842917,-0.6172444386187903,-0.2654430533456012,-43.39687614440918,9.920625305175781,-15.530625343322754,1006.0299682617188,-1.095279367256278,47.14767449131504
2025-06-14T21:17:18.900Z,39.92862681589864,-75.22745855760917,-109.86782492468187,-8.718747482306728,-45.90603251352617,-51.664535748306236,4.41860090637015,0.04320197256577485,3.8053313966202866,0.0010000000090150123,0.0009999999999064841,0.000999999992540027,0.0010000000012775068,0.0009999999943122978,0.0009999999973840474,0.000028010633707698974,0.000028010699844213307,0.8265896092509534,3.0754183245136733,2.37402325382668,0.14149980361463266,0.00036477999599077236,0.00015875312928045418,0.00046482042176364724,0.0010279999999999948,0.0010279999999999948,0.0010279999999999948,0.001000279999999998,0.001000279999999998,0.0010002800000000023,10.581000626451665,-1.1074667171906571,-0.6061333447246883,-0.10453749949206652,-0.35287777545354987,-0.6422999894869218,-42.410626602172854,-3.532500219345093,-18.916875457763673,1006.0599975585938,0.8805112076429621,46.57234440687164
2025-06-14T21:17:19.200Z,39.91492016070486,-75.2274029882902,-95.64891581121266,-16.789402213060754,-45.76337383678379,-45.53325959392172,4.943555004145808,5.908951668409491,3.4231563838421213,0.0010000000110653687,0.0009999999999623797,0.000999999990308679,0.001000000001890727,0.0009999999928852275,0.000999999996155423,0.000029010623814632252,0.00002901070064483435,0.8249654632194111,3.1074412535460088,2.380442609319045,0.14331921570677578,0.0003977275571169864,0.00015339024054384978,0.0005398945481451373,0.0010289999999999952,0.0010289999999999952,0.0010289999999999954,0.001000289999999998,0.0010002899999999979,0.0010002900000000016,6.5627836456208675,0.7002167010043338,-0.20133334194867863,1.2101610968894898,0.7292930520697356,-0.8516972193691797,-41.62312622070313,-9.924375438690186,-16.2037504196167,1006.0699462890624,-3.1724835380599874,45.755160968906424
2025-06-14T21:17:19.700Z,39.900670057236084,-75.22756850448556,-87.02013315600881,-24.934823155607713,-47.07302538411204,-39.09411452400391,5.640904449491194,0.02428556939115062,3.0130880784138423,0.001000000013432514,0.0009999999990970897,0.0009999999877784293,0.0010000000023988754,0.0009999999909411708,0.0009999999951337587,0.00003001061229421249,0.000030010702001291413,0.9166879068681959,3.2118221577121915,2.3900294471981134,0.15130490450402412,0.0003427715293079043,0.00017215134863675138,0.0004543049740285111,0.0010299999999999958,0.0010299999999999938,0.0010299999999999958,0.0010002999999999987,0.0010002999999999987,0.0010003000000000021,3.6394334968880098,1.4559834073384978,5.91511687343295,1.1253656057398485,1.265392171390019,0.8281593492069543,-19.23187599182129,-22.421250915527345,-37.47187614440918,1006.0799560546876,-2.679457945018483,47.714926533546894
2025-06-14T21:17:19.900Z,39.88942591455508,-75.22763038738172,-68.68335519134426,-31.586692360952306,-46.55013803439721,-30.467985963150618,5.881562838494185,0.14630037314835562,3.1039399746644865,0.0010000000152409886,0.0009999999988990317,0.0009999999857552594,0.001000000002602394,0.0009999999897093064,0.0009999999944125062,0.000031010602471598736,0.00003101070254979909,0.8612147184743983,3.2550729722050775,2.4056118959650363,0.15257159583597113,0.0003870333972399777,0.00016613338746199365,0.0004924637308372945,0.0010309999999999944,0.0010309999999999944,0.0010309999999999944,0.001000309999999999,0.001000309999999999,0.0010003100000000025,5.658316963606223,-0.5736666947196832,14.185200777701837,0.373656952915177,0.6502152734820568,1.3504874908707856,-9.618750381469727,-24.031875801086425,-40.81875076293945,1006.0799560546876,5.507231909126395,48.33442800587825
2025-06-14T21:17:20.200Z,39.87966833290016,-75.22780512105994,-54.660517705290275,-37.020060800527816,-45.39897640237196,-23.766332631679624,6.259430761819884,0.33780874656543647,3.454444413741985,0.001000000017427977,0.000999999998573281,0.0009999999843116677,0.0010000000030386312,0.0009999999881947189,0.0009999999933874581,0.00003201059328412313,0.00003201070337793125,0.8637792241173464,3.28142135978599,2.423236564137767,0.14934598739919824,0.0004864628914773531,0.000175586604098272,0.0006535446605948882,0.0010319999999999936,0.0010319999999999936,0.0010319999999999936,0.0010003199999999986,0.0010003199999999986,0.001000320000000002,2.1262501283069364,0.17080001156307753,8.701900356730825,0.625828126606723,0.889724994252482,1.5986234268005932,-9.631875324249268,-28.306876182556152,-40.02000122070312,1006.0899658203124,-0.8162598019417056,49.956458028889685
2025-06-14T21:17:20.700Z,39.87014483609519,-75.2281624242905,-43.014536157618366,-42.875268107978144,-43.81173713982942,-17.099408672175034,0.11866568912363304,0.2368323655360172,3.6829594679431863,0.0010000000193616991,0.0009999999982257595,0.0009999999826362771,0.0010000000036689265,0.0009999999870201612,0.0009999999928062425,0.00003301058298577936,0.00003301070477312066,0.9607662117273525,3.316188017829058,2.466163271316045,0.1511282066437285,0.0004729337450660029,0.0002163096089214151,0.0007016309432864617,0.0010329999999999938,0.0010329999999999938,0.0010329999999999936,0.001000329999999998,0.001000329999999998,0.0010003300000000015,2.1031000948837626,-0.04411667030741488,9.54745046998639,0.027376558792532688,0.15819061937618611,0.49834843555754066,-18.32250061035156,-20.536875534057618,-40.61625213623047,1006.0899658203124,0.00042225037708193327,49.06273793389892
2025-06-14T21:17:20.900Z,39.86293137528624,-75.22835661552944,-27.944195692552373,-46.03591233069556,-41.980968795151114,-11.162467072809948,0.10550768266463278,0.07551984303007248,3.6841277986249334,0.0010000000209047697,0.00099999999812248,0.0009999999812485567,0.001000000003620821,0.0009999999861655207,0.0009999999922962984,0.00003401057431738501,0.00003401070533574991,0.8949566702823707,3.3305994665365235,2.489331378481775,0.1411554856562726,0.0004696207512064787,0.00022295251285794513,0.0006917209216472216,0.001033999999999994,0.001033999999999994,0.001033999999999994,0.0010003399999999971,0.0010003399999999971,0.0010003400000000006,2.4172786941334703,0.3151357279352492,11.309857636605324,-0.194678569052312,-0.12861964035652063,0.15559285231015374,-21.226875877380373,-17.103750801086427,-40.49812660217285,1006.0899658203124,1.793348591691708,48.81815097996088
2025-06-14T21:17:21.100Z,39.85725102558865,-75.22854593397554,-15.510567919573916,-48.551418983842545,-40.187729182685445,-6.632861417262024,0.26380623286551974,6.195019437698793,3.6019476937466512,0.0010000000221453778,0.0009999999980976882,0.0009999999800059528,0.0010000000039316586,0.0009999999852763532,0.000999999991312931,0.0000350105669262492,0.00003501070590155657,0.8432071249551255,3.337054035668275,2.513375091876878,0.1325708628509287,0.0004902204850701808,0.00021093740109712057,0.0006665864734309709,0.0010349999999999945,0.0010349999999999927,0.0010349999999999927,0.0010003499999999975,0.0010003499999999975,0.001000350000000001,4.014433549860077,-0.3992166846574446,10.008667290600348,0.7097374923533608,-0.35182142479398654,-0.24759642895711553,-23.88187599182129,-15.635625457763672,-38.98125114440918,1006.0899658203124,1.0146727241575173,48.31510977146741
2025-06-14T21:17:21.700Z,39.85139996341242,-75.22896193640543,-4.485578488515426,-52.12445865283057,-37.17520121299825,-1.9187719637321274,0.612841636015508,5.938497290713534,3.529467825837803,0.0010000000232694454,0.000999999998060618,0.0009999999789999754,0.001000000004105216,0.0009999999845563521,0.0009999999907576822,0.000036010557374103403,0.00003601070762135762,0.9775686033132203,3.3379335345298426,2.6051839255176614,0.13007035735680303,0.0005359449630656655,0.00020089089498578775,0.000598210289308445,0.0010359999999999955,0.0010359999999999927,0.0010359999999999927,0.0010003599999999983,0.0010003599999999983,0.0010003600000000018,5.38740520379713,0.8577950229663799,9.89861056711289,0.5599175085982107,-0.28284749557095634,0.03700500427310138,-30.0768762588501,-22.260000801086427,-31.35375099182129,1006.0799560546876,1.5255066926797372,48.817813131361696
2025-06-14T21:17:21.900Z,39.847117440231905,-75.229159080474,6.208673602960717,-52.86618541213465,-34.7832711129714,1.0602911563270703,0.4953505132983598,5.969646103187573,3.6430826721168086,0.0010000000239030083,0.0009999999981092167,0.0009999999782719987,0.0010000000043942755,0.0009999999837853695,0.0009999999902035722,0.000037010548982904376,0.00003701070819938741,0.9006920153140514,3.327629553925469,2.630697516857148,0.1165136456118299,0.0004859457174183858,0.00022743173668624415,0.0006631118321494468,0.001036999999999995,0.0010369999999999924,0.0010369999999999921,0.001000369999999999,0.001000369999999999,0.0010003700000000026,2.690783441414346,0.46066668501359115,9.473900351651318,-0.4127513806082796,0.7793583161852884,0.24561388994187477,-30.860626411437988,-23.130000877380372,-29.84625129699707,1006.0999755859376,0.08231098449130225,48.76647395019574
2025-06-14T21:17:22.400Z,39.843091780505716,-75.22947122218801,16.235930536402595,-54.40607061590313,-31.342161212774602,3.012123146644038,0.6861647235248869,6.0753796880943405,3.497526542532852,0.00100000002459252,0.000999999998024473,0.0009999999774586146,0.0010000000046021726,0.0009999999834696658,0.0009999999902199437,0.00003801053869923726,0.00003801070967002743,0.9620936841049298,3.309990128163289,2.702840206023933,0.11320275962128679,0.00048510534539771574,0.00020304228094884225,0.0007680352340958813,0.0010379999999999944,0.0010379999999999918,0.001037999999999991,0.0010003799999999986,0.0010003799999999986,0.001000380000000002,3.2472167879501366,-0.0011000050022502948,9.492533876228867,0.32600555440012935,0.14009027470117363,-0.4045166634355703,-29.844375991821288,-14.664375591278077,-35.1900016784668,1006.0899658203124,0.2551363519689926,48.41551410113089
2025-06-14T21:17:22.900Z,39.83955740472159,-75.22975279825356,25.39938016742095,-55.985410935672654,-27.885840796481492,4.043054753949395,0.8886605638512536,5.832491002087197,3.91619941085628,0.001000000025079538,0.0009999999980604287,0.0009999999772164626,0.0010000000049510572,0.0009999999828618597,0.0009999999901171102,0.0000390105257255477,0.00003901071116952717,1.005169415936513,3.300082433344424,2.775577820107345,0.1192572024421383,0.00043403964489875066,0.0003122741679794284,0.000695762611754518,0.0010389999999999935,0.0010389999999999907,0.0010389999999999898,0.001000389999999999,0.001000389999999999,0.0010003900000000027,3.201481418823445,0.7508750187029328,9.545262860320697,0.8063828034056895,0.34694374417303997,0.9688734432556678,-34.87083519829644,-9.914583524068197,-32.07291815016005,1006.0799560546876,0.31798445964844,48.40393880298438
2025-06-14T21:17:23Z,39.837189942801835,-75.22985919679067,31.220608425983517,-56.242822192410856,-26.78747456164221,5.33956774506465,0.8926280599760349,5.685728652938252,4.001390146868754,0.001000000025431918,0.000999999997555163,0.0009999999773486444,0.0010000000049458669,0.000999999982630476,0.0009999999902729883,0.00004001051547018375,0.000040010711465651046,0.8745790594250727,3.300775037100698,2.791540077313074,0.11424642167471101,0.00046663455024605944,0.00034525723716913125,0.0006718937578065576,0.0010399999999999925,0.0010399999999999908,0.001039999999999989,0.001000399999999999,0.001000399999999999,0.0010004000000000024,5.321133594064005,-0.24875000930466346,10.933433937095538,0.7182968726108632,-0.166515625832228,1.4430937638381605,-33.249376678466795,-7.47000036239624,-34.95750198364258,1006.0899658203124,2.384143650409907,48.819503858694915
2025-06-14T21:17:23.300Z,39.83519656211299,-75.23001059029122,36.833729671123436,-56.9037784832424,-24.478080207758712,5.7276334586996045,0.6613844961443672,5.4895984387769285,4.423798285102959,0.0010000000256634217,0.0009999999977005141,0.0009999999770242685,0.0010000000048213712,0.000999999982258897,0.0009999999904868582,0.000041010504849462286,0.00004101071238300941,0.8518425534447587,3.300619734741483,2.837638369603219,0.12168724499629442,0.00041893005773449517,0.000464491327200564,0.000813464452285302,0.0010409999999999916,0.0010409999999999914,0.001040999999999988,0.0010004099999999985,0.0010004099999999985,0.0010004100000000017,1.9885501268980232,1.2216667073062337,10.359983848594428,0.2397319462912162,0.336929162731586,1.2463236057590692,-34.306876754760744,-0.6206250265240669,-34.63312606811523,1006.0799560546876,0.8414143661712207,48.75238920710692
2025-06-14T21:17:23.600Z,39.83359438640242,-75.23014349692014,41.60475259068619,-57.64166966739633,-23.421282231945714,6.482957919426088,0.4384799288759445,5.6065736221807505,4.633447655689933,0.00100000002633869,0.0009999999972890832,0.0009999999768825288,0.0010000000049837318,0.000999999981938025,0.0009999999902915613,0.00004201049330839781,0.00004201071331193882,0.8351643837733911,3.3189404289019406,2.901557062492828,0.12426062337681079,0.00029461133051905507,0.0005021612186118564,0.0009523466667437712,0.0010419999999999922,0.0010419999999999922,0.0010419999999999887,0.001000419999999998,0.001000419999999998,0.0010004200000000006,4.857316924811237,0.43735001521870304,9.610884011185627,-0.1979859348658257,0.6059593653260259,0.23670312127677226,-30.517501068115234,7.524375295639038,-36.34125175476074,1006.0799560546876,0.9991547239362328,48.04805729265237
2025-06-14T21:17:24.400Z,39.832139549581505,-75.2303957936787,48.607922903824026,-59.49253963050482,-22.384219444321637,6.234352373616561,0.7953358665877222,5.668094478194086,4.288317219957052,0.0010000000260072537,0.0009999999971486958,0.0009999999765420821,0.0010000000046647267,0.0009999999822329552,0.000999999989976534,0.0000430104710630738,0.00004301071586679167,1.030931116292817,3.3760953672101013,3.0792946111549107,0.12914920291781015,0.0003492327902924748,0.00045393995334884013,0.0007888524349870025,0.0010429999999999916,0.0010429999999999916,0.001042999999999988,0.0010004299999999983,0.0010004299999999983,0.001000430000000001,4.872995304081328,1.6602050652531075,7.702610324882737,0.21443194353082098,-0.14438194411511376,-0.33176388801822443,-35.073751831054686,0.29437500908970826,-31.027501106262207,1006.0799560546876,-0.5138726451749273,46.829006054146035
2025-06-14T21:17:25Z,39.831320939298635,-75.23056388968295,53.06542932081427,-61.99984183233104,-19.953764367592342,5.338071412922956,0.7061197219393591,5.472911242838003,4.59817276375184,0.0010000000259543249,0.0009999999969370803,0.0009999999763354434,0.0010000000047862545,0.0009999999819462985,0.0009999999898254077,0.000044010441771336865,0.00004401071783729768,1.116857637772727,3.40268224157433,3.215852429115002,0.14696050411926656,0.0003670661179927101,0.000513247399574043,0.0009757140279363507,0.0010439999999999913,0.0010439999999999913,0.0010439999999999879,0.0010004399999999976,0.0010004399999999978,0.001000440000000001,3.127721611814377,1.1878357571221665,9.472122051807428,0.21514999903106458,0.029494444193493834,0.5294138859213292,-33.36875194973416,-1.2291667262713115,-30.08125072055393,1006.0899658203124,0.26686719518516494,44.94286987285503
2025-06-14T21:17:25.900Z,39.83100857125286,-75.23075315986028,56.83256980944502,-66.76506561469876,-16.03139201562843,3.0516128980554766,6.014708928689332,5.215684159375007,5.8907139593723095,0.0010000000257687396,0.000999999996764782,0.0009999999761307803,0.0010000000048079874,0.0009999999818293141,0.000999999990174565,0.0000450103974975459,0.00004501072090793033,1.3620653991966922,3.441823811481782,3.4322238901080087,0.18425384119616303,0.002011773320283008,0.0002057910838298204,0.00385454627719542,0.001044999999999991,0.001044999999999991,0.0010449999999999876,0.001000449999999998,0.0010004499999999978,0.0010004500000000013,2.9524334871244498,-0.05666666813054028,9.520567026797753,0.168124998975312,-0.06538055467124766,1.0575208204159228,-26.937501271565754,10.88125048743354,-31.95625114440918,1006.0899658203124,0.18873571282632362,43.18828778447846
2025-06-14T21:17:27Z,39.83092779066609,-75.2309151418148,58.013867529456846,-72.15752361493205,-10.6936062967709,0.053318912411605884,5.55279024855751,5.423276980846084,0.5507095575245995,0.0010000000258815068,0.000999999996868119,0.0009999999761839766,0.001000000004562538,0.0009999999818824205,0.0009999999904942874,0.00004601033708222784,0.00004601072484861544,1.7104907155929818,3.4730262401977585,3.72383940160805,0.22291388595106099,0.0008405775593798247,0.0002831841028604011,0.0022145245052831294,0.0010459999999999907,0.0010459999999999907,0.001045999999999987,0.0010004599999999982,0.0010004599999999982,0.0010004600000000016,4.017995213482837,0.5847950162174868,8.938790439629582,0.344468744630774,-0.08766624667168535,0.5820549925663975,-21.18750057220459,16.906875610351562,-35.06250190734863,1006.0899658203124,0.03778194373002377,44.31847443915852
2025-06-14T21:17:27.600Z,39.83079752986073,-75.23097738298985,57.20878732984324,-75.80344208658927,-7.897580981491693,-2.142825034161573,5.412747947977231,5.648569474187282,0.9593484822429115,0.0010000000259641206,0.0009999999965525752,0.0009999999763180226,0.001000000004508311,0.00099999998181056,0.0009999999902685892,0.000047010291300633414,0.00004701072707385713,1.6372815415904876,3.4279231597615194,3.8827179228280357,0.21990314856050241,0.00031529346363714557,0.00041292833496322015,0.001347734320414214,0.0010469999999999913,0.0010469999999999913,0.0010469999999999874,0.0010004699999999979,0.0010004699999999977,0.0010004700000000013,3.517756419394361,1.1689813082845535,9.024913000130628,0.24648281202754097,-0.10457187639972787,0.6442874988412547,-14.370536123003278,14.156250544956752,-39.23303713117327,1006.0899658203124,-0.023813568195439415,44.11505949556397
2025-06-14T21:17:27.700Z,39.830788549218866,-75.2309853526939,56.91069975185766,-76.46506429401897,-7.461267368640097,-2.532706972732231,5.411357334276421,5.682204874398303,0.996479081373681,0.0010000000257109687,0.0009999999965376591,0.0009999999759751042,0.0010000000040686328,0.00099999998161683,0.0009999999903774893,0.000048010265417237196,0.0000480107274271106,1.2889381233021697,3.3607059074075236,3.902551105245247,0.1911295533309355,0.0002716369370881004,0.0004266988107583503,0.0012503628829669715,0.001047999999999991,0.0010479999999999908,0.0010479999999999862,0.0010004799999999967,0.0010004799999999967,0.0010004800000000024,3.5264430342823334,1.1007286011185378,9.046143254984967,0.20224027972465927,-0.011556944317310937,0.44699027841269573,-13.329167048136393,13.797917154100206,-39.96875127156576,1006.0999755859376,-0.00903027033578225,44.33447644655867
2025-06-14T21:17:30.100Z,39.82985500882412,-75.23096120390379,56.15934410640129,-75.71104887580223,9.67111350829655,1.5256516402347804,0.0044795207256184055,5.232588006572419,5.843428448186126,0.001000000025716462,0.0009999999965509658,0.0009999999760135084,0.0010000000038602346,0.0009999999814708294,0.0009999999906234432,0.00004901019752483519,0.0000490107372180596,2.5874496942178205,3.8202671262529506,4.749362041112811,0.32005222571316516,0.0015871027320013944,0.00012834605362767987,0.0028106524880848085,0.0010489999999999903,0.0010489999999999903,0.0010489999999999857,0.0010004899999999958,0.0010004899999999958,0.0010004900000000027,8.649762915585557,3.111650111321097,7.843512879872505,-0.17724062183719935,0.0472796880716819,-0.6630796844266987,-39.25208536783854,7.041666931576199,-21.350000381469727,1006.0899658203124,2.301604389107619,45.23415983236523
2025-06-14T21:17:30.800Z,39.829730329498645,-75.23086350267167,56.9832200872213,-75.5042025035186,13.27753248262705,1.5059014735910086,0.22012136433695928,5.412007375093866,5.470816103572196,0.0010000000254553425,0.0009999999964804003,0.000999999976088717,0.0010000000036839228,0.0009999999812754237,0.0009999999903597952,0.00005001016204813418,0.000050010740244229755,2.169364634005084,3.83867894140978,4.797368920650582,0.26622738668408796,0.000799414272688305,0.0001422562389440058,0.0016586820949943452,0.0010499999999999913,0.0010499999999999913,0.001049999999999985,0.001000499999999996,0.0010004999999999962,0.0010005000000000031,6.532975283279134,5.19082523091979,7.150325305326924,-0.13547500020651604,0.22467187624042437,-0.3431859368588142,-39.98203229904175,-5.91093772649765,-12.260156869888306,1006.1099853515624,1.205961056899709,42.235166179586514
2025-06-14T21:17:31.300Z,39.82967470329876,-75.23077805611946,57.24813634777034,-73.9922465781231,14.370175087537536,0.6685355517413094,0.40212350987869583,5.669455543936639,5.272050073625163,0.001000000025583451,0.000999999996394841,0.0009999999759179212,0.0010000000034422554,0.0009999999814455374,0.0009999999905124987,0.00005101014082119283,0.00005101074246555589,1.8107150642538448,3.836453571608146,4.7474508528758355,0.21647986935788197,0.000440267569389414,0.00015871288522778418,0.0011358255505032329,0.0010509999999999918,0.0010509999999999918,0.0010509999999999845,0.0010005099999999963,0.0010005099999999961,0.0010005100000000035,5.824421673885503,5.367114573618458,4.2667144663913605,0.09407360971267847,0.412844439737183,-0.4545361031594831,-39.32343864440918,-8.639063000679016,-10.410937905311584,1006.0999755859376,-0.7864639923141512,41.585450032108795
2025-06-14T21:17:31.800Z,39.82957994004692,-75.23069570306879,57.20125464467723,-73.45820511071614,13.004405328724578,-0.3140435739262204,0.6882508383355409,5.883733250812424,5.453928795642345,0.0010000000257687953,0.000999999996508582,0.0009999999760311423,0.001000000003528374,0.0009999999816726242,0.000999999990547705,0.00005201012343504405,0.000052010744753542065,1.5894887414689536,3.817808495247636,4.7255549297998485,0.15744314243079158,0.00037286031539337264,0.00012766888994348658,0.00098215776745809,0.001051999999999991,0.001051999999999991,0.0010519999999999837,0.0010005199999999956,0.0010005199999999956,0.0010005200000000028,6.356216887978296,2.26598341634899,5.009983493617086,0.8032374849285036,0.5750699898190077,0.05263874957914196,-38.82000198364258,6.369375276565552,-14.990625476837158,1006.0799560546876,-1.3781329809493914,42.098409538116904
2025-06-14T21:17:32.400Z,39.82939567593941,-75.23061871706075,56.91407998611818,-71.86531763347378,9.049614578395456,-0.7242313825712448,0.5179598388807256,5.916492058499175,5.300247627959082,0.0010000000255559127,0.0009999999965800393,0.000999999975945815,0.0010000000037139246,0.0009999999816586278,0.0009999999901530506,0.00005301010150197531,0.000053010747595771797,1.4672359868385785,3.823570389994476,4.741603771040271,0.09929702643070774,0.0003431621002512968,0.00014136546155586648,0.0009444509068960309,0.0010529999999999904,0.0010529999999999904,0.0010529999999999834,0.0010005299999999945,0.0010005299999999943,0.0010005300000000012,9.704000400517444,1.756350067301109,6.003175345126915,-0.3886640610432146,-0.09236875024328112,-0.2325156275777618,-37.02656364440918,10.171875476837158,-20.254688262939453,1006.0699462890624,1.7629815239914408,43.41291821126185
2025-06-14T21:17:33.100Z,40.07429461557012,-75.23981251055073,58.207903695258445,-0.6941946713044541,0.13485324343523256,-1.7938481345788775,0.15775801129034125,6.187789117801617,5.45758783989428,0.0010000000256356458,0.000999999996334085,0.0009999999755369957,0.0010000000040261267,0.0009999999812242946,0.0009999999915130545,5.879594996291448e-10,5.879596798986142e-10,0.31283134474734886,0.029929061385215762,0.02995886830010559,0.02743646447011712,0.00020039830892487848,0.00010480597771241634,0.0008398686803281184,0.0010539999999999896,0.0010539999999999898,0.0010539999999999823,0.0010005399999999933,0.0010005399999999933,0.0010005400000000005,7.175100307015189,1.0818667307927636,6.899216950334655,-0.18390249929203445,0.3316399952356646,0.09947124886007332,-35.156251695421005,11.97916709052192,-22.20000097486708,1006.0899658203124,0.23222866199664197,43.27006042179359
2025-06-14T21:17:33.300Z,40.07429338485824,-75.23981313476523,57.7265698606898,0.2786067569167568,-0.6598221719815301,-2.4164329267199642,0.05671606623995329,6.185053133798424,5.532730364401268,0.0010000000261525099,0.0009999999963097505,0.0009999999756899372,0.0010000000042247688,0.0009999999813810158,0.000999999991745607,1.000587959515579e-6,1.0005879597319718e-6,0.3125424199477375,0.032102250948616566,0.032382783156189705,0.028190758998150482,0.00020971644339249132,0.00011511965184509328,0.0008498802122330599,0.0010549999999999893,0.0010549999999999898,0.0010549999999999824,0.001000549999999993,0.001000549999999993,0.00100055,6.870710252736205,1.2890900721586647,5.981105255151416,-0.469888750117573,0.02718750107675814,0.3729724993790619,-34.42875175476074,12.862500667572021,-23.490000915527343,1006.0899658203124,-0.5801490035000053,43.61832856316203
2025-06-14T21:17:33.700Z,40.074288100320075,-75.23982223135127,56.59954529455216,2.103008615487919,-3.210988054339239,-3.117367938739,0.22105833750300063,0.04624250271103013,5.445389665362449,0.0010000000262379673,0.000999999996210398,0.0009999999758746748,0.0010000000043672477,0.0009999999814451351,0.0009999999917771362,2.0005879596383075e-6,2.0005879601512436e-6,0.3323484944338105,0.04734240350797587,0.04450087602554276,0.029010869183064204,0.00021812333364444955,0.00012454151482897943,0.0008230348956591635,0.0010559999999999882,0.001055999999999989,0.0010559999999999816,0.0010005599999999924,0.0010005599999999924,0.0010005599999999993,7.9210853328443305,-0.06338499879468011,7.877300428414813,0.4120224928217602,0.33357874583079666,-0.27203999852308713,-34.344376754760745,16.389375495910645,-21.046875762939454,1006.1499633789062,1.3913914345979062,43.48694527496934
2025-06-14T21:17:34.100Z,40.07428107687157,-75.2398434211314,55.27220900985096,3.6443528442202537,-5.7929516203107925,-4.051367139257679,0.3062527888044949,0.15006110918446464,5.3649790393295875,0.0010000000261671184,0.000999999996495124,0.0009999999758042596,0.0010000000041559154,0.000999999981731507,0.0009999999920613178,3.0005879599377897e-6,3.000587961211775e-6,0.35273834796021264,0.07841911054912264,0.06434108470617902,0.03149915596663287,0.0002311703776885965,0.00013524190373509007,0.0008125789430495172,0.0010569999999999892,0.0010569999999999892,0.0010569999999999818,0.001000569999999993,0.0010005699999999932,0.00100057,6.6481336822247385,1.0298833784565145,8.09821714997055,0.23285695119262118,0.20020833153725784,-0.2612111084511438,-34.85208384195963,12.545833905537924,-22.82291751437717,1006.0999755859376,0.7483383311641966,43.508008968351774
2025-06-14T21:17:35Z,40.07424558668269,-75.23992868210277,51.778251865873465,5.850181603033062,-10.27489016930983,-4.7542949655214,0.6303889813652674,5.962168859436448,5.198991474319782,0.0010000000264229593,0.0009999999963404705,0.0009999999761765006,0.0010000000042057727,0.0009999999817771855,0.000999999991596226,4.0005879596228025e-6,4.000587968186058e-6,0.44067354178934753,0.18809528807023015,0.13094441664612907,0.039669145897771665,0.0002542285755039295,0.00015024293992646492,0.0009444627089446715,0.0010579999999999884,0.0010579999999999886,0.001057999999999981,0.0010005799999999929,0.0010005799999999929,0.0010005799999999998,6.199820207569658,2.968100165370631,7.242065357232447,0.37808749579967704,-0.6218537518795434,0.08424999973226716,-32.98359537124634,5.343750178813934,-28.560938835144043,1006.0599975585938,0.2055250680787163,43.95675141760004
2025-06-14T21:17:35.600Z,40.074202843109965,-75.24001141740405,49.549115797330614,7.971338144822906,-12.927295406422846,-5.138347048594264,0.42618515303181304,6.149290088747816,5.265013418216517,0.0010000000261531613,0.0009999999959727334,0.000999999976362345,0.0010000000038560665,0.000999999982019538,0.0009999999913796224,5.000587950182093e-6,5.000587979215283e-6,0.49862355952656306,0.28765234668487866,0.21038919951163562,0.04983032451064362,0.000244428879651169,0.00015728292705556864,0.0008900857737701467,0.0010589999999999886,0.0010589999999999883,0.0010589999999999814,0.0010005899999999935,0.001000589999999994,0.00100059,7.430707382175726,4.581843099325297,5.820543080489958,-0.3272359369588232,0.3395874986383753,-0.05838906375223447,-38.670537676130024,-1.5187500715255737,-21.27053669520787,1006.1099853515624,0.7133287386948003,44.16048386302035
2025-06-14T21:17:36.800Z,40.07403635318738,-75.24022146514287,44.454527962486395,16.292477778561256,-16.47527129444294,-6.409204546017158,6.241844103674161,6.188238341828584,5.98377757811461,0.0010000000264692996,0.000999999996265371,0.0009999999764100677,0.0010000000038204737,0.0009999999817505711,0.0009999999911281857,6.000587862042155e-6,6.000588038706713e-6,0.737786083928021,0.48942373524045807,0.5701167078239457,0.09415210623865751,0.00023145424122358199,0.00018205175428932186,0.0008834947293443452,0.0010599999999999878,0.0010599999999999883,0.0010599999999999809,0.001000599999999994,0.0010005999999999939,0.0010005999999999995,7.701436106519432,2.3825643700231223,6.232571733770848,-0.40294687247661914,0.20554218645701774,0.7695671787348166,-32.46796989440918,2.111718811094761,-31.619532585144043,1006.0699462890624,0.41130276689019535,45.36979900029546
2025-06-14T21:17:37.800Z,40.07376649117979,-75.24040922619993,40.4180224523566,24.88327265639683,-14.257628688072126,-8.820985921532445,5.660540705236514,5.888965496978752,6.180589005238656,0.0010000000261946322,0.0009999999962489207,0.0009999999764340184,0.0010000000037756567,0.0009999999819427208,0.0009999999907128092,7.000587566715799e-6,7.00058817121699e-6,1.0235303225676227,0.48428919784123403,1.1097247408962754,0.14908942437901118,0.0002522427519576018,0.00019730407142148231,0.0009708855247891052,0.0010609999999999884,0.0010609999999999886,0.0010609999999999812,0.0010006099999999947,0.0010006099999999947,0.001000609999999999,10.258333822435825,3.046033468885977,4.513883597715443,-0.6055737445392667,-0.3758524961810604,0.12603625374429492,-38.35687675476074,2.662500095367432,-23.77125072479248,1006.0999755859376,1.8352101926147304,45.20405594639208
2025-06-14T21:17:37.900Z,40.07356322003227,-75.2404324640524,42.60763182651912,24.692683472750225,-13.753458754667976,-8.145697462464806,5.629611417638436,5.833802195198338,6.155637708450491,0.0010000000260922967,0.0009999999965410091,0.0009999999768553302,0.0010000000039458961,0.0009999999819365244,0.00099999999059604,8.000587303504077e-6,8.000588190936305e-6,0.8920600251013755,0.4604003871120318,1.163170782215015,0.13978199312148423,0.00027127358161291814,0.00019656378959140105,0.0009936312465076997,0.0010619999999999885,0.0010619999999999885,0.0010619999999999811,0.001000619999999995,0.001000619999999995,0.0010006199999999985,8.976875411484272,3.8084939291514712,8.046256588959418,-0.3491499933571955,-0.19192638706017492,-0.30689166448247224,-39.06187705993652,4.891875195503235,-22.241250801086426,1006.0899658203124,2.863511632485862,45.215366085898935
2025-06-14T21:17:38.500Z,40.07329767358925,-75.24052856591366,40.445647717489315,27.248632231554563,-9.92633611133955,-11.79541670585548,5.383564293452289,6.1615091907843995,6.242205892755823,0.0010000000261294632,0.000999999996776495,0.000999999977104095,0.0010000000041270436,0.0009999999822874097,0.0009999999903838627,9.000586922159904e-6,9.00058833987662e-6,1.0167361952901262,0.36381063732175745,1.3970432002642255,0.1581041770272604,0.00022249670463305035,0.00020262305111542797,0.0008925886438079208,0.0010629999999999889,0.0010629999999999889,0.0010629999999999817,0.0010006299999999958,0.0010006299999999958,0.0010006299999999987,5.899550259458093,5.077317006432495,5.174650225768452,-0.3798812488356948,0.33399125095028015,0.5680987438057525,-38.28000144958496,-8.499375343322754,-16.860000991821288,1006.0799560546876,-0.4326546778762298,42.68317225069598
2025-06-14T21:17:39.600Z,40.072676803518554,-75.24067421856152,32.728564764861716,33.11728028347778,-4.2823300167392375,-16.823341845593102,5.14074982338245,5.726941035429091,6.2374320022250975,0.001000000026020903,0.0009999999968840225,0.0009999999769108722,0.0010000000042680029,0.0009999999821871165,0.0009999999899513133,0.00001000058599722877,0.000010000588774242906,1.432107738848729,0.28178761956301834,2.0151006082130536,0.2298961273504283,0.00028828942414204625,0.00018792291376494515,0.00100733317536415,0.0010639999999999881,0.0010639999999999883,0.0010639999999999808,0.001000639999999995,0.0010006399999999951,0.0010006399999999977,7.807767053789924,3.4930001169872726,5.7725502985017645,-0.2337874980908179,-0.20525624845640847,-0.2954700002574126,-35.281876754760745,4.41000018119812,-27.48187599182129,1006.0799560546876,0.5391082453859262,44.93893496458115
2025-06-14T21:17:43.300Z,40.069093475618544,-75.24134442952672,19.55587905674487,39.4294760168696,11.505968145123667,-16.57860850769265,5.349738247251894,5.6883905743685705,0.5174637129151952,0.0010000000261259296,0.0009999999969538696,0.0009999999773713675,0.0010000000038042833,0.0009999999827487757,0.0009999999894510826,0.000011000580101811147,0.000011000592325394889,3.5576062289458275,1.0675260953951478,3.7311031337620113,0.3627681982378582,0.0001774786811610351,0.00012185671258906042,0.0008975715362286357,0.0010649999999999876,0.0010649999999999876,0.0010649999999999802,0.001000649999999995,0.001000649999999996,0.0010006499999999988,7.9278953304030555,2.0589051237137483,5.778995250724993,0.17201624863913026,-0.1268949979961603,0.2029400011401527,-34.0200008392334,11.398125553131104,-28.65000114440918,1006.0799560546876,0.24245869723952485,45.914002534622014
2025-06-14T21:17:47.800Z,40.06684141987795,-75.24177036302773,35.86155810667482,35.471826004217434,16.94818749736117,-3.36144170538374,6.261308225629951,5.426284155408486,5.654535833769703,0.0010000000262284003,0.0009999999972405802,0.0009999999773192367,0.0010000000034959982,0.00099999998254964,0.0009999999892008002,0.000012000570868076481,0.000012000602642727923,4.117641009600273,3.0375788886500765,4.655714710553653,0.19816986121255542,0.00015738125512507672,0.000097439174692619,0.0009228220174555606,0.0010659999999999873,0.001065999999999987,0.0010659999999999797,0.0010006599999999944,0.0010006599999999963,0.001000659999999998,6.632017010132836,0.8055500391884641,7.500667022727707,0.0017499998066715663,0.071531250322725,-0.18622968700963366,-30.737500932481552,15.537500699361166,-29.072917726304794,1006.0799560546876,0.2620621919020333,45.071475039954045
2025-06-14T21:17:52.600Z,40.06637341035185,-75.24117024687209,47.88466163607052,30.625926452225514,24.35068819392562,-0.2565657694966501,6.138563449939148,5.265679285102619,0.733977423635029,0.0010000000261852905,0.0009999999969017093,0.000999999977639629,0.0010000000034492192,0.0009999999824511405,0.000999999989539912,0.000013000549902392955,0.000013000621706734372,3.8442135789808543,5.003106266040373,4.755108144434306,0.1143152914559798,0.0003380148251742077,0.0000407031924997896,0.0010510730581510422,0.0010669999999999874,0.0010669999999999874,0.00106699999999998,0.0010006699999999932,0.0010006699999999967,0.0010006699999999978,7.739769088242052,0.6613625550446687,5.625275301002295,0.4911399921143858,-0.09282250013692565,0.4217025006074417,-22.293750762939453,8.621250438690186,-40.26562576293945,1006.0999755859376,-0.19240210916923964,46.825774397219824
2025-06-14T21:17:53.200Z,40.06617411542321,-75.24112497777801,51.833313913543535,28.721789290942677,21.682568921730326,-0.07883802728845468,0.28023174925555894,5.417817768528692,0.8389094521726662,0.001000000026064918,0.0009999999965295823,0.000999999977821742,0.0010000000031571317,0.0009999999825668297,0.000999999989115753,0.000014000544465765355,0.000014000624327184797,2.3530020243813343,4.882075184478724,4.562580074794975,0.07964295409671769,0.0002202511664625345,0.00004888914966149975,0.0009748160439400483,0.0010679999999999871,0.001067999999999987,0.0010679999999999798,0.0010006799999999942,0.0010006799999999968,0.0010006799999999977,5.116900265561515,0.9915333741669379,8.281433721776645,0.9324416654340372,0.30217222121788256,0.09694583203696157,-16.83937587738037,7.126875257492065,-43.34437637329101,1006.1199951171876,0.0021320554896790676,47.04345990257778
2025-06-14T21:17:53.300Z,40.06605927385855,-75.24114598541223,53.38602099413334,28.57982829038564,21.126255432731952,-0.050466973031067314,0.2699149621040429,5.367397699421665,0.9041449657004884,0.0010000000256259276,0.000999999996298344,0.0009999999780204128,0.0010000000028887862,0.0009999999825745958,0.0009999999891518684,0.000015000542419456553,0.00001500062464271014,1.625936533427943,4.876516922354864,4.514194922684991,0.069168575653866,0.0002518293489687506,0.000059046824361194484,0.0010034813430035464,0.001068999999999986,0.0010689999999999877,0.0010689999999999788,0.0010006899999999933,0.001000689999999996,0.0010006899999999985,5.401118980858487,1.5482563322221174,6.200262831710106,0.3921537430701871,-0.3507037499968719,0.5282375058044557,-15.31500072479248,5.968125200271606,-44.39812660217285,1006.1099853515624,-1.4155452056565256,47.342967867895254
2025-06-14T21:17:53.800Z,40.06604436777208,-75.2410563075073,54.19376374916439,29.209398908111293,20.919933895158564,-0.5596118880788712,0.18179015389164804,5.327559528220976,0.6429452991854933,0.0010000000254838136,0.0009999999966106734,0.0009999999781332867,0.0010000000032731487,0.000999999982567319,0.0009999999894424027,0.000016000538840618737,0.00001600062713573294,1.343200062040579,4.94098312979513,4.605419087726751,0.06228499449601205,0.00030419623255680315,0.00006234924204784475,0.0010313815808202739,0.0010699999999999848,0.0010699999999999874,0.0010699999999999792,0.0010006999999999937,0.0010006999999999963,0.0010006999999999972,7.496525334332589,0.24263751104471704,4.260612683556602,-0.6230499873190204,-0.1495343751090482,-0.296126562927246,-20.25937581062317,3.2343751192092896,-43.406251430511475,1006.0799560546876,-1.156771283116346,48.01042888073635
2025-06-14T21:17:54.900Z,40.06601605247529,-75.24086212864691,53.62866666817115,33.547776892965125,16.513070827601894,-2.3740801362616093,0.6569414786061442,5.762727580609926,6.015715131094795,0.0010000000256536168,0.0009999999968537503,0.0009999999779324786,0.0010000000032310175,0.000999999982928777,0.0009999999892240355,0.00001700052890797918,0.00001700063329394634,1.3056667939199789,4.61714889729906,5.1215956649448495,0.04197295249066846,0.00011510720487270492,0.00009206450587672178,0.000961516061532939,0.001070999999999984,0.0010709999999999871,0.0010709999999999797,0.0010007099999999943,0.0010007099999999967,0.0010007099999999978,7.453310226414946,-1.2934000501598797,5.023490213416031,-0.19744625112741673,0.10785874835654921,-0.8995212571813389,-16.21312561035156,4.807500171661377,-37.258126449584964,1006.0899658203124,-0.7016370512201902,40.91627223849219
2025-06-14T21:17:55.400Z,40.06583908595027,-75.24081665889067,53.19068109159179,32.66260098531697,15.271260088253934,-3.3222801461930267,0.07960016198016776,5.502396207193815,0.44525411537343806,0.0010000000257956944,0.0009999999967400764,0.0009999999780175815,0.0010000000032168968,0.0009999999828220697,0.0009999999890962308,0.000018000519461473796,0.000018000636210110165,1.1378931389186895,4.585183165979364,5.040294475023515,0.036714948382081246,0.00022065023058319088,0.0000801737529740817,0.0009915699850309174,0.0010719999999999849,0.0010719999999999868,0.0010719999999999786,0.0010007199999999931,0.0010007199999999966,0.0010007199999999966,3.136887723718262,1.212143810632991,7.107012735865726,-0.29780749345893903,-0.06295749899527983,1.4265112509835238,-14.121094346046448,2.470312625169754,-38.11875104904175,1006.1099853515624,-1.919736204513854,40.725210844605165
2025-06-14T21:17:56Z,40.065548030540285,-75.24076986561617,52.29911090319737,31.97457779472946,14.859947446125565,-3.3868099060426666,6.150876254681527,5.511320105396056,0.27075587601237167,0.001000000025610463,0.0009999999970963208,0.0009999999779739172,0.0010000000031745906,0.0009999999825231515,0.0009999999893499539,0.000019000506943966956,0.000019000639866790074,1.0411049634461649,4.681729002517516,5.01775300232002,0.034338679477892806,0.00021728490547350804,0.00009311740048861216,0.000997340577006617,0.0010729999999999854,0.0010729999999999863,0.001072999999999978,0.001000729999999993,0.0010007299999999966,0.0010007299999999966,5.813433680614531,0.4075666824992646,7.5041003562299355,-0.5869424978526813,0.02284249849100102,-0.2155412474761644,-15.34921932220459,-1.2117187827825546,-40.76250171661377,1006.0999755859376,-0.28094220211931237,43.573431356224965
2025-06-14T21:17:57.100Z,40.06483989894369,-75.2406842845588,50.05046121935754,30.337504373071884,14.68729879939377,-3.8248054548546158,5.943979896158133,5.676408222408656,0.5008345134377798,0.0010000000258213037,0.0009999999973120456,0.0009999999781543862,0.001000000002821528,0.0009999999822522367,0.0009999999891992192,0.000020000480399784858,0.000020000646992356068,1.0714089887708154,4.926685510786515,4.973403772048996,0.03378599454998735,0.00017819409357784213,0.00009866542753725806,0.0009905572207219901,0.0010739999999999858,0.0010739999999999858,0.0010739999999999784,0.0010007399999999937,0.001000739999999997,0.001000739999999997,4.834006445620676,-0.6449875233889392,7.945869134924981,-0.06012499613213231,0.1106843748779647,0.19742968323401672,-10.01718783378601,-5.4210938811302185,-40.55156373977661,1006.0899658203124,-0.4590360135751989,42.120747357034176
2025-06-14T21:17:57.700Z,40.06388374142149,-75.2406948624344,49.45206434945359,30.029279414264465,14.59951917496609,-3.9737786319617037,6.13348106108176,5.703462140505438,0.5002671233743373,0.0010000000258489614,0.000999999997183535,0.0009999999782386022,0.0010000000025247278,0.000999999982160413,0.0009999999888165095,0.00002100045156554515,0.00002100065090817785,0.9963515964927345,5.118705470099015,4.965669257347032,0.03321688487073694,0.0001787844993026572,0.00010847762988252184,0.0009991537798312044,0.001074999999999986,0.001074999999999986,0.0010749999999999794,0.0010007499999999936,0.0010007499999999973,0.001000749999999997,5.044550240384877,-0.11233333709236074,7.837016933886862,0.30962624603227745,0.04680875069001363,0.011952498357367952,-5.081250190734863,-11.30437536239624,-40.61625213623047,1006.0999755859376,-0.4612500794809515,42.46508723329805
2025-06-14T21:17:57.900Z,40.063060715580434,-75.24075132762734,50.01835316470337,30.098687666142446,14.075839923783086,-3.892481981485341,6.114900735904392,5.714457832168215,0.4889441166043586,0.001000000025537409,0.0009999999968976188,0.0009999999779705306,0.0010000000028509179,0.0009999999819480104,0.0009999999891370074,0.00002200042892088111,0.0000220006520980096,0.8663598759056783,5.177710782854749,4.935823311792494,0.031940253353157956,0.00018373926678007376,0.00011852816757924875,0.0010085680482347374,0.0010759999999999854,0.0010759999999999854,0.00107599999999998,0.0010007599999999925,0.0010007599999999962,0.001000759999999996,5.059650216182715,0.19310001735174173,7.982767032645053,-0.14531999717160207,0.0669524997893303,-0.03529249970986676,-5.986875247955322,-13.90312557220459,-40.336875915527344,1006.1199951171876,-0.3289340045069538,43.08362522005136
2025-06-14T21:17:58.200Z,40.0622304813589,-75.24079114245258,50.14957933211404,29.9595302614673,13.364512421417423,-3.6819786776785706,6.068456888597745,5.662250926272297,0.48819235131937205,0.0010000000254804982,0.0009999999971388206,0.000999999977956258,0.0010000000029650466,0.000999999981607402,0.0009999999896342193,0.00002300040655298219,0.00002300065405250614,0.7878439310564618,5.236725019209221,4.918084614967611,0.031004946778589296,0.00020498817519620292,0.0001284510631296847,0.0010208862791264317,0.0010769999999999849,0.0010769999999999849,0.00107699999999998,0.0010007699999999933,0.0010007699999999967,0.0010007699999999967,4.756381379578802,-0.9773875529139012,8.764025615714168,-0.17067500103922664,-0.16806249898357017,-0.03302375097976619,-7.370625257492065,-12.435000610351562,-39.08062629699707,1006.0599975585938,0.23731760605819502,41.668291060126215
2025-06-14T21:18:01Z,40.05873430400357,-75.240686323137,45.180906398719486,18.684861143014817,10.753020088880552,-2.0898273458363934,6.204263214054864,5.264848347880224,5.969407389008906,0.0010000000255342004,0.000999999997087764,0.000999999977799435,0.001000000003396879,0.0009999999816286264,0.0009999999900025792,0.000024000253747674074,0.000024000673885969085,1.2781258750355171,5.8372929061171615,4.500487700231889,0.058914321962404426,0.00047291280345066063,0.00014547415426075975,0.0012276607521756896,0.0010779999999999854,0.001077999999999985,0.0010779999999999798,0.0010007799999999921,0.0010007799999999958,0.0010007799999999976,4.92876900932625,-1.1584750542612074,9.514737950823893,-0.22028194496663214,-0.1391722196959642,-0.2762902764309434,-14.462500678168404,27.316668192545574,-30.070834265814888,1006.1099853515624,0.9963837115709576,43.123253404383
2025-06-14T21:18:01.800Z,40.05529421180896,-75.24087263078788,46.58063525668901,16.701156904315745,9.167382239193921,-2.316177203679682,0.3305843844898234,5.296274831539719,5.7137798835946505,0.0010000000252524607,0.0009999999970428351,0.00099999997771996,0.0010000000032082768,0.000999999981606902,0.0009999999901150378,0.000025000114054568176,0.000025000678931228255,1.234150677719716,6.015755455035453,4.337184728665605,0.0675937395998937,0.00045956800457505256,0.00014777999860461966,0.001266330727531319,0.0010789999999999847,0.0010789999999999847,0.00107899999999998,0.0010007899999999932,0.0010007899999999966,0.0010007899999999966,5.170362757657266,-0.0657437451378191,8.401156591437605,0.23684444066873583,0.00009999949500947257,-0.17704583128287021,-36.21041827731662,3.4437501430511475,-23.243750466240776,1006.0799560546876,0.0834944724658991,43.166206251307514
2025-06-14T21:18:02.200Z,40.052770624416084,-75.24103855923059,48.10272732865507,16.23407422968645,7.0369949773960725,-1.793492462835922,0.49396098200000216,5.196190477692725,5.8678395182751,0.0010000000249599694,0.0009999999975656584,0.000999999977881697,0.0010000000030501326,0.0009999999813941726,0.0009999999898506523,0.00002600000639916719,0.00002600068117262139,1.0975068223845277,5.990639458451086,4.244867130630535,0.06817730723358664,0.0006755328466574625,0.00015321672665901675,0.001409706877133465,0.0010799999999999853,0.001079999999999985,0.0010799999999999807,0.0010007999999999933,0.001000799999999997,0.001000799999999997,7.167285982924141,0.18812857984089243,8.348836077031208,0.753960939284931,-0.18241406353586403,0.29861249605809703,-38.85000133514404,14.228906750679016,-23.043750524520874,1006.0999755859376,1.2237605088595815,47.35814632728016
2025-06-14T21:18:03.400Z,40.074332946190765,-75.23980067621038,56.64143226009272,0.22658243215957918,0.39854056320501274,3.0697591696156366,5.517740889819071,5.486844790210003,1.613189483009763,0.0010000000247041005,0.000999999997345945,0.0009999999779946752,0.001000000002729112,0.0009999999810573193,0.000999999989542508,5.983998393767005e-10,5.984000730402187e-10,0.3375527511200703,0.03727816314953121,0.037121672941831024,0.03014716532325794,0.00017386731983079197,0.000052650336538846445,0.00039087315506189065,0.001080999999999984,0.001080999999999984,0.0010809999999999798,0.0010008099999999943,0.0010008099999999978,0.0010008099999999978,8.9368003544028,-1.776900077486253,6.955016964404713,0.4281512444584863,0.1965462451763245,1.5484600117308067,-24.94875087738037,16.261875724792482,-38.5650016784668,1006.1099853515624,1.6824334348388557,48.72518015736144
2025-06-14T21:18:04.200Z,40.07433579867977,-75.23979617110778,58.857304929930905,-2.588717929924427,0.5594063271361992,2.925355486634636,5.732035868276347,6.149439921383125,2.3392454233110884,0.001000000024973346,0.0009999999975604085,0.0009999999775381248,0.0010000000027750974,0.0009999999811318334,0.0009999999897881628,1.0005984002004011e-6,1.0005984011816382e-6,0.4079525676397847,0.044514099251201485,0.05119696444586172,0.036903756001561094,0.00006848959696637592,0.00008937017529793586,0.0005887305907091843,0.0010819999999999842,0.0010819999999999842,0.0010819999999999805,0.0010008199999999947,0.0010008199999999982,0.0010008199999999982,4.9035002460232695,-2.0045001039478465,8.427350448630405,1.1282678458322755,0.20332499744827948,1.9455089185001861,-7.243750333786011,9.937500476837158,-45.69687716166178,1006.1099853515624,0.1736262917069372,47.32256981397688
2025-06-14T21:18:04.800Z,40.07432799767372,-75.23979548234595,59.534080282746366,-7.377955130261638,-0.38817088297476443,0.16052357038714904,6.0479818387472,6.0655544417696925,2.2411860861771977,0.001000000024987664,0.0009999999977313482,0.0009999999773961526,0.0010000000030733272,0.0009999999811955303,0.0009999999895928873,2.0005984010608296e-6,2.000598404046491e-6,0.4718976338821096,0.05361612781320684,0.09088214242842084,0.050160047758921265,0.0000831504540368281,0.00009537800347991023,0.0005747213846478784,0.0010829999999999846,0.0010829999999999848,0.001082999999999981,0.0010008299999999942,0.0010008299999999977,0.0010008299999999977,4.8818252156325785,4.735200253171182,6.711675412518392,0.5185953100891972,-0.07372031202888156,-0.20623593387476644,-3.757031410932541,-16.973438382148743,-44.93437671661377,1006.0699462890624,-0.22514647900150217,48.1799358267765
2025-06-14T21:18:05.800Z,40.07428169206872,-75.23981729094878,59.19725394230188,-13.281273803909405,-3.400808838785979,-0.20065516241828463,5.577398826123421,5.945468093373243,2.1963656873566766,0.0010000000250165073,0.0009999999978317238,0.0009999999773534168,0.0010000000033718402,0.0009999999812810897,0.000999999989738293,3.0005984026796775e-6,3.0005984177834616e-6,0.6564460367652535,0.10750788668579953,0.19843169836639737,0.06827051469593162,0.00009804125859479738,0.00010259943744819698,0.0005503915998516879,0.0010839999999999845,0.0010839999999999845,0.001083999999999981,0.0010008399999999937,0.0010008399999999972,0.0010008399999999972,3.691421572524015,1.626864360811595,10.54727908109473,-0.5229303497277067,-0.09970535665573046,-0.09909642656596883,6.437500238418579,-7.637500286102295,-45.384376525878906,1006.0899658203124,1.5124205336860221,46.47052545333279
2025-06-14T21:18:07Z,40.07416905309391,-75.23990098012308,58.348243302963986,-19.431966362520793,-8.640300337302808,-0.6640197863291374,5.737076181119899,5.34679139832831,2.3674790848607734,0.0010000000250027813,0.0009999999977043854,0.0009999999769973811,0.0010000000035289079,0.0009999999809478398,0.0009999999893608646,4.000598389287826e-6,4.000598463670804e-6,0.9628796505534126,0.2439773201579204,0.3748204132737369,0.0867740048603455,0.00023263209787036866,0.00011419784555484006,0.0005554582940423662,0.0010849999999999846,0.0010849999999999846,0.0010849999999999807,0.001000849999999994,0.0010008499999999976,0.0010008499999999976,5.46950026056649,1.3293875625155198,9.26714419033408,0.2581703121982324,-0.5615187415889471,-0.2326703051226042,-11.854688048362732,7.223437786102295,-42.771095275878906,1006.0999755859376,1.0631921869250178,44.967473902363466
2025-06-14T21:18:07.700Z,40.074072195073654,-75.2399859118557,57.083733669110664,-22.650562343862788,-12.183731517938392,-2.5746655688951763,5.7080016194762395,5.322051798771679,2.1062303536836713,0.0010000000252864012,0.000999999997433284,0.0009999999773098749,0.00100000000337283,0.0009999999806993769,0.0009999999892469995,5.000598347977662e-6,5.000598513460457e-6,1.0667907598435034,0.3312080218185093,0.47910387323759984,0.09062542160604649,0.00025934265462250526,0.00011560061984795257,0.0005068955404277889,0.0010859999999999852,0.0010859999999999835,0.0010859999999999817,0.001000859999999994,0.0010008599999999975,0.0010008599999999975,5.0891216779186355,2.896271565030895,7.891443180107231,-0.35219463929461103,0.08747142704672044,-0.20858571687554067,-20.206250826517742,1.3500000536441803,-37.378126780192055,1006.1199951171876,0.047541092151710346,42.51158805972896
2025-06-14T21:18:07.900Z,40.074038535826,-75.2400156051508,56.54531624674295,-23.889872095234587,-12.849738851403488,-3.410356081876181,5.748782517823694,5.464149159700436,2.059485262246769,0.0010000000253709152,0.0009999999977449564,0.0009999999775374994,0.0010000000033584856,0.0009999999804932364,0.0009999999896096237,6.00059830677197e-6,6.000598530280815e-6,0.9514588574539597,0.3311180756133082,0.5128259674511019,0.08531033608604816,0.00018322784775012563,0.0001233461900932217,0.0004908418707715195,0.0010869999999999862,0.0010869999999999823,0.0010869999999999823,0.0010008699999999942,0.0010008699999999977,0.0010008699999999979,4.44390022126954,4.300116837398129,6.5398836470936805,0.01851124965807277,0.6871599992706663,0.2505424966919663,-19.179375839233398,2.9606251239776613,-37.33500175476074,1006.0899658203124,-0.7784959338738773,42.077450540086915
2025-06-14T21:18:08.800Z,40.07383447745456,-75.2401815672211,53.04370333520095,-31.09532718903333,-17.532201855090015,-6.380359000502575,5.049349125284823,5.936005426209922,3.0395343002880666,0.001000000025423171,0.0009999999980384324,0.0009999999776817696,0.0010000000034136006,0.000999999980299786,0.0009999999894593433,7.000598186900286e-6,7.000598644530453e-6,1.1467705692703387,0.44781036313434436,0.7853570757532454,0.10882862871956113,0.0001222410082011897,0.00011074842366963809,0.0005840465691833177,0.0010879999999999868,0.0010879999999999829,0.001087999999999983,0.001000879999999993,0.001000879999999997,0.0010008799999999967,6.887450304641784,1.3072167208217282,7.249433603944989,-0.17952083304197994,-0.5613583340544971,1.3509916733209881,-20.63333405388726,-3.935416910383436,-37.35000144110786,1006.1300048828124,0.3060692724007722,42.85137382576769
2025-06-14T21:18:09.500Z,40.0735565247644,-75.24035647915477,48.754201835859874,-35.362244983201656,-21.10295231503501,-12.735447789481368,5.274434033769864,0.21736944600493524,2.9442457840002403,0.001000000025215663,0.0009999999978731711,0.0009999999774872597,0.0010000000034949936,0.0009999999804800532,0.0009999999890100942,8.000597967691899e-6,8.000598776834753e-6,1.232612548989563,0.4784220529061932,0.961047287062174,0.11689030556238925,0.00011652571019669788,0.0001189913488484515,0.000548994548807047,0.001088999999999987,0.0010889999999999832,0.0010889999999999832,0.0010008899999999939,0.0010008899999999973,0.0010008899999999973,6.254666944690288,2.9525668161199903,4.784116857974859,0.3401237463320928,0.5848874976831981,0.7724099984274413,-15.971250629425048,-9.511875343322753,-43.51312675476074,1006.0899658203124,-1.368351808429546,47.31748108849896
2025-06-14T21:18:09.900Z,40.07329620831578,-75.24048446122056,46.012904225289006,-37.829393272495764,-24.383316216481155,-15.974832243964256,5.57718650596017,0.786394093245983,3.2456037825879624,0.0010000000250136706,0.0009999999979834729,0.0009999999774038028,0.0010000000037206733,0.0009999999805841056,0.0009999999887848729,9.000597724197002e-6,9.000598870831586e-6,1.161203494353846,0.5088857433831214,1.0897490555420755,0.11842796811047415,0.00026867983698461385,0.0001074668931522463,0.0006031475418366792,0.0010899999999999866,0.0010899999999999827,0.0010899999999999827,0.0010008999999999942,0.001000899999999998,0.0010008999999999977,6.926707535854737,1.5034357606364128,8.135021818456002,0.44398055510701256,0.5620930513338739,1.749512467501292,-12.09791702694363,-12.308333926730686,-44.70625093248155,1006.1300048828124,1.0117960822070746,47.9217976386261
2025-06-14T21:18:10.500Z,40.07282566277861,-75.2407084043883,40.134667821407,-40.22909814823401,-29.911544812942715,-19.289821046310013,0.1306204564519383,0.46462243967259653,3.820722253384025,0.0010000000248037001,0.000999999998098783,0.0009999999776651594,0.0010000000039420136,0.0009999999804125423,0.0009999999890150215,0.000010000597364393412,0.000010000599047249959,1.203399531260135,0.6124184889656469,1.2696292669279836,0.1266454744476508,0.00020135665459907726,0.00009463118946986011,0.0005144478431190545,0.0010909999999999863,0.0010909999999999824,0.0010909999999999824,0.001000909999999994,0.0010009099999999977,0.0010009099999999977,6.123387800668498,1.6901375820656914,7.523000525497144,1.0158640539012895,-0.832754680703536,0.7046156173460578,-2.746875122189522,-12.632812976837158,-48.08672094345093,1006.1599731445312,0.06882766912435798,49.79418604349793
2025-06-14T21:18:11Z,40.07224887435396,-75.24093370380488,36.05291024649313,-41.601959158317406,-32.99344168106441,-21.172729991713883,0.3191080426591324,0.6062405302923648,3.973557902192378,0.0010000000244832223,0.0009999999983587558,0.0009999999775266303,0.001000000003554061,0.0009999999801077622,0.0009999999892555838,0.000011000596914931745,0.00001100059922716936,1.189462703095884,0.6487080192050474,1.434402691027756,0.12490196138890527,0.00025337822402567677,0.00010032617635848968,0.0005275884342529689,0.001091999999999986,0.0010919999999999823,0.0010919999999999823,0.0010009199999999937,0.0010009199999999976,0.0010009199999999976,5.046766897388662,-0.28055000433466787,6.487650321982784,0.2741374967356839,0.38225374761692416,0.1365550001969515,-2.3193751096725466,-21.198750495910645,-46.50000114440918,1006.0999755859376,-1.5528500123321236,51.15673403995359
2025-06-14T21:18:11.400Z,40.07163744686932,-75.24113799038288,33.81393662624411,-41.19766195519383,-36.8774246390748,-21.461918031549004,6.245338976220936,0.5787986178958576,3.867652786101199,0.0010000000243262745,0.0009999999986256842,0.0009999999774557367,0.0010000000032693763,0.000999999980070203,0.0009999999888706057,0.000012000596420944813,0.000012000599394490473,1.1318545548444496,0.7290034644189961,1.5307449257522516,0.1211506492720051,0.0002660804633129611,0.00010258803779304466,0.0005363332478695322,0.0010929999999999853,0.0010929999999999814,0.0010929999999999814,0.001000929999999994,0.0010009299999999975,0.0010009299999999975,3.7327627112620614,3.40576259994671,8.006656514667096,-0.7052291561798032,-0.04063055314783498,-0.2792236122315304,3.943750196033054,-20.637500762939453,-47.00625144110786,1006.1300048828124,-0.30889416468250475,51.48827101375852
2025-06-14T21:18:12Z,40.07071653647845,-75.2414543441417,28.639651149774505,-41.379502069243536,-40.54089967159464,-21.940398292451086,0.14874849607014107,0.34136367622210445,3.71146451868541,0.0010000000243446136,0.0009999999985815147,0.0009999999775734687,0.0010000000034065969,0.00099999997984848,0.0009999999891096168,0.000013000595699301499,0.000013000599689982994,1.1772355818878715,0.823837027273022,1.7027167432150294,0.11980715840128789,0.00022394869879436023,0.00010776815388206436,0.0005273579356431013,0.0010939999999999845,0.0010939999999999808,0.0010939999999999808,0.001000939999999994,0.0010009399999999975,0.0010009399999999975,2.9818701257462426,1.414715050698701,7.436390375159873,0.4747499918308943,-0.3694862527797004,-0.27742999886353487,0.5418750196695328,-9.05437536239624,-49.63687705993652,1006.1599731445312,-1.640434537177041,50.4587929365486
2025-06-14T21:18:12.500Z,40.069663742886085,-75.24174298022234,26.001974815591986,-41.194585020982224,-43.7610919385681,-23.345916041753274,6.232217404841085,0.23657898538087774,3.4252523964571813,0.0010000000245389941,0.000999999998290167,0.0009999999772040513,0.001000000003190727,0.000999999979547121,0.0009999999893089322,0.000014000594803502714,0.000014000599978247165,1.1635964799581549,0.9006330568087113,1.8378416052599007,0.11705701834796993,0.00020542109560362502,0.0001292191217256495,0.0005359052469137957,0.0010949999999999834,0.0010949999999999795,0.0010949999999999795,0.0010009499999999933,0.001000949999999997,0.001000949999999997,5.045985966794329,2.775157276972418,4.034000222092303,-0.2441274980340691,-0.1700562454782077,-0.6319050023446852,-6.141666942172581,-20.556250890096027,-46.63750118679471,1006.1199951171876,-2.744896615797132,51.335473408863876
2025-06-14T21:18:13Z,40.06844857099728,-75.24204241598369,23.62596665972915,-41.26324767930652,-46.021985102917476,-22.718295115247194,6.261145976499916,0.321347029520754,3.511532907052199,0.0010000000246350301,0.0009999999979327643,0.0009999999774447017,0.0010000000033175492,0.0009999999793051512,0.0009999999891912594,0.000015000593700130621,0.000015000600310200545,1.150923136822764,0.9788812959666602,2.0194534585670803,0.11286128140920798,0.00023461893590169959,0.00013043558105606145,0.0005438840201530896,0.001095999999999983,0.0010959999999999783,0.0010959999999999783,0.0010009599999999928,0.0010009599999999963,0.0010009599999999965,3.7143801679365818,1.4369750490205697,7.707500289939788,-0.008191247216822595,0.2395425004865612,0.11007250043328794,-4.269375133514404,-11.334375476837158,-49.10812683105469,1006.1599731445312,-1.1001355076348378,50.579626518788444
2025-06-14T21:18:13.500Z,40.06705326493527,-75.24234869484529,21.871345740143855,-41.20642638955223,-47.82860358020192,-22.503525631114844,0.003981048523179126,6.1529108061831845,3.445520138956662,0.001000000024533247,0.0009999999981452317,0.0009999999773434888,0.0010000000030902065,0.0009999999794477014,0.0009999999889109905,0.00001600059234615008,0.00001600060069156197,1.1382058617631958,1.0530396820384262,2.190697872704436,0.10808778198864963,0.00021383063753334898,0.0001438113388049911,0.0005709208274563751,0.001096999999999984,0.0010969999999999776,0.0010969999999999776,0.001000969999999993,0.0010009699999999964,0.0010009699999999969,4.613618957018059,1.385731326582115,5.685237812064791,0.02976944520572204,-0.8804194360367138,-0.20922083038335332,-1.7835938036441803,-13.867969393730164,-49.790627002716064,1006.1399536132812,-2.323931294331448,51.7165647583808
2025-06-14T21:18:14Z,40.06549708357298,-75.24265927718227,20.8691850779389,-41.057092600332815,-49.10750802455261,-20.08160117587793,6.154045431779626,0.047843063296542226,3.6558017157376206,0.001000000024872435,0.0009999999983733875,0.0009999999771282554,0.001000000003573893,0.0009999999794911675,0.0009999999891133707,0.000017000590689533592,0.00001700060112720533,1.1247874493589722,1.1532979830731869,2.396283828605412,0.10294940805955431,0.00023633769122558118,0.0001337214764053581,0.000559655731045394,0.0010979999999999846,0.0010979999999999772,0.0010979999999999772,0.0010009799999999916,0.0010009799999999953,0.001000979999999996,5.037305234884524,0.15279500761813627,9.554210495017774,-0.2980824956924823,0.42266499828367293,0.4171924998871114,-2.670000123977661,-9.988125324249268,-50.64375228881836,1006.1599731445312,1.0263910648503687,51.688257352291636
2025-06-14T21:18:14.600Z,40.063591675628864,-75.24302980713168,19.584028457523623,-38.63892703587178,-49.79367363182042,-18.18366609720642,0.027318961516405928,5.973956879572827,3.742269031388929,0.0010000000253181146,0.0009999999984393662,0.0009999999768743625,0.0010000000033157208,0.0009999999791441402,0.000999999988766498,0.000018000588413986274,0.000018000601718823904,1.147643117928885,1.2653882381798554,2.4829149455633153,0.0908979217231944,0.0002672667383377493,0.0001339958434935139,0.0006091345685701381,0.0010989999999999852,0.001098999999999976,0.0010989999999999778,0.0010009899999999924,0.0010009899999999959,0.0010009899999999959,1.7808250854561354,1.4036500921265656,8.634850667976362,0.2574803593974477,-0.5520017871651601,0.08941607168128261,4.5053574017116,-9.216964585440499,-50.60625239780971,1006.1499633789062,-0.8477881820539234,51.63562939233603
2025-06-14T21:18:15.200Z,40.06141090466107,-75.24339565144318,19.354078020722614,-37.57051541674076,-48.834419141738614,-17.135618155191146,0.16903333851212182,5.961795479201398,3.3874631355681046,0.0010000000250276165,0.0009999999984517968,0.0009999999767639175,0.0010000000031337231,0.0009999999792544164,0.0009999999885721392,0.000019000585342835208,0.00001900060238451002,1.1509550331853833,1.3228129596066702,2.6308345754504208,0.07869525411580507,0.0002353570212845283,0.00017319766025775547,0.0006086640629699276,0.001099999999999984,0.0010999999999999758,0.0010999999999999766,0.0010009999999999915,0.0010009999999999954,0.0010009999999999954,3.644550171508902,-0.16956667482034601,6.868217024932251,0.005985001448951438,-0.010308752769237562,-0.6051612431294641,1.801875078678131,-10.106250476837157,-49.53562698364258,1006.1399536132812,-1.9983374961211122,50.58810392859796
2025-06-14T21:18:15.700Z,40.059184137524305,-75.24369559333329,20.72919540164763,-35.24794953565302,-47.967283475257204,-15.907224762225468,0.22989615468819935,5.899782584796119,3.251908319959715,0.001000000024762877,0.0009999999985286848,0.000999999976481256,0.0010000000031101595,0.0009999999787849404,0.0009999999882230764,0.000020000581685883053,0.000020000602997167028,1.1033641326151578,1.3925281967398366,2.6826455732337067,0.06666921003824594,0.00022846522242003363,0.0001979102070351184,0.0006215413679027167,0.0011009999999999833,0.001100999999999976,0.001100999999999976,0.0010010099999999923,0.0010010099999999958,0.0010010099999999958,1.8403501050486892,2.064650131968881,7.7971002595921926,-0.035663750420664234,-0.1154274975897042,-0.24639624879856542,3.3337501525878905,-13.417500495910645,-49.16437759399414,1006.1199951171876,-1.5024186954391572,51.071264433654505
2025-06-14T21:18:16.300Z,40.05660343511008,-75.24404342846705,20.77176643960339,-33.38114975901416,-45.43289023136603,-15.12776311270092,0.39119210646944813,5.916517192064051,3.0844807269413206,0.001000000024722689,0.0009999999980768663,0.000999999976612553,0.0010000000030573953,0.0009999999785308704,0.0009999999879387116,0.00002100057669768579,0.000021000603800494767,1.0872629900623867,1.4256795726674671,2.771543734258674,0.0537502517661986,0.00020423919932922117,0.00022776526242338004,0.0006210059672438548,0.0011019999999999821,0.0011019999999999747,0.0011019999999999765,0.0010010199999999929,0.0010010199999999948,0.0010010199999999948,2.5025644258523996,0.2903000189846992,7.944843287900193,0.11164687508499295,-0.015454687458668393,-0.27147968235551806,2.629687577486038,-8.437500238418579,-49.61015844345093,1006.1399536132812,-1.4410349523722168,50.39116364976552
2025-06-14T21:18:16.800Z,40.0539295594516,-75.24432578934432,21.96752578997383,-31.31793383611,-42.83078997052467,-14.369729773386068,0.6495798651919554,5.899233045433841,3.0053333415345582,0.0010000000249556057,0.0009999999981006099,0.0009999999767955445,0.001000000002735591,0.0009999999782133752,0.0009999999884631955,0.000022000570595181512,0.00002200060452833029,1.029624536966142,1.4545034086077704,2.8268899956214,0.043607065947840085,0.00020027258026186602,0.00024623465719032675,0.0006292846944238503,0.0011029999999999814,0.001102999999999974,0.0011029999999999768,0.0010010299999999924,0.001001029999999995,0.0010010299999999952,2.0598688443651927,1.5893937891144911,8.330993997120403,0.4032843654721204,-0.07305000168359624,-0.12861717893839747,3.075000143051148,-14.002500629425048,-48.77812728881836,1006.1300048828124,-1.0481816212027524,50.84118598338065
2025-06-14T21:18:17Z,40.051823805088745,-75.24444400321421,25.837847865218535,-30.292723161442435,-41.08406566135681,-13.612182430010758,0.6124595860651184,5.927271152668958,2.980600324047536,0.0010000000250548295,0.0009999999981296019,0.0009999999764915004,0.0010000000024844378,0.0009999999783669394,0.0009999999887332967,0.000023000565233359653,0.000023000604834658872,0.9019641636109909,1.4581124518260884,2.8646129619199074,0.038389898117414736,0.00019870903516760636,0.00025845590311131364,0.0006339260527602797,0.001103999999999981,0.0011039999999999737,0.0011039999999999772,0.0010010399999999921,0.0010010399999999958,0.0010010399999999958,3.6232335107341864,1.3497833944445636,7.907017052567692,-0.34700499682401986,0.09655624832901469,-0.20914750156142972,2.158125066757202,-16.47187614440918,-48.34875144958496,1006.1099853515624,-0.9744134795254783,51.123153134333265
2025-06-14T21:18:17.400Z,40.04952390570201,-75.24466044314,26.402917475531893,-29.112270170249275,-38.15272553645201,-13.242928734465554,0.6268048836665353,5.9680929333832005,2.9195527212924053,0.0010000000247173916,0.0009999999979509178,0.0009999999767592246,0.0010000000026449444,0.0009999999782236005,0.0009999999885197135,0.000024000558799067047,0.000024000605475339076,0.8499285681052614,1.4592727546526048,2.9322693798329116,0.03372887469501929,0.00019261107745106274,0.00027475941031715657,0.0006381989409268568,0.0011049999999999816,0.0011049999999999743,0.001104999999999976,0.0010010499999999912,0.0010010499999999947,0.0010010499999999947,3.158450133616506,0.398216688343435,9.214800338344771,-0.0642224981697906,0.02109624911027806,-0.19157499765223115,5.090625190734864,-12.433125686645507,-49.15312728881836,1006.1499633789062,-0.027233295296598375,50.95607746540186
2025-06-14T21:18:18Z,40.046412233749656,-75.24497728802734,24.57004540719852,-26.844863809480078,-34.62341132404321,-13.568063787790214,0.918764774223036,6.005251192564672,2.5616215278435286,0.0010000000241512674,0.0009999999977270098,0.0009999999763638928,0.0010000000028611566,0.0009999999785373268,0.0009999999883997129,0.000025000548559308422,0.000025000606500420888,0.8426007057798768,1.4834454261568224,2.985347329637132,0.030647686535728698,0.00017182259418259928,0.00030714502406245704,0.0006437806206241843,0.0011059999999999811,0.0011059999999999738,0.0011059999999999764,0.0010010599999999913,0.001001059999999995,0.001001059999999995,2.1551188697567767,1.79275635087695,8.548869179748888,0.28908375107977535,-0.3622124979278238,-0.48433999513431747,4.93541685740153,-11.306250466240776,-49.16875203450521,1006.1199951171876,-0.7800091767391591,50.69270827143511
2025-06-14T21:18:18.600Z,40.04242481244689,-75.24530808316084,22.593239631175013,-24.746630762037913,-29.450264393007494,-14.56574840098446,0.7372686921853173,6.089601795623937,2.6628370415402016,0.001000000023932865,0.000999999997790569,0.0009999999765941605,0.0010000000031311629,0.0009999999784026385,0.0009999999881333745,0.000026000532861698178,0.000026000607596021996,0.8265440199959412,1.4587907288454003,3.047981963761937,0.035518112101139684,0.000176609355447584,0.00031385094591595885,0.0006509095750558654,0.0011069999999999821,0.0011069999999999745,0.0011069999999999754,0.001001069999999992,0.0010010699999999956,0.0010010699999999958,3.9321314265486484,-0.5741125362194697,9.22323171999434,-0.2939987460403443,0.22947749961078667,-0.003736251603387563,2.0812500847710504,-11.714583820766872,-48.985418955485024,1006.1199951171876,0.2655945651247034,50.4096144726419
2025-06-14T21:18:19.200Z,40.037398863815866,-75.2456737857455,20.602176400469126,-22.336912300912108,-26.374643714345705,-14.331643874835711,0.7016332608175665,6.13027261911495,2.5729823876127518,0.0010000000241698758,0.00099999999785454,0.0009999999767365414,0.001000000002792082,0.0009999999783415967,0.0009999999878755172,0.000027000509843272797,0.000027000608758805784,0.810248561148614,1.5350851228852194,3.151590887400788,0.041638626112989234,0.00018021518694220071,0.0003261822078798749,0.0006607600751403157,0.0011079999999999823,0.001107999999999975,0.0011079999999999749,0.0010010799999999923,0.001001079999999996,0.001001079999999996,2.3510938604830787,1.8461188396237533,9.519387768768828,-0.10083874894991705,-0.03042500102967955,-0.17209124733811088,6.075000333786011,-12.13687572479248,-48.30937728881836,1006.1199951171876,0.2001268576652897,50.17967939373299
2025-06-14T21:18:19.800Z,40.03126798465999,-75.24609875734735,19.05534030369227,-20.485096584110583,-22.211665268759198,-13.634049637688042,0.36466549614723354,6.195001118437373,2.573756103475862,0.001000000024023857,0.00099999999752553,0.0009999999764531424,0.0010000000029947909,0.0009999999784862448,0.0009999999881960815,0.000028000477474146473,0.000028000609988246166,0.8028966916177814,1.61246481442026,3.3216635596516446,0.061294097233943474,0.00018688025701795984,0.0003350265433460754,0.0006725350428383219,0.0011089999999999813,0.0011089999999999755,0.0011089999999999755,0.001001089999999992,0.0010010899999999953,0.0010010899999999953,4.953971654050363,-1.332314325330496,10.721729137988875,-0.5861388838583999,0.1273180562788931,-0.07350833075522889,5.167968928813934,-4.985156446695328,-49.69687747955322,1006.1300048828124,2.107809717574194,50.21288902683902
2025-06-14T21:18:20.500Z,40.023477263306795,-75.2466703893126,17.24144387007325,-17.90223900659541,-21.79945309364512,-12.684812835375208,0.48940460979763784,6.063482816837509,2.567237653165177,0.0010000000241938481,0.000999999997293,0.000999999976401145,0.0010000000032931986,0.0009999999788137025,0.0009999999883939473,0.000029000429886193995,0.000029000611500450645,0.834718514485622,1.790526680946038,3.522514209019331,0.07041122020690578,0.0002017959477820803,0.0003426893788570281,0.0006808161875602026,0.0011099999999999819,0.0011099999999999743,0.0011099999999999743,0.0010010999999999922,0.0010010999999999957,0.0010010999999999957,2.5262001266239253,1.1942000677610347,9.334715484642686,0.195418749398351,-0.13640999812716592,0.05433000087614574,8.139375400543212,-6.496875286102295,-47.836876678466794,1006.1300048828124,-0.03406531659742414,48.95733473208984
2025-06-14T21:18:21.500Z,40.01236474174312,-75.24759416521026,14.302964560888718,-12.972303929826268,-21.574945719243587,-11.562968722736215,0.40482176229746397,6.07227230864975,2.7048003401981604,0.001000000024308272,0.0009999999974176711,0.0009999999761351886,0.0010000000036049794,0.0009999999793274352,0.0009999999882968028,0.000030000348446293907,0.00003000061376835181,0.9747854776739646,2.0597728266363817,3.7398572548613833,0.09419138726977315,0.0002092007163388208,0.0003432706818253113,0.0006912001187846746,0.0011109999999999814,0.001110999999999974,0.001110999999999974,0.0010011099999999917,0.0010011099999999952,0.0010011099999999954,2.44318587001016,-0.44386429988215725,9.803428918044665,-0.01675138891031179,0.10951944397024985,0.10039860959021546,10.681250360276964,-8.772916899787056,-46.64375220404731,1006.1300048828124,0.3350083413838069,48.64861627073188
2025-06-14T21:18:22.900Z,39.99655479415231,-75.24913073114915,13.45572464293153,-6.434977869505484,-25.194985253301724,-8.18270767420804,0.2870817463820695,6.018298233177216,2.687187396581236,0.0010000000241314935,0.000999999997830382,0.0009999999760903543,0.001000000003825648,0.0009999999795760263,0.0009999999884179208,0.00003100020230212109,0.00003100061700642069,1.319667942001591,2.599816387817737,4.0600525343832246,0.123440976893476,0.00020430814618657228,0.0003455123765334514,0.0007012751559861044,0.0011119999999999806,0.001111999999999973,0.0011119999999999733,0.0010011199999999908,0.0010011199999999942,0.0010011199999999942,2.539983438467513,-0.48288335282676803,10.34900038149359,-0.02694625028210762,0.004073749853481556,-0.009662500407019436,10.764375400543212,-8.615625476837158,-46.73625183105469,1006.1300048828124,0.8894515078375292,48.72753916738455
2025-06-14T21:18:30.500Z,40.001203630106126,-75.24755758569346,48.791094991079376,-158.34986713985677,199.29804381775696,4.802291416889432,0.9545175022389948,5.995595233227759,3.398515952545998,0.0010000000241975917,0.0009999999982581245,0.0009999999755324323,0.0010000000040390055,0.0009999999793495174,0.0009999999884799328,0.00003200021905289748,0.00003200067348115798,4.946111247188185,37.18983862067465,31.483579277422784,0.5185801283109193,0.000026815831549035108,0.00021187275061463817,0.000725768289122235,0.0011129999999999799,0.0011129999999999725,0.0011129999999999725,0.0010011299999999903,0.0010011299999999937,0.0010011299999999937,9.264883922552773,2.0672334568787125,6.614667078254025,1.4716387500724681,0.9078337481226121,0.38795999492372957,-51.53541904025607,24.189584096272785,-31.79166751437717,1006.1399536132812,1.75726137265916,65.20535947564075
2025-06-14T21:18:35.400Z,40.07437680432815,-75.24003658901663,54.416451875873825,-80.28851976829658,129.30292817859208,-61.1644260417278,1.9697426393831081,0.6469673088870868,3.327289878857531,0.0010000000204285452,0.0009999999993006588,0.0009999999675426032,0.0010000000034828599,0.0009999999712263195,0.0009999999858137166,1.0066382394732404e-9,1.006638510124121e-9,0.5045773393199839,1.8448667414655473,1.3260213811497044,0.19922019817210984,0.000042516030854632086,0.00019872112339171157,0.00004923136978661438,0.0011139999999999792,0.0011139999999999718,0.0011139999999999716,0.0010011399999999902,0.0010011399999999937,0.0010011399999999937,-6.349783599030003,-3.4387668698611327,7.835967097412841,0.7618087401349686,-0.03446750138125076,-0.5640899965647891,-15.894375705718994,29.334376335144043,-13.404375648498535,1006.1300048828124,0.8574597052990156,35.955673420513406
2025-06-14T21:18:40.500Z,40.076518871333484,-75.2310372414189,-148.573626246899,-129.88545898454768,169.29562236476292,-69.96290636547178,0.3808089318549276,1.5788483613437885,3.1194564871580583,0.0010000000217338097,0.0009999999987087343,0.0009999999676233036,0.0010000000050876389,0.000999999971992627,0.000999999984512195,1.0010074622092963e-6,1.0010082743283862e-6,2.586168976379357,2.5326330336910763,1.7176772706403045,0.10127195772617616,0.00004983662541228601,0.00017413385531415892,0.0000625927916809392,0.0011149999999999782,0.0011149999999999706,0.0011149999999999708,0.0010011499999999889,0.0010011499999999928,0.0010011499999999928,3.6924334701757657,0.9826833824721019,9.128550404051284,-0.3411749998365899,0.005971249013110539,-0.053524995044588665,5.846250200271607,-12.459375476837158,-42.45375213623047,1006.0799560546876,0.08960190983187044,44.628816015127924
2025-06-14T21:18:45.400Z,40.07593229490486,-75.22082314064338,-128.52823435185547,-165.0933731300807,166.7023012735411,-20.193965050084067,5.615035284864042,0.4698244093143881,1.8518385574941385,0.0010000000234226235,0.0009999999973263041,0.000999999968035765,0.0010000000069791141,0.0009999999733842726,0.0009999999837261215,2.001010126166603e-6,2.0010134318219787e-6,3.1487688205759605,3.469107921968944,1.8669089759515392,0.06679025940099251,0.00021036309538964646,0.00001510885442687442,0.00009040046303836225,0.0011159999999999775,0.00111599999999997,0.00111599999999997,0.0010011599999999888,0.0010011599999999923,0.0010011599999999923,-5.489683541637538,0.851666709159447,7.964683672195598,0.28752083119572397,-0.47002778079623003,-0.40486805599041387,8.50833378897773,22.193751017252605,-43.6000010172526,1006.1099853515624,-0.09684438911428123,49.65792360043658
2025-06-14T21:18:50.500Z,40.07084803980635,-75.21156240987612,-52.158533302117945,-138.28495570393926,109.8358405888911,-1.4788064105798213,5.951643299348561,6.091781199057818,2.839587187806391,0.0010000000238623624,0.0009999999965870107,0.000999999968329344,0.0010000000081197516,0.0009999999735827057,0.0009999999840560928,3.0010138062158312e-6,3.001021809400568e-6,3.1265638014330657,3.6831040929646686,1.4565481668607811,0.14250010996463022,0.00007251253056677781,0.00013223400955348773,0.0001327171898454802,0.0011169999999999767,0.0011169999999999691,0.0011169999999999694,0.0010011699999999887,0.0010011699999999922,0.0010011699999999922,-7.313590312981186,0.6278000285652195,7.491995309861676,0.13698124975758255,-0.4731612471820988,0.18033499884742676,-15.46500072479248,14.668125629425049,-29.09062614440918,1006.1799926757812,0.6912139855891576,36.063569238285666
2025-06-14T21:18:55.400Z,40.06498581091842,-75.20550843753622,4.784883012914278,-154.45335211654296,74.28372403191455,-6.304628393693241,5.872161495451263,0.019909913348376468,2.9429557149019367,0.001000000023840139,0.0009999999965112894,0.0009999999683455187,0.001000000008105003,0.0009999999734017558,0.0009999999845567206,4.001015348886954e-6,4.00103178493326e-6,3.383503392807091,3.7766314606308993,1.4712276961928052,0.10561252421748227,0.00007974527724625733,0.00011334599075401578,0.00013579215513505726,0.0011179999999999769,0.0011179999999999693,0.0011179999999999704,0.0010011799999999878,0.0010011799999999913,0.0010011799999999913,-2.7953876087904184,4.095256434920863,8.705375360520563,-0.0007097222319148627,0.00003888890967682773,-0.0011680555387009817,-3.343750105963813,34.279168446858726,-38.81250127156576,1006.1900024414062,0.22519691941838288,51.890722130268124
2025-06-14T21:19:00.600Z,40.057618274523854,-75.20084231598481,19.835183329365535,-164.8677397881684,43.41076222553601,-10.028052365136713,5.877620264791387,0.1183306293218798,2.9657340141184227,0.0010000000236387505,0.0009999999965515532,0.0009999999685724788,0.0010000000082631395,0.00099999997344656,0.000999999984414466,5.0010136151193165e-6,5.001044727712457e-6,3.4397512864034923,4.432953436668931,1.6582195079042494,0.10074852161083882,0.00009045776996916004,0.00010947642589643896,0.00014531986530016129,0.0011189999999999779,0.0011189999999999705,0.0011189999999999714,0.0010011899999999882,0.0010011899999999917,0.0010011899999999917,-2.0470834238502693,2.9090167751347145,9.396866990862819,-0.0009140625085706655,-0.00046718747628890576,-0.0015499999815764207,-4.637500180138482,44.293751610649956,-35.122918446858726,1006.199951171875,0.25785240107558643,56.71910158428837
2025-06-14T21:19:05.400Z,40.07443876399021,-75.23997905029997,52.80142342977612,-53.16278197838162,34.55413862867265,-2.4961213233291266,6.2268906421473895,6.068390898361907,2.9406220132212346,0.0010000000230278568,0.0009999999963333141,0.0009999999664595707,0.0010000000087372048,0.0009999999717019863,0.0009999999841637972,1.3270030863078109e-9,1.3270030249357626e-9,0.5149739704680738,1.5481267419915643,0.9105109760595683,0.07177970220662465,0.00005995135234187846,0.00007661881172105476,0.00014774434366537152,0.0011199999999999787,0.0011199999999999693,0.0011199999999999721,0.0010011999999999881,0.0010011999999999918,0.0010011999999999916,-2.55755010543644,2.6329001125794034,9.337767157692019,-0.0008472222313132061,-0.0009541666403615712,-0.000740277763599555,-3.532500076293945,45.901876831054686,-34.99312629699707,1006.199951171875,0.24848097865205448,57.82710326539842
2025-06-14T21:19:10.700Z,40.0735802487765,-75.23833512676235,35.231952514698875,-32.37472414370892,16.504527196382313,-7.433194468138478,6.260422812290524,6.060699165707543,2.918601233706222,0.0010000000231827776,0.000999999996488682,0.0009999999665613168,0.0010000000085607034,0.0009999999716939693,0.0009999999842480417,1.0013275714395258e-6,1.0013280889057904e-6,2.1490462347020314,2.2300752102795025,1.001674824167958,0.08060117985285574,0.000060937385311085816,0.00008616537626938772,0.000156576031625272,0.0011209999999999777,0.0011209999999999695,0.0011209999999999712,0.0010012099999999878,0.0010012099999999915,0.0010012099999999915,-2.5450001223052676,2.6302334802452303,9.329550405747787,-0.0011069444526021492,-0.0013361110809918086,-0.0011527777611136862,-3.4166667991214332,45.697918785942925,-35.043751610649956,1006.2099609375,0.23937754638288275,57.68909832013457
2025-06-14T21:19:15.400Z,40.07292547957131,-75.23736514321779,29.34982078479154,-16.180660924999703,5.565937626672406,-8.214592659671304,0.024411997997075753,6.08827600693984,2.902813393055573,0.0010000000231557597,0.0009999999964942074,0.0009999999665075525,0.00100000000855404,0.0009999999717097783,0.0009999999842379718,2.0013293738139554e-6,2.001330893315162e-6,3.12232380515018,3.142633935859406,1.1597308115492087,0.07947882107449476,0.00006364605686604644,0.00009329086830516437,0.000166475438280661,0.0011219999999999783,0.0011219999999999687,0.0011219999999999718,0.0010012199999999876,0.001001219999999991,0.001001219999999991,-2.5924750993483627,2.6405188312565633,9.331231640849174,-0.001565277783275459,-0.0007097221954891137,-0.0007861110965180973,-3.8687501748402915,45.675001780192055,-35.029167599148224,1006.2099609375,0.257184526077745,57.69063825933954
2025-06-14T21:19:20.600Z,40.07146454789353,-75.23693985126718,29.8181272783805,-7.048972343470094,-5.751066067789178,-7.096772598611779,0.04076594404041306,6.173152199508145,2.9170848333564376,0.001000000022608058,0.0009999999965146582,0.000999999966303885,0.0010000000088391692,0.0009999999715309181,0.0009999999840279662,3.0013331826546204e-6,3.001336624997087e-6,3.444681940944811,4.358701851425913,1.537065884080206,0.08427758986741571,0.00007203014173356386,0.00009127708321472137,0.00017523018228794888,0.0011229999999999788,0.0011229999999999676,0.0011229999999999715,0.001001229999999987,0.0010012299999999897,0.00100122999999999,-2.5657215502834267,2.6551358996835073,9.348693298373336,-0.00158437500538754,0.0025234373927827715,-0.0001921874886152094,-3.8742189109325413,45.52031373977661,-33.83203172683716,1006.219970703125,0.2717007228240166,56.848123417185306
2025-06-14T21:19:26.400Z,40.068526936314235,-75.23762437701942,33.44854836138484,-4.845241435868747,-19.768827549172396,-5.418853052252888,0.03243568890781591,6.238749580874897,2.938418009758261,0.0010000000223501066,0.0009999999967818152,0.0009999999660656453,0.0010000000087307206,0.0009999999717947934,0.000999999984084283,4.001338514329425e-6,4.001348106317449e-6,3.6102313296184168,5.670134255720826,2.2591614328819953,0.07889265028619911,0.00008318196339667957,0.0000797860293726089,0.00018411218073994482,0.0011239999999999798,0.0011239999999999686,0.0011239999999999725,0.001001239999999987,0.0010012399999999905,0.0010012399999999905,-2.5644358610651756,2.6278572720153783,9.298421855415253,-0.0014640625063245941,-0.0036124998991671556,-0.0013609374820721912,-3.801562607288361,45.47343873977661,-34.125000953674316,1006.2099609375,0.21893869823358447,56.98065826259155
2025-06-14T21:19:31.100Z,40.06554974558001,-75.23906497957681,37.90948915779664,-4.516132324261713,-31.865180813185233,-4.180776087165566,0.02852855986425237,0.0136485544240759,2.9505717822340882,0.0010000000221300073,0.000999999996870289,0.000999999966129045,0.0010000000086162891,0.000999999971626984,0.0009999999838576153,5.001342944806939e-6,5.0013633633867445e-6,3.3208784253810144,6.754182219845449,3.0910428181151848,0.06530347383057808,0.00009379054706194525,0.00007403472058182987,0.0001918810676037989,0.0011249999999999806,0.0011249999999999693,0.001124999999999973,0.001001249999999988,0.0010012499999999898,0.00100124999999999,-2.585016799949108,2.6508834696907857,9.333233813849581,-0.0003262500123814905,0.0008562498784485367,-0.0016599999805079427,-3.722916735543145,45.8500010172526,-34.275001525878906,1006.199951171875,0.263915148979098,57.36595340303427
2025-06-14T21:19:35.500Z,40.07443302340461,-75.2399838593362,99.54511625313569,186.82807375654062,-403.2609180979215,209.26640781341595,1.2883832981452301,0.5904307983282492,2.5470537425030577,0.0010000000103673615,0.0010000000046857273,0.0009999999856084064,0.0010000000086624909,0.0009999999714084577,0.0009999999746716406,1.273898695404624e-9,1.2738987102263095e-9,0.44696416558225155,1.94247322214479,1.1282589923744957,0.6083259185635654,0.00022303366618611187,0.00006210753454881855,0.000050070241853491105,0.00112599999999998,0.0011259999999999688,0.0011259999999999719,0.0010012599999999878,0.0010012599999999904,0.0010012599999999904,-13.676185775778965,-3.0111852178542313,-3.043000123824581,3.2415250098023085,3.6630862226769936,-2.2084662685232863,11.966250610351562,61.83937721252441,-14.763750553131104,1006.199951171875,4.564266829598319,64.69359699335594
2025-06-14T21:19:40.600Z,40.06723546830869,-75.27082774261163,279.11980334363784,132.13953734230637,-526.6905732117639,29.90674446075613,5.586734378036571,1.1868730340762423,1.6276335023476696,0.0010000000073501483,0.0010000000080455152,0.0009999999905505963,0.0010000000060062402,0.0009999999683392657,0.0009999999717420836,1.0012745342376931e-6,1.0012749299333283e-6,3.962829260432942,2.1505930236122826,1.0284382483188397,0.18645563362055662,0.00015224670768047274,0.0000682879787577693,0.00004508013408825385,0.0011269999999999802,0.001126999999999969,0.0011269999999999729,0.001001269999999987,0.0010012699999999899,0.0010012699999999899,1.7791572254622192,9.34085055323541,3.0430359115744503,0.002712500037743981,0.004185714485775585,-0.003985713978115327,-19.640625715255737,-20.196094751358032,-13.000781893730164,1006.1699829101562,0.2160547477507475,31.026659547753646
2025-06-14T21:19:45.500Z,40.05778756196128,-75.30328413258171,103.75514690755546,85.63867715840686,-567.0805470962357,-53.482225009147484,5.30021621803426,1.2877781708568625,1.529010669851779,0.0010000000069949984,0.0010000000084948565,0.0009999999906795483,0.0010000000058759694,0.000999999968020824,0.0009999999715569828,2.001276762862469e-6,2.001278103375795e-6,3.888456360621495,2.0474308208205416,1.3674256483321363,0.07896215193296563,0.00012000680428675859,0.00007227444743046752,0.000049690142876700346,0.001127999999999979,0.0011279999999999678,0.0011279999999999726,0.0010012799999999872,0.0010012799999999907,0.0010012799999999907,1.7781050910876204,9.366515373221935,2.97609515095702,-0.0017287500020574504,-0.0012337500136388258,-0.0013575000163710536,-19.582500457763672,-19.36125068664551,-12.939375495910644,1006.1699829101562,0.21890924315248542,30.426250218867356
2025-06-14T21:19:50.700Z,40.04131995777866,-75.33630613395273,-71.63612454850852,41.718690601429856,-546.1787211764458,-98.4685441742645,5.7009618579245975,1.1913402651170422,1.6095901491271727,0.0010000000080534863,0.0010000000084832191,0.0009999999895010086,0.0010000000063750958,0.0009999999679817053,0.0009999999728618524,3.0012805122711077e-6,3.0012857890436107e-6,3.444958400358062,2.169681653549668,2.266978318284427,0.054114269952639175,0.00011983972938665505,0.00008060006843341312,0.00005981995699356609,0.0011289999999999781,0.0011289999999999666,0.0011289999999999733,0.0010012899999999863,0.0010012899999999898,0.0010012899999999898,1.7886334065261404,9.386650489798635,3.006666799766536,0.001337499981458041,0.0005400002098989861,-0.0016874999212655628,-19.848750877380372,-18.885000801086427,-13.498125553131104,1006.1599731445312,0.2510102301619264,30.54197865462074
2025-06-14T21:19:55.500Z,40.00797839068447,-75.36545841704991,-211.9321883109676,-15.691983676408173,-441.74832274477797,-105.3307277744583,6.030268520538531,6.218538990955264,1.4654023642327525,0.0010000000104801617,0.00100000000825158,0.0009999999871815718,0.0010000000074682708,0.0009999999682372021,0.0009999999758419102,4.001282602479824e-6,4.001299567180877e-6,3.154281050626179,2.1716428928266795,3.6644100276914315,0.07090911559902631,0.000019221428620869914,0.00009585660634427314,0.00014155264896917967,0.0011299999999999776,0.0011299999999999663,0.0011299999999999737,0.0010012999999999864,0.0010012999999999901,0.0010012999999999901,3.118783507445017,8.756367028121941,3.818450113518935,-0.07551124899726841,-0.45322374793665543,-0.09876249897746424,-21.039584477742512,-23.74166742960612,10.356250445048014,1006.1900024414062,0.28732380600743224,33.37033749045157
2025-06-14T21:20:00.700Z,39.96045157210903,-75.38206994063299,-258.64409364789674,-53.67708905361671,-197.86138585778568,-83.32548421431781,0.3496925020288822,5.506750434748165,0.18237702883785234,0.0010000000140608126,0.0010000000076077222,0.000999999985335713,0.001000000009127479,0.0009999999691535204,0.000999999979270958,5.0012856004604075e-6,5.001325216284398e-6,3.354679371680036,2.0462399292134785,5.023870357842439,0.10322485741790727,0.000026775916024876178,0.00010437868161638194,0.00014014446529798163,0.001130999999999977,0.0011309999999999656,0.001130999999999973,0.0010013099999999868,0.0010013099999999905,0.0010013099999999905,1.8803750892772777,9.931887911788317,1.0421375354656612,0.02097249968720689,-0.05665999929410862,-0.028761249778848502,-13.192500495910645,-25.426876068115234,18.575625801086424,1006.219970703125,0.397097027701495,34.14115561415943
2025-06-14T21:20:05.500Z,40.074374156234846,-75.24003777172439,30.84038153281022,-16.71052238636224,16.004800037806113,-22.41364532537389,2.529757161943981,5.512691530647313,3.3285088447971956,0.001000000017300353,0.0010000000061515136,0.0009999999831881799,0.001000000010618691,0.0009999999701677505,0.0009999999824217556,1.024068355410827e-9,1.0240682580867532e-9,0.37856005506197155,1.0222634539684963,1.497028230125453,0.04956266349183969,0.0009866092959722444,0.000019189685506155254,0.0010689378070954532,0.0011319999999999774,0.001131999999999966,0.0011319999999999735,0.001001319999999987,0.0010013199999999904,0.0010013199999999904,2.3126501179660486,9.540667302441937,0.541666689403946,-0.07131749897617895,-0.25280374678864964,-0.04321249989023648,10.186875438690185,-29.566876220703126,15.961875724792481,1006.0899658203124,0.04968815818390289,35.110547042100784
2025-06-14T21:20:10.600Z,40.07463003102279,-75.23907813751275,-19.046417554019826,-26.206727042621033,29.71506011247095,-6.739664488904943,1.2953748221121228,5.564930254982914,4.358848292854277,0.0010000000171521588,0.001000000005973466,0.0009999999830735368,0.0010000000107237333,0.0009999999704781923,0.000999999982661859,1.0010245381870802e-6,1.0010257372976947e-6,3.1817787716413974,1.2667277517692563,1.6611317766091642,0.42900273040854975,0.00045656420917515367,0.000033717031283421894,0.0005049329757116194,0.0011329999999999776,0.0011329999999999663,0.0011329999999999737,0.0010013299999999865,0.00100132999999999,0.00100132999999999,0.9751167019432633,9.57566704389169,1.2108833954484786,-0.027491667258099504,-0.02047916585866266,-0.00011388835871069941,14.141250610351562,-28.10437602996826,14.043750667572022,1005.8399658203124,-0.08283919811048612,34.453655198624546
2025-06-14T21:20:15.500Z,40.07461992245499,-75.23759985991272,43.997636558755914,-27.14949467992701,48.20344242809395,6.238039985352852,1.7828435122761104,5.531865771582932,4.5731725701276424,0.0010000000171301157,0.0010000000058227603,0.0009999999828851905,0.0010000000108199006,0.000999999970600084,0.0009999999828250881,2.0010257940310854e-6,2.0010300592453624e-6,4.245945247348846,1.668498968999964,1.5424426730385694,0.1327460344069643,0.00014662373924925314,0.00005174926075962329,0.0002208011586993106,0.001133999999999977,0.0011339999999999658,0.0011339999999999734,0.0010013399999999856,0.0010013399999999892,0.001001339999999989,1.46441006861402,10.061915372842538,1.0226000567843903,0.19521249734283,-0.026451250391361467,-0.001288750027663349,13.72312536239624,-29.473126029968263,14.551875591278076,1005.3999633789062,0.4330222700241276,35.61941599174091
2025-06-14T21:20:23.500Z,40.07612675243398,-75.23173948886097,57.08925477020183,-59.30512802279626,88.75119777145241,-12.901897144175514,2.3697331590891397,5.613577028460369,4.071946729728118,0.0010000000170093547,0.0010000000056359481,0.000999999982626977,0.0010000000107658032,0.0009999999704948307,0.0009999999824345095,3.001029667083302e-6,3.0010441900923102e-6,4.352132515223623,2.908921239629323,2.05363548222839,0.08620107480008515,0.000033396671517094504,0.00008869982634972015,0.00013683188118140488,0.0011349999999999767,0.0011349999999999644,0.0011349999999999728,0.0010013499999999866,0.0010013499999999903,0.0010013499999999892,1.6592563466705443,9.291613089078803,1.454506334098407,0.04012968779018351,-0.06113906231935328,0.017064062884954188,7.244531571865082,-28.832813501358032,14.557031869888306,1004.8299560546876,-0.2420085150640208,33.10163423784728
2025-06-14T21:20:25.500Z,40.07591498065564,-75.22985746967134,47.82540821622612,-69.80676206854098,99.14146060492344,-20.33587433240989,2.3630535968917363,5.633406283240351,4.208841580306947,0.0010000000167130056,0.0010000000052770503,0.0009999999823044035,0.0010000000111202825,0.0009999999708156795,0.0009999999820486207,4.001031407076778e-6,4.00104955101033e-6,2.86819268302516,3.327188896158089,2.3112752265883136,0.07878954426552742,0.000041277162060445045,0.0000954867625267352,0.0001462143770692444,0.001135999999999977,0.001135999999999963,0.0011359999999999734,0.0010013599999999867,0.001001359999999991,0.0010013599999999885,1.1043687901997346,9.533750461572733,2.252862589615075,0.04719374937884538,0.021068750724830602,-0.042267186094670735,13.598438143730164,-29.409376621246338,12.696094274520874,1004.7699584960938,0.0646657490501493,34.799658488925154
2025-06-14T21:20:30.500Z,40.07212201331038,-75.22452854099187,3.9514268998300395,-95.33194653769509,119.93024442870531,-32.90176650517647,2.405020390412938,5.721620011991533,3.91037015630972,0.001000000015853218,0.0010000000045263058,0.0009999999830169201,0.001000000011881007,0.000999999970626292,0.0009999999822171645,5.0010366625232235e-6,5.001068168843014e-6,3.3256803908584383,4.574297902955192,3.2772607008376196,0.10721168753152248,0.00003492008133603025,0.0001073142858125614,0.00015033837547163775,0.0011369999999999779,0.0011369999999999625,0.001136999999999974,0.0010013699999999871,0.0010013699999999915,0.001001369999999988,1.6134875585865738,9.410881685251681,2.7576125917909673,-0.001085937336031609,-0.05252812504085112,0.03265312512663671,12.543750524520874,-29.64140748977661,12.569531679153442,1004.5399780273438,0.1410357187644161,34.55355748458541
2025-06-14T21:20:35.600Z,40.072865697432164,-75.24159259737044,66.73231915395533,-68.99415868531308,85.70043698343726,-20.024674959078844,2.121463424050997,5.823179215148761,3.824040788250565,0.0010000000158014246,0.0010000000030335862,0.0009999999818627325,0.0010000000154915495,0.0009999999701077037,0.000999999983375848,1.795431377127039e-9,1.7954312728951364e-9,0.4131462741133888,1.3894439632780093,1.1331044599124926,0.0628403402827749,0.00003070716217002237,0.00010341880957660335,0.00007385390090477522,0.001137999999999977,0.0011379999999999617,0.001137999999999973,0.0010013799999999868,0.0010013799999999903,0.0010013799999999866,1.8472438400229232,9.209525512690787,2.337237613456543,-0.007352500722517388,-0.040751249522399335,-0.002704999833280055,13.548750686645509,-27.928126335144043,11.9662504196167,1004.47998046875,-0.11241783082554613,33.26765183033705
2025-06-14T21:20:40.600Z,40.073847495829554,-75.23581467203049,-9.096989668105834,-81.99518529948934,112.51295602265449,-22.148241501550494,1.9961107411137307,5.953802689753434,3.7871682257758432,0.0010000000155487342,0.0010000000029211714,0.000999999981688636,0.0010000000157480828,0.0009999999703877935,0.0009999999832984688,1.0017960649799625e-6,1.0017967134353636e-6,2.1626272571589626,1.9100044956869349,1.339838786780254,0.11702249721328929,0.00003251337691095186,0.00010743663296686738,0.00008337234551556845,0.0011389999999999775,0.0011389999999999623,0.0011389999999999736,0.001001389999999987,0.0010013899999999905,0.001001389999999987,1.4975750675043402,9.574415515896625,2.292605124968546,0.0013099999719914605,-0.0005600001121902737,-0.0028149998804088082,17.225625801086426,-27.995626068115236,1.6650000929832458,1004.469970703125,0.16239457382353276,32.91270496104382
2025-06-14T21:20:47Z,40.074415276196696,-75.22710689636537,8.34692120920883,-109.3756259753174,129.18144361089657,-10.779055684435981,1.5541483733464108,0.06743724215906874,2.4474860743248104,0.0010000000157262307,0.0010000000020816368,0.0009999999810826157,0.0010000000156827466,0.0009999999703773522,0.0009999999832086507,2.0017993876363213e-6,2.001803113134394e-6,3.827657541551025,2.872832596579652,1.9735367183941104,0.0846855711677898,0.00010093876900370161,0.00003773113968820112,0.00010425863483178893,0.0011399999999999785,0.0011399999999999633,0.0011399999999999737,0.0010013999999999878,0.0010013999999999915,0.0010013999999999878,3.869578799913389,9.368407653805672,0.5891643165703373,-0.10635937362994005,-0.5243937501611227,-0.02812187541841237,11.686607360839844,-26.09464372907366,-8.389286041259766,1004.4299926757812,0.3539750294533587,29.797387786242812
2025-06-14T21:20:50.600Z,40.07405549629323,-75.22167866648785,34.47984119345459,-109.98709579027837,132.6880399497307,-3.316975764020471,1.5611610186187244,0.05885404853558699,2.3779886645133956,0.0010000000154325262,0.0010000000020310472,0.0009999999810599912,0.0010000000160298942,0.0009999999700374507,0.0009999999830218392,3.001802906547266e-6,3.0018099229417782e-6,3.163993035261469,3.621460308253024,2.232759652025338,0.0510355113553135,0.00011062843085307991,0.000043275264552478856,0.00011458687981771062,0.0011409999999999773,0.0011409999999999624,0.0011409999999999738,0.0010014099999999886,0.001001409999999992,0.0010014099999999884,1.5835786396788964,10.275007516041445,1.0078572076577943,0.01470937553947863,-0.00801250028162534,-0.010126562841209026,1.5991072143827163,-23.19910785130092,-16.49464362008231,1004.3899536132812,0.6452614906298001,28.51010563871478
2025-06-14T21:20:55.900Z,40.07343169546393,-75.21303478288785,49.24149150922446,-107.58412881773224,141.64866197213846,-2.3958521710701115,1.5269470129673464,6.28011201135039,2.2978966232009173,0.0010000000152202667,0.0010000000019799247,0.000999999980828733,0.0010000000158750235,0.0009999999698792911,0.00099999998268128,4.001809034041413e-6,4.0018248844031525e-6,3.1487970106581935,5.072857217775253,2.6278614329421983,0.0378989387878516,0.00012241634220629856,0.00004638436415656584,0.00012130532504125231,0.0011419999999999764,0.0011419999999999631,0.0011419999999999727,0.0010014199999999881,0.0010014199999999918,0.0010014199999999881,1.3792786384155717,9.397593221389918,1.9117143834507835,-0.00221458310995121,-0.011839583089414936,0.005760416879843427,1.877678666796003,-24.479465212140763,-16.41964340209961,1004.2899780273438,-0.11235497507977975,29.535937196888042
2025-06-14T21:21:00.600Z,40.07229741969066,-75.20501286182854,55.147383469172944,-105.98578910978313,144.78935552620763,-3.3193055654860597,1.447815569485661,6.248233269703384,2.516084676046988,0.0010000000153384124,0.0010000000023749043,0.0009999999810119205,0.001000000016088919,0.0009999999699226965,0.0009999999826255492,5.0018118534132435e-6,5.0018440157821886e-6,2.8704367939058035,6.715248561716151,3.033566083616304,0.03198862978816573,0.00011196322421678872,0.00007173210851171834,0.000129461394381975,0.0011429999999999758,0.0011429999999999615,0.0011429999999999722,0.001001429999999989,0.0010014299999999909,0.0010014299999999872,0.9153875416700331,9.081144141195225,2.0385876169396426,-0.01131250021869637,0.0491722228083218,0.0076777777480750535,1.8140625655651093,-23.75156331062317,-15.766406893730164,1004.199951171875,-0.4494842782116797,28.565788453949928
2025-06-14T21:21:05.800Z,40.073527884557464,-75.24316517227882,77.325072403004,-56.59049740300605,100.44001682236288,2.43522887701156,1.424774190680975,6.168787641012891,2.6422705074749597,0.0010000000167578005,0.0010000000024849754,0.0009999999801448708,0.0010000000167163705,0.000999999969307646,0.0009999999834160035,5.744495543746902e-9,5.744495444856018e-9,0.4461457789790522,1.6495476681424002,1.0638069328928403,0.014878497271251309,0.00006893659040883851,0.000054962692361663044,0.00014988270274064028,0.0011439999999999747,0.0011439999999999617,0.0011439999999999712,0.001001439999999989,0.0010014399999999902,0.0010014399999999867,1.3014500657961365,9.498367184106783,1.9705667565853535,-0.007201250122185169,0.014083749762079923,-0.04164499943642345,6.860416995154487,-23.327084223429363,-16.010416984558105,1004.1599731445312,-0.006088964791987643,29.11268927582509
2025-06-14T21:21:10.600Z,40.07458476711908,-75.23733764744138,92.75866774242556,-48.94494948670306,105.24474361693568,5.435938157612001,1.5083133090182477,5.948120212733316,2.6978279457275733,0.0010000000169625809,0.0010000000022477738,0.0009999999800152735,0.0010000000168117681,0.000999999969228386,0.0009999999829774736,1.005745075142621e-6,1.005745652386917e-6,0.9156043278625553,2.341444688513865,1.3997192571902748,0.019010041186340726,0.00008225662037452068,0.00006677913187908954,0.00014017872600777167,0.0011449999999999748,0.0011449999999999603,0.0011449999999999707,0.0010014499999999888,0.0010014499999999897,0.001001449999999986,1.243683396468359,10.23510040876352,2.423883458369295,0.01691624969993802,0.004788750511552825,0.0485825000273128,6.986250209808349,-23.99812602996826,-14.799375629425048,1004.25,0.7972794940495198,29.04713954585522
2025-06-14T21:21:16.600Z,40.07728132141804,-75.22879082728348,100.37224607145795,-25.35186454945029,124.71334399004259,1.7810070015019588,1.6225321639505856,5.953721998009062,2.7241111605383628,0.0010000000173203947,0.0010000000025411923,0.0009999999803030615,0.0010000000166234054,0.0009999999693221452,0.0009999999824282047,2.005747206184517e-6,2.0057510159620738e-6,2.1288639803557166,3.4059351406966973,1.9496501903385461,0.0555067604828519,0.000074534042080792,0.00007528635124838744,0.00014673291886130253,0.0011459999999999745,0.0011459999999999591,0.0011459999999999706,0.001001459999999988,0.0010014599999999892,0.0010014599999999855,1.229964337059497,9.647407799854754,2.973007299988159,0.006035416456512316,-0.0019395835303011198,-0.003887500122551674,8.050000508626303,-21.818750699361164,-15.712500731150309,1004.489990234375,0.37297223379256944,28.066710189058597
2025-06-14T21:21:32Z,40.08993636688003,-75.20077415136238,71.72813804528812,6.776619388560158,174.6119444940914,-2.061169180865046,1.6915893634841317,6.166120648959772,2.824127342676522,0.0010000000173164554,0.0010000000025672286,0.0009999999801330785,0.001000000016791182,0.0009999999690132435,0.0009999999825757336,3.005735771412699e-6,3.005792932724676e-6,4.53108149764784,6.101899093230713,3.0186330368584353,0.03964877951959089,0.000029320201655194845,0.0000744253521154461,0.00014514979649951374,0.001146999999999975,0.001146999999999958,0.0011469999999999712,0.0010014699999999874,0.00100146999999999,0.0010014699999999863,1.7855501062564365,9.723567095436097,1.9986834347842413,0.0009387505316648048,0.002245000199358978,-0.016427499991964946,6.153750324249268,-24.168751335144044,-13.706250476837159,1005.0799560546876,0.2815598349767165,28.457961939148717
2025-06-14T21:22:08.500Z,40.08143171435283,-75.25261550902418,51.09214069139634,85.10482825200037,111.884444920218,-2.055339460007266,1.67519906891847,5.648293326174709,2.401834309127018,0.0010000000172048112,0.0010000000024911182,0.000999999979846853,0.0010000000150636415,0.0009999999700528914,0.0009999999826615896,1.6132175384298366e-8,1.6132179322707677e-8,1.2343024809372116,1.632741063674997,1.4505854655038788,0.029364480534105005,0.000013226979782579327,0.00003099118030256186,0.00012776333873270644,0.0011479999999999756,0.0011479999999999579,0.001147999999999972,0.001001479999999987,0.0010014799999999895,0.0010014799999999862,1.5330125709598945,9.556494044301326,2.3356063982446975,-0.0004671878689242444,-0.009318750040352531,0.012474999886200867,2.7023439109325413,-23.1867196559906,-14.489063143730164,1007.1300048828124,0.16057704856400631,27.474657283643193
2025-06-14T21:22:44.500Z,40.0855094796414,-75.2570743654724,45.05442729322862,82.77594338212766,-7.9608998615019235,1.0827985865665197,1.1411653649851357,5.867645698573692,1.9400773935638687,0.0010000000163224042,0.001000000001404199,0.0009999999797419478,0.0010000000135407434,0.0009999999722163225,0.000999999983343264,1.594327214077595e-8,1.594328053854311e-8,1.2903354839447267,1.0700710527500898,1.5711459655961635,0.03209397100118443,0.000019493083433222107,0.00001381926424407592,0.00007042097906900577,0.001148999999999976,0.001148999999999958,0.0011489999999999723,0.001001489999999987,0.0010014899999999899,0.0010014899999999873,0.9253850480146022,9.590195487973583,2.1908901503287623,-0.015849999841465102,-0.0025950006133360222,-0.0013162498412495698,8.276250457763672,-24.27750129699707,-13.974375438690185,1008.1099853515624,0.10016865475792693,29.209135464476173
2025-06-14T21:22:49.500Z,40.08696946260017,-75.25786474701285,48.27825039407429,77.6165619804366,-18.56953127230177,1.5141747522453253,1.1923808161562743,6.109978148510765,1.9353591309404696,0.0010000000159684874,0.0010000000013327137,0.000999999979738132,0.001000000013725272,0.000999999971971139,0.0009999999835431249,1.0159438168290413e-6,1.0159452051175214e-6,1.8118680377371486,1.197424353768786,1.6340459453359772,0.03436158767351906,0.000026572730348751697,0.000023244944163596223,0.0000743464001785224,0.001149999999999975,0.001149999999999959,0.0011499999999999714,0.0010014999999999872,0.001001499999999991,0.001001499999999988,1.428905072583327,9.78908054733136,2.243585096856348,0.010183333517895223,0.017990278064841655,-0.046833332240481605,9.316667132907444,-22.606250762939453,-12.545834011501736,1008.0,0.364779997566729,27.481594226145678
2025-06-14T21:22:54.500Z,40.088223800550836,-75.25916145262715,46.6041840278106,72.27707079809068,-23.90562375703352,-0.6749645124177543,1.1915386712790261,6.024576324919779,1.880495492437858,0.0010000000161684622,0.0010000000009891187,0.0009999999794196568,0.0010000000137011275,0.0009999999721566255,0.0009999999835694688,2.0159454254368936e-6,2.0159505231046497e-6,2.352407903440835,1.3832041311946812,1.7291784685806457,0.027861608878348588,0.00003653450729074966,0.00003219828129192895,0.00008309973652994521,0.0011509999999999756,0.0011509999999999583,0.0011509999999999715,0.001001509999999986,0.0010015099999999915,0.0010015099999999887,1.5450125766534861,9.16523783111439,2.1677563657963237,-0.002220312681735871,-0.017001563258379926,0.010910937975785176,7.235156536102295,-24.110157012939453,-14.791406750679016,1007.949951171875,-0.23458070161655334,29.196402363353464
2025-06-14T21:22:59.500Z,40.089411391852856,-75.26068887390231,43.256855745291624,66.34720198349629,-25.34127118829124,0.8511445807076718,1.1516203932600235,0.008387256606675334,2.1132669331090117,0.0010000000161683328,0.001000000000898006,0.0009999999790621062,0.0010000000140067743,0.000999999972173368,0.0009999999837921809,3.0159479861605e-6,3.015959370277028e-6,2.519009905764823,1.711152268066448,1.9105296650004346,0.02074991459401155,0.000043284454527094904,0.00004065198054015856,0.00009050103985797385,0.0011519999999999757,0.0011519999999999577,0.0011519999999999718,0.0010015199999999854,0.0010015199999999914,0.001001519999999988,1.6038250992931173,9.62085049056908,2.832000163257834,-0.0015499996032672775,0.06556718815667235,-0.033123437367712935,9.088393211364746,-22.89107186453683,-14.183036395481654,1008.25,0.3781420743152429,28.421043230968312
2025-06-14T21:23:04.500Z,40.090576984796215,-75.26238572591387,41.03793777777393,58.893613037045526,-28.567578095104768,-0.1423953324938954,1.1850229746094523,0.02318132243551905,2.388020429078089,0.001000000016282436,0.0010000000011533372,0.0009999999789299747,0.0010000000137858108,0.000999999972296262,0.0009999999841226721,4.015950062829896e-6,4.015972198135103e-6,2.4885133811241276,2.1954911870533307,2.195628699652772,0.019979616588290557,0.00005048726368330278,0.00005062885662174555,0.00009995225674953368,0.0011529999999999746,0.0011529999999999585,0.0011529999999999707,0.001001529999999985,0.0010015299999999922,0.0010015299999999885,0.39873125418893934,9.43861298465639,2.511350171825366,0.006944444697830739,0.05260972325306255,0.018998610760253654,11.533333778381348,-23.55416742960612,-12.672917048136393,1008.5499877929688,-0.002681583583221081,29.127589339702805
2025-06-14T21:23:09.500Z,40.09171566377048,-75.26458143672896,38.43539024891635,58.1386226343175,-40.17462161808779,1.0723560053146266,1.1644467632956133,5.823460800999157,2.36165027997267,0.0010000000161825976,0.0010000000012456345,0.0009999999788676407,0.0010000000136873568,0.0009999999724345438,0.0009999999844272033,5.015948204889638e-6,5.0159899326686785e-6,2.450000239518042,2.940541305081229,2.690440460487952,0.021421352818161737,0.00006767946053331014,0.00006059517585119024,0.00011707394127873799,0.0011539999999999751,0.001153999999999959,0.0011539999999999715,0.001001539999999984,0.0010015399999999928,0.0010015399999999891,0.9125188001510844,9.64424424075965,2.4587000777932104,-0.00408611157383579,-0.04645138794228019,0.09431805376143845,12.594375705718992,-23.460000801086426,-11.160000419616699,1009.0199584960938,0.21783189910502918,28.870964917274016
2025-06-14T21:23:14.600Z,40.07793853560541,-75.24891034817753,34.26673083886747,23.62321904440553,-24.3370948005984,0.3979843399285429,1.097527551682524,5.931716833395236,2.345124764412411,0.0010000000158250472,0.0010000000013189107,0.000999999978803899,0.001000000013407128,0.0009999999728281027,0.0009999999843702178,4.8202873948293977e-8,4.820288090555076e-8,1.1504310617595013,1.4264865836861795,1.2871380202992972,0.020782253955128338,0.00005510152958836529,0.0000496291044520535,0.00012336516941819902,0.0011549999999999744,0.0011549999999999592,0.0011549999999999705,0.0010015499999999847,0.0010015499999999917,0.0010015499999999882,1.9138813597696127,9.095750497816747,3.0249876568081704,-0.006678750588276137,-0.004327499675007345,0.007662500248030917,12.991875553131104,-23.259375762939452,-11.07937536239624,1009.5399780273438,-0.0030254417490973183,28.853717626469578
2025-06-14T21:23:19.600Z,40.077562673636365,-75.25083883439827,28.54596115308562,26.815650271612334,-40.66930423234128,-1.8534228919821087,1.1443819966795623,5.833939288874402,2.4127208186207216,0.0010000000159602446,0.0010000000012732582,0.0009999999787722222,0.001000000013260372,0.0009999999726555016,0.0009999999843195528,1.048203425527185e-6,1.0482044273890442e-6,1.8188940835980123,2.0023389463536296,1.5897258165741295,0.04466107464957966,0.00006578275317963055,0.00005678595981066111,0.0001366416298410392,0.0011559999999999754,0.0011559999999999602,0.0011559999999999715,0.0010015599999999851,0.0010015599999999925,0.0010015599999999886,1.2810167102589243,9.474433773463307,2.5733334426032206,0.01540374975800904,0.0024925000082474174,0.02199000054298186,13.455000591278075,-22.998750686645508,-11.617500114440919,1010.0699462890624,0.12473958689396698,29.067902098169238
2025-06-14T21:23:24.600Z,40.07693051135186,-75.25369448458733,20.733651297897786,33.52728805871425,-55.17836143562686,-0.7070938027805813,1.2064626861258303,5.967949984722861,2.473997230735961,0.0010000000161201593,0.0010000000017627098,0.0009999999785548612,0.00100000001338929,0.0009999999726236642,0.000999999984376892,2.0482052735866954e-6,2.048208780505464e-6,2.678483671272784,2.88827018640703,1.7670470926881194,0.05541796693704549,0.00006188010231557299,0.00005879907241193992,0.00013826265712136998,0.0011569999999999755,0.0011569999999999604,0.0011569999999999716,0.0010015699999999846,0.0010015699999999916,0.001001569999999988,1.1689000439550485,10.050450676386937,2.797233489216733,0.017534999886305788,0.02098624841809359,-0.021253749455477342,13.048125648498536,-21.94875087738037,-10.308750343322753,1010.6099853515624,0.7229041463587508,27.536680745740156
2025-06-14T21:23:29.600Z,40.076465276340336,-75.25695341553586,15.184801277903137,42.06495398832757,-54.888968423337126,-1.2114738329461163,1.2968268658089661,6.068817338616775,2.4119409697175023,0.0010000000160494684,0.001000000001999143,0.00099999997838783,0.00100000001337689,0.0009999999724340806,0.0009999999844401966,3.0482088939263676e-6,3.048215710530354e-6,2.9591375706524863,3.831110247280966,1.8834151303653637,0.03633832423838758,0.00006761880775803127,0.00005672849031912497,0.0001459635900752128,0.001157999999999976,0.001157999999999961,0.0011579999999999722,0.0010015799999999852,0.0010015799999999924,0.001001579999999989,1.3757667247028216,8.8276670578833,4.133233580716703,0.014980554731211945,-0.00507916661718692,-0.023336110043134878,13.079167366027832,-22.295834223429363,-9.610417048136393,1011.1499633789062,0.06902850360471256,27.577638753212387
2025-06-14T21:23:34.600Z,40.07619780595928,-75.2601146984162,10.457852160918899,49.80108240025873,-53.14561416106236,-0.7789350298322932,1.3625284901230315,5.9372387791573225,2.3447106199966075,0.0010000000164461737,0.0010000000023618696,0.0009999999782772581,0.0010000000132635955,0.0009999999724930736,0.0009999999843622832,4.048212763597656e-6,4.048226446721054e-6,2.8509207688520677,4.885752717997969,2.2288878759212922,0.03151840217317893,0.0000852445963432173,0.000055223555047540566,0.00015977820990146694,0.0011589999999999762,0.0011589999999999608,0.0011589999999999726,0.0010015899999999856,0.0010015899999999925,0.00100158999999999,1.8729875554877957,9.125975536344436,3.593131449259078,0.009419444219388267,-0.019058332690515024,0.02277222210896976,13.04464340209961,-22.86160796029227,-9.30000046321324,1011.6099853515624,0.20986027628594292,27.91599926423615
2025-06-14T21:23:39.600Z,40.07576603155708,-75.26332742467632,7.703284906471328,58.62473086044788,-57.933926501992964,-1.0233818515033228,1.3639141088238567,5.953324920430111,2.3544740361413776,0.0010000000165944775,0.001000000002068093,0.000999999978226395,0.0010000000134337385,0.0009999999726848477,0.0009999999846594773,5.04821064271099e-6,5.048243247512776e-6,2.798296863313883,5.833119444232917,2.9240018042693285,0.03865786307017703,0.00009227452408130998,0.000055976592690905395,0.00016893551908518667,0.0011599999999999755,0.0011599999999999603,0.0011599999999999716,0.0010015999999999847,0.0010015999999999918,0.001001599999999991,1.241216732750447,9.525650534733424,2.662683493953811,0.0011587498819067544,0.0021624998241060664,-0.002044999932133703,13.243125247955323,-22.121250724792482,-12.090000629425049,1011.7599487304688,0.19344312579469164,28.476223846965745
2025-06-14T21:23:44.600Z,40.08063872701364,-75.25326479619402,21.349619322141827,27.90726022475385,-33.21435898731508,2.452789730987078,1.366465618685433,6.08068544548659,2.417586883941857,0.0010000000170209678,0.0010000000030965072,0.0009999999771262969,0.0010000000129637896,0.000999999972561654,0.0009999999853271366,7.202031638789073e-8,7.202032936613225e-8,1.337491134972016,1.5466667302829786,1.3311403587417339,0.022471257670282626,0.00005589223186244613,0.00004339628487109378,0.00017134004339815708,0.0011609999999999748,0.0011609999999999596,0.0011609999999999709,0.0010016099999999837,0.001001609999999991,0.001001609999999991,1.1331750422947562,9.557325449623582,2.7765001128732347,0.001926785684992847,-0.0009607145912271906,-0.00021428570320267712,13.122657060623169,-22.56562614440918,-11.88984441757202,1011.7699584960938,0.2398396219748345,28.684091412353652
2025-06-14T21:23:49.700Z,40.08060032542497,-75.25530156206109,25.818125238458972,35.81156003063949,-34.04732028753037,2.4091918702619055,1.3680037433246985,6.063230866534276,2.406284088930368,0.0010000000167490585,0.0010000000029709928,0.0009999999771226394,0.0010000000132642357,0.0009999999724649637,0.0009999999857434494,1.0720209989335904e-6,1.0720221620307907e-6,1.8866406597473453,1.8951588742039973,1.8546010033570144,0.022997576270366544,0.00006480267116920342,0.00005031926272741022,0.00018070635537014774,0.0011619999999999736,0.0011619999999999584,0.0011619999999999719,0.001001619999999983,0.00100161999999999,0.00100161999999999,1.4039938171931765,9.532250570294146,2.637500154041276,-0.0017975000086424397,-0.0007524996945059834,0.00009999982244788359,13.061719179153442,-22.185938119888306,-11.854687929153442,1011.7699584960938,0.2126483376833081,28.34351966310795
2025-06-14T21:23:54.700Z,40.0809671722062,-75.25736790215447,25.658501463254957,46.084417881437645,-34.37425407789583,1.9049316161412704,1.3823089371288397,6.059854439607993,2.4032447757902604,0.001000000017289172,0.0010000000030201397,0.0009999999773432713,0.001000000013420414,0.0009999999726358535,0.0009999999860335837,2.0720230523833222e-6,2.072028502747882e-6,2.2684404658090402,2.2298213360279524,2.635457107805382,0.021381538616435068,0.00007217135717703679,0.00005568922151388762,0.00018860552171107866,0.001162999999999974,0.0011629999999999588,0.0011629999999999711,0.0010016299999999825,0.0010016299999999897,0.0010016299999999895,1.4752572092501859,9.461729045319991,2.70341446987805,0.00023749992829013114,0.0021472227501051133,-0.0031083337215736953,13.356250445048014,-22.170834223429363,-11.412500275505913,1011.7599487304688,0.17331866389844527,28.287410753547334
2025-06-14T21:23:59.700Z,40.08198660492677,-75.25940187403484,23.338333031654294,57.91808216779573,-34.35841422728089,1.5530965877202982,1.3972936183505773,6.072454634426893,2.4185242584525017,0.0010000000175821632,0.0010000000028506347,0.0009999999776607025,0.0010000000138303052,0.0009999999725931066,0.0009999999859974695,3.072025497815045e-6,3.0720419022932307e-6,2.4334893164932816,2.5434404263553474,3.7460387028292925,0.02091300281644046,0.00007856248754152175,0.00006066391604623555,0.0001960820792392231,0.0011639999999999728,0.0011639999999999585,0.00116399999999997,0.0010016399999999814,0.0010016399999999885,0.0010016399999999885,1.2488750537461004,9.540350483891329,2.6876188984143803,0.0009525001156981557,0.005902499617433207,-0.005276249916296155,13.300000826517739,-22.30208418104384,-11.487500508626303,1011.7799682617188,0.21284849992771235,28.394238259429027
2025-06-14T21:24:04.700Z,40.08367878100103,-75.26137777710242,20.654368041133054,68.27557067290539,-35.157118964566344,1.0262719335547072,1.4598426471711545,6.069458750583021,2.3937957641691585,0.0010000000174664385,0.0010000000030200838,0.0009999999774818538,0.001000000013903092,0.0009999999731210671,0.0009999999858918043,4.072024330196076e-6,4.072065869875666e-6,2.474423844050997,2.846072998503852,5.203257156853351,0.01959408278296603,0.00008413711898396321,0.00006675063000803745,0.00020470431462305054,0.0011649999999999727,0.0011649999999999575,0.0011649999999999688,0.001001649999999981,0.001001649999999988,0.001001649999999988,1.1575500471945945,9.6214336624117,2.0023167600855105,0.009037500138740995,-0.0031847229590793074,-0.0027722227160181584,13.460625457763673,-22.580625534057617,-11.371875381469726,1011.7599487304688,0.11817837850717246,28.642446285895094
2025-06-14T21:24:09.700Z,40.085749412394094,-75.26341800925036,17.699267124501404,75.55351035562491,-37.4835157909214,0.3971144382436383,1.545396118059161,5.958291133818601,2.1733505610331116,0.0010000000177870013,0.001000000003075066,0.0009999999773361765,0.0010000000138206343,0.0009999999731811766,0.0009999999860351315,5.072011902538108e-6,5.07210494467171e-6,2.442047484173517,3.1812450406192205,7.028937121968203,0.0171125969376887,0.00008678861535743166,0.0000803211430928815,0.00021667813895462346,0.0011659999999999715,0.001165999999999956,0.0011659999999999696,0.0010016599999999802,0.0010016599999999871,0.0010016599999999871,1.8064501231138088,9.578350577457377,0.8985333885378316,0.003496250473960928,-0.04373499955529249,0.017713750331800938,12.71250057220459,-23.242500877380373,-10.00500030517578,1011.739990234375,0.011269413632011348,28.318168621958616
2025-06-14T21:24:14.700Z,40.088764024605695,-75.26558022583849,28.481045512286364,41.85721185946386,-14.045230903356396,2.9103472525520533,1.53168015724866,6.098684500078139,2.0716217525783436,0.0010000000190763093,0.0010000000042344587,0.0009999999763162589,0.0010000000145855567,0.0009999999738788902,0.000999999987329816,8.08791655313115e-9,8.087916871294175e-9,1.3498462183091713,1.2744456681861043,1.7945407086793914,0.017754449748672563,0.00005221772073414036,0.000050922658792680515,0.00022331755727031507,0.0011669999999999706,0.001166999999999955,0.0011669999999999704,0.0010016699999999793,0.0010016699999999862,0.0010016699999999862,1.3945062851131906,9.759256886479164,1.740631347708716,0.003619999635182517,-0.02101999986470073,-0.0003675000825946515,12.405000591278077,-22.95750026702881,-9.352500438690186,1011.72998046875,0.23179954084904028,27.71998031089361
2025-06-14T21:24:19.700Z,40.08950720347416,-75.26637989195602,30.743762365542285,54.625555182732555,-12.609240050405454,1.7533227502673032,1.558112646856469,6.085355707628036,2.0359457871043545,0.0010000000193706733,0.0010000000042901798,0.0009999999759624772,0.0010000000145006895,0.000999999973810529,0.0009999999872183063,1.0080885280084526e-6,1.0080901106797916e-6,1.818834739203131,1.5747171079058297,2.4140614104451004,0.025168172801125106,0.00005891535594693144,0.000059687030533053157,0.0002327492602677271,0.0011679999999999705,0.0011679999999999549,0.0011679999999999703,0.0010016799999999792,0.0010016799999999866,0.0010016799999999864,1.4127833780521788,9.599900438092554,2.0145500968534162,0.00012750007243721314,-0.00573000027421179,-0.000243750037993786,12.549375820159911,-23.26312599182129,-10.031250381469727,1011.6799926757812,0.13080088510854415,28.271593134763304
2025-06-14T21:24:24.700Z,40.090800521657094,-75.26711661949882,27.339156044289304,71.99929716758653,-11.522296779619799,1.638020597890886,1.6946115060814462,6.10421456134828,2.105311067276812,0.0010000000192571076,0.0010000000045534362,0.000999999975639209,0.0010000000146975936,0.0009999999739475833,0.0009999999867592734,2.0080905039624525e-6,2.0080981503898797e-6,2.3376579278666036,1.821450255174049,3.355712108451208,0.03388515537656635,0.00006214513600885745,0.00006604953173200911,0.00024154441672592433,0.0011689999999999698,0.0011689999999999546,0.0011689999999999698,0.0010016899999999787,0.0010016899999999856,0.0010016899999999856,1.049000036736827,10.083975242610457,1.593675101131024,0.024555357189451194,0.014655356884647313,-0.007992856826091748,13.305469512939453,-23.805469512939453,-10.003125548362732,1011.7099609375,0.48300145045497944,29.04815776107674
2025-06-14T21:24:29.700Z,40.09301827204517,-75.26752204470422,22.20433917336709,102.7241871361876,-4.894999744561882,1.2291286818260008,1.892287957718717,6.017147666585886,2.037834089802757,0.0010000000189775247,0.0010000000040620968,0.0009999999754070992,0.0010000000150195522,0.0009999999739767433,0.000999999986987988,3.0080929109941007e-6,3.0081151836314713e-6,2.861008449402199,1.841336434153539,4.828830267749965,0.06657571652759697,0.00005884376861080499,0.00007519284861477385,0.00025277976510894925,0.0011699999999999703,0.0011699999999999547,0.0011699999999999703,0.0010016999999999782,0.0010016999999999854,0.0010016999999999852,0.9706437840641688,10.830875324244714,2.4745063653235855,0.03067083288832329,-0.008318055179408614,0.01724166663280316,12.831250508626303,-24.434376398722332,-9.77500025431315,1011.7699584960938,1.3708277044898851,29.278445945874513
2025-06-14T21:24:34.700Z,40.095266019414225,-75.26771063901798,9.613378802853372,130.43640746454102,-1.0733713436076084,-6.532780046795058,1.8732261821647684,6.121801935953467,1.689645959406634,0.0010000000192781865,0.0010000000040292824,0.0009999999756764486,0.0010000000149264663,0.0009999999738584447,0.0009999999866527349,4.008093661492372e-6,4.0081451873268975e-6,3.3175548707797535,1.5787832229551575,6.632767807912226,0.08781142132367303,0.00004065215466132638,0.00009178248504806913,0.00025755578000327456,0.0011709999999999696,0.0011709999999999544,0.0011709999999999696,0.0010017099999999773,0.0010017099999999847,0.0010017099999999844,0.9357072028583396,9.540457516802404,2.703264427958967,-0.019115625498934766,-0.07461406318103682,0.0013375005242149732,11.592857497079033,-25.23214421953474,-8.102679116385323,1011.6799926757812,0.17721503601320013,28.92586937086247
2025-06-14T21:24:39.800Z,40.09624967444025,-75.26846888620982,-2.0206159773710297,144.64472443615463,-6.137509073652398,-7.256548683108154,1.7870499960098274,6.059491899401613,1.721517765580098,0.0010000000194097434,0.0010000000046288208,0.0009999999753472588,0.0010000000149743018,0.0009999999741093593,0.000999999986606158,5.0080937194493266e-6,5.00819499057196e-6,3.475972216134954,1.3884579090038414,8.994514241145517,0.07411023592029373,0.00003681442084544769,0.00010154729741666628,0.0002676476695553181,0.0011719999999999702,0.0011719999999999545,0.0011719999999999702,0.001001719999999978,0.001001719999999985,0.0010017199999999853,0.755783389363614,9.824683805673596,1.770466763507477,-0.0070362505875780955,0.008116249371384526,0.009958750233362916,11.741250324249268,-24.52500114440918,-8.874375343322754,1011.3999633789062,0.22856728756430314,28.60217253968512
2025-06-14T21:24:44.800Z,40.09014313925431,-75.27460351720349,24.42337594782447,99.20847635443485,1.828725806499042,0.14106552368769576,1.559421526415891,6.0654339297378765,1.8099774900289458,0.0010000000216287695,0.0010000000056372374,0.0009999999729848603,0.0010000000165361724,0.0009999999749250197,0.0009999999872200183,7.99098793418564e-8,7.990988968913443e-8,1.8534079009091033,0.791996879566887,1.8913781648946244,0.04504050450936826,0.00003526875644428398,0.00006907304095374623,0.00024111270433955958,0.00117299999999997,0.0011729999999999547,0.0011729999999999703,0.001001729999999977,0.0010017299999999837,0.0010017299999999858,1.329612545813582,9.979981707568308,2.15864384379468,-0.017927778114948292,0.015041665726051407,0.014384722462693173,11.31375036239624,-24.738751029968263,-8.617500400543213,1011.25,0.5148919010354558,28.535331885956655
2025-06-14T21:24:49.800Z,40.09246330760124,-75.27447743812938,22.60786080189772,107.63779825616679,2.4933049969343117,0.5540924524717481,1.5256916445730448,6.122951311549845,1.8611147928556648,0.0010000000218369175,0.001000000005362271,0.000999999973145447,0.001000000016635406,0.000999999975126252,0.0009999999870414125,1.0799103500630219e-6,1.0799123424548488e-6,2.5173075012396033,0.9029980874585932,2.470047483452584,0.03773790518714357,0.000040922738116495834,0.00007771244275741147,0.00025084788004595484,0.0011739999999999691,0.001173999999999954,0.0011739999999999691,0.0010017399999999775,0.0010017399999999845,0.0010017399999999854,1.607795063921042,9.78090546035203,1.7986100902827524,-0.006060000221948662,0.01024750173364214,-0.01168375016215966,12.084375476837158,-24.9018762588501,-7.299375247955322,1010.72998046875,0.2916028881950885,28.625400339106374
2025-06-14T21:24:54.800Z,40.09495891998446,-75.27436515365729,23.882033219261704,114.04261675124528,1.4447101289599047,0.6724824199170074,1.4899736439426923,6.127658259153518,1.8200837724974217,0.0010000000219713005,0.00100000000513891,0.0009999999732549104,0.0010000000161399973,0.0009999999753020786,0.0009999999873075444,2.07991186061195e-6,2.0799207000655755e-6,2.7388893456938774,1.070184421036656,3.3377787502981584,0.02828101041162246,0.00004541658031355249,0.00008729747819231607,0.00025968466004573263,0.0011749999999999697,0.0011749999999999543,0.0011749999999999697,0.001001749999999978,0.001001749999999985,0.001001749999999985,1.0451333965043408,9.72178383042541,1.7133333910508615,-0.009002500206103665,-0.008177498911779362,-0.0016599999834651415,10.883333735995823,-25.662501017252605,-7.308333661821154,1010.25,0.1442429178787012,28.817004125046015
2025-06-14T21:24:59.800Z,40.097354077354574,-75.27467544983995,28.606127294641333,119.13954017688172,-11.321073872851182,1.918493006335787,1.398749376636762,5.808602693421061,1.8498193776584477,0.001000000021770246,0.0010000000051385125,0.0009999999731689737,0.0010000000160789312,0.000999999975571796,0.0009999999870773724,3.0799142646785717e-6,3.0799376598982165e-6,2.724454863331626,1.3833921866555157,4.546087298915787,0.03558551967463164,0.00006262235820221694,0.0000931919782034736,0.0002835889921918096,0.0011759999999999692,0.0011759999999999538,0.001175999999999969,0.0010017599999999772,0.0010017599999999844,0.0010017599999999841,0.6287833720623284,10.142900553380278,1.532766743236372,-0.01738999997389518,-0.0026774996868155843,0.06601749792660437,11.364375400543214,-25.70062599182129,-7.507500219345093,1009.6799926757812,0.49599782641905477,29.086608789591377
2025-06-14T21:25:04.800Z,40.099543877396606,-75.275865592517,32.08531326073107,131.6178148988473,-26.865998764030508,0.062331304528154274,1.7006518148745915,5.801112043877077,1.5488930892994166,0.0010000000214210858,0.0010000000051006881,0.0009999999733938828,0.0010000000161822205,0.0009999999759627693,0.000999999986932107,4.0799176232271e-6,4.079964893836291e-6,2.8881164968844244,1.8280936527503795,5.664327031008557,0.07013595094553278,0.00006178795873283007,0.00009633021048092023,0.0002741560801953148,0.0011769999999999684,0.001176999999999953,0.0011769999999999684,0.0010017699999999774,0.0010017699999999845,0.0010017699999999847,1.4832714922551027,9.809557637890718,2.150021548706728,0.03282500003346743,-0.055587499912614385,-0.000312500340048659,12.002344250679016,-25.368751049041748,-9.494531631469727,1009.219970703125,0.3711946096486284,29.627232742121155
2025-06-14T21:25:09.800Z,40.1013211257364,-75.27744764263073,28.446235642668764,146.76823244279342,-39.24116188760258,-3.2805355981954287,1.5417814042126956,5.879843062770929,1.6858959602087435,0.0010000000211268377,0.0010000000048143967,0.000999999973711809,0.0010000000164772345,0.0009999999759220622,0.000999999987122838,5.079924297612808e-6,5.080000305478111e-6,3.270612707018948,2.375864234880081,6.319407052869612,0.09103433416671278,0.00006791309018530772,0.00007997593530322898,0.0002822035549494273,0.001177999999999969,0.0011779999999999536,0.0011779999999999688,0.0010017799999999777,0.0010017799999999855,0.0010017799999999855,1.0394937993520865,9.58799414538827,2.6656251458493694,-0.01854843771213247,0.025331250463435217,-0.014664063111383905,11.175000429153442,-25.239844799041748,-9.475781559944153,1009.0799560546876,0.2262107028928976,29.184205881050026
2025-06-14T21:25:14.800Z,40.08928100174163,-75.27508599114793,52.45673574893699,84.29811379610324,-31.335098982909813,3.0375846350926254,1.3469798790594307,5.9540373014695565,1.621924926750426,0.0010000000218780554,0.0010000000046951098,0.0009999999736071373,0.0010000000170251014,0.0009999999773386533,0.00099999998757337,3.22231252368809e-8,3.2223127226156666e-8,1.9181562455860313,1.14509474517897,1.6159143127733542,0.044821714318410685,0.00005578449603793547,0.00004814351153916608,0.00027170965434700434,0.0011789999999999685,0.0011789999999999529,0.0011789999999999685,0.0010017899999999781,0.0010017899999999861,0.0010017899999999864,1.520233399687939,9.455133842463447,2.7086667894321637,0.007143055132773311,0.01447638805300427,-0.003474999663270939,12.279167281256782,-24.779167387220596,-10.077083693610298,1009.3699951171876,0.17415814548325775,29.433479459201287
2025-06-14T21:25:19.800Z,40.09020545119409,-75.27743486242355,45.44904462727958,85.51846989087574,-46.31916458009872,-0.3111444915079029,1.449128486247915,5.835812230375864,1.545149969505091,0.0010000000216089328,0.0010000000046543178,0.000999999973974811,0.0010000000168609315,0.0009999999775426001,0.0009999999874507031,1.0322237327904913e-6,1.03222499073555e-6,2.5794082256708637,1.5611685638490491,1.8788513681461692,0.042701477194819065,0.00006571924112177192,0.00005501396827494899,0.00028577694597879753,0.001179999999999968,0.0011799999999999526,0.0011799999999999678,0.001001799999999979,0.001001799999999986,0.001001799999999986,1.3757750672777265,9.549762891764715,1.3586188091005562,0.011340622820630135,-0.020593748241353352,0.015104687425161656,12.250781893730164,-25.136719942092896,-8.617969274520874,1009.5,-0.03310805178535089,29.260942741309375
2025-06-14T21:25:24.800Z,40.090723043119226,-75.28083601019071,33.14822801140322,91.30826166068512,-65.10653491343811,-1.6107781187065993,1.4141565544595562,5.838523627748538,1.6533647285769595,0.0010000000219334926,0.0010000000047081456,0.0009999999740731215,0.00100000001688769,0.0009999999773391977,0.0009999999876432247,2.0322259446435433e-6,2.0322307349159896e-6,2.9152270742421384,2.2869452239778405,2.1904345914599124,0.04998509174758512,0.00007827343220883205,0.00005229935426882273,0.00029277850191061446,0.001180999999999967,0.001180999999999952,0.0011809999999999674,0.0010018099999999797,0.001001809999999985,0.001001809999999985,1.1555937995694556,9.997138070101853,2.2512688657305615,0.0010074997859967085,0.0180437498261346,-0.001027500127000113,11.94375048743354,-25.081250932481552,-9.21875031789144,1009.7699584960938,0.5373972528656162,29.26951844109857
2025-06-14T21:25:29.900Z,40.09094608892225,-75.28508251851305,21.442796605455328,93.42709687326244,-79.35298252054558,-4.052720528102169,1.3726125016432003,5.898344828055565,1.7328904748838818,0.0010000000219260237,0.0010000000050652041,0.0009999999740663052,0.001000000017304697,0.00099999997698606,0.0009999999877569926,3.0322306288680886e-6,3.0322409242520526e-6,3.0836467130382914,3.316432954506675,2.426540705685909,0.052434625240643504,0.0000874283506918355,0.00004795797486952072,0.00029311729166515234,0.0011819999999999678,0.001181999999999952,0.0011819999999999678,0.0010018199999999797,0.001001819999999984,0.0010018199999999857,0.9802000459875542,9.52278378973596,1.7798000710534707,-0.0016874991853201128,0.01658472271873996,-0.0077833331807400695,12.836250495910644,-25.53375110626221,-8.193750381469727,1010.0499877929688,-0.03669555424793928,29.730057166981407
2025-06-14T21:25:34.900Z,40.09082231787814,-75.28969975207728,16.199164528238683,100.20264033645773,-86.35271321724522,-0.8008622319059925,1.5335359702491789,5.957647141024154,1.6989651683451445,0.001000000022181466,0.0010000000047375819,0.0009999999743554153,0.0010000000169447622,0.0009999999769335604,0.0009999999878169735,4.032238143445277e-6,4.03225572723266e-6,3.0680395747666003,4.691461778256811,2.7237265406143827,0.04291381480664038,0.00009332521420241825,0.000047880405807253926,0.00029450010052300903,0.0011829999999999673,0.0011829999999999517,0.0011829999999999673,0.0010018299999999792,0.0010018299999999835,0.0010018299999999861,1.6404500673392697,10.158667226998244,2.275550081067058,0.030166666170041222,-0.003918056085871406,-0.00976944433294315,12.860417471991646,-25.410417768690323,-7.816666973961724,1010.2799682617188,0.7654253830689605,29.532642157475056
2025-06-14T21:25:39.900Z,40.09051858270239,-75.29489222683492,17.242663666368344,112.42176776355514,-96.11023141325994,-0.6790458003706312,1.6511046571620764,5.8880218328952285,1.65140962900701,0.0010000000221538367,0.0010000000044357005,0.0009999999744147573,0.0010000000170585469,0.000999999976896092,0.0009999999881323827,5.032247469089364e-6,5.032277012767043e-6,3.0100473645122925,6.425124869986315,3.1728366984988536,0.048263069812219235,0.00010727735577501944,0.000050033790188120306,0.00031129858817663674,0.001183999999999967,0.0011839999999999514,0.001183999999999967,0.0010018399999999783,0.0010018399999999826,0.0010018399999999852,1.061016712272503,10.02421716223349,2.0254500909637887,0.020711250051675057,-0.008150000124455043,0.016008750199416097,13.454167048136393,-25.145834392971462,-6.368750254313151,1010.3399658203124,0.5086495251846053,29.22132117378621
2025-06-14T21:25:45Z,40.09370878605386,-75.28360837789877,32.652604560533916,55.28205748250855,-73.03121948231691,8.585920509460053,1.3791372317027544,6.152516986719961,2.190148651600433,0.0010000000220304315,0.0010000000040749522,0.0009999999756926407,0.0010000000182255515,0.0009999999772840665,0.0009999999888063227,2.247119879882015e-9,2.24711981093791e-9,0.6599250249852131,1.6051490476512214,1.1568843971365792,0.027961180704724243,0.00006443196347750815,0.000037185320467629176,0.00029679771734918327,0.0011849999999999678,0.0011849999999999524,0.0011849999999999675,0.0010018499999999769,0.0010018499999999834,0.0010018499999999858,1.5403143549425111,10.5297076999075,2.056442907801737,0.007760717813429097,0.09281428576123148,-0.0274785699427661,13.264286313738141,-26.29553713117327,-6.326786041259766,1010.1399536132812,1.0651465125912718,30.123441495452575
2025-06-14T21:25:49.900Z,40.09351149937491,-75.28774235701432,62.106350713377985,73.75569461311466,-68.87987418025008,8.155585462870302,1.380656237004867,6.219100074858643,2.7125121921535884,0.001000000022132482,0.0010000000037868348,0.0009999999756019444,0.0010000000183799148,0.0009999999771815643,0.000999999988833867,1.0022477425960203e-6,1.0022484516041666e-6,1.4847166203707087,2.0504012720640232,1.541035410725657,0.04345106886803056,0.00006618520756490377,0.00004929076988475107,0.00029029618185569446,0.0011859999999999664,0.0011859999999999518,0.0011859999999999664,0.0010018599999999766,0.001001859999999983,0.0010018599999999864,-0.26475625424427446,9.489369200702408,4.275725173020828,0.0068069442804358365,0.129701387944685,0.00043611101104277746,15.060417175292969,-25.002084732055664,-5.729166878594293,1010.239990234375,0.6372893731451662,29.74459176948465
2025-06-14T21:25:54.900Z,40.094602952098136,-75.29162844603141,64.65982888067182,89.25042932239562,-60.54616386614552,4.828309106179453,1.41635792558632,6.157679829789908,3.1460658695681234,0.001000000022099754,0.0010000000033956844,0.0009999999752833444,0.0010000000188816948,0.0009999999773660526,0.0009999999890195135,2.002249747940394e-6,2.002253390025649e-6,2.334584385858999,2.449452362998326,2.0586050713253874,0.029033459817321524,0.00006338410956722338,0.000060528997584288126,0.000288372163511367,0.001186999999999967,0.0011869999999999518,0.001186999999999967,0.0010018699999999763,0.0010018699999999833,0.0010018699999999867,1.2846667372694156,9.338233822288965,3.273000154625601,0.01187916657849963,0.11113888851103161,0.013452777658889857,6.597916920979817,-27.795834435356987,15.843750423855251,1010.3999633789062,0.2028499660341635,32.66744603246404
2025-06-14T21:26:00.100Z,40.097806858495815,-75.29414405290511,53.52089899591877,103.40924766311176,-37.11884490181859,2.26761131081302,1.4315485011294609,6.175495714263284,1.8557713034946852,0.0010000000220600214,0.0010000000034875388,0.0009999999755697288,0.00100000001891344,0.000999999977115312,0.0009999999891550598,3.002251465296326e-6,3.0022639247575177e-6,2.6185178225788355,3.0426638432056636,2.821164511511667,0.04185127811512114,0.00006749543017670582,0.00006430285025517487,0.00029246099180035834,0.0011879999999999666,0.0011879999999999512,0.0011879999999999666,0.0010018799999999767,0.001001879999999984,0.0010018799999999876,3.13800015087037,9.284433557295053,2.6766667701120648,-0.08900000028710255,-0.520805008150355,-0.09859749918078048,12.23125065697564,-27.141668319702152,-4.377083486980862,1010.5499877929688,0.3812605437809909,30.09035487198738
2025-06-14T21:26:10.900Z,40.10671822946905,-75.29437553513624,32.593712822346305,132.10637298561605,2.9777789688848237,-1.322589950665848,1.3306393071599922,0.0007388389607739937,0.7518942940678687,0.0010000000220817525,0.0010000000036172441,0.0009999999753368153,0.0010000000190974376,0.0009999999767853348,0.0009999999899644853,4.002229909476866e-6,4.002300543899099e-6,3.9723021005963037,5.208214730817517,3.848023310647693,0.05510972885521678,0.0000672504049189476,0.000047262734819430736,0.00028980633774736635,0.0011889999999999672,0.0011889999999999518,0.0011889999999999672,0.0010018899999999769,0.001001889999999984,0.0010018899999999875,2.820993044422433,9.488686284742954,2.1398429656954248,-0.027640625165596705,-0.1671343741933142,-0.03558124956894227,11.967187881469727,-24.855469942092896,-4.096875250339508,1010.5099487304688,0.34438534094789286,27.88887818740303
2025-06-14T21:26:15Z,40.093499435929715,-75.28485944560612,25.391508016169563,44.32601266426374,10.5356806445193,-0.45568772797982565,1.137242485322272,6.0695264299589,0.43512917160456727,0.0010000000222319886,0.0010000000034228324,0.0009999999746459728,0.0010000000200546765,0.0009999999763035568,0.0009999999912616178,2.0571153909366215e-9,2.057115429931453e-9,0.4729602854114179,1.621035020276585,1.3450529375516371,0.01824170301668156,0.00003901944686750887,0.00004171493973390314,0.0002454923858991434,0.001189999999999966,0.0011899999999999526,0.0011899999999999678,0.0010018999999999764,0.0010018999999999835,0.001001899999999987,1.6284950842636543,9.64718038940068,1.8387950768717396,-0.023825000464559324,-0.13898888935973047,-0.032594444056250525,-5.7020834816826715,-21.97708447774251,-14.864583757188585,1010.5,0.17312726206722473,27.137779810874154
2025-06-14T21:26:20.300Z,40.095029374758106,-75.28391699005118,22.616071573837388,38.24844555577484,19.48763243675988,-0.3968270177633111,1.0830995164002477,5.964416873865656,0.20288754591654232,0.0010000000223743333,0.0010000000036700077,0.0009999999747287588,0.0010000000201015183,0.0009999999763987014,0.0009999999912808722,1.002057614335379e-6,1.0020587935260537e-6,1.1451166411006604,2.211144412250362,1.5857757568849067,0.025456476496764486,0.00004617517372222797,0.000054112759837928464,0.0002545219020371385,0.0011909999999999666,0.001190999999999952,0.0011909999999999675,0.0010019099999999757,0.0010019099999999826,0.0010019099999999863,2.0304286947028047,9.46087182834828,2.583007297268745,-0.021803750047025717,-0.0478462503278219,-0.0009724999914106176,-10.486875343322755,-18.101250648498535,-12.941250419616699,1010.47998046875,0.2323255966107971,24.59884741802011
2025-06-14T21:26:25Z,40.096502942473435,-75.2825460346712,16.550971627974665,28.188175596334826,33.04997751469973,-3.0024106018524708,1.070374417874494,5.972286858903932,0.19527532077509657,0.0010000000226346088,0.0010000000034280161,0.0009999999743762007,0.0010000000197583415,0.0009999999764374284,0.0009999999909896889,2.0020588234749416e-6,2.0020628772853927e-6,2.0550931494067424,3.003726948917673,1.6791929334532107,0.044933005987219735,0.0000478614473375346,0.00006417494605651302,0.00026388569064422296,0.0011919999999999659,0.0011919999999999513,0.0011919999999999667,0.0010019199999999765,0.0010019199999999836,0.001001919999999987,1.405721472717799,9.761428964883677,1.286557193236418,-0.004643749814092968,-0.001013749790059662,-0.0023474999839793124,-10.497916963365343,-19.562500847710503,-13.179167217678494,1010.449951171875,0.16137534443800344,25.81831766497512
2025-06-14T21:26:30.200Z,40.097746603989876,-75.28077743919002,8.596675231855457,19.472135555427784,43.1690834552111,-4.458126599641652,1.1044270370253522,5.977131951496078,0.19124081480457625,0.0010000000225112646,0.0010000000034306145,0.0009999999740549373,0.001000000020105653,0.000999999976629428,0.0009999999911391032,3.0020603102490165e-6,3.0020691663691126e-6,2.9141660652404093,4.124216026418342,1.6444161592044122,0.058587889062956824,0.00004441352698416243,0.00007265458498366357,0.0002727350997490065,0.0011929999999999669,0.0011929999999999513,0.0011929999999999664,0.0010019299999999773,0.0010019299999999842,0.0010019299999999881,1.37961506745936,9.746120475765615,1.311200069453114,0.0001412499740576585,-0.0026362502004018684,-0.00024375022791816876,-10.760625267028809,-19.6387508392334,-13.62187557220459,1010.469970703125,0.14472827985241768,26.211150744642786
2025-06-14T21:26:35Z,40.098354139681334,-75.2789810449511,5.854146513925105,13.44775282881099,48.93412071733823,-4.272132338577391,1.1467561647365134,5.926485640251776,0.16775981368042833,0.0010000000220447643,0.0010000000035060288,0.0009999999743774781,0.001000000020158482,0.0009999999762698795,0.0009999999908800426,4.002061902947126e-6,4.002076818501989e-6,3.1441713484640346,5.27692231759642,1.7064992725138703,0.05911971467688537,0.000045751502646024917,0.00007849157011954647,0.0002829253105771656,0.0011939999999999661,0.001193999999999951,0.0011939999999999664,0.0010019399999999772,0.0010019399999999842,0.001001939999999988,1.3938800531922175,9.771290515896228,1.3956950655242972,-0.0006287497892866627,-0.01216500014896136,0.010756249619195517,-10.027500343322753,-21.363750457763672,-13.64437551498413,1010.4599609375,0.1822033303811123,27.26035238223355
2025-06-14T21:26:40.200Z,40.09865211512348,-75.27590761246448,-9.097521444650894,23.060891550520715,113.86761309341318,-18.64259124545526,0.893809457078474,0.42039464892885536,1.3707412007257895,0.0010000000222379819,0.0010000000034488274,0.000999999974293406,0.001000000020218699,0.0009999999764514235,0.0009999999915029352,5.002064863478428e-6,5.002087630068845e-6,3.6181044748598,10.274000514978987,1.4384001217087916,0.22010071311452462,0.00009002042357115417,0.000050560274875632615,0.00032424894191592234,0.0011949999999999658,0.0011949999999999504,0.0011949999999999658,0.0010019499999999767,0.0010019499999999837,0.0010019499999999874,1.4552900304573864,8.116475414272617,0.9515300532835647,-0.37407874636877797,1.5008025040863826,-0.0002574991567130473,17.418750858306886,-22.8262508392334,-19.837500953674315,1010.469970703125,-1.4945229239443958,34.89947720689793
2025-06-14T21:26:45Z,40.09382571134088,-75.28505409401726,25.72031751951226,-25.312682626948664,92.28693620533053,24.32219494116882,6.088917541935045,0.23867211870881733,1.9482418235833994,0.0010000000221863335,0.0010000000045312443,0.0009999999727809137,0.0010000000207459655,0.0009999999769022402,0.000999999994076426,3.784889791304087e-9,3.784889843301219e-9,0.5174752692159335,1.8934810852990194,0.8417636353578781,0.0913315057661698,0.0000868663272856456,0.00002422642373687448,0.00022890045358245895,0.001195999999999965,0.0011959999999999495,0.001195999999999965,0.0010019599999999754,0.0010019599999999827,0.0010019599999999862,-0.26273125535610864,3.8624939491714323,9.72659401800819,-0.7311861047946938,0.027401386430235177,0.28319721624111477,-10.800000190734863,24.912501017252605,-23.67291726006402,1010.47998046875,0.6766748675491281,36.023271160272365
