timestamp,latitude,longitude,altitude,velocity_north,velocity_east,velocity_down,roll,pitch,yaw,acc_bias_x,acc_bias_y,acc_bias_z,gyro_bias_x,gyro_bias_y,gyro_bias_z,latitude_cov,longitude_cov,altitude_cov,velocity_n_cov,velocity_e_cov,velocity_d_cov,roll_cov,pitch_cov,yaw_cov,acc_bias_x_cov,acc_bias_y_cov,acc_bias_z_cov,gyro_bias_x_cov,gyro_bias_y_cov,gyro_bias_z_cov,acc_x,acc_y,acc_z,gyro_x,gyro_y,gyro_z,mag_x,mag_y,mag_z,pressure,freeair,mag_anomaly
2025-06-14T21:17:02.800Z,40.074321,-75.2397738,58.89999771118164,0.0,0.0,0.0,0.035791647539008375,-0.3498079031705856,-0.04149903822690245,0.001,0.001,0.001,0.001,0.001,0.001,1.0677034502946993e-8,1.0677034502946993e-8,0.40789757646763647,2.25,2.25,2.25,1e-9,1e-9,1e-9,0.001,0.001,0.001,0.001,0.001,0.001,-0.7174500286579132,3.3557852029800417,9.411105346679687,-0.022137499973177904,0.01762062527704983,-0.0390018748119473,5.252812671661377,4.263750195503235,-48.3046895980835,1005.8099670410156,0.2368987597059462,48.77611806176011
2025-06-14T21:17:07.800Z,40.07568790238951,-75.23799538575807,20.434301568568742,-43.158730877313204,60.57512044001206,-104.54645253355419,0.1068513898106046,1.0966472533517908,0.41294167079993344,0.001000000000388468,0.0010000000004168896,0.001000000000388468,0.0010000000004026788,0.0010000000004026788,0.0010000000004026788,1.010677734978614e-6,1.010679394911462e-6,4.594690081298374,2.2523945379435495,2.2489754851550456,0.19843239548488745,0.000010004341972198554,0.000010000977385512718,0.000010005681590552998,0.0010010000000000008,0.0010010000000000004,0.0010010000000000008,0.0010000100000000006,0.0010000100000000006,0.0010000100000000006,2.8886826446056366,7.065642820835113,-1.52368757969141,-0.22199687289446593,2.600857510209084,0.6451606159806251,-3.6437501351038617,-13.39375057220459,33.76375172932943,1005.7699584960938,-2.004039891684847,36.50557073819349
2025-06-14T21:17:08.400Z,40.075735535989466,-75.23756140955993,10.263777081267385,-41.892598725318216,62.30165575985363,-107.03871470847163,3.631338349914757,1.413968296598975,3.7869253220253163,0.0010000000007153176,0.0010000000004026788,0.001000000000672685,0.000999999999990564,0.0009999999999834586,0.0009999999999834586,2.010677912760531e-6,2.0106799943666985e-6,2.676834710846504,2.254003651142206,2.2498470354932034,0.10058976683861348,0.00011263411152075593,0.000019581803761822643,0.00017802306955821598,0.001002,0.0010019999999999994,0.0010020000000000003,0.0010000199999999995,0.0010000199999999995,0.0010000199999999995,10.729929935679328,2.541217731475413,1.091520646640971,0.2659218732040074,1.1854359322931316,-0.28872734489797836,-41.19000142415364,4.7600002209345496,-28.25625114440918,1005.8099670410156,1.292471300286237,50.17653291297872
2025-06-14T21:17:08.800Z,40.07576069997174,-75.23726526017913,1.4937633828477956,-40.95199182359341,62.55827242856438,-108.07516099010341,3.273339472675299,1.4354609019492588,3.66912003890262,0.0010000000006868959,0.0010000000000474074,0.0010000000005021548,0.0009999999999763531,0.0009999999999834586,0.001000000000040302,3.010678042110123e-6,3.010680430234889e-6,1.904565441720438,2.2556418213027545,2.250877763317749,0.06821883945556617,0.00015067646653592253,0.000029762973897609887,0.00022248025494786287,0.001002999999999999,0.001002999999999999,0.0010029999999999998,0.0010000299999999998,0.0010000299999999998,0.0010000299999999996,7.334950321620649,0.3071166810455534,3.4441751046703817,-0.615747224686037,-0.03846875072827772,0.058399999419450746,-30.706251038445366,5.306250174840291,-39.47500122918023,1005.8149719238281,-1.67905051472261,50.292154070451176
2025-06-14T21:17:09Z,40.075765518294524,-75.23711375370813,2.5536940811484428,-40.36202728871455,63.35956780408072,-107.990689492614,3.6857223083118593,1.3976924287430235,4.235930814367015,0.0010000000009995347,0.0010000000003458354,0.0010000000005447873,0.0009999999996495035,0.0010000000001966214,0.0009999999997631903,4.010678109913863e-6,4.0106806588162165e-6,1.446830817302266,2.2572194010841145,2.252005316230769,0.053327389465510806,0.00035665718600503974,0.00003221611920869881,0.00041109703892927693,0.0010039999999999982,0.0010039999999999982,0.001003999999999999,0.0010000399999999987,0.001000039999999999,0.001000039999999999,7.91665325209605,2.6481677761077407,5.590514980091266,-0.7479970548853918,0.030115439282198907,-0.47041691374081546,-30.380209498935276,9.618750227822197,-38.91979302300347,1005.8099975585938,0.2586038090222926,50.30131875429621
2025-06-14T21:17:09.800Z,40.07570812522292,-75.23647014916972,-49.9624341878984,-37.21033846721093,66.31250162506373,-118.7349108881507,3.1971864820546547,1.3213240443916578,4.413751305176323,0.0010000000007278616,0.0010000000006032976,0.0010000000005874199,0.000999999999519939,0.0010000000004896108,0.0009999999993406364,5.010678399629244e-6,5.010681641334532e-6,1.3570634835110558,2.2642775608177637,2.256188530366156,0.04397538280069292,0.0002564421858070322,0.00003751149150067784,0.0003086299571615111,0.0010049999999999987,0.0010049999999999987,0.0010049999999999996,0.0010000499999999997,0.0010000499999999995,0.0010000499999999993,10.008303092955543,-0.37551843603695767,7.062413469414417,-0.9784874925609899,0.09671437719444641,-0.08632562209269565,-37.24312629699707,15.780938243865966,-27.923438549041748,1005.8149719238281,2.466352043195725,49.15080772088574
2025-06-14T21:17:10.400Z,40.07542676972743,-75.23591162947731,-79.78458921942199,-37.51644976188726,68.18856764133314,-124.29787808322683,3.018156880712329,1.165685866960188,4.305597369783722,0.0010000000007539885,0.001000000000262551,0.0010000000006016307,0.000999999999233427,0.0010000000004583595,0.000999999999069593,6.010678632330997e-6,6.0106824479838926e-6,1.22312967983184,2.2724712027951344,2.260366486165764,0.037240507078966346,0.00008852580265186854,0.000050611728128614694,0.00015639322974975482,0.0010059999999999976,0.0010059999999999976,0.0010059999999999984,0.0010000599999999992,0.0010000599999999984,0.0010000599999999986,8.817306277779243,1.4255882968896554,5.71659439917113,-0.13057083110960002,0.2690316655134232,0.07296583265380431,-40.94166819254557,16.151042408413357,-21.185417387220596,1005.7999877929688,0.8156651674852722,48.84560693702206
2025-06-14T21:17:10.800Z,40.07496877599186,-75.23546771692892,-90.09192571563035,-37.093532056392206,69.06675002676494,-125.85733264653531,3.6545017823266606,1.14596754088775,5.087557530452397,0.0010000000004943348,0.0009999999999317655,0.0010000000006158416,0.0009999999991036261,0.0010000000003730165,0.000999999998691154,7.010678788953066e-6,7.010683017352659e-6,1.0748920525673795,2.278246741018791,2.264274152907836,0.03292010628200802,0.0002615283135125614,0.000031075673011784936,0.0003061017122783084,0.0010069999999999977,0.0010069999999999977,0.0010069999999999986,0.0010000699999999983,0.0010000699999999983,0.0010000699999999983,6.888887207432043,0.41625265435652137,4.882163427051143,-0.2256243448332129,-0.0908598671748328,-0.7808203825941319,-40.61062660217285,13.443750524520874,-23.30531301498413,1005.8149719238281,-1.335274397012011,48.71437253159944
2025-06-14T21:17:11.200Z,40.07429203637426,-75.23496362224498,-103.18283092914045,-36.27580735620815,70.1261572508706,-128.97464889710915,3.8520904001411562,1.0511983840083416,5.582911997059838,0.0010000000003176942,0.0009999999999419614,0.0010000000004148997,0.000999999999172585,0.000999999999996534,0.0009999999988129062,8.010678942797817e-6,8.010683611035461e-6,0.9675859026090996,2.286683078340056,2.270938250555804,0.03023727941128063,0.00024164890346295849,0.00002857925925068672,0.000293045822570536,0.0010079999999999987,0.0010079999999999967,0.0010079999999999996,0.0010000799999999987,0.0010000799999999985,0.0010000799999999987,9.585845421790582,1.491552569508621,6.109557770728449,-0.6510493329205458,-0.12054539308459793,-0.597380913726853,-43.344376182556154,7.403437805175781,-21.641250801086425,1005.8199462890624,1.6755857703598627,49.009025694877046
2025-06-14T21:17:11.800Z,40.07296745576309,-75.23410265040225,-139.03461377588678,-35.710300425723645,74.00558101536551,-134.71960017999805,5.594791682091327,1.1706322005863765,0.7923682811274861,0.001000000000561397,0.0010000000000024256,0.0010000000005826884,0.0009999999990716064,0.0009999999998602923,0.0009999999988537206,9.010679162027754e-6,9.010684544729224e-6,0.9262621124061597,2.305365134623111,2.2819398391531993,0.02977205403129695,0.0002260303343288123,0.00006845976770940873,0.0003828230915268361,0.0010089999999999986,0.0010089999999999975,0.0010089999999999986,0.0010000899999999982,0.0010000899999999984,0.0010000899999999982,8.719383697085593,2.3971251021226827,5.225175261867956,0.6796007246769036,-1.203194850234421,0.22137794104096145,-46.48781414031983,-1.401562562584877,-16.17281322479248,1005.8149719238281,0.654309864665301,49.240594336223104
2025-06-14T21:17:12.800Z,40.069295899831204,-75.23220427760756,-214.1663999676084,-19.478671062718185,77.57045896254449,-138.8907331603192,5.945287130728672,0.24289831997846284,0.47110097295584236,0.0010000000003121457,0.0010000000000028758,0.0010000000007478432,0.000999999999203699,0.0009999999999617747,0.0009999999990033994,0.000010010679430897962,0.000010010686207270355,0.9768062768990992,2.3209878412146296,2.335476901440363,0.04534111289873948,0.00005693135995166754,0.00006987693108873322,0.0001843700759092508,0.0010099999999999977,0.0010099999999999977,0.0010099999999999977,0.0010000999999999977,0.0010000999999999994,0.0010000999999999977,11.165658931307762,-7.227891967985367,-1.0384333875052663,0.8660345614947459,-1.0250433671893797,-1.0648455801138914,-12.64218807220459,35.971876525878905,20.19000072479248,1005.8399658203124,3.551397159630349,43.144322569269896
2025-06-14T21:17:13Z,40.06602132346572,-75.23113480227624,-190.5098890332134,-15.764548867522658,77.80855423585656,-133.02716870684603,6.036113295545892,6.198242051844717,0.07671372030251308,0.0010000000004083737,0.0010000000000275214,0.0010000000010222747,0.000999999999442042,0.0009999999999848756,0.0009999999986682754,0.000011010679316607367,0.000011010686544441404,0.8563446013369977,2.3172348983388957,2.3478609541563165,0.045171127388009956,0.00007786374042667032,0.00006549128542688424,0.00019090876085801778,0.0010109999999999976,0.0010109999999999976,0.0010109999999999976,0.0010001099999999968,0.0010001100000000002,0.0010001099999999968,8.300802945136711,-8.212112856864932,0.5956400265686186,0.48160882146297873,-0.7877021961685108,-2.457744853187013,-16.571053304170306,28.45164590132864,16.492105935749255,1005.8199462890624,1.9017397629324455,36.825015717154436
2025-06-14T21:17:13.200Z,40.06301278439883,-75.23012654633511,-174.8603609022337,-13.129951080163394,77.63102234924825,-128.26997069414216,6.196932454614329,6.0361106535795255,6.193188666180186,0.0010000000003191625,0.0010000000001369137,0.0010000000012361345,0.0009999999996806793,0.0009999999998324958,0.0009999999987341703,0.000012010679207383199,0.000012010686887657566,0.7674931640238336,2.313057756156952,2.3550423076236746,0.04386552899277174,0.00009583588803083346,0.00007031685723774929,0.00020446387414123067,0.0010119999999999966,0.0010119999999999966,0.0010119999999999966,0.0010001199999999976,0.0010001200000000013,0.0010001199999999976,6.105450319289753,-6.790000299241836,0.9428833743323594,0.475979862485225,-0.4641381885976276,-0.8704048585977747,-27.597040879098994,26.14440887852719,11.354605800227114,1005.8399658203124,-0.6101195108856458,39.674296805413356
2025-06-14T21:17:13.600Z,40.05932080718737,-75.22872208132792,-184.80648945223567,-7.9851957442176404,77.57659211181002,-125.59383860776688,0.5801396827820978,5.796064029975367,6.098190687923969,0.001000000000189516,0.0009999999999646787,0.00100000000123351,0.0009999999995860943,0.000999999999928126,0.0009999999989892564,0.00001301067912227145,0.000013010687599870112,0.7365919697145061,2.310537715876955,2.3805976627896617,0.047749757398902984,0.00012147029560236713,0.00007830960591597249,0.00022705004262954246,0.0010129999999999972,0.0010129999999999972,0.0010129999999999972,0.0010001299999999977,0.0010001300000000023,0.0010001299999999975,8.149117986342167,-2.9093589525785135,-1.7393589078410674,1.6771947173573525,-0.5716539467759716,-0.05379276360582047,-18.46593818664551,24.674063396453857,0.9093750029802322,1005.8399658203124,-0.9639695327586404,30.83219277452522
2025-06-14T21:17:13.800Z,40.05570927836001,-75.22753005507239,-173.6513444683098,-4.205463442962029,77.56010058113411,-121.82427242912054,0.997069270745457,5.671469899385321,5.897449911850466,0.0009999999997985323,0.000999999999826954,0.001000000001333675,0.000999999999198915,0.0009999999998596186,0.0009999999992566845,0.000014010678914441924,0.000014010687951865256,0.6774108933350179,2.3094279581157,2.398993147389924,0.05021197863364124,0.000148001736285874,0.00008449168817360258,0.00024951904458756863,0.0010139999999999962,0.0010139999999999965,0.0010139999999999965,0.0010001399999999979,0.0010001400000000024,0.0010001399999999979,9.49582690115517,-6.132462041069444,-1.9666442263559447,1.3876640593413678,-0.7920890486090657,-0.24268202894987978,-11.332721093121696,20.89522148581112,-3.066176596809836,1005.8199462890624,1.683750551465763,23.967474936875753
2025-06-14T21:17:14.600Z,40.04884583082426,-75.22483399483404,-223.11638956066884,4.137583357082851,78.83125335404912,-118.07420443675147,2.034498954907441,5.670652415796788,5.4217416079911604,0.0010000000002087215,0.0009999999998848486,0.0010000000012546574,0.0009999999989659366,0.000999999999774811,0.0009999999989591171,0.00001501067858954545,0.00001501068945657792,0.7552172760343765,2.30500499648315,2.450889146931643,0.06312913309074931,0.00015095683490512807,0.00008996176566833254,0.0002592917580420297,0.0010149999999999964,0.0010149999999999966,0.0010149999999999966,0.0010001499999999976,0.0010001500000000022,0.0010001499999999978,6.352040289879047,-0.7496575298009572,-3.2520551452650053,1.0291087334760094,-0.49342874383912355,-0.16375187395438726,53.7271897315979,-43.58156385421753,-49.96125211715698,1005.8599853515626,-2.6147179760867107,85.33511397780909
2025-06-14T21:17:14.800Z,40.04241242147463,-75.2228540681917,-204.10603951385633,9.076976987838663,79.44704747277311,-111.3442745955708,2.1456267576915042,5.529731345437489,5.2989862119079705,0.000999999999896237,0.001000000000185763,0.0010000000010288947,0.0009999999986224312,0.0010000000002203522,0.000999999999109353,0.000016010677920366823,0.000016010689802507904,0.6998408780771829,2.304128562164433,2.4787974109534074,0.06814221708390021,0.00017964002445773898,0.00009970005879472672,0.0002831555191186282,0.0010159999999999965,0.0010159999999999967,0.0010159999999999967,0.0010001599999999978,0.0010001600000000012,0.0010001599999999976,9.823235463142186,-6.446410275459175,-3.619097674847904,-0.2699087475639672,0.08156874897074122,0.41251749391864767,-18.14718825817108,17.899688172340394,-0.6018750235438348,1005.864990234375,2.5041026910709396,25.49664575308801
2025-06-14T21:17:15.200Z,40.03508955999411,-75.22043574650839,-205.74539836834293,14.939629792961455,79.07291863444999,-104.66808901525627,2.292584853192755,5.294006922170648,4.944393415199709,0.0009999999998843412,0.001000000000392439,0.0010000000011708783,0.000999999998238993,0.0010000000005212697,0.0009999999986179016,0.000017010677147620726,0.000017010690558460276,0.7053418596737617,2.302496108285167,2.520287092986319,0.07754346629593993,0.00027621229973037937,0.00010931049366182918,0.00036324900615160657,0.0010169999999999962,0.0010169999999999964,0.0010169999999999964,0.0010001699999999986,0.001000170000000002,0.0010001699999999986,8.111688653609436,-5.093059121412575,-2.409241307035241,-0.5489132331455704,-0.025386027444593538,0.5494529441113122,1.8534375682473183,-9.647812935709954,-29.97281379699707,1005.9099731445312,0.08621744039605103,31.54174839456446
2025-06-14T21:17:15.600Z,40.0268580000965,-75.21779548196591,-204.04040193067323,20.92995118352174,78.45297876758798,-97.01147382238416,2.3190751550795943,5.5760237988101276,5.15602019530051,0.0009999999998946227,0.0010000000007127142,0.0010000000013102388,0.0009999999982282432,0.0010000000007313395,0.0009999999983048027,0.000018010676101358244,0.00001801069132240668,0.7190423186747692,2.3037395328031183,2.5703848202527877,0.08925414239831146,0.00013273749031902964,0.00011677042973114003,0.00027440875743298327,0.001017999999999997,0.001017999999999997,0.001017999999999997,0.0010001799999999992,0.0010001800000000029,0.0010001799999999994,8.465342025333097,-5.641466954973401,-2.5740584727404965,0.23359926696999025,-0.2352999989774689,-1.1509448593911207,-15.020724447149979,17.24013220636468,-3.1618422538434205,1005.9249877929688,0.7033907999880109,23.08331054933199
2025-06-14T21:17:15.800Z,40.019293216735534,-75.21555621351425,-185.20422308391665,24.95231835994336,78.94434459699958,-89.5952647917069,2.286330934648895,5.513287933649307,5.261581118432621,0.0010000000003595067,0.00100000000104889,0.0010000000014373368,0.0009999999978905437,0.0010000000011388397,0.0009999999984966468,0.00001901067495217512,0.00001901069167022625,0.6816014255433267,2.306151528538678,2.5994119025074993,0.0929613715451373,0.00013431726474591416,0.00012298140727021889,0.0002817914997390295,0.0010189999999999963,0.0010189999999999965,0.0010189999999999967,0.001000189999999999,0.0010001900000000024,0.001000189999999999,7.255294488906966,-6.372479777729523,-1.080100046089024,-0.21248263621484223,0.24955555771549262,-0.5821743073976307,-2.9479168301655188,11.285417079925537,-19.31770912806193,1005.9299926757812,-0.07351724360655339,22.56595774689075
2025-06-14T21:17:16Z,40.012282004388354,-75.21348203448176,-169.13839685270315,28.16613097107135,79.89765210221005,-82.42997750474252,2.4114482442273797,5.419144992276425,5.166908588895305,0.0010000000003465152,0.001000000000876724,0.0010000000011262172,0.0009999999981035684,0.0010000000012822278,0.0009999999984717427,0.000020010673813105145,0.000020010692027971487,0.652818683256869,2.3073154311973956,2.621038517806572,0.09355725409034554,0.0001364746853256273,0.0001330333251570394,0.00029130275203378655,0.0010199999999999968,0.0010199999999999968,0.0010199999999999968,0.0010001999999999975,0.0010002000000000014,0.0010001999999999997,6.040731809314569,-3.1903238331152712,-2.641260633670839,-0.058800652751256184,-0.21994341717146892,0.06520986828436731,-12.31125054359436,16.35281319618225,-8.558437937498093,1005.949951171875,-2.4661175880877098,22.186166834371516
2025-06-14T21:17:16.400Z,40.00440315452385,-75.2110164975734,-166.5980433035039,33.13850804195057,80.35204262072637,-75.07323044897805,2.414771593567893,5.399130582995832,5.338324796472811,0.0010000000005367694,0.0010000000009982618,0.0010000000010406403,0.0009999999978144373,0.001000000001385285,0.0009999999984530352,0.00002101067243963031,0.000021010692836103752,0.6900368591370138,2.3109473609287265,2.6803198571873863,0.10180219273380214,0.00012335837566171387,0.0001362731186125039,0.00030589935153394,0.001020999999999997,0.001020999999999997,0.001020999999999997,0.001000209999999997,0.0010002100000000005,0.0010002099999999996,7.936257862090717,-4.5801926980027385,-2.1954926381122406,0.16636805252920486,-0.027010417923992624,-0.440702080768143,2.9793751031160354,-34.87968896627426,-12.118125438690186,1005.969970703125,-0.368045234250693,37.0447646120119
2025-06-14T21:17:16.800Z,39.99578510429653,-75.20841845736022,-159.8305441884188,37.84579344750755,81.8540715661806,-66.94974717971913,2.809056869187053,5.362208162031854,5.134333871337162,0.0010000000004936175,0.001000000000784591,0.0010000000010264027,0.0009999999976203718,0.0010000000012003545,0.00099999999834221,0.0000220106706420832,0.000022010693656936535,0.7305802467787257,2.3136064105330063,2.7464510066920864,0.10680986909834395,0.00009741638845241668,0.00014754005239191986,0.0003242331072350339,0.0010219999999999962,0.0010219999999999964,0.0010219999999999967,0.0010002199999999968,0.0010002199999999994,0.0010002199999999994,6.937325325647453,-5.162741932234173,-2.4747834533066033,0.40437426385370545,-0.4354919144244583,0.10606396970833475,-17.084063148498537,26.3934383392334,-15.159375667572021,1005.9949951171875,-0.7960362650695749,34.90389565333714
2025-06-14T21:17:17.200Z,39.98671184911316,-75.20577150760482,-149.1276897872959,42.627297874586795,83.66791257784334,-57.46245016833215,2.8426885598100946,5.373564901711921,5.299398157273641,0.001000000000786652,0.0010000000005636982,0.0010000000010266974,0.00099999999717908,0.0010000000009492936,0.0009999999980343606,0.000023010668402021832,0.000023010694495080773,0.7719399554792917,2.3184416352704234,2.832943115274108,0.11274790018035478,0.00007850046878892522,0.00015209869475937642,0.0003545578255605076,0.0010229999999999961,0.001022999999999996,0.0010229999999999961,0.0010002299999999978,0.0010002299999999984,0.0010002299999999987,9.27424203724282,-6.096116933187633,-2.326158443716864,0.21056184159849364,-0.37402301971263835,-0.37684539684056156,-21.431250923558284,12.266447870354904,-13.633224236337762,1006.0149536132812,1.5484774123226137,28.20684672572296
2025-06-14T21:17:17.600Z,39.977496495621715,-75.2031547535855,-135.22932466230287,46.87791272695458,87.40137050959973,-48.854065619477005,2.8475089617364624,5.529944870229994,5.675836191392195,0.0010000000007430831,0.001000000001062084,0.001000000001169431,0.0009999999967791517,0.001000000000861864,0.0009999999977260432,0.00002401066571641379,0.00002401069535725482,0.8109598855151415,2.3179385247942217,2.9284131700789637,0.11162518124951579,0.0000764673698976463,0.00014079309319408323,0.00041723400517039807,0.0010239999999999967,0.0010239999999999965,0.001023999999999997,0.0010002399999999969,0.0010002399999999995,0.0010002399999999995,6.922100392022936,-6.566558645460904,-2.611666805465387,0.6158708387376597,-0.709652086556907,-0.808789564958567,-34.19812660217285,28.956563663482665,-14.68406310081482,1006.0349731445312,0.1005744243869598,47.155183915489545
2025-06-14T21:17:17.800Z,39.96960294776306,-75.20109976631481,-113.98058963623043,48.9904127914629,90.61542139653814,-40.99377842301825,3.0576377745544185,5.427680282494928,5.781786812173024,0.0010000000008923984,0.0010000000012229042,0.0010000000010843863,0.000999999996742698,0.0010000000011138744,0.0009999999972344579,0.000025010663098166283,0.00002501069573875152,0.7683902244181623,2.318488250444445,2.97724924021314,0.10685165720689888,0.0000837215300847177,0.00014499614538761034,0.00043421154829872207,0.001024999999999997,0.001024999999999997,0.0010249999999999968,0.0010002499999999966,0.0010002500000000003,0.0010002500000000003,7.815244461956404,-5.630050240798217,-1.0249970982086432,1.3255570204271547,-0.24099765794810413,-0.15828280972461994,-38.14500141143799,24.049688625335694,-16.557188177108763,1006.0249633789062,-0.10573609769407823,48.03711341971847
2025-06-14T21:17:18Z,39.962792231436275,-75.19932166577972,-95.9007240623611,50.21242749903911,93.523513682972,-34.18056387302071,3.2168546689892117,5.398521075357595,5.880049270164142,0.001000000001090167,0.0010000000012480765,0.0010000000008873384,0.0009999999968554297,0.0010000000009874113,0.0009999999968999995,0.000026010660640398605,0.00002601069614539583,0.7337401220131662,2.3199842189246094,3.0094403108516836,0.10129541562941097,0.00008195372135023441,0.00014949146212594466,0.0004590651244529687,0.0010259999999999963,0.0010259999999999963,0.0010259999999999963,0.0010002599999999972,0.001000260000000001,0.001000260000000001,7.639452814101281,-3.667345179082186,-2.018050087453019,1.0717291504574606,-0.5231944409951117,-0.10788333231161813,-41.669063568115234,11.974687957763672,-16.998750495910645,1006.0399780273438,-1.0814585153099925,46.56883945009004
2025-06-14T21:17:18.800Z,39.95379326585928,-75.19647340924335,-90.24945977534219,54.66523027169664,98.06361239910123,-26.885981110782765,2.7363546000595496,5.5614029591102065,0.33020309870472675,0.0010000000009989217,0.0010000000016029214,0.001000000000829081,0.000999999996813399,0.0010000000014236338,0.0009999999967267694,0.00002701065634665607,0.000027010698216679657,0.9335745565997927,2.330972294482179,3.1953358648805885,0.10997081304874258,0.00015237809431161272,0.0000887583750583886,0.0005468604703165735,0.0010269999999999954,0.0010269999999999954,0.0010269999999999954,0.0010002699999999975,0.0010002700000000019,0.0010002700000000019,9.431308397793934,-0.7608447713425218,-0.9824816148666421,0.09731250027920821,-0.329132891342247,-0.6407078852873471,-41.83593921661377,-2.1862501258030536,-19.842188167572022,1006.0649719238281,-0.280453242351188,46.35443055664302
2025-06-14T21:17:19.200Z,39.94545207276031,-75.19430049288232,-71.47670052888836,55.4422277612498,102.96358895127337,-20.30835362049829,2.341700094252906,5.22241579138077,1.239599918989107,0.0010000000012787722,0.0010000000017810682,0.0010000000008576948,0.0009999999964573096,0.0010000000013361532,0.000999999996395799,0.000028010651254163646,0.00002801069922089995,0.9420172913583791,2.3364016732055473,3.2707192942811187,0.1036572147644087,0.000517444638252391,0.00004235158354303701,0.0008297589934609362,0.0010279999999999948,0.0010279999999999948,0.0010279999999999948,0.001000279999999998,0.0010002800000000023,0.0010002800000000023,8.234108693439756,0.5547666950739619,0.7356750463835054,1.0713046001666966,1.2808907828693208,-0.6777243397830555,-41.5361856159411,-11.75131627133018,-17.2746716549522,1006.074951171875,-1.5084885275778344,46.4947063425657
2025-06-14T21:17:19.600Z,39.93799384935144,-75.19234168098836,-54.184494108414626,56.13569508358714,107.51157683743091,-15.873800593943557,0.7402123049715286,5.0575258177916025,3.1385948979815694,0.0010000000014753273,0.001000000001664879,0.0010000000006037553,0.0009999999966658858,0.0010000000015279718,0.0009999999963585839,0.00002901064574787269,0.000029010700282417732,0.944752256958086,2.3408565134057153,3.3510079057535282,0.09985012654328465,0.0008313224422268742,0.0001299367744193663,0.002082017488416697,0.0010289999999999954,0.0010289999999999952,0.0010289999999999954,0.0010002899999999979,0.0010002900000000013,0.0010002900000000013,3.984650181769046,1.2145500633831228,5.630341881221337,0.5985242529145862,1.718130144398419,0.56870293228601,-22.446563625335692,-22.378125762939455,-35.3831262588501,1006.074951171875,-2.790854313726184,47.50357397871432
2025-06-14T21:17:19.800Z,39.93207448215307,-75.1909600379843,-37.560657202321,56.04084028194395,111.39865290867785,-10.877636878673876,0.2753790677076826,5.235135223381797,3.76856353374692,0.001000000001556492,0.0010000000015751647,0.0010000000010029133,0.0009999999967466719,0.0010000000020879676,0.000999999996210599,0.00003001064080986778,0.00003001070076349533,0.8670617559677507,2.3485837841270083,3.3961631770589613,0.09425267339274192,0.0006529622153822074,0.00010434148399533335,0.0016606890639168765,0.001029999999999996,0.0010299999999999938,0.0010299999999999958,0.0010002999999999985,0.001000300000000002,0.001000300000000002,5.126829200341606,0.44105001623840484,11.758250640868537,0.3801576451311736,1.1250791677552414,1.1104506820874072,-11.749688005447387,-23.545313358306885,-40.323751068115236,1006.0799560546876,3.0396981420837026,48.15015025993234
2025-06-14T21:17:20.200Z,39.92674847406093,-75.18943126152516,-24.70479862235043,55.847817157422526,115.7716023392984,-7.28693066107761,6.178327211763763,5.4688436116275785,4.55440551350379,0.0010000000017448623,0.0010000000017591508,0.0010000000011663734,0.0009999999969762107,0.0010000000018254938,0.0009999999957779426,0.000031010635346985495,0.00003101070194102575,0.8776859305764892,2.367736433083885,3.4448345713312047,0.08856579942033695,0.0003072273980178348,0.00012890053329100642,0.0009713285592459024,0.0010309999999999952,0.0010309999999999946,0.0010309999999999944,0.0010003099999999973,0.0010003100000000008,0.0010003100000000023,2.6789751453913913,0.333850019463315,9.613617188770563,0.55879687534598,0.6762820241728407,1.4241445159353956,-10.40250039100647,-28.366876316070556,-39.79875144958496,1006.0849609375,0.18961777168881935,49.96826232558765
2025-06-14T21:17:20.600Z,39.921890167941896,-75.18799895019309,-12.905711961328935,54.99531617870368,119.67444073002532,-4.656232066883789,6.047154703144421,5.429061292324121,4.776900631987587,0.0010000000021877424,0.0010000000016449908,0.0010000000012160978,0.0009999999966670099,0.0010000000018315052,0.0009999999954384258,0.000032010628978949084,0.00003201070316676259,0.8807838690292489,2.392091361298257,3.4700846410652186,0.08124812713368859,0.00027973709759622506,0.0001556400142562884,0.0008851850060926613,0.0010319999999999954,0.0010319999999999936,0.0010319999999999936,0.0010003199999999977,0.0010003200000000012,0.001000320000000002,2.028666754932778,-0.28167501096437786,8.832292086917983,-0.06605367910077493,-0.13640514887438332,0.4603205843154269,-17.07000060081482,-21.86156311035156,-40.5881269454956,1006.0899658203124,-0.7297844546074939,49.15998301325216
2025-06-14T21:17:20.800Z,39.91790012790708,-75.18701935296541,-2.4070196015634338,54.18034469674803,122.49410522020311,-2.325189669985285,6.019025323700801,5.340482319649154,4.833058853279554,0.001000000002417636,0.0010000000016501113,0.0010000000009624953,0.0009999999968349634,0.0010000000019118461,0.0009999999954040252,0.000033010622981515175,0.000033010703726532604,0.8117137285632107,2.409709609261245,3.4894668656683403,0.07551499974026737,0.0003157585440894089,0.00017026878743604245,0.0008918117498977297,0.0010329999999999946,0.0010329999999999938,0.0010329999999999938,0.001000329999999998,0.0010003300000000017,0.0010003300000000015,2.1300594752409037,0.29092814184188254,10.3808848133075,-0.13731406158341206,-0.40314452485271407,0.22093358978712738,-20.673750782012938,-17.817188262939453,-40.58156414031983,1006.094970703125,0.8043108743206318,48.90515884768629
2025-06-14T21:17:21Z,39.91462303418064,-75.18616241214355,6.14258761922577,53.2141610387691,125.00650246319606,-0.33017677425418457,6.16265168802143,5.25856492308694,4.8176537199314176,0.0010000000023809015,0.0010000000014306766,0.0010000000008223446,0.00099999999687143,0.001000000001958857,0.0009999999956293473,0.0000340106172968516,0.000034010704314971384,0.7564373826131091,2.431527665804063,3.495617750319453,0.07040487062485379,0.0003792283284474594,0.00018084372345249082,0.0009386975397152333,0.001033999999999995,0.0010339999999999941,0.0010339999999999941,0.0010003399999999971,0.0010003400000000006,0.0010003400000000006,4.110333542397519,-0.6592666966666723,10.675783932578925,0.4920320251764715,-0.32866250055474494,0.0034945329473678862,-23.278125762939453,-15.814688062667846,-39.38718872070312,1006.094970703125,1.6614907950861246,48.4078632900638
2025-06-14T21:17:21.600Z,39.911359992977594,-75.18467233799196,14.343269511760427,52.61157102347156,129.52986589251887,1.4212460642161067,6.1262889123329725,5.23787427430077,5.192664511085663,0.0010000000023751513,0.0010000000011501668,0.0010000000007167249,0.0009999999965629117,0.001000000002269051,0.0009999999958206225,0.00003501060821620309,0.00003501070641221362,0.827413960319765,2.508754501468252,3.5336634289297146,0.06963110825661946,0.00037553629513763866,0.00019073213136472307,0.0007744387702867271,0.0010349999999999953,0.0010349999999999945,0.0010349999999999945,0.001000349999999997,0.001000350000000001,0.001000350000000001,5.663000197458397,1.3506421663119415,9.58805051883816,0.4386012535350018,-0.053978747712544455,0.3544718737534182,-29.042813777923584,-22.823438262939455,-31.878751277923584,1006.0849609375,1.4192650829191185,48.79184569230409
2025-06-14T21:17:21.800Z,39.90848739272966,-75.18388622484457,21.028406455610504,51.419961699233404,131.494036312535,2.2284576165067738,6.1189867592731195,5.370618395627011,5.181067666345902,0.0010000000021440159,0.0010000000011063698,0.001000000000920233,0.0009999999965233691,0.001000000002036927,0.0009999999954411873,0.00003601059919508112,0.000036010706994041885,0.764647789402711,2.53395259471562,3.531802185405273,0.06599011435438536,0.0002485311950357384,0.00019995258669689418,0.0007344299935570245,0.0010359999999999963,0.0010359999999999935,0.0010359999999999937,0.0010003599999999974,0.0010003600000000018,0.0010003600000000018,2.7383442672817937,0.7534029784541689,8.368603297288963,-0.21327573219562174,0.7406426364090613,0.12448088063629939,-30.99375123977661,-22.731563377380372,-30.058126068115236,1006.0899658203126,-0.9607674940346236,48.79367365704748
2025-06-14T21:17:22.400Z,39.90582293453452,-75.18245635134579,27.804278116943475,49.388334250434724,135.14933958927006,2.469963059795849,0.3246640422867335,5.35330041577053,4.779017883428709,0.0010000000024525915,0.0010000000012840864,0.001000000001059306,0.0009999999967201076,0.0010000000019480884,0.000999999995679503,0.00003701058489354797,0.00003701070916330705,0.822533492250201,2.624799971711495,3.511826094171492,0.06597281620545334,0.0002740234290494573,0.00020610769210732582,0.0008922020130419106,0.0010369999999999958,0.0010369999999999939,0.001036999999999994,0.0010003699999999983,0.0010003700000000024,0.0010003700000000022,3.453468563981171,0.5263289617728162,9.040779417739751,0.23661447382164072,-0.05293158239329896,-0.402384210111426,-30.075938606262206,-15.008438158035279,-34.87781410217285,1006.0849609375,-0.10647767063587227,48.4383351121771
2025-06-14T21:17:22.800Z,39.903357408571864,-75.18138481612056,33.35416971892086,47.413438990681726,136.5665377724276,3.4204268010598633,0.10989160805127128,5.677175739159512,5.34480408647888,0.0010000000022511268,0.001000000001551379,0.0010000000009059286,0.0009999999968482427,0.0010000000018186722,0.0009999999958368168,0.00003801056737980483,0.00003801071049496381,0.8104860177533164,2.6720503315305075,3.495549898020045,0.062401070113255304,0.0001616434386739403,0.00020866131336048856,0.0007345948739417981,0.0010379999999999953,0.0010379999999999944,0.0010379999999999944,0.0010003799999999986,0.001000380000000002,0.001000380000000002,4.388266875052649,0.4272750135740463,9.27257546488338,0.4456840251278231,1.0993284621964285,0.9097923540847327,-34.744738528603,-11.944737233613667,-31.187172337582236,1006.0799560546876,0.4685405875833815,48.19241059943573
2025-06-14T21:17:23Z,39.901315995299946,-75.18072137020053,37.44250172166003,46.16180861652453,137.05221689271337,4.223522146931888,0.08599331748091116,5.641563899646003,5.636747937663046,0.0010000000021083866,0.0010000000017665394,0.0010000000014648688,0.0009999999969571185,0.0010000000018286043,0.0009999999955944265,0.00003901055073591795,0.00003901071099292617,0.7464276286863243,2.6882900422511526,3.492484517580756,0.058453034800783135,0.00022039196943119966,0.00018977888004846117,0.0007216099395032146,0.0010389999999999963,0.0010389999999999935,0.0010389999999999933,0.001000389999999999,0.0010003900000000025,0.0010003900000000027,4.080516861913337,-0.08098333550730846,10.000933892567048,0.664835155177288,-0.03722265753983781,1.1985328180533557,-33.30098864906713,-6.530921383907921,-35.220396543803965,1006.094970703125,1.002713774867875,48.90889650506923
2025-06-14T21:17:23.200Z,39.89968973836238,-75.18012150530278,40.85632333577922,44.945892891666155,137.62049773597758,4.593647370367408,6.23322115758589,5.650734230314805,5.955099592394518,0.0010000000020795596,0.0010000000017540474,0.0010000000018091208,0.000999999996924992,0.0010000000018608505,0.0009999999957926921,0.0000400105345348167,0.00004001071151692155,0.6951385461821334,2.708496280776721,3.4859209048191544,0.05609031859157159,0.0002838355354199036,0.00015990130931425794,0.0007339122362060769,0.0010399999999999954,0.0010399999999999925,0.0010399999999999925,0.001000399999999999,0.0010004000000000024,0.0010004000000000024,2.455825104022567,0.43139167787785837,9.521775544059135,0.21197986246949735,0.09780138829995454,1.2818062441657994,-34.216778002287214,-1.87796062309491,-34.859211570338196,1006.0849609375,0.043817112645177445,48.882249463164705
2025-06-14T21:17:23.600Z,39.898462845799024,-75.17923311964124,44.706098185904466,43.96646121873018,138.50453879524528,5.136758814485666,6.227364135942801,5.788918181929942,5.9128327544850405,0.0010000000019373281,0.0010000000019103226,0.001000000001697406,0.0009999999970364886,0.001000000002284939,0.0009999999959556805,0.00004101051362112375,0.00004101071289125389,0.6992124601319404,2.7603949257677587,3.5089056865678976,0.05575192031819713,0.00023797524497848,0.0001756082277314369,0.0007587834854515639,0.0010409999999999953,0.0010409999999999916,0.0010409999999999914,0.0010004099999999982,0.0010004100000000017,0.001000410000000002,3.8019422885472434,0.954484252225226,9.66899535811394,-0.09785661698219694,0.36267940420427486,-0.08277205613010075,-29.654063606262206,8.264062809944154,-36.66093921661377,1006.0799560546876,0.6342323107299457,47.87147206344025
2025-06-14T21:17:24.400Z,39.897910311007664,-75.1777446779578,50.20161257001091,43.14534585325531,139.01431323499233,5.654359769156633,0.1210863415112003,5.680317254069582,5.762835875448768,0.0010000000016821679,0.0010000000018836955,0.0010000000014032339,0.0009999999971598821,0.001000000002458116,0.0009999999960926848,0.00004201047243787313,0.000042010715865966155,0.801275529904295,2.850680007406271,3.5947069140800254,0.053455982330505955,0.00024909332464270484,0.00020513234741172757,0.0007535109328222425,0.0010419999999999958,0.0010419999999999924,0.0010419999999999924,0.001000419999999998,0.0010004200000000006,0.0010004200000000006,4.530366047104354,0.6187368620238525,9.047221487746297,0.114160294099223,-0.14170293964937047,-0.1614624993182158,-34.972501564025876,-0.27375000230968,-30.92343873977661,1006.0799560546876,0.33781560789568227,46.684099427156305
2025-06-14T21:17:25Z,39.897842952596406,-75.17667766838618,54.12131528178633,41.43008484260682,139.80511109348436,5.738940307433306,0.05257952866493816,5.648583273501293,6.1721047284901935,0.0010000000020798268,0.0010000000017334543,0.0010000000013232091,0.0009999999969401564,0.0010000000024030134,0.0009999999961724652,0.00004301041539230788,0.000043010717663520574,0.8367252821404381,2.9379615020483447,3.645534781343795,0.05286539494388057,0.00034450654981005985,0.00016366393319466315,0.0007742784968543319,0.001042999999999995,0.0010429999999999916,0.0010429999999999916,0.0010004299999999983,0.001000430000000001,0.001000430000000001,3.3117678141857603,1.3478088846187828,9.564350476431846,0.2900513156367143,-0.003800657269307107,0.5829190765470126,-33.150002128199525,-0.6809210843945804,-30.280264101530378,1006.094970703125,0.4115277808290913,44.902963602092825
2025-06-14T21:17:25.800Z,39.89888802790155,-75.17542954533235,58.260395204813555,38.94476191525724,139.6078838358924,5.36325299087125,6.041140685408788,5.734569046618547,0.7336021722148826,0.0010000000019800492,0.0010000000018696971,0.0010000000012427006,0.0009999999969606094,0.001000000002752564,0.0009999999965797182,0.00004401032616886446,0.000044010720028583584,0.9124163834927048,3.0275500432337754,3.734325851322578,0.04914350714863794,0.00034653661930636795,0.00014773224758414213,0.0008710617111960497,0.0010439999999999948,0.0010439999999999913,0.0010439999999999913,0.0010004399999999974,0.001000440000000001,0.001000440000000001,2.861635416141001,-0.28194118811801744,9.487188631393007,0.2920965282881393,0.020121528618118216,1.0711791585324733,-27.46985424266142,10.408456297481761,-31.858457004322727,1006.0899658203124,0.11413762108823679,43.33457912249339
2025-06-14T21:17:27Z,39.90222972344241,-75.17383142565147,62.978914754354236,36.25393927838973,140.26716836187418,5.072139454911957,6.171413797353663,5.821051953297647,1.2888066254216048,0.0010000000014945408,0.0010000000022414774,0.0010000000011036764,0.000999999996906285,0.0010000000027900863,0.0009999999962289768,0.00004501015463189797,0.0000450107233715818,1.072861283597101,3.2261761880155024,3.9625200378244787,0.04874648493058671,0.00025019542610190093,0.00021148384198977518,0.0009359661398454732,0.0010449999999999945,0.001044999999999991,0.001044999999999991,0.0010004499999999978,0.0010004500000000015,0.0010004500000000013,3.874000172189216,0.5007833492389498,9.2156087892308,0.3932736056146286,-0.01047222049209391,0.4842604121003975,-20.75000063578288,16.667708926730686,-35.456251780192055,1006.0999755859374,0.20998372464318968,44.3341442523873
2025-06-14T21:17:27.600Z,39.905517148363174,-75.17327808071241,64.06763466573966,34.9556948680276,140.58025511407251,4.582490663305037,6.14443089711341,5.838160844415364,1.6292190005522085,0.001000000001662786,0.0010000000023449977,0.001000000001101806,0.0009999999970338222,0.0010000000030685424,0.000999999996232352,0.000046009975599043255,0.00004601072322602299,1.0307833142966474,3.3279998141812217,4.086254217331934,0.045561266836851154,0.00021223290863844286,0.0002513886356512153,0.000982159732166393,0.0010459999999999942,0.0010459999999999907,0.0010459999999999907,0.0010004599999999982,0.0010004600000000016,0.0010004600000000016,3.5218101730331735,1.1371300449348924,9.034820452371129,0.2230602949336429,-0.05532867708292344,0.5398360291967516,-13.784766018390656,13.954688012599945,-39.64687633514404,1006.094970703125,-0.035939957183642894,44.233736151394595
2025-06-14T21:17:30Z,39.91805418250303,-75.17071592922484,71.75090306199739,34.78525999821254,156.42683062943593,6.445843253205307,6.205050742608344,5.389457609719389,0.4452918402918494,0.0010000000019409923,0.001000000002127647,0.001000000001394678,0.0009999999969610037,0.001000000003133324,0.0009999999965828329,0.00004700946808987342,0.00004701073104526387,1.62394840544775,4.528586274994358,4.848551766738833,0.09975622969861489,0.0006333838978261662,0.00016476150866591752,0.0010302340295941191,0.0010469999999999948,0.001046999999999991,0.001046999999999991,0.0010004699999999977,0.0010004700000000011,0.0010004700000000011,8.634330390928513,2.947220133779088,6.768680309294552,-0.5817191163052672,-0.29206323319958477,-0.8835882392733427,-38.443751864963104,7.903125312593248,-22.847917344835068,1006.094970703125,1.5582842845114133,45.41370028027913
2025-06-14T21:17:30.800Z,39.92683383558507,-75.17040566484944,70.3486740820442,31.59180222818417,163.46480673545054,3.9657612678933525,6.174749547385915,5.21221099813722,0.42779208260683377,0.0010000000022487264,0.00100000000190468,0.0010000000016260546,0.0009999999971413635,0.0010000000032050049,0.0009999999968232402,0.00004800909333483906,0.000048010730971199256,1.5434706494852277,4.948453526473462,4.901820453160522,0.1154267185462968,0.0009770234651036807,0.0001760662039016991,0.001304313036454092,0.0010479999999999936,0.0010479999999999901,0.00104799999999999,0.001000479999999997,0.0010004800000000006,0.0010004800000000006,6.172400274910575,5.223530188240467,5.8687902520483695,-0.006584028236012517,-0.22167221751129043,-0.055931250268073704,-39.70520952012804,-7.004167000452678,-12.066667238871256,1006.094970703125,0.18835955377126903,42.08517806170092
2025-06-14T21:17:31.200Z,39.93215072364826,-75.17034560432151,67.67295304487351,30.738382682964538,167.80782610507475,1.4941310549158375,6.259453244261708,5.293491137406651,0.2771559609462064,0.001000000002152408,0.001000000002308684,0.0010000000016651403,0.0009999999974819724,0.0010000000032417509,0.000999999996935989,0.000049008855309396756,0.00004901073042360999,1.3369187400198597,5.153815105084404,4.826710906178511,0.11415914294564565,0.0006660346410832078,0.00019139117680868186,0.0010762179913060147,0.0010489999999999929,0.0010489999999999894,0.0010489999999999894,0.0010004899999999967,0.0010004900000000001,0.0010004900000000001,5.201793121335642,5.174193139483046,2.593014385713501,-0.049383823647866115,0.22406323040087744,-0.21389043829403886,-39.56484508514404,-8.08710977435112,-10.488281607627869,1006.0799865722656,-2.0219759596446436,41.722633360262705
2025-06-14T21:17:31.800Z,39.9361044715092,-75.16964129044898,65.43424646861978,30.429284015630174,170.83144364909316,0.25012476672890904,0.05006440511267043,5.48114897198561,0.5773380158141026,0.0010000000020264866,0.001000000002268816,0.0010000000017068007,0.0009999999972896308,0.00100000000311381,0.0009999999967383476,0.00005000867119295404,0.00005001073379167548,1.283302574966928,5.412327641582642,4.8462340911370285,0.10445471621749206,0.0004083825791457938,0.00019245373878500844,0.0009879154859101136,0.0010499999999999921,0.0010499999999999887,0.0010499999999999887,0.001000499999999996,0.0010004999999999997,0.0010004999999999997,7.420417937557088,1.9194588883040284,4.670450166139621,0.581182630071244,0.33598193852775965,0.3145166668227159,-38.62396028306749,6.509375280804104,-15.763542281256782,1006.0799560546876,-0.8286334947375216,42.221644465027936
2025-06-14T21:17:32.400Z,39.93898601538744,-75.16875824915937,63.500526494700445,30.761410031043287,173.699654238491,0.13137543594108375,0.08377200421426945,5.569246047688308,0.3137943664237647,0.001000000002097862,0.0010000000025029976,0.0010000000015914098,0.000999999997436354,0.0010000000028505304,0.000999999996565113,0.00005100852461203405,0.000051010738530803876,1.242556677079354,5.735143550661485,4.887434051241793,0.09549904739637444,0.0003126247528643066,0.00020935388050049908,0.0009210567237504106,0.0010509999999999918,0.0010509999999999881,0.0010509999999999884,0.0010005099999999963,0.0010005099999999998,0.00100051,8.590796874997974,2.1557322441487106,5.943725258008068,-0.22523671744492815,0.1272703152069883,-0.34225780977448245,-37.042969942092896,10.441406726837158,-20.12812566757202,1006.0799560546874,0.8619873553498144,43.43203470093447
2025-06-14T21:17:33Z,39.94115506057999,-75.16775565057677,62.0154661294447,31.26343818335567,175.7293101270317,-0.015384336903630447,6.247449368997816,5.6844582175942655,0.38432256391413366,0.0010000000019555397,0.0010000000023846656,0.0010000000015327327,0.0009999999976387356,0.001000000002885988,0.0009999999964491926,0.000052008403781808174,0.00005201074433929151,1.2075301901786375,6.030705095282083,4.914811960963223,0.08465213165683924,0.00025089938751316594,0.00021768207568804567,0.0009215226053660423,0.0010519999999999909,0.0010519999999999874,0.0010519999999999891,0.0010005199999999956,0.0010005199999999993,0.0010005199999999993,7.560237871644783,1.1984844428238575,6.850869046686489,-0.10879276303690608,0.19740526073199777,0.0857842097653995,-35.30833477444119,11.250000476837158,-22.408334308200413,1006.0749816894531,0.46770279033899864,43.30554321647743
2025-06-14T21:17:33.200Z,39.94240694839003,-75.16748997140037,60.915736110332006,31.38120975657567,176.9497031188618,-0.33187790229452707,6.196440132066139,5.697981357308657,0.4159602690157621,0.0010000000019544275,0.0010000000024247683,0.0010000000017436046,0.0009999999977407285,0.0010000000026311239,0.0009999999966395145,0.00005300832277751777,0.00005301074563610343,1.0376303648265686,6.134339371822439,4.847091807035477,0.0767505136919967,0.00024145447976000532,0.00022693859592584073,0.0009333192535281559,0.0010529999999999906,0.0010529999999999869,0.0010529999999999895,0.001000529999999996,0.00100053,0.0010005299999999997,7.171805333135557,1.2041375610730047,6.465807794569391,-0.12796062447267081,0.06172062405189608,0.1310825002890198,-34.61062641143799,12.705000638961792,-23.073750972747803,1006.094970703125,-0.07423152586113956,43.49374757581286
2025-06-14T21:17:33.600Z,39.94354844643795,-75.16676586618574,60.03861233297301,32.174519259551474,177.99513126614997,-0.22686792494473315,6.277842627723031,5.783138573242345,0.3726066417990059,0.0010000000020249805,0.0010000000024798894,0.0010000000017283315,0.0009999999975999463,0.0010000000022191615,0.0009999999966883598,0.00005400825248595225,0.00005401075014960402,0.979163207453358,6.3387778253694025,4.859099816946047,0.06958702893486061,0.00021401080342366735,0.00023783115370686346,0.0009357898221238185,0.0010539999999999896,0.0010539999999999862,0.0010539999999999896,0.001000539999999996,0.0010005399999999994,0.0010005399999999998,7.654100345609618,-0.103216669050297,7.563766989812167,0.1623774971612039,0.21842937210870428,-0.08422187466210845,-34.31812686920166,16.285313224792482,-21.496875762939453,1006.094970703125,0.9559764931472636,43.64695296403611
2025-06-14T21:17:34Z,39.94450440444965,-75.16601150303065,59.354969777684424,33.07952741114917,179.14238127730067,-0.2929279745943351,0.08267548549502027,5.857420119269876,0.25553828967495157,0.0010000000018398681,0.0010000000028626394,0.0010000000019550063,0.0009999999979703193,0.0010000000023827897,0.0009999999970574424,0.00005500818970415066,0.00005501075500766284,0.9322031781679192,6.561235173822213,4.869738161715045,0.06527474247202716,0.00019709995036631446,0.00024870888618471474,0.0009397684468640806,0.0010549999999999898,0.0010549999999999859,0.0010549999999999898,0.0010005499999999955,0.0010005499999999994,0.001000549999999999,7.0725503645483965,1.2212971144819704,7.485941561977677,0.1004345633985699,0.17709485096043365,-0.27037058655323515,-34.70294211892521,13.065441804773668,-22.82867723352769,1006.0999755859376,0.5651543242026923,43.5447362221438
2025-06-14T21:17:35Z,39.94602315040399,-75.16398566407649,58.968909053010634,32.187827934691946,181.15924050936212,0.5752072197847904,0.467810453182926,5.201228463987459,0.11121568407388412,0.0010000000019822549,0.0010000000028193312,0.0010000000021547057,0.0009999999979849964,0.0010000000021474407,0.0009999999972673584,0.00005600809800037293,0.000056010769274632826,1.0788983301820863,7.188605662798217,5.009374045676881,0.06406337381491192,0.0007104266204263539,0.0002560706976104397,0.0011880014625968267,0.001055999999999989,0.0010559999999999847,0.0010559999999999892,0.0010005599999999947,0.0010005599999999984,0.0010005599999999984,6.869150297878333,3.311009543177603,6.461037771938276,0.3340531226044328,-0.8055468740189061,0.09014531183443919,-33.44500147501628,5.165000184377035,-28.13375129699707,1006.0849914550781,0.1887528606296813,44.008508867314966
2025-06-14T21:17:35.600Z,39.94714250028712,-75.16279053997938,58.822371489168475,31.154620655015204,182.84167207238298,0.7267770292897983,0.3219291887845688,5.445376791627082,0.2172085467148218,0.0010000000022098389,0.0010000000026057444,0.00100000000212649,0.0009999999977577353,0.0010000000021825276,0.000999999997335023,0.00005700801261439472,0.0000570107777722562,1.0675781031194178,7.602057123865719,5.009610684808757,0.06147689844500252,0.00033166213728750947,0.0002681985257125386,0.0009943150143170941,0.0010569999999999892,0.0010569999999999855,0.0010569999999999892,0.0010005699999999938,0.0010005699999999992,0.0010005699999999975,7.614115940568849,4.687372120258373,5.429365920064678,-0.09312500103273917,0.42318750156159796,-0.06717794196560316,-38.36015772819519,-1.2843750603497028,-21.766407251358032,1006.0999755859374,0.6544336633573018,44.12395418861242
2025-06-14T21:17:36.800Z,39.94892457254499,-75.1602675965584,58.90704866456845,29.15829386274678,189.9534403178183,0.4282197170412788,5.597893119614908,5.725591052320234,0.9922514632059822,0.0010000000019400857,0.0010000000025337445,0.0010000000018994366,0.000999999997942188,0.0010000000021313704,0.0009999999970540091,0.00005800790127909266,0.00005801079766633071,1.280380394158811,8.860977103810638,5.087000810766616,0.08205634740550635,0.00027950224849120173,0.00021914268197554377,0.0010711261431004568,0.0010579999999999884,0.0010579999999999847,0.0010579999999999884,0.001000579999999993,0.00100058,0.0010005799999999964,7.421440975902255,2.6709876229736973,6.117181556461115,-0.5024624992983965,0.16371736029400058,0.6782347133186287,-32.058334562513565,4.2687501808007555,-31.97187656826443,1006.0799560546874,0.1742149640687459,45.47697577384779
2025-06-14T21:17:37.800Z,39.9501403359815,-75.15801531029709,57.504238384920555,26.057824243298924,199.67817924962122,-2.713913718974844,5.0163570603684935,5.520929237602874,1.2144993433820503,0.001000000002265025,0.0010000000023632394,0.0010000000017540182,0.0009999999983271465,0.0010000000019281614,0.0009999999970808449,0.00005900782044460774,0.00005901081630896499,1.4241440364186468,10.329754066956001,4.970253387157106,0.1217707757567646,0.00044200762532121415,0.00018842291566434298,0.0012393840197329217,0.0010589999999999886,0.0010589999999999849,0.0010589999999999886,0.0010005899999999937,0.0010005900000000009,0.0010005899999999965,9.655294570247731,3.404838391357581,6.176176770040072,-0.4841098623945338,-0.28872960240724654,-0.07903486542187527,-38.709376907348634,3.7771876454353333,-23.00625076293945,1006.094970703125,2.147689340217231,45.188117925861164
2025-06-14T21:17:38.400Z,39.95043293659271,-75.15653954570932,54.8404002091536,24.718475323011816,204.46451099586344,-8.573140912578724,4.805334857379379,5.603236984257756,1.058332068846016,0.001000000002390995,0.001000000002678284,0.0010000000015799313,0.0009999999985571362,0.0010000000021634832,0.000999999996677149,0.000060007781569745524,0.00006001082849148114,1.3771245654330027,11.001798275985239,4.704500906776934,0.13386729838903189,0.0003409301107538411,0.00021405145891694965,0.0011505011321387344,0.001059999999999988,0.0010599999999999843,0.001059999999999988,0.001000599999999994,0.0010006000000000012,0.0010005999999999956,5.133120814938244,5.830523867212064,4.695103166129659,-0.5513231272084673,0.2299106256327868,0.10555562188768239,-38.58651432238127,-8.435526621969123,-16.66381665279991,1006.0799560546876,-0.7330636395782476,42.8690522155016
2025-06-14T21:17:39.600Z,39.95141043715907,-75.15355759962614,45.33077716707406,22.20315536772928,212.10183026651447,-15.586139269404256,4.2667985471387375,5.269512760875014,1.4452120770481989,0.001000000002463875,0.0010000000027385496,0.0010000000014662109,0.0009999999982274847,0.0010000000022201132,0.0009999999965593174,0.00006100775995477477,0.00006101085553431184,1.6885431269664015,12.85469421879009,4.465793626427288,0.17583150844101111,0.0008721522780335863,0.00014779204056170116,0.001709236698356982,0.0010609999999999884,0.001060999999999985,0.0010609999999999886,0.0010006099999999947,0.0010006099999999999,0.0010006099999999955,7.252000365360836,3.5829918189551804,5.93887528482915,-0.23728687299643705,-0.18082937395789006,-0.31241000110323736,-35.586564254760745,4.373437690734863,-27.254063510894774,1006.074951171875,0.22374068141207631,45.03676194301644
2025-06-14T21:17:43.200Z,39.98115762942521,-75.14868011481282,19.239620794507047,3.4281163464665747,216.5781412251336,-24.667417519717816,4.784528397305498,5.586443731505807,1.7393097927883916,0.001000000002192785,0.0010000000030401133,0.0010000000014253746,0.0009999999986096578,0.0010000000027389436,0.0009999999970982,0.0000620074592615655,0.0000620109377465463,3.3752816405965147,19.16944057115052,4.407434270166997,0.23933019541625206,0.0003433474411279889,0.00008430078949306718,0.0011538338930605423,0.0010619999999999883,0.0010619999999999848,0.0010619999999999885,0.001000619999999995,0.0010006199999999994,0.001000619999999995,7.717608644271082,1.9213834342399339,5.95028358734832,0.20497499940307695,-0.09486666584981959,0.17441180551396157,-34.001251220703125,11.409375429153442,-28.508438777923583,1006.074951171875,0.12083462366363132,45.81468508354482
2025-06-14T21:17:47.800Z,40.02900258312079,-75.1426726495427,19.786698517505357,-9.637792094280837,210.14129667874138,-15.47243983180529,5.949644157560788,5.056710657720306,0.6289285863193115,0.0010000000022725602,0.0010000000028647653,0.0010000000020584673,0.0009999999989752783,0.0010000000028892657,0.0009999999979184739,0.00006300694003739539,0.0000630110608282225,4.012298972489511,24.7512887483954,6.951020093593037,0.19775951074131232,0.0005052374928935755,0.00018477657964918861,0.0014110290564137225,0.001062999999999989,0.0010629999999999852,0.0010629999999999889,0.001000629999999996,0.0010006299999999995,0.0010006299999999958,6.767071400489622,0.9770079408665422,7.410800334326674,-0.0075847225214628125,0.052456944747055104,-0.14119652704107655,-30.733224668000872,15.505263780292712,-29.26085632725766,1006.0799560546876,0.2723042774126296,45.1789490155141
2025-06-14T21:17:52.600Z,40.03263990101739,-75.12599474214899,27.630511392243292,10.584156040892893,196.64525233603416,-8.783106347208916,0.25357115192056856,4.991482205242648,1.1986558615160146,0.0010000000021300626,0.0010000000030390905,0.0010000000025536658,0.0009999999989020725,0.0010000000027796962,0.0009999999985071905,0.00006400680938725328,0.00006401121256275491,3.83317888077986,23.07928415342214,9.425010741740882,0.16325921509574223,0.0016316551825532573,0.000038707908539635256,0.00254603456866042,0.001063999999999988,0.0010639999999999844,0.001063999999999988,0.0010006399999999969,0.0010006400000000006,0.001000639999999995,7.244070906244137,0.5590382777669252,5.555132597079743,0.3638562464873309,-0.03790500008231245,0.11233437580823437,-22.49531316757202,8.232187843322754,-40.3800012588501,1006.0899658203126,-0.6624127825652668,46.950482116826
2025-06-14T21:17:53.200Z,40.030954980824774,-75.12302943697995,38.26514524177431,17.990079413653692,193.62187867511884,-8.390542438690508,0.0010664640062204994,4.9254335943054475,1.8522790708054484,0.0010000000024054886,0.0010000000029099243,0.0010000000024228684,0.000999999998876162,0.001000000002700901,0.0009999999982665006,0.00006500678248620992,0.00006501122923425582,2.3627553213140486,22.079361316500304,9.474522886899184,0.1258237512495785,0.002188571681451792,0.00004556588783167951,0.0031748988926205987,0.0010649999999999867,0.001064999999999984,0.0010649999999999867,0.001000649999999996,0.0010006499999999996,0.001000649999999995,5.250650249254677,1.2535206485395334,7.302059185249917,0.6480796010364043,-0.04144671102067694,0.3239414498001364,-16.077188301086426,6.547500228881836,-43.87125148773193,1006.114990234375,-0.727095932320084,47.18079762945815
2025-06-14T21:17:53.800Z,40.02845456172306,-75.12022373420244,41.32109642687449,23.183037729781738,192.62445648636793,-8.805491395054938,0.8087832399949223,4.965568657167624,0.6853151209333836,0.0010000000022246322,0.0010000000028726917,0.0010000000021022056,0.0009999999990947042,0.0010000000025432332,0.000999999997954275,0.00006600672918186617,0.00006601124378487265,1.78327386511635,21.575357158367677,9.445284198366137,0.10547414608764685,0.0012783027057567612,0.0000721580137123114,0.0022300369540671533,0.0010659999999999869,0.0010659999999999834,0.0010659999999999869,0.001000659999999996,0.0010006600000000004,0.0010006599999999944,6.428094016549566,0.7433937926989752,4.295178326008281,-0.6038171833593335,-0.10385859444681561,-0.41796015279566745,-21.48198610193589,4.520956039428711,-42.673898584702435,1006.094970703125,-2.0410493344828935,47.98928551170051
2025-06-14T21:17:54.800Z,40.022922830623266,-75.11549372542818,39.70873398647673,31.783052706997342,189.16109432919566,-9.299151334868611,1.2152400525089069,5.206814963570839,0.09148929430080874,0.0010000000025899307,0.00100000000311059,0.0010000000022932526,0.0009999999989879298,0.001000000002274508,0.0009999999981405553,0.00006700655486122853,0.00006701126089291986,1.5953820473347746,20.5246258817975,9.074167098508209,0.073637824344288,0.00020441698356017687,0.00011570224000723259,0.0012327723942562663,0.0010669999999999874,0.0010669999999999838,0.0010669999999999874,0.0010006699999999967,0.0010006700000000004,0.0010006699999999932,7.8670103778816864,-0.500905018883836,5.877192782399937,-0.16634013222616412,-0.05626052582282988,-0.3008657924543804,-16.16343812942505,4.8150001764297485,-37.62000160217285,1006.0999755859374,0.02548016075753443,41.22743381019369
2025-06-14T21:17:55.400Z,40.01630654907679,-75.11156190999091,39.92639058152636,36.303282236712725,187.0632176283366,-10.129522226173576,0.01976297258869729,4.920875345775072,1.432900955390657,0.0010000000022293157,0.0010000000028261597,0.0010000000019329488,0.0009999999992989104,0.0010000000024872537,0.0009999999981666395,0.00006800633794714813,0.00006801125819340898,1.3642585973779373,19.629947366248697,9.185194059815268,0.0669602661530585,0.002517766618181865,0.00005184453069726697,0.003507531639064736,0.001067999999999987,0.0010679999999999824,0.001067999999999987,0.0010006799999999968,0.0010006800000000012,0.0010006799999999942,5.26783027155935,1.9590100914606143,7.3810003191607105,0.1579118083949077,0.12979305510326597,0.917263194463523,-13.275000631809235,3.1359376460313797,-38.45625162124634,1006.0999755859374,-0.529694408027738,40.80366280030516
2025-06-14T21:17:56Z,40.008099134225944,-75.10720936212041,38.96782811093792,40.72330783022751,185.75413672822054,-11.325758773560773,0.16882172801056639,5.069742815006064,1.0786904845717353,0.0010000000022986103,0.0010000000026074618,0.0010000000017489278,0.000999999999225784,0.0010000000023327488,0.0009999999985384933,0.00006900604263472451,0.00006901124868125568,1.2179493033219624,18.87553348828148,9.311536057122686,0.06316106552943855,0.0008346790192236992,0.00006415960061909636,0.0018331820015872885,0.001068999999999986,0.0010689999999999814,0.001068999999999988,0.001000689999999996,0.001000690000000002,0.0010006899999999948,4.7299336132451115,1.0302417194012023,6.742216964931674,-0.33839749882300124,0.24180437146996084,-0.16100187527204995,-14.91875065697564,-0.27395833532015484,-41.0291682349311,1006.0999755859376,-1.5066836744019678,43.658130901793065
2025-06-14T21:17:57Z,39.99315031857646,-75.09982903370107,34.52178349874464,47.80451061690527,183.15221120954521,-10.950433773015762,6.044611854490205,5.337347907027678,1.4314361299058485,0.0010000000021605652,0.0010000000028250822,0.0010000000021577712,0.000999999998925324,0.0010000000021982522,0.0009999999982003795,0.00007000543494293017,0.00007001122666690045,1.2207743811724958,17.889630996846524,9.357875268778935,0.05784342287475358,0.00029643280563909955,0.00007073495949047319,0.0013424458722152343,0.0010699999999999865,0.00106999999999998,0.0010699999999999874,0.0010006999999999963,0.0010007000000000006,0.0010006999999999946,5.571387740013685,-1.3201094407837834,8.600497292516867,-0.10921249903451527,0.2699093768475533,0.20720937259268876,-10.209375321865082,-5.9789063930511475,-40.67695450782776,1006.0899658203124,0.5256516419841537,42.36258962465582
2025-06-14T21:17:57.600Z,39.976690269221095,-75.09308420301447,34.258890352297655,53.991919914244974,183.29141526304875,-10.689863176850483,6.131637572356958,5.344522687414422,1.6691586532550773,0.0010000000022359246,0.001000000002720102,0.0010000000022900653,0.0009999999985909349,0.0010000000022043344,0.0009999999978256705,0.00007100474366189719,0.00007101118199171054,1.1237688820387985,17.288745981127374,9.489690131346357,0.05713677397812599,0.0002706510847337534,0.00008359237612293966,0.0013371635632877944,0.0010709999999999871,0.0010709999999999797,0.0010709999999999871,0.001000709999999995,0.0010007100000000014,0.0010007099999999943,4.7593064775445315,0.3903031369419458,8.384515928266275,0.45693161059234605,-0.027626469487440835,0.2742264689891243,-4.941666867997911,-10.71666701634725,-40.59062703450521,1006.0999755859376,-0.15752988797413603,42.27128744258597
2025-06-14T21:17:57.800Z,39.96372896892199,-75.08847666428527,36.83771744102379,59.1960589107443,184.3177852768618,-10.208393534018702,6.130642532873464,5.336014899051889,1.6800155008784974,0.0010000000024535454,0.0010000000026008306,0.001000000002363062,0.000999999998352913,0.0010000000022547793,0.0009999999976703076,0.00007200420163160945,0.00007201113607264836,0.9620830479382783,16.91614850286458,9.501261237347526,0.054586052301731254,0.0002713290476415662,0.00009349656311497253,0.0013426600431864538,0.0010719999999999868,0.0010719999999999786,0.0010719999999999868,0.0010007199999999957,0.00100072,0.0010007199999999931,4.893433564607715,0.7104333617991162,8.306775470943279,-0.008610624677955188,-0.01804312572476163,0.09742249900320048,-5.784375238418579,-13.40625057220459,-40.40250110626221,1006.0999755859376,-0.13970712857436443,42.95979857304992
2025-06-14T21:17:58.200Z,39.95058819854438,-75.08338577359777,36.99659316657582,64.23267703818617,184.33445735393542,-9.946551455084396,6.013829996895234,5.2492099433966315,1.739785503717113,0.0010000000025745773,0.001000000002428522,0.0010000000027686115,0.000999999998244023,0.0010000000024494287,0.0009999999978474177,0.00007300361770777017,0.00007301109646004843,0.8902790789837861,16.489044877622682,9.481005453170187,0.05257464466602506,0.000341117136019099,0.00010412016918927172,0.0014116332774797482,0.0010729999999999865,0.0010729999999999783,0.001072999999999986,0.0010007299999999957,0.0010007300000000002,0.001000729999999993,5.053003126478546,-0.9140676914689884,8.352906379024162,-0.18789868378435295,-0.2197046042028814,0.07088355177873883,-7.7250002810829566,-12.029605765091745,-38.75230407714844,1006.0749816894531,-0.0018463717797667506,41.305253059239114
2025-06-14T21:18:01Z,39.87884712737292,-75.05633057281833,17.921137885203173,81.35258980795028,163.11751186943593,-12.548339998833761,3.7973180074135335,5.121204518938408,4.297057220382547,0.00100000000252159,0.0010000000020434427,0.0010000000024320418,0.0009999999986476384,0.0010000000028270908,0.000999999997934182,0.00007399964698161556,0.00007401089000486503,1.483068872674588,13.389580015046363,8.813677736001688,0.12204592140304199,0.00050761110485941,0.00009727194665992764,0.001763903322435997,0.0010739999999999858,0.0010739999999999784,0.0010739999999999858,0.001000739999999996,0.0010007400000000006,0.0010007399999999935,6.835934730408002,-2.504293856980845,7.934366034504983,0.14053332677328023,-0.5017673510788702,0.10381319162795961,-15.693750783016807,24.197369726080645,-30.159869344610918,1006.0999755859374,0.9644721156814258,41.730324817243236
2025-06-14T21:18:01.800Z,39.81395822639555,-75.03627378970211,20.068514249620694,91.21021062576649,160.84056830255523,-15.851430444163006,3.910704527770204,5.07842549267973,4.380466818564186,0.0010000000024670932,0.0010000000011773675,0.001000000002539093,0.0009999999986852117,0.0010000000030179644,0.0009999999977554689,0.00007499616590733447,0.0000750106464792882,1.4270376712857238,12.64614448993293,8.50452261954589,0.14955996292900742,0.00048498251582895167,0.00010148624321459961,0.0017433084864517956,0.001074999999999986,0.0010749999999999794,0.001074999999999986,0.0010007499999999962,0.0010007500000000008,0.0010007499999999938,5.012200219469728,0.16881001263280013,8.443960403439952,0.26548308599831677,-0.028014705684014363,-0.014297059625950976,-37.10294297162224,4.578308989019955,-22.833088706521426,1006.0899658203126,0.017240972378895842,43.80564802118683
2025-06-14T21:18:02.200Z,39.76646680763665,-75.02216326809284,24.247560525501566,96.85950008555457,160.67107479913224,-15.608002476289688,4.210299085619335,5.103009641404227,4.312284606441183,0.0010000000022782935,0.001000000000583285,0.001000000002575256,0.0009999999989120077,0.0010000000029216243,0.0009999999976983294,0.00007599368842338072,0.00007601047014776378,1.2602357082488855,12.362490270011172,8.301110982048405,0.15773656978113965,0.00037284488515323613,0.00010360308100448939,0.0016201052173066702,0.0010759999999999856,0.00107599999999998,0.0010759999999999854,0.001000759999999996,0.0010007599999999998,0.0010007599999999933,7.163611853083564,0.6138384958493857,8.210923452521499,0.6347742138220107,-0.04972656241361098,0.1758164032859821,-38.59922003746033,14.520703732967377,-23.641407132148743,1006.0999755859376,1.110045036494488,47.53590168624824
2025-06-14T21:18:03.400Z,40.074330307642796,-75.23979930671696,47.92151421705101,0.08890432569930212,0.9376969712586101,-6.7411721212836575,5.067774631903624,5.563352998632675,5.0766594430583005,0.00100000000125028,0.0009999999989031172,0.0010000000024098607,0.0010000000001697245,0.0010000000039161554,0.0009999999981190639,5.984087854490763e-10,5.984087286967914e-10,0.3689314126768023,0.03749539662655136,0.037420924891337456,0.10016103897276904,0.00006549587744400581,0.00007461838454802946,0.0008257269201570437,0.0010769999999999849,0.00107699999999998,0.0010769999999999847,0.0010007699999999967,0.0010007700000000002,0.0010007699999999933,7.694908245285165,-0.21558684770742817,7.890002956187032,0.3659462449859532,0.09650124579003352,0.620534384626403,-23.556563282012938,16.544063377380372,-39.410626602172854,1006.1099853515624,1.2427303878523257,48.80379331924009
2025-06-14T21:18:04.200Z,40.07433525070773,-75.23978885066933,43.181155058272296,6.405738360028247,1.290042161076999,-8.588110342877814,5.477289616451813,0.11036217997074346,5.486996247985487,0.0010000000014044376,0.0009999999988874538,0.0010000000021676493,0.0010000000001213305,0.0010000000040262765,0.0009999999978765521,1.0005984092111323e-6,1.0005984099275539e-6,0.5311591891303663,0.04055208373199826,0.07046407441512303,0.118611977668543,0.00004416543137543306,0.0000860735669851422,0.0008062338843263249,0.0010779999999999852,0.0010779999999999798,0.001077999999999985,0.0010007799999999976,0.001000780000000001,0.001000779999999994,5.039231007794817,-0.7440654205370901,9.05362360381839,1.0529924820262484,0.20946666577066764,1.9340741545378102,-5.416071670395987,7.733036075319562,-46.241519927978516,1006.1099853515624,0.60775883687345,47.19541348738694
2025-06-14T21:18:04.800Z,40.07435582107723,-75.23977718505022,39.35866789834404,11.763229554570868,1.8347207040592592,-12.46500226405003,5.640232063953216,6.242633112471912,5.3854702858139385,0.0010000000010820073,0.000999999999153691,0.0010000000019335274,0.0010000000000158478,0.0010000000037441487,0.0009999999977134265,2.000598410437575e-6,2.000598413897857e-6,0.6841797432269329,0.042589549013497645,0.1503944524414454,0.1301180692308285,0.000052695739809030215,0.00009373126074872003,0.0008185875597116926,0.0010789999999999847,0.00107899999999998,0.0010789999999999847,0.0010007899999999966,0.00100079,0.0010007899999999932,5.351932350974722,4.092725204468886,6.309157503398363,0.2755726542564758,-0.05436718692381229,-0.2874296836757287,-3.8916668229632907,-18.194792482588028,-44.41875118679471,1006.0849609375,-0.5502269759642433,48.15824034489185
2025-06-14T21:18:05.800Z,40.074410252160966,-75.23972885361097,31.489469892405744,19.183906175371288,5.871382357223364,-14.414960828537016,5.19704962541142,5.984184328497621,5.694773597900238,0.0010000000010849,0.0009999999985470845,0.0010000000022294994,0.0010000000000078997,0.001000000003991128,0.0009999999973257796,3.0005984155457183e-6,3.0005984366587625e-6,1.0347976229586944,0.06559493337617527,0.36006690239056477,0.1359416492371337,0.00007151433599333897,0.00009271844549600798,0.0008404153678321151,0.0010799999999999853,0.0010799999999999805,0.0010799999999999853,0.001000799999999997,0.0010008000000000005,0.0010007999999999933,4.132140182494035,1.2446800540296752,9.065910425820006,-0.4386716623703797,-0.4193758343296935,0.026115000538331,6.895673348353459,-6.774519516871526,-45.31154045691857,1006.10498046875,0.25959315497054436,46.33114958205229
2025-06-14T21:18:07Z,40.074470289153716,-75.2395773099196,24.243182345305996,25.602947192755767,14.181170699773626,-16.19654653340143,5.381157999174996,5.415559243771264,5.979708183668371,0.0010000000008266049,0.0009999999982769632,0.001000000002462205,0.001000000000089799,0.0010000000045605325,0.000999999997399333,4.000598418648491e-6,4.00059852156605e-6,1.441257842709951,0.18262118222165225,0.6656548928121624,0.12841052296353345,0.00016827330562571571,0.00008474284116347376,0.0009552766841054345,0.0010809999999999843,0.0010809999999999798,0.0010809999999999863,0.0010008099999999978,0.0010008100000000013,0.0010008099999999943,5.046922104596007,2.316181363703273,8.129694180724776,0.32220234540383474,-0.46746874584656717,-0.2967281181562027,-12.808594226837158,6.371484637260437,-42.64804816246033,1006.10498046875,0.06315426973402925,44.983411929282504
2025-06-14T21:18:07.600Z,40.074438745081274,-75.23944820461175,25.742514955956874,27.84894781385008,18.938511534192294,-15.822286337115331,5.171942118106167,5.368195834318952,5.969610749621999,0.001000000000836133,0.0009999999983379077,0.0010000000023985389,0.0009999999999507295,0.0010000000047074087,0.0009999999972750775,5.0005984032989165e-6,5.000598602644525e-6,1.3965864665507775,0.2896991722669338,0.8334626663936506,0.11441901477098373,0.00017896357429986952,0.00008845020217967183,0.0009660348235545409,0.0010819999999999842,0.0010819999999999808,0.0010819999999999873,0.0010008199999999982,0.0010008200000000019,0.0010008199999999947,6.296268152236112,3.3245001647149017,7.7963538807435615,-0.3782266656161253,0.00988083162447733,-0.016115834273280793,-19.908750788370767,0.6400000254313151,-37.915001678466794,1006.114990234375,0.7757101120732508,42.82885666391479
2025-06-14T21:18:07.800Z,40.074366270334146,-75.23939285963485,30.46864271487968,28.238481568042605,20.419953937428136,-15.376003785524071,5.286099063466685,5.398482567753478,5.836463894700232,0.0010000000005388147,0.000999999998514292,0.0010000000024863306,0.0009999999997032888,0.001000000004795546,0.000999999997152204,6.000598384077167e-6,6.000598637037339e-6,1.1744135213109823,0.3226877079891119,0.8907154091403198,0.10062390601639465,0.00015610730674106183,0.00009815917250658987,0.0009439369899176837,0.0010829999999999846,0.001082999999999981,0.0010829999999999883,0.0010008299999999977,0.0010008300000000012,0.0010008299999999942,3.8209472520483296,4.149888457019449,6.209159105410702,0.020095394794143198,0.5041749991696114,0.046538815804197955,-19.56907975046258,2.8450658823314465,-37.13190962138929,1006.1099853515624,-1.3938292521017501,42.06920161211666
2025-06-14T21:18:08.800Z,40.074302429888554,-75.2391090081806,24.096258940865226,32.85275482417129,26.17855429811869,-18.636624516059424,4.851901304185347,5.877542469513427,0.22604295781941564,0.0010000000003499894,0.0009999999982052022,0.0010000000020455755,0.00099999999964774,0.0010000000050151866,0.0009999999972363969,7.000598306935355e-6,7.000598881005255e-6,1.35279733232132,0.5204101315351173,1.2282923433113375,0.10399316791917301,0.00011189772993431193,0.00007756198809120723,0.000896165616774577,0.0010839999999999845,0.001083999999999981,0.0010839999999999884,0.0010008399999999972,0.0010008400000000007,0.0010008399999999937,6.272406168993243,1.219876516666215,5.177291376896784,-0.013013158564600245,-0.40401973576597844,0.7975203970546245,-21.223959075080025,-3.1687501668930054,-37.35104327731662,1006.1449890136719,-1.5594492967387397,43.0766001221241
2025-06-14T21:18:09.400Z,40.074066643663066,-75.23890510557182,22.924134874159776,34.918093010336385,29.264263217345498,-22.08714090585045,5.137451183657118,0.007140196517427283,0.06463671116973461,0.0010000000004137095,0.0009999999978941004,0.0010000000022321544,0.0009999999999718485,0.0010000000049654777,0.0009999999972588444,8.00059816044291e-6,8.000599095608988e-6,1.3021071348936648,0.6431596575761065,1.4226441103734295,0.09927468562918082,0.00009798844721969981,0.00009027788611081033,0.0008957678825519336,0.0010849999999999844,0.0010849999999999807,0.001084999999999988,0.0010008499999999976,0.0010008500000000013,0.001000849999999994,5.4158752431866,2.473203251304037,3.84582516753469,0.46135902855828864,0.5243569442314753,0.7094013893367005,-16.03223745446456,-8.83914505807977,-43.314475210089434,1006.1299743652344,-2.695990264349452,47.02448418555047
2025-06-14T21:18:09.800Z,40.07377046684305,-75.23875214381671,23.48545782697341,36.53584398129708,33.48778300735194,-23.739375404798846,5.158593308604714,0.6029547833128228,6.251382886436829,0.0010000000006349596,0.000999999997708166,0.0010000000018412678,0.0010000000000780255,0.0010000000046810308,0.0009999999968802469,9.000597982299066e-6,9.000599272890848e-6,1.1828160331430477,0.8457440135846482,1.5906559373445845,0.10057264480034217,0.000153492141367412,0.00010175064178929351,0.000974954231271715,0.0010859999999999837,0.0010859999999999817,0.0010859999999999871,0.0010008599999999975,0.001000860000000001,0.0010008599999999938,5.450529657139084,2.658288336251065,10.386403516206192,0.13563157825606112,1.02520591536452,1.519851298385149,-13.671710968017578,-12.353290106120863,-44.133553755910775,1006.1499938964844,2.2426867196993046,47.825570253895826
2025-06-14T21:18:10.400Z,40.07335655532038,-75.23849573955366,18.92880987384911,38.07460015095295,38.73180983045835,-27.262737498794763,5.705373874985636,0.6325512255306707,0.48875893487238065,0.0010000000005905567,0.0009999999980722892,0.0010000000016233074,0.001000000000041971,0.0010000000043155015,0.0009999999965736456,0.000010000597680719372,0.000010000599595908093,1.1769718984216746,1.1520399392026093,1.7661485130499053,0.10855595489781464,0.00020815518678821493,0.00009026179357159877,0.0010047353301695324,0.0010869999999999832,0.0010869999999999823,0.0010869999999999862,0.0010008699999999977,0.0010008700000000014,0.0010008699999999944,4.871075229882559,2.4513313492559465,8.030319230793065,0.42871176391130944,-0.491883084566576,0.5821374940219689,-1.6488281940110028,-13.77890682220459,-47.8675799369812,1006.1499633789062,-0.07829438974813192,49.83850979014376
2025-06-14T21:18:11Z,40.07269876309119,-75.23821298836187,14.204365092113793,40.43662005217299,42.37183748688465,-29.120368853158244,5.697055713819657,0.7212907998764981,0.29250566990264126,0.0010000000006619688,0.0009999999982088963,0.0010000000013626748,0.0010000000001780575,0.0010000000041489843,0.000999999996759992,0.00001100059720042373,0.000011000599996038799,1.1785441083364976,1.417046446107147,2.030758631899062,0.11627816986688937,0.0002555756841296442,0.00010324990814632711,0.0010653065602395674,0.0010879999999999833,0.0010879999999999833,0.0010879999999999868,0.0010008799999999967,0.0010008800000000004,0.001000879999999994,4.733491878085076,0.0035583355777202225,7.434433652664257,0.19437985966433194,0.33433958117563445,-0.1114583326278967,-1.112171103295527,-21.448026857878034,-46.517764242071856,1006.1099853515626,-0.9721576230045308,51.23623688706213
2025-06-14T21:18:11.400Z,40.0719286682526,-75.23801368156754,13.879216764051346,40.85320766234969,45.148735698084195,-30.078983657226832,5.498362117336093,0.585519414311637,0.19023785955895262,0.0010000000006870088,0.0009999999985558354,0.0010000000012246742,0.001000000000372503,0.0010000000043726186,0.0009999999965518273,0.000012000596649800684,0.000012000600310195456,1.1047077501843197,1.650014997918316,2.1368893839050793,0.11878666563235965,0.00021796017121998457,0.00011627172942558027,0.0010320932794157336,0.0010889999999999832,0.0010889999999999832,0.001088999999999987,0.0010008899999999973,0.0010008900000000008,0.0010008899999999947,3.655117831958782,3.293538364692684,7.1748326081655005,-0.367215966642081,-0.03904166532639975,-0.35366458242807636,4.037171225798757,-18.896053414595755,-47.563817475971426,1006.1300048828124,-1.0862114906160072,51.338787561490335
2025-06-14T21:18:12Z,40.07089261547685,-75.237695146917,8.742567177121286,42.54753010154541,48.29581829157643,-30.386911186996663,5.94406021457492,0.2807345220727809,0.2219087660783393,0.0010000000008746062,0.0009999999983363085,0.0010000000013592183,0.0010000000004654667,0.0010000000044527724,0.0009999999968315393,0.000013000595813269955,0.000013000600858085118,1.1372053980041135,1.9638877981784817,2.3792527146633664,0.12759793019691854,0.00017691867862776957,0.00012302511999736848,0.00098492422101957,0.0010899999999999827,0.0010899999999999827,0.0010899999999999866,0.001000899999999998,0.0010009000000000014,0.0010008999999999951,3.550158494418835,1.5057250662394235,7.477550434111325,0.7363039400887529,-0.41433223918988155,-0.24971578890681528,0.04406250193715096,-8.929687881469727,-49.60875205993652,1006.1399841308594,-1.3730146304421489,50.40599599325584
2025-06-14T21:18:12.400Z,40.06973597834239,-75.23747746446335,9.149089191824864,43.67478264008007,49.52669662524561,-29.91806258999883,5.888901800180931,0.1605340745898426,0.22622927213654778,0.0010000000007828586,0.0009999999981420494,0.001000000001589089,0.0010000000005459925,0.00100000000424297,0.0009999999966748732,0.000014000594886063617,0.000014000601281616292,1.0845799984312114,2.140974004047055,2.570324253665133,0.12665755879065105,0.0001768747970563109,0.0001315112176948225,0.000984974287988491,0.0010909999999999824,0.0010909999999999824,0.001090999999999986,0.0010009099999999977,0.0010009100000000011,0.0010009099999999942,5.29300024413975,2.0764101018922276,5.347460245131087,-0.21710657782585488,-0.1811611798565855,-0.11159342395491505,-5.492708577050103,-20.30833413865831,-46.74479293823242,1006.125,-1.9812472537682622,51.26079151857862
2025-06-14T21:18:13Z,40.06827882111675,-75.23713395410067,5.388592106425904,44.95724432089365,51.27731751253068,-28.640757425526598,6.067309239018618,0.2329758617173768,0.3581026527659066,0.0010000000005943497,0.0009999999983208818,0.0010000000014964347,0.0010000000003823342,0.0010000000046741292,0.0009999999965695993,0.000015000593548536139,0.000015000602013334947,1.1344370281905305,2.417288700470127,2.81288289670548,0.1295272494203289,0.0002004712455425391,0.00013221247051853813,0.0010079710020903232,0.001091999999999982,0.001091999999999982,0.001091999999999986,0.0010009199999999976,0.001000920000000001,0.0010009199999999937,3.8064418571252414,1.3324333962882926,7.432058632743094,0.19095763906409383,0.1347888887697414,0.22715069328912144,-3.9917764538212825,-10.483224115873638,-49.253291280646074,1006.1499633789062,-1.3310254655193496,50.51449140779105
2025-06-14T21:18:13.400Z,40.06676532188006,-75.23690151358122,7.3718308943741295,45.760116341040074,51.81436286585508,-26.026666206025624,6.18867238613734,6.234616360564243,0.33758000326217513,0.0010000000005460506,0.0009999999984067081,0.0010000000015291904,0.0010000000002050424,0.0010000000048745687,0.0009999999969633245,0.000016000592122134062,0.000016000602570033495,1.088174754318736,2.601740881748113,3.0118520052558937,0.12599171932245962,0.00019468695041808897,0.00014169729901693917,0.0009963213909065668,0.0010929999999999814,0.0010929999999999814,0.0010929999999999853,0.0010009299999999975,0.0010009300000000012,0.001000929999999994,4.944517848519124,1.2415294693795336,8.523826891280528,0.2132249966657312,-0.588636801108425,-0.19964930460507357,-1.6156250635782878,-13.58750057220459,-49.48958545260959,1006.1499633789062,0.14516743649437558,51.3463170361114
2025-06-14T21:18:14Z,40.06499415213741,-75.23653799384556,6.202796207465939,47.230819329379344,52.06835620216805,-23.45154400336024,6.148730328492096,0.14255617034653167,0.5215108054796254,0.001000000000152611,0.0009999999985101115,0.0010000000014538759,0.0010000000004349145,0.0010000000048200068,0.0009999999968698168,0.000017000590149115123,0.000017000603521394095,1.1409429795698585,2.815733112195502,3.3159320502367793,0.12323768474534466,0.00021899149148980277,0.0001380432392653918,0.001026699949489078,0.0010939999999999806,0.001093999999999981,0.0010939999999999847,0.0010009399999999975,0.001000940000000001,0.0010009399999999938,4.701366013275404,-0.03262631931506367,8.212787229436048,-0.1577637482660079,0.3787681216101777,0.3226818741106061,-1.7465625774115323,-9.061875343322754,-50.403752136230466,1006.1549682617188,-0.3236335714027946,51.241595354446915
2025-06-14T21:18:14.600Z,40.0629639486379,-75.23616633557826,6.902199600887963,46.93059908394249,51.63508406574911,-21.16830633737889,0.07984430232680625,6.188631934019371,0.5883429175640587,0.0010000000003853376,0.000999999998751862,0.0010000000016923498,0.001000000000615243,0.0010000000047973685,0.0009999999965990241,0.000018000587574485137,0.000018000604611653478,1.177374217790083,3.0010721195324486,3.4532700150468765,0.11366812437499252,0.00022490964210935272,0.00014050926307607257,0.0010185974430856168,0.0010949999999999816,0.0010949999999999816,0.001094999999999985,0.001000949999999997,0.0010009500000000005,0.0010009499999999933,2.3427179582458058,0.9427786255578907,7.5149325940253835,0.2928276795399948,-0.31088571394184716,0.06486249984581648,3.180803733212607,-9.387053898402623,-50.894198826381135,1006.1549682617188,-1.8589742044513513,51.85025077360504
2025-06-14T21:18:15.200Z,40.060732169720815,-75.23579170794795,8.769733563532581,47.32418612318264,49.701789901844045,-18.965916856649564,0.22155178322376834,6.145791973992403,0.3635169653701957,0.0010000000003710925,0.0009999999990171887,0.0010000000018035777,0.0010000000006639583,0.0010000000048840608,0.0009999999967799673,0.000019000584323186216,0.000019000605842924322,1.1936746513819,3.0609048698774663,3.6737136132715085,0.09971982246870828,0.00021257452307455382,0.00016492597105088934,0.0010284142180209473,0.0010959999999999818,0.0010959999999999818,0.0010959999999999857,0.0010009599999999963,0.00100096,0.0010009599999999926,3.373883492787294,-0.06668333558199498,7.4598170456339545,0.11672750103784665,-0.0472962510112218,-0.4087562468325237,1.618125069141388,-9.846562910079957,-49.676252365112305,1006.1349792480469,-1.5990429685664451,50.66851129460631
2025-06-14T21:18:15.600Z,40.0586775421224,-75.2355416614834,13.442607745139224,46.90759339718786,47.53353991258862,-16.45887557288557,0.2656182506290007,6.111220426039772,0.21659892525934613,0.0010000000003099283,0.0009999999987981875,0.0010000000014587277,0.001000000000453165,0.0010000000045480453,0.0009999999969309175,0.000020000581078776352,0.000020000606747905765,1.112492386884495,3.068685998302845,3.7840659537446637,0.08563885517575172,0.00020199774380370703,0.00018897207483899772,0.001038545647297056,0.0010969999999999812,0.0010969999999999815,0.001096999999999985,0.0010009699999999966,0.0010009700000000003,0.001000969999999993,2.786489614988257,0.7446263727273228,9.01972409579448,-0.059671249449917,-0.0958818733498866,-0.3879937445004867,3.1940626382827757,-13.179375505447387,-49.299377632141116,1006.1349792480469,-0.31668063419493914,51.13043536782611
2025-06-14T21:18:16.200Z,40.0564646789129,-75.23517769583847,15.263269625877363,46.59535001560238,44.16798454304405,-14.384839499115625,0.2998919845457499,6.079045838187114,0.05961750150447109,0.0010000000005999776,0.0009999999989374246,0.0010000000011931736,0.0010000000003499284,0.0010000000048787448,0.0009999999968547484,0.000021000576694398408,0.000021000608230936562,1.1150107919944399,2.9953263915658455,3.936064282331975,0.07082846440401992,0.0001889930263842139,0.0002157901085050787,0.0010493957659586089,0.0010979999999999807,0.0010979999999999812,0.0010979999999999846,0.001000979999999996,0.0010009799999999994,0.0010009799999999916,2.739130138396907,-0.21966000542917868,9.294390446979335,-0.06826327951810002,-0.08398124856537527,-0.2644929654274178,2.956640735268593,-9.451172113418579,-49.49414277076721,1006.1449584960938,-0.09381101684249207,50.4750574555473
2025-06-14T21:18:16.800Z,40.054015856844565,-75.23481552687588,17.269825202593402,46.141478017194615,41.703615948469384,-13.637198935985989,0.4750907996708622,6.0351275440740295,0.011102881621541992,0.0010000000007863719,0.0009999999985667153,0.0010000000014258224,0.0010000000003465544,0.0010000000050154445,0.0009999999967917213,0.000022000570905144756,0.00002200060986813198,1.1006175007885444,2.9974095831638623,4.073523070767815,0.06131200638191146,0.0001901128660563558,0.0002304964028596241,0.0010593371582797448,0.0010989999999999815,0.0010989999999999815,0.0010989999999999852,0.0010009899999999959,0.0010009899999999996,0.0010009899999999924,2.8787167870727473,1.4635667109235158,7.027216891817384,0.2053187454927111,-0.06573194880691943,-0.07295832890454321,2.7525001049041746,-14.82750062942505,-48.6075023651123,1006.1399841308594,-2.0518498398766427,50.89317393717628
2025-06-14T21:18:17Z,40.05200260023135,-75.2346720850721,22.607090204322354,45.467812201568435,39.98049883431597,-12.246148196408368,0.4481667938421639,6.075268425179324,0.0011646309287183477,0.0010000000005589982,0.0009999999983654473,0.001000000001238824,0.001000000000764494,0.0010000000048772668,0.0009999999966180742,0.000023000566188560534,0.00002300061044806682,0.9588638497754731,2.987689026526791,4.124946397375222,0.054599594190377757,0.00019051530426288224,0.00024129399232996883,0.0010714856665683275,0.0010999999999999806,0.0010999999999999823,0.001099999999999984,0.0010009999999999952,0.0010009999999999989,0.0010009999999999915,3.43382519520575,1.9252250761205383,8.747008728025918,-0.2978968732285984,0.22346187287067498,-0.19785187600232207,2.3325000643730163,-16.043438386917114,-48.52125186920166,1006.1099853515624,-0.19330098830818943,51.15798240271605
2025-06-14T21:18:17.400Z,40.050059743667795,-75.23443185748428,24.613404142724058,45.27180332303912,37.406388827655384,-11.654695783563428,0.5042455231000766,6.080036243894365,6.250455495216725,0.0010000000004886922,0.0009999999984793555,0.0010000000013847116,0.0010000000007602014,0.001000000004630018,0.000999999996793678,0.000024000560603451275,0.00002400061166580154,0.9073822966159952,2.9105703609958566,4.248452489175057,0.049932761702579875,0.00019218796471276504,0.0002545561668735003,0.0010829588802160174,0.0011009999999999796,0.0011009999999999824,0.0011009999999999833,0.001001009999999996,0.0010010099999999997,0.0010010099999999923,3.5008913325135866,0.1844176547613782,8.429476777692566,0.06130921077612608,0.0028717103779168224,-0.1099506566392652,5.040789654380397,-12.23782955972772,-49.08454152157432,1006.1449584960938,-0.6556287643031345,50.837595246182836
2025-06-14T21:18:18Z,40.04765806955856,-75.23408931106181,24.461940925198764,44.344824882133665,34.267082647756794,-11.516356852036429,0.7464714012979984,6.017358644406284,5.975503331959091,0.0010000000006868959,0.000999999998452964,0.0010000000012710209,0.0010000000007147672,0.00100000000436395,0.0009999999965065235,0.000025000552029816347,0.000025000613627058845,0.9116111013168402,2.8198627379935064,4.342314889003756,0.04568252145944539,0.00017915784061777937,0.00028720125195930927,0.001098033008067292,0.0011019999999999786,0.0011019999999999812,0.001101999999999984,0.0010010199999999946,0.00100102,0.0010010199999999929,2.781870741450999,1.6118971436459657,8.094579820519353,0.263564472592999,-0.33706447358343444,-0.33281644426828283,4.4781252013312445,-11.810417069329155,-49.10000228881836,1006.1199951171876,-1.0749301846672057,50.69856641988272
2025-06-14T21:18:18.600Z,40.04466869135265,-75.23373760926397,24.259232217743794,43.53473741997827,29.64122758836089,-11.879845260965862,0.6206632800273527,6.169906414620605,5.99969017735037,0.0010000000009396449,0.000999999998525582,0.0010000000013857544,0.0010000000008534972,0.0010000000041083964,0.0009999999960084783,0.000026000539558500413,0.000026000615744666414,0.9055858741763255,2.6084502717796982,4.479035083275866,0.04840625363379068,0.00017790904758330212,0.0002946003841845076,0.0011141229011296294,0.0011029999999999777,0.0011029999999999805,0.0011029999999999844,0.0010010299999999952,0.0010010299999999995,0.0010010299999999924,4.069109016754361,-0.394300023585764,8.81980341787772,-0.24048157735632547,0.2479618413400773,-0.15609276277967626,2.3220395414452804,-10.978618822599712,-49.04408103541324,1006.114990234375,-0.06286070980760596,50.31141737754406
2025-06-14T21:18:19.200Z,40.04104908926913,-75.23336954950062,24.01933115272374,42.20252816115747,26.449303200232695,-11.479872112179226,0.5779616335221117,6.198267199094733,5.876939021245515,0.0010000000004975903,0.0009999999988224734,0.0010000000012171557,0.0010000000011028145,0.0010000000037569735,0.0009999999959039237,0.000027000521999726212,0.000027000618020971912,0.8968007599528041,2.5307470902062685,4.618387318825169,0.05351065680262958,0.00017894574316905214,0.0003087832422221527,0.0011291426788155982,0.0011039999999999772,0.001103999999999981,0.0011039999999999846,0.0010010399999999958,0.0010010399999999993,0.0010010399999999921,2.949612656771197,1.3105438167020522,9.22162847423415,-0.11809934237841573,-0.04520263158862408,-0.22225920711764421,6.051316060517964,-12.000987404271177,-48.32269949662058,1006.125,-0.013507721801848534,50.1569568683638
2025-06-14T21:18:19.800Z,40.03676977624027,-75.2329761624102,24.048170362046825,40.38676819294497,22.385069161679326,-10.7831252549989,0.3231987052430169,0.03404731458004798,5.734834505168839,0.0010000000008098672,0.0009999999986642165,0.0010000000010800631,0.001000000000798309,0.0010000000039456346,0.0009999999956729272,0.00002800049800935268,0.000028000620450668307,0.8926121706142087,2.404144222706815,4.765927972545408,0.06786476906124551,0.00018505257618959653,0.00031812383044195074,0.0011516379673285565,0.001104999999999978,0.0011049999999999816,0.0011049999999999856,0.0010010499999999947,0.0010010499999999983,0.0010010499999999912,3.749178307294348,-1.4287094304549839,10.56432555818436,-0.4671861062060894,0.1245298603495473,-0.33478888448911587,5.252083513471815,-3.300000121196111,-49.948960622151695,1006.125,1.5173872219077658,50.33257337540899
2025-06-14T21:18:20.400Z,40.03188900083053,-75.2325491917598,24.438542901348157,38.46474219719144,20.546693541263156,-10.03813621079703,0.4484938186162119,6.2439239141771585,5.72792637607033,0.0010000000006236789,0.0009999999988608182,0.0010000000005357893,0.0010000000006962328,0.0010000000040039333,0.0009999999959869063,0.000029000466377475457,0.000029000623030608502,0.9004492605833703,2.4014172597062804,4.960732590909319,0.08003344503777832,0.00019461767011445555,0.0003226848790176932,0.0011582606698562542,0.0011059999999999774,0.0011059999999999813,0.0011059999999999848,0.001001059999999995,0.0010010599999999985,0.0010010599999999913,3.0484685423993496,0.5552158142671014,9.431276826154734,0.19771500052897517,-0.05856437364428916,0.018229375226093594,8.086875391006469,-5.390625214576721,-48.06281433105469,1006.1399841308594,0.14433016253182876,49.03555383996914
2025-06-14T21:18:21.400Z,40.02493960454297,-75.23187911154236,22.93401266270982,34.72498019880452,17.975586840297535,-9.006631927054796,0.38914102562416447,6.277771783447783,5.8259453019010925,0.001000000000205898,0.000999999998898498,0.0010000000007795431,0.0010000000004405346,0.001000000003893968,0.0009999999957258495,0.000030000410190001066,0.000030000627688163403,1.0528685417982413,2.4217249943378794,5.211185470485239,0.10628721823421247,0.00020631058617782646,0.00031864684833710235,0.0011779907205154508,0.001106999999999978,0.001106999999999982,0.0011069999999999858,0.0010010699999999958,0.0010010699999999993,0.001001069999999992,2.612085848943904,-0.0705785683169213,9.849211143493116,-0.04887426406368109,0.1315338215472348,0.06419926383616145,10.410937905311584,-8.92265659570694,-46.626564502716064,1006.125,0.4073625117404503,48.6007511852483
2025-06-14T21:18:22.800Z,40.01497345078546,-75.23085720997156,22.84410748633445,29.351454282033007,16.941840422492263,-7.080182177045723,0.301790199923096,6.275672028031146,5.723313751913595,0.001000000000500178,0.0009999999988641812,0.0010000000005367293,0.0010000000004858163,0.001000000003803217,0.0009999999955223264,0.00003100030728187782,0.00003100063485866427,1.4262747626526946,2.5487184888133845,5.630659100225382,0.1473117748540724,0.00021332988444117086,0.00030243076597269615,0.0011977613951471896,0.0011079999999999786,0.0011079999999999825,0.0011079999999999862,0.001001079999999996,0.0010010799999999997,0.0010010799999999925,2.7477817187056237,-0.338894748699191,9.744263551410096,-0.03780416657116022,0.04368749949526145,-0.06966597218218529,10.72105302308735,-8.788816251252827,-46.687501405414785,1006.1300048828124,0.347541549104794,48.70217773762344
2025-06-14T21:18:30.400Z,40.002276930636235,-75.23733502169216,51.33176046875042,19.995663248310798,-213.10418416985323,4.288385504020468,1.3164001101259768,6.234952352748408,0.08410490773169671,0.001000000000202966,0.0009999999989652427,0.0010000000004871626,0.0010000000006649109,0.0010000000040277525,0.0009999999957256934,0.00003200027469794041,0.00003200070117473393,4.925107587461753,63.77860926718792,10.442861968528755,0.4051478229769998,0.000017867634952962628,0.0002686241099820464,0.0011647655497726281,0.0011089999999999791,0.001108999999999983,0.0011089999999999867,0.0010010899999999957,0.001001089999999999,0.0010010899999999918,6.56268163973043,3.6791939122390183,7.163056688546598,1.5425520807897162,0.8346486111841317,0.58358124929452,-51.50735518511604,23.039339065551758,-29.242280511295093,1006.1149597167969,0.624488354185567,63.55252399868333
2025-06-14T21:18:35.400Z,39.996179733577044,-75.2519383317589,21.944044016604607,-89.23193707474039,-215.26555138283453,-68.73532552946777,2.156075818438458,0.904192476476039,5.7747177351301,0.0010000000003446573,0.0009999999991671033,0.001000000000222651,0.001000000001332467,0.001000000003634879,0.000999999996079044,0.000033000289468601564,0.00003300074772851429,4.4569320399264,64.95781099898636,1.4706710026523715,0.8993364872971632,0.00004036826413621812,0.00018500895283781225,0.0011836803332860668,0.001109999999999978,0.0011099999999999825,0.0011099999999999864,0.0010010999999999965,0.0010010999999999991,0.0010010999999999922,-6.681526582818485,-3.3688396375545393,8.584668789712518,0.8062118382698237,-0.39650789093119193,-0.3184151305164553,-16.480263910795514,29.316119746157998,-14.242105835362485,1006.1300048828124,1.623286072993236,36.522155604886386
2025-06-14T21:18:40.400Z,39.934319611971105,-75.2742902777762,-11.545191170337262,-166.4345681420555,-233.59406749767047,-73.48742637088318,5.271075024627923,0.46370443967814423,3.105769854844728,0.0010000000003367782,0.000999999999020061,0.0010000000003547696,0.0010000000018065976,0.0010000000031719272,0.00099999999668639,0.00003400021691552547,0.000034000759864323284,4.430912087610466,81.80218790926945,1.7782992756584683,0.2090099183643822,0.0001659181699009633,0.00005359247044691556,0.0013110880596267798,0.0011109999999999777,0.0011109999999999814,0.0011109999999999861,0.0010011099999999954,0.001001109999999999,0.0010011099999999917,4.208266874524937,0.4513916896958369,9.076175458272076,-0.2289612490920636,0.06337062369296055,-0.576320627908958,5.1450001955032345,-13.21593804359436,-42.292501831054686,1006.0849609375,0.2473911992593432,44.60698639155138
2025-06-14T21:18:45.400Z,39.84331171463681,-75.30548390292219,-53.21298323924145,-128.28795336318188,-221.19541414953022,-52.935758938446114,0.46532355008934323,5.543190309547351,2.8160693191522537,0.0010000000004399367,0.000999999999575143,0.000999999999704482,0.0010000000029032935,0.0010000000036482677,0.0009999999973312266,0.0000350001094947406,0.00003500077622013387,3.892181433934571,97.2691114060646,3.084684743766891,0.1118992650602871,0.00015292597338161656,0.00004635666566389912,0.001218293314419308,0.001111999999999977,0.0011119999999999806,0.0011119999999999863,0.0010011199999999942,0.0010011199999999986,0.0010011199999999908,-5.647194345811171,0.9885853330117096,7.758068012237194,0.20602434041797835,-0.29801447526408215,-0.3632184191846337,6.46666697661082,22.3208343717787,-44.27187644110786,1006.10498046875,-0.11927679879711163,50.00031408316355
2025-06-14T21:18:50.400Z,39.716073711359726,-75.35165897561112,-82.49703080079104,-56.999835216463765,-223.9219850443793,-58.1479077754491,0.7154295947145258,6.066494202112992,2.2156424888867243,0.0010000000009215788,0.0010000000011678146,0.00099999999799402,0.0010000000052151636,0.0010000000050356004,0.0009999999979579492,0.00003599994559433213,0.00003600081692552033,3.613702069891634,117.30604516589956,10.115674415329643,0.16770877616337093,0.0001442706627975704,0.00003714715676240313,0.0012256929874036536,0.0011129999999999762,0.00111299999999998,0.0011129999999999866,0.0010011299999999937,0.001001129999999999,0.0010011299999999903,-7.441108670129156,0.320658349285948,6.895991994646156,-0.10270874875329189,-0.06605812388278291,-0.1737068738985196,-15.357188081741333,15.113438081741332,-28.906876182556154,1006.1649780273438,0.386668751828126,36.053613963837385
2025-06-14T21:18:55.400Z,39.603061004982756,-75.3999047586155,-60.34083284911026,-22.018536796104506,-233.5078443174024,-22.572902409547105,0.39102149327676405,0.00803396017749336,2.520359789000024,0.001000000001102732,0.0010000000033637646,0.000999999995491407,0.001000000008098367,0.0010000000070416774,0.0009999999987346682,0.000036999854611762674,0.000037000899077283975,3.697878516595974,125.76056340059303,16.46349219783525,0.12548788488329998,0.00014372570338042252,0.00004272391944355118,0.0012257886682786518,0.0011139999999999755,0.0011139999999999794,0.0011139999999999867,0.0010011399999999937,0.0010011399999999982,0.0010011399999999902,-2.814426592771666,4.107129613538585,8.70718856183421,-0.0005947368495163741,-0.001050657899497953,-0.0011157894710146967,-3.375000138031809,34.42993585686935,-38.948685897024056,1006.1900024414062,0.2674670812307479,52.09420291959946
2025-06-14T21:19:00.600Z,39.53244466369793,-75.43524686924249,-10.17020247815978,-14.788984792204385,-246.77103391640074,-5.498042251928968,0.18017534446183683,0.0841385566511973,2.650400080860464,0.0010000000013298766,0.0010000000043716868,0.000999999994467051,0.0010000000093435333,0.0010000000080299895,0.0009999999989817455,0.00003799978735906856,0.000038001040234419194,3.587659950404502,127.85425235510625,21.00775748010704,0.06536957466878633,0.00013926524183527808,0.000051331862454238127,0.0012292598753043886,0.0011149999999999765,0.0011149999999999782,0.0011149999999999875,0.0010011499999999928,0.001001149999999997,0.001001149999999989,-2.048447148492457,2.91136481946721,9.396685611953757,-0.0007169117743382141,-0.000587500009276895,-0.0011698529389907153,-4.660416815016005,44.28333494398329,-35.019793616400825,1006.199951171875,0.286219161565985,56.64903761584975
2025-06-14T21:19:05.400Z,40.07442871929758,-75.23999502896757,52.714473049704274,20.69284261074067,-59.026459583928656,4.6643135475879705,0.6886192275036801,0.4427091531719576,2.8750539180213095,0.000999999997221856,0.0010000000065880804,0.0009999999918421203,0.0010000000125607955,0.0010000000147520258,0.001000000000597058,1.3272513204299447e-9,1.3272513348239983e-9,0.5096833236107898,2.1474738777121933,1.729688286846355,0.0186473588861509,0.00008698685036778867,0.00004458285079129343,0.00010119748933156622,0.0011159999999999775,0.0011159999999999775,0.0011159999999999879,0.0010011599999999923,0.0010011599999999966,0.0010011599999999888,-2.5581167601492725,2.632450110749006,9.337500499730874,-0.0010506579038058808,-0.0008190789563787632,-0.0008190789473304824,-3.517500114440918,46.07062664031982,-35.1525016784668,1006.199951171875,0.2587196937332126,58.05659245662722
2025-06-14T21:19:10.600Z,40.07404511249081,-75.24291366609569,64.97395357305004,18.870188134715747,-36.905633970900844,0.8016601127566354,0.6885542077707023,0.4398140535370947,2.861984600120521,0.000999999997250669,0.0010000000066184627,0.0009999999918551624,0.0010000000126607462,0.001000000014478445,0.0010000000004703608,1.0013280482255712e-6,1.0013295470909218e-6,1.2115672118415701,2.0621555710815596,2.412009933064072,0.041445264653236,0.00009306709398401908,0.00005472860918510419,0.00011014581346982378,0.0011169999999999767,0.0011169999999999767,0.001116999999999988,0.0010011699999999922,0.0010011699999999957,0.0010011699999999885,-2.555303243753516,2.6320157667332573,9.335609900005869,-0.001088970600313972,-0.0010889706025052023,-0.0009595588243455756,-3.4113972046796017,45.75551627664005,-35.06801627664005,1006.2099609375,0.2540044809263529,57.74915414753642
2025-06-14T21:19:15.400Z,40.074142651036965,-75.24434278050886,58.615641554339184,17.695173821813057,-16.025219354075308,-2.723657566831705,0.6885169609782636,0.43851218018489396,2.8501800989140027,0.0009999999971508741,0.0010000000064317165,0.0009999999918434265,0.001000000012657719,0.0010000000147352376,0.0010000000005020086,2.001330021186188e-6,2.0013363518617722e-6,2.4372654726091434,2.254091891078749,2.947190541088573,0.08211730824751454,0.00007925762046466988,0.00006448257722438034,0.00011478113289043649,0.0011179999999999769,0.0011179999999999769,0.001117999999999989,0.0010011799999999913,0.0010011799999999947,0.0010011799999999878,-2.5826417800028114,2.6350667546523985,9.330483787968621,-0.0011302631698496303,-0.0013835526439790766,-0.0008118421067530502,-3.865460709521645,45.7746726588199,-35.256909019068665,1006.2099609375,0.2548869990234068,57.907738684053086
2025-06-14T21:19:20.600Z,40.0742014670028,-75.24532885317144,49.27164775654598,15.523029353405091,-0.3062492181015779,-4.3373457296679225,0.6501299955558292,0.4309738571030212,2.8609761469194566,0.0009999999968985421,0.0010000000064157972,0.0009999999917273449,0.0010000000125245444,0.001000000014899493,0.0010000000003625373,3.0013314973682312e-6,3.001346752072425e-6,3.392676789983141,2.7876133479475507,2.834475802875386,0.08712042197543143,0.00005529683083103176,0.00007091059168648762,0.00011850530871430498,0.0011189999999999779,0.0011189999999999761,0.00111899999999999,0.0010011899999999917,0.0010011899999999951,0.0010011899999999882,-2.5797736528031527,2.6385236604289646,9.333862148068674,-0.0015576388985249746,0.00006180543158652331,-0.000549305558499703,-3.8458334472444324,45.465626610649956,-33.81250148349338,1006.219970703125,0.25649660690447396,56.79078385004795
2025-06-14T21:19:26.400Z,40.07381201056665,-75.24619355860563,45.075514630209994,13.381025072251152,10.922091401376965,-4.086460149686159,0.5973469677395435,0.4029684761880626,2.860491524127593,0.0009999999968938443,0.0010000000062511001,0.000999999991592242,0.0010000000128011595,0.0010000000148063439,0.001000000000603459,4.001330202393304e-6,4.00136061754571e-6,3.673717659681845,3.860226868526704,2.4737579092321385,0.06949357769822494,0.00004344493653469056,0.00007558502004462078,0.00012601198246411753,0.0011199999999999767,0.0011199999999999758,0.001119999999999991,0.0010011999999999916,0.001001199999999995,0.0010011999999999881,-2.57493090541236,2.6354693824997346,9.322758125313449,-0.0006132812646200194,-0.0024093749490549867,-0.00136093749840675,-3.791015759110451,45.495704650878906,-34.11796951293945,1006.2149658203125,0.24286071864782172,56.99351718396346
2025-06-14T21:19:31Z,40.073313473025394,-75.24641032010148,44.6253788992439,12.744963630640278,18.86674454607479,-3.3684174562514886,0.5679568367243331,0.38732337258479166,2.8597936114872113,0.0009999999967345813,0.0010000000065000902,0.0009999999915645066,0.0010000000127674427,0.0010000000151374991,0.0010000000006645737,5.001326529655474e-6,5.0013738412391745e-6,3.2955870445715165,5.090519684812264,2.2477998870743123,0.05514520979503444,0.00004442631039939052,0.00008169501029542267,0.00013542489638366492,0.0011209999999999768,0.0011209999999999768,0.0011209999999999898,0.0010012099999999915,0.001001209999999995,0.0010012099999999878,-2.587333460274875,2.639225132300166,9.344617188356118,-0.0001612499940629444,-0.0006906252027472335,-0.0013849999985172789,-3.730263245733161,45.89506711457905,-34.355922297427526,1006.2099609375,0.2664439634643749,57.45081039459919
2025-06-14T21:19:35.400Z,40.08976291293733,-75.20745286262935,225.30003136285052,-819.9278992423222,636.1109178737207,217.15491271257207,4.828985212408432,0.2215372955793533,0.19384660465197667,0.0010000000018363841,0.0010000000043505649,0.0009999999935781845,0.0010000000112485835,0.0010000000144968072,0.0010000000040204435,6.001323329981185e-6,6.001389301878648e-6,4.187029978607363,35.04940869882419,13.805614939310086,0.8342483392475295,0.0003138271110356309,0.00002723878891478445,0.0004568595994077177,0.001121999999999976,0.0011219999999999763,0.0011219999999999904,0.001001219999999991,0.0010012199999999945,0.0010012199999999876,-12.661035974835888,-2.2009972072659307,1.4345265831330452,1.5208580952334354,4.39535216487044,-2.1154022029995554,13.361458990308973,59.29062716166178,-18.023958894941543,1006.2149658203125,2.9105831213915745,63.3937198434287
2025-06-14T21:19:40.600Z,40.099028842035565,-75.16108526294032,188.41852045085898,-1279.3407073747526,885.0093621499589,8.03076105323592,6.0552261489487575,6.0561312123183075,1.2972077435168692,0.0010000000048729822,0.001000000002624152,0.0009999999954534804,0.0010000000113731314,0.0010000000130286723,0.0010000000064626707,7.001332100441086e-6,7.0014312276905016e-6,4.364645914322303,33.83168520479019,9.879679237685915,0.11215148396780678,0.00026865239534491444,0.000029956286924047922,0.000419212511751858,0.001122999999999975,0.001122999999999975,0.0011229999999999901,0.0010012299999999897,0.0010012299999999936,0.001001229999999987,1.769730074244888,9.335860465999069,3.0376201699639003,-0.0005632351707736775,-0.001113235006690637,-0.00117794090560842,-19.62573589998133,-20.267647911520566,-12.975000605863684,1006.1649780273438,-0.2826557235838894,31.05309244636385
2025-06-14T21:19:45.400Z,40.107317737562475,-75.11333702159918,73.29780644805834,-1297.0184820004365,931.3945919117739,-43.10889520769684,5.961248362679983,6.0218765724822045,1.202563725889489,0.0010000000050194946,0.0010000000021482493,0.000999999995746488,0.001000000011315189,0.0010000000131734064,0.0010000000068206717,8.000990513021469e-6,8.001480938929296e-6,3.716683742999834,35.22557181656974,12.8435266741955,0.43485452897119753,0.00024174499035723243,0.00003592371354910628,0.00039487720974586073,0.001123999999999975,0.001123999999999975,0.0011239999999999911,0.0010012399999999905,0.0010012399999999942,0.001001239999999987,1.7868875806878952,9.347891019818542,2.9873751571223903,-0.0010000000113731368,-0.00006041676239679477,-0.0015500000552225762,-19.596094250679016,-19.38984441757202,-12.902344346046448,1006.1749877929688,-0.3090249249462619,30.437483088825697
2025-06-14T21:19:50.600Z,40.01116904738454,-75.04855661712219,17.748585794527628,-1570.3034914896286,807.9327591918084,-31.630782041116895,0.34568582859969865,6.097843826717929,1.8122578342587303,0.0010000000040556835,0.0010000000030356436,0.0009999999955748258,0.0010000000114109308,0.0010000000129582113,0.0010000000060148772,9.000037792559923e-6,9.001588642516752e-6,4.434544709871744,22.245884234342316,11.944740115690598,0.39844156856870594,0.00008257266094057909,0.00004348990802308687,0.000258632310852359,0.0011249999999999758,0.001124999999999976,0.001124999999999992,0.0010012499999999898,0.0010012499999999932,0.0010012499999999878,1.7856106033275,9.372050438728191,3.0171027713617398,-0.00011312496955467888,-0.0008487499441438066,-0.0010618749832023418,-19.858125591278075,-18.94406328201294,-13.446563100814819,1006.1649780273438,-0.35323925880295237,30.561898608286366
2025-06-14T21:19:55.400Z,39.94629742217234,-74.99709276792281,22.952540098003823,-1676.8949092157116,745.6305316962075,-13.43342360343101,1.0917373021973207,5.438971513124636,0.8510903402083775,0.0010000000038317997,0.0010000000031964043,0.0009999999957324864,0.00100000001174192,0.001000000012653406,0.0010000000056984628,9.999307086104094e-6,0.000010001723934322748,4.23580838166162,15.144965161299108,12.956716164704847,0.18649381383924601,0.00017994043857556406,0.00004597367853428695,0.00033913392610032027,0.0011259999999999753,0.0011259999999999755,0.0011259999999999914,0.0010012599999999886,0.0010012599999999938,0.0010012599999999878,2.9835413390287346,8.806188595039474,3.7831207139676533,-0.07724374972762656,-0.4605402744210867,-0.10268124922221376,-21.348530264461743,-23.57536854463465,9.98823569802677,1006.1999816894531,-0.35373165449310584,33.33645485081095
2025-06-14T21:20:00.600Z,39.87236397870864,-74.93907698571677,28.598757276987598,-1726.6740064204853,715.938451398939,-11.463278267380486,1.5687931109573567,5.650709963049238,0.44438942645931145,0.0010000000038393906,0.0010000000030611794,0.0009999999957114856,0.0010000000120059117,0.001000000012438543,0.0010000000058442305,0.000010997817293029686,0.000011001823018264244,3.973405100158777,12.986308108102222,15.430448807031262,0.11437086372569177,0.00015679091709200002,0.00003585273774566082,0.0003363282936596409,0.0011269999999999755,0.0011269999999999765,0.0011269999999999915,0.001001269999999989,0.0010012699999999933,0.0010012699999999873,1.986826564728888,9.735773939690478,1.3378382967823295,0.019755624736093134,-0.05842687488774438,-0.033745624874828954,-13.350938034057616,-25.395001125335693,18.506250667572022,1006.2099609375,-0.3822149072179195,34.14134571498974
2025-06-14T21:20:05.400Z,40.0741946188643,-75.23988327708416,54.2027682560327,-555.8420436600893,394.08379152213,-2.294308648711129,3.1185414103071394,2.0621948343889276,4.761247695812832,0.0010000000459024416,0.0009999999702604415,0.0010000000263015942,0.0010000000070378519,0.0009999999834639833,0.0010000000365579765,1.024155519561162e-9,1.024155544769031e-9,0.3818487394101175,1.6658944298205964,1.8036521490270043,0.033555863160890126,0.00005871670677148911,0.00007752724696151456,0.00011827480334733612,0.0011279999999999752,0.0011279999999999754,0.0011279999999999903,0.001001279999999988,0.0010012799999999942,0.0010012799999999872,2.2425501217803707,9.816658901211538,0.43710835688079425,-0.07216312404432446,-0.26141124762348433,-0.0537587491378888,9.943421464217337,-29.58256701419228,16.219737504657946,1006.1199645996094,0.1819247443819369,35.17209428471162
2025-06-14T21:20:10.600Z,40.07051325012961,-75.2157889310738,-60.61089325513057,-603.6883061894001,396.83941469665314,-51.644604456978115,6.247091587775549,0.7627744315350511,1.7180430127948114,0.0010000000456873714,0.0009999999704528545,0.001000000026700116,0.0010000000076008015,0.0009999999831454944,0.0010000000368434055,1.0010250780430904e-6,1.0010265570737892e-6,1.2627438377117266,1.683909367121693,2.736371985718912,0.04885915183284094,0.00003607528237529599,0.000085639012984625,0.00017105675867114324,0.0011289999999999762,0.0011289999999999762,0.0011289999999999913,0.0010012899999999889,0.0010012899999999934,0.0010012899999999863,1.5947250751923783,9.625883718732268,1.217775059348317,-0.023168055701174202,-0.03581041672020748,0.014193749803502884,14.182500648498536,-28.158751201629638,14.026875638961792,1005.8149719238281,-0.07366920609136304,34.50809081544107
2025-06-14T21:20:15.400Z,40.06516680493688,-75.18888443352168,-125.8124943608222,-614.072684896353,461.6059149643744,-34.0868309701478,0.950140078725682,6.267696072919911,1.0926627872503136,0.0010000000436665509,0.000999999972314814,0.001000000025659095,0.0010000000081101903,0.0009999999839656565,0.001000000035836362,2.001027636029327e-6,2.001034866480328e-6,2.878304289637679,1.9905765083042244,4.590902965985895,0.16427007804269225,0.00003927796089632771,0.00006638065451026503,0.0001678216218429436,0.0011299999999999767,0.0011299999999999765,0.0011299999999999915,0.0010012999999999893,0.0010012999999999936,0.0010012999999999867,1.661070687157159,10.390709299678056,1.8612941812781194,0.20723161697679457,-0.04299411759439769,-0.02181911795457743,13.758088672862334,-29.555515738094556,14.398897619808421,1005.4049682617188,0.7615981159609331,35.63899760621897
2025-06-14T21:20:23.400Z,40.05148203445416,-75.133561001187,-6.845979550711775,-583.6988479585978,488.85931529516483,4.049033837947498,1.6434751004917758,5.841223079019227,0.40829770924696956,0.0010000000418328501,0.0009999999737435499,0.0010000000243920596,0.001000000008323269,0.0009999999850613893,0.0010000000348337802,3.0010301559075644e-6,3.0010629657981407e-6,4.2236504366361025,2.4497013913042363,5.09468416562459,0.06469740779513475,0.000033265855293891565,0.00005497772395963827,0.0001556669649876942,0.0011309999999999769,0.0011309999999999769,0.001130999999999992,0.0010013099999999896,0.001001309999999994,0.001001309999999987,1.4210657133991955,9.518741088179617,1.7710157401379651,0.037257352780548474,-0.03183235275807379,-0.003224264455747898,7.817411116191319,-28.979465212140763,15.40312569481986,1004.8149719238281,-0.139977263652679,33.73683712531916
2025-06-14T21:20:25.400Z,40.0485741697803,-75.1204393748848,36.90971598240291,-580.9295885844124,481.493138897026,5.026306972316532,1.6987579061237823,5.841071421158176,0.4321539009340746,0.0010000000415159938,0.0009999999737986456,0.00100000002431334,0.0010000000082650267,0.0009999999851837632,0.0010000000346931887,4.001029210366065e-6,4.0010729393157475e-6,2.7485794625221227,2.4144870219301815,5.160337496735734,0.030582377853074157,0.00004057758168106108,0.00006256667225450434,0.0001612359825738837,0.0011319999999999774,0.0011319999999999774,0.0011319999999999924,0.0010013199999999904,0.001001319999999994,0.001001319999999987,1.7534700646975534,9.134140482610892,2.5748501281097,0.0240492641235576,0.027697059504725237,-0.015938970268202304,13.607813060283661,-29.416407585144043,12.670313000679018,1004.7699584960938,-0.2726014437169362,34.79986943970499
2025-06-14T21:20:30.400Z,40.04350525726293,-75.09128383912574,60.742112430243864,-585.6932442827439,460.2269162313201,1.1307466773922141,1.697111528318422,5.785507498395881,0.31348152146788605,0.001000000041749821,0.0009999999738570995,0.001000000024073674,0.0010000000079791566,0.0009999999851315268,0.0010000000346221832,5.00098451683009e-6,5.001089809829495e-6,2.5903710916029197,2.6277692997707143,5.527327723999933,0.025558527130856046,0.00004991198739357634,0.00007390212869486264,0.0001687426942482946,0.0011329999999999776,0.0011329999999999778,0.0011329999999999927,0.00100132999999999,0.0010013299999999934,0.0010013299999999865,1.7674813234539912,9.544691132571673,2.3806251083965355,-0.011596093409810658,-0.017869530940047642,0.013566406165481031,12.562500357627869,-29.646094799041748,12.648047387599945,1004.5299682617188,0.07590836236891907,34.59301875056884
2025-06-14T21:20:35.600Z,40.03427506122935,-75.06021842400368,59.8594668817937,-592.5038936762284,439.1563119085292,-4.771853227068053,1.791249308798171,5.8501312702632475,0.0466339071122277,0.0010000000417841233,0.0009999999737007905,0.0010000000241922025,0.0010000000078209956,0.0009999999849867687,0.0010000000345499948,6.000762313774323e-6,6.0010480767011765e-6,2.5567672546931064,3.1903123825849384,6.073961101070418,0.06543278975694827,0.000056548953166178914,0.00008041217991230133,0.0001753814527993182,0.0011339999999999773,0.0011339999999999773,0.0011339999999999922,0.001001339999999989,0.0010013399999999927,0.0010013399999999856,1.7788294915454963,9.300368152420157,2.4009853998392257,-0.003574306041116946,-0.046451388162076016,-0.0019854164631186166,13.575000511972528,-27.89901432238127,11.950658396670693,1004.4749755859375,-0.14604217968455258,33.248315801987985
2025-06-14T21:20:40.600Z,40.01484114202003,-75.02472535822433,51.001141330087265,-596.7414446367435,426.08448292725626,-7.140970836830048,1.7441647978534889,5.908502667297108,0.04784812093166906,0.0010000000417637672,0.000999999973950233,0.0010000000240797493,0.0010000000079764448,0.0009999999852356998,0.001000000034603361,7.000391221151241e-6,7.0009336222368875e-6,3.057180242286,4.03042738702734,6.503935296341946,0.1049582013597637,0.000056864486276600106,0.00008009249194776706,0.00018497631289397302,0.0011349999999999767,0.0011349999999999767,0.0011349999999999908,0.0010013499999999894,0.0010013499999999929,0.0010013499999999868,1.443673738939764,9.570374190507385,2.3600001174785223,-0.0007662500090876006,0.00013437491573426124,-0.002718749932104515,17.24156312942505,-27.99843864440918,1.6359375715255737,1004.4649658203125,0.049994866398236026,32.92198384046594
2025-06-14T21:20:47Z,39.99006832414807,-74.98118986903877,51.60973956340681,-574.664797103735,408.3202761163063,-3.86721807579145,1.593513974877304,6.229601361628773,5.1064405127554,0.0010000000418909673,0.0009999999737811043,0.0010000000244148196,0.0010000000077537412,0.0009999999852430166,0.001000000034676076,8.000033563066917e-6,8.000818887188459e-6,3.7285327446530836,6.199427208050157,5.482400464653072,0.10712901825836785,0.00007165923380580836,0.000055798467205257124,0.0001941044515571835,0.001135999999999977,0.001135999999999977,0.0011359999999999914,0.0010013599999999887,0.001001359999999994,0.0010013599999999876,4.479800263045191,9.434990460739753,0.48661001822924665,-0.12408676410168398,-0.4961455873453934,-0.07216838263192356,11.349609732627869,-25.897266507148743,-8.771484673023224,1004.4299926757812,0.5519531035971917,29.604357737461598
2025-06-14T21:20:50.600Z,39.980872581871935,-74.96012375457487,59.37158037199447,-579.3003961493752,408.1313613807681,-0.6620464847192742,1.6271424294876153,6.244195083175817,5.1110997378319585,0.001000000041715008,0.00099999997354682,0.0010000000240645956,0.001000000008055952,0.00099999998520142,0.001000000035022166,8.999887679198932e-6,9.000772244340108e-6,3.1240513091576823,7.58955523213928,5.484118169746254,0.06381314178890879,0.00008006221999704432,0.00005801511926493542,0.00020344066860357942,0.0011369999999999779,0.0011369999999999777,0.001136999999999992,0.001001369999999988,0.0010013699999999943,0.001001369999999988,1.337289340650016,10.206361085100507,0.8310714916257579,0.011787500417720972,0.0021796880796041127,-0.01099453125962348,1.584375057901655,-23.231250762939453,-16.44642925262451,1004.3799743652344,0.422412563199326,28.50760255006206
2025-06-14T21:20:55.800Z,39.97178922751771,-74.93285314179803,64.63211500427236,-590.2762992767795,400.97887693740546,-1.1171287132663708,1.6114672939021017,6.251107767019232,5.127051280122233,0.0010000000414467074,0.0009999999734289612,0.001000000024385423,0.001000000008300737,0.0009999999851241265,0.0010000000348120337,9.999695564044354e-6,0.000010000713446393449,3.165423114724282,9.915143852787109,5.852810167506499,0.04198674286691012,0.00008839545598982933,0.00006134050868814805,0.00021319800174901963,0.0011379999999999765,0.0011379999999999767,0.0011379999999999919,0.001001379999999987,0.001001379999999994,0.0010013799999999868,1.3357893482540417,9.649732517268886,1.8480715324638046,-0.002060713988668952,0.0031348211216113723,-0.00436874991698368,1.8450000842412313,-24.41500104268392,-16.603750483194986,1004.2699890136719,0.010503483296852745,29.583404714784077
2025-06-14T21:21:00.600Z,39.96142000377147,-74.90710810073979,64.0078824781739,-599.0221688508493,397.5115725195413,-3.32965383148283,1.5412614709121586,6.190382411307049,5.334609590473024,0.0010000000418918114,0.0009999999735675193,0.0010000000240960906,0.001000000008216651,0.0009999999849047933,0.0010000000350319077,0.000010999435659395821,0.000011000624280794727,2.9333432307376377,12.414922292957705,6.309130913083927,0.03882523062681864,0.00008146721230971192,0.00008278748917877425,0.00022331873019140462,0.0011389999999999775,0.0011389999999999775,0.0011389999999999924,0.001001389999999987,0.001001389999999994,0.001001389999999987,0.7638917060551825,9.210458789004301,2.0747001042122175,-0.009655263217329969,0.04396250067805595,0.010521052534338882,1.9145833982361689,-23.593750847710503,-15.857292281256782,1004.1849670410156,-0.43371883982642545,28.49178024343263
2025-06-14T21:21:05.800Z,40.07336339582852,-75.2430147652954,72.55383162913081,-63.48225256113491,88.19176896742961,1.2894195116641267,0.8823247622595373,1.049092954108343,0.3925595171384041,0.001000000043464321,0.000999999972540269,0.0010000000262394683,0.0010000000087672864,0.000999999983156874,0.0010000000375578503,5.747244563766933e-9,5.747245145862493e-9,0.44910082545901353,1.9567484477770474,1.6481889413904023,0.01854352991367737,0.00004761596161745881,0.00005720080243731798,0.00016417194953952834,0.0011399999999999785,0.0011399999999999785,0.0011399999999999937,0.0010013999999999878,0.001001399999999995,0.0010013999999999878,1.3324500747831303,9.658025510178614,2.146941744965723,-0.007840624971149996,0.012818749940216872,-0.04284812478499039,6.902960852572792,-23.404935033697832,-16.222697860316227,1004.1649780273438,0.19107088067454425,29.302129687783722
2025-06-14T21:21:10.600Z,40.07463213621271,-75.23698093652682,30.308114297080117,-38.43387610285909,124.50436588019788,-22.207388034045895,1.1076758936343045,0.8688439792494165,0.6180292031631518,0.0010000000432539534,0.0009999999724105665,0.001000000026347956,0.0010000000085151207,0.0009999999834711896,0.0010000000376425829,1.005747779137307e-6,1.0057487172384234e-6,1.4027147908756983,2.033865958485676,1.5036124009101053,0.10924918226501719,0.000042152691619995574,0.000059816942826413944,0.00015758881436432273,0.0011409999999999775,0.0011409999999999773,0.0011409999999999925,0.0010014099999999886,0.0010014099999999956,0.0010014099999999884,1.3641250691442828,9.927542084191549,2.321558442725327,0.01617374992145799,0.0072775000185567465,0.03485312476816823,6.974062752723694,-23.975625801086426,-14.868750524520873,1004.2649841308594,0.48934188051564703,29.061056008348125
2025-06-14T21:21:16.600Z,40.076359137335594,-75.22633589092106,6.556279825361202,-46.42406489018873,164.91612872596798,-18.37349399670594,1.0106945768672828,0.5653104788270598,0.6380782869284756,0.0010000000432069263,0.0009999999723362418,0.0010000000268691976,0.0010000000085835182,0.0009999999835338317,0.0010000000378432513,2.005749702512865e-6,2.0057545840299595e-6,3.7724935133986115,2.269704637149334,1.7770809091380175,0.14225646596392527,0.00005542033617032527,0.00003400931908783525,0.00016774908249962846,0.0011419999999999783,0.0011419999999999764,0.0011419999999999935,0.0010014199999999881,0.0010014199999999953,0.0010014199999999881,1.244482202043876,9.360275604820593,2.6213751391419824,-0.0007355770046650438,-0.0033269228686851047,-0.009736538559301492,8.085577377906212,-22.099039224477913,-15.809135290292593,1004.4849853515625,-0.0035893600930570306,28.34907366032433
2025-06-14T21:21:32Z,40.08233652039105,-75.19130772937129,40.30618657036007,-32.19799102632306,231.82032450604882,-11.409867371894187,1.1447132350410838,0.42578612193929694,0.6325848405183767,0.001000000043382025,0.0009999999720861981,0.0010000000268686907,0.0010000000086543479,0.0009999999830667902,0.0010000000381615848,3.00575671145547e-6,3.0058024092517744e-6,4.83674117922547,6.3511978208460835,3.727477772945571,0.08544289067456023,0.00007073664103206691,0.00002060435108909182,0.0001797578219562453,0.0011429999999999789,0.0011429999999999758,0.0011429999999999936,0.0010014299999999872,0.001001429999999996,0.0010014299999999872,1.8264600952431624,9.579550511705724,2.1373401065796145,0.0016933829597755993,-0.0006198530637293823,-0.012663235323546117,6.175781548023224,-24.1125009059906,-13.783594191074371,1005.0899658203126,0.16879486744266478,28.452373517229805
2025-06-14T21:22:08.400Z,40.08131971358971,-75.25258438127615,47.16849676078869,65.93833844975838,162.92326252977398,5.009254416733511,1.1977783698164548,0.14827824680845708,0.7582360084942296,0.0010000000428713185,0.0009999999716468256,0.0010000000290195398,0.0010000000058617818,0.000999999983372838,0.001000000039218505,1.6132176719879986e-8,1.6132179761806457e-8,1.2387213462102424,1.943035608523905,1.1644567780146333,0.04412174171831001,0.000037378932059125166,0.000020591342290316574,0.00008722784624634502,0.0011439999999999777,0.001143999999999975,0.001143999999999993,0.0010014399999999865,0.0010014399999999962,0.0010014399999999865,1.3616536300770317,9.510371816935525,2.5902715622088275,-0.00947589281986969,-0.001029464634498147,0.005766964310669729,2.804464408329555,-23.23392936161586,-14.378572055271693,1007.114990234375,0.1470589247778249,27.466726059042305
2025-06-14T21:22:44.400Z,40.14146812655513,-75.15520136146962,34.03202370553572,49.9619969459216,302.7917561741471,-9.250925641808138,0.7378933735497363,0.06359109872432546,0.4761799249368585,0.0010000000424702853,0.0009999999719268542,0.001000000029185989,0.0010000000059674442,0.0009999999835533537,0.0010000000389161186,1.016152152630046e-6,1.0161918427307412e-6,4.924559964972161,6.6861616533971775,1.2029251291239529,0.03651361764572614,0.00001724900595721334,0.00004016570974661934,0.00008014112035468072,0.0011449999999999783,0.0011449999999999746,0.0011449999999999935,0.0010014499999999853,0.0010014499999999957,0.0010014499999999853,1.195818474245178,9.423255672282414,2.2753132876181277,-0.0163999996430185,-0.011003125511246468,-0.004025000185808685,8.299687910079957,-24.226876258850098,-14.175000476837159,1008.1249694824219,-0.06132117020011631,29.270360758264925
2025-06-14T21:22:49.400Z,40.14920661197214,-75.13770302433251,12.652745132522092,52.533575402209145,328.356684996234,-15.49905160365914,0.7391923659951086,0.23868185863160976,0.3912718416955119,0.0010000000424759924,0.0009999999717673206,0.0010000000291103437,0.0010000000061620288,0.0009999999835205772,0.001000000038662126,2.0161599074683082e-6,2.0162091371491005e-6,3.151658511518555,7.833051173805303,1.2022527320168352,0.04446206841039845,0.000024849465795347916,0.000052040729651503086,0.00009222782504920613,0.0011459999999999782,0.0011459999999999745,0.0011459999999999932,0.0010014599999999846,0.0010014599999999953,0.0010014599999999844,1.2540676977385035,9.686168121365963,2.3062824547980667,-0.0012138888419572272,0.011894444597981758,-0.03768194397415475,9.15992686327766,-22.791177300845874,-12.650735911201028,1008.0099792480469,0.20133485315287536,27.62933832456556
2025-06-14T21:22:54.400Z,40.15547211472238,-75.119282303973,-14.856668419169196,61.19461549043726,346.00423020267635,-19.406253419823397,0.8003078348998947,0.118049509013366,0.3760258147303318,0.0010000000423062599,0.0009999999715703603,0.0010000000292675138,0.001000000006097541,0.0009999999840598149,0.0010000000391054702,3.016169098245416e-6,3.0162295079148587e-6,2.8880438642720656,9.119185291031336,1.2152102419636344,0.06341928392370651,0.000030809038072522514,0.00006246048532998813,0.00010009013205110772,0.0011469999999999785,0.001146999999999975,0.0011469999999999937,0.0010014699999999852,0.0010014699999999943,0.0010014699999999835,1.47608220137027,9.240639614133457,2.454435846503984,0.0009765623667124215,-0.020808594004535448,0.011117187453887293,7.123828411102295,-23.888672590255737,-14.695313036441803,1007.9549560546875,-0.16393850097080181,28.937292477982883
2025-06-14T21:22:59.400Z,40.159232805214145,-75.09930293939443,-23.160122494611443,63.89620644643804,354.51305964120604,-13.170394592708105,1.006461271595974,0.21319451331552156,0.4822883046989008,0.0010000000423689766,0.0009999999711653878,0.0010000000288204255,0.001000000005782539,0.0009999999843744128,0.0010000000396306378,4.016177715060326e-6,4.016253491179394e-6,3.0839287623540255,10.711181489957719,1.2416984311781922,0.07759550934187587,0.00004038431844955653,0.00006877066056337499,0.00011401590171104822,0.0011479999999999778,0.001147999999999974,0.0011479999999999947,0.0010014799999999862,0.0010014799999999932,0.0010014799999999826,1.0411423705301508,9.917692735553707,2.6663001211130464,0.018860156194495784,0.035575000865492624,-0.011175000071282656,8.890000406901041,-22.87125078837077,-14.287500699361166,1008.2200012207031,0.48229443272031014,28.394647604865273
2025-06-14T21:23:04.400Z,40.16252421307625,-75.07791918818965,-9.721570087511253,60.72115468431845,356.1230656778413,-6.566431306842588,1.183925748072766,0.17942278531898895,0.7221610432430404,0.0010000000426829542,0.0009999999711575408,0.001000000028912328,0.0010000000053429652,0.0009999999841361412,0.0010000000400080674,5.016184018835614e-6,5.016281541827286e-6,3.245503953612136,12.384563841865964,1.2815230859361424,0.06718455574707098,0.00005814907813905902,0.00006391834045144513,0.00012942077512967227,0.001148999999999977,0.0011489999999999732,0.0011489999999999949,0.0010014899999999873,0.0010014899999999942,0.0010014899999999836,0.2944538475584945,9.640908058782214,2.53397708757893,0.0132083333747378,0.04880249980785372,0.014106666358914468,11.512500445048014,-23.315000788370767,-12.6225004196167,1008.5449829101562,0.1322166802893988,28.904178071172783
2025-06-14T21:23:09.400Z,40.07860794591884,-75.24799151803113,49.52412205436116,16.54603374906932,224.29813518350693,7.401161844510879,1.3977355947485042,5.774492952719813,0.5886960328641098,0.0010000000419831407,0.0009999999689938002,0.0010000000312247596,0.0010000000035044782,0.0009999999848298341,0.0010000000416180296,4.820288982037883e-8,4.8202897455131074e-8,1.2750412191328802,1.9386930212931759,0.8134070702802865,0.023666732282111812,0.0000548515168468209,0.0000549391790034149,0.00011439124942066072,0.001149999999999976,0.0011499999999999722,0.0011499999999999941,0.001001499999999988,0.0010014999999999944,0.0010014999999999837,0.7615143222882261,9.616004053962124,2.6021965229903334,0.009899166291824569,-0.03864749937656611,0.07951999853027514,12.663281977176666,-23.547657012939453,-11.282812893390656,1009.0449523925781,0.17764472825908106,29.019817062617637
2025-06-14T21:23:14.600Z,40.08409157536927,-75.23456066030974,64.78548268931053,9.427485535038631,214.07406409992018,5.045638792139783,1.3923405498534291,5.905547413366773,0.6188166960960985,0.0010000000422214744,0.0009999999691279722,0.0010000000309651584,0.0010000000033505228,0.000999999984757656,0.0010000000418478154,1.0482033587775179e-6,1.0482040838274945e-6,1.784803066200406,2.40919123543014,1.0143209399770323,0.015371020236781508,0.000059197620812564,0.00006392013491221656,0.00012816668162271257,0.0011509999999999763,0.0011509999999999726,0.0011509999999999945,0.0010015099999999887,0.001001509999999995,0.0010015099999999843,1.7965383137535553,9.386997571190818,2.9562501506563295,0.0037987496910962173,0.007903124524549447,-0.022202499274804263,12.832500553131103,-23.18343839645386,-11.269687843322753,1009.5499877929688,0.1927137692068342,28.794927114656023
2025-06-14T21:23:19.600Z,40.08932173721904,-75.22221663163359,61.459924691783115,1.0569474363627425,204.48522345081312,2.1541756308856694,1.3885562243700564,5.833855824434433,0.6847272655053979,0.001000000042516228,0.000999999968878409,0.0010000000308624814,0.0010000000032843715,0.0009999999845224394,0.0010000000421788054,2.0482046752224714e-6,2.048207723632457e-6,1.994158405073281,3.32963402044019,1.3954314780550028,0.023520500165074686,0.00007444048752037222,0.00007124880517460003,0.00013422280506580843,0.0011519999999999768,0.0011519999999999727,0.0011519999999999948,0.001001519999999988,0.001001519999999995,0.0010015199999999845,1.6287400638038898,9.322730405202584,2.8055301159707997,0.007605882330350624,0.01015367678148714,0.013453676870866628,13.222059418173398,-23.178309496711282,-11.451838437248679,1010.094970703125,0.06131800686239866,29.03788116198827
2025-06-14T21:23:24.600Z,40.09429118186904,-75.21118404687756,46.309629574446745,-15.49953750138599,185.13808799118948,-0.8401135604172829,1.4487979666269257,5.734128523634749,0.6597245006181107,0.0010000000423143875,0.000999999969188526,0.001000000030804826,0.0010000000036750804,0.0009999999845652862,0.0010000000421816824,3.048207038404287e-6,3.048214942999348e-6,2.34258931440321,4.739702778285384,2.0290161133555937,0.05713232654809252,0.00008801392243608,0.00007435146212386921,0.00014210527521772348,0.0011529999999999754,0.0011529999999999735,0.0011529999999999937,0.0010015299999999885,0.0010015299999999957,0.0010015299999999853,1.2657333984115404,9.874950574906,2.924891804995404,0.0119456249964176,-0.004018125806358729,0.010364374686694551,13.104375553131103,-21.867188262939454,-10.326562786102295,1010.6349792480469,0.570098124811308,27.505157480915226
2025-06-14T21:23:29.600Z,40.09785449430714,-75.20140079154778,20.918878052641794,-25.0009425972826,160.64946994708419,-6.726669216016925,1.4153747673725312,5.763115393541397,0.6685521828912913,0.0010000000420337628,0.000999999969339092,0.0010000000307392079,0.0010000000038255675,0.0009999999846975734,0.00100000004243435,4.048211629045746e-6,4.048225012515081e-6,2.980854019923206,6.434627966469849,2.535704279615597,0.08656711474885077,0.00009348676343994309,0.00006439886056754279,0.0001522588443071205,0.0011539999999999751,0.0011539999999999723,0.0011539999999999942,0.0010015399999999891,0.0010015399999999946,0.0010015399999999857,1.2243750479460473,9.034892142220684,3.9798419114705497,-0.0057473690117158275,0.003675000553797995,-0.009293420510687735,13.167434742576198,-22.07467179549368,-9.790460937901548,1011.1399841308594,0.1458416728225491,27.50495965866307
2025-06-14T21:23:34.600Z,40.10004626286653,-75.19124771418254,-0.10420213541168977,-26.17004206662271,146.32040650894945,-7.939218926738125,1.4657370201795779,5.755843728468073,0.6293892579729444,0.0010000000418396151,0.0009999999691374356,0.0010000000306784763,0.001000000003794312,0.0009999999850631618,0.0010000000426456167,5.048220141531329e-6,5.048235941847069e-6,3.3856314979009676,8.715800176642867,2.812627942529144,0.0845381559455084,0.00010312740907670935,0.000057821999364145224,0.00016028384342570818,0.0011549999999999744,0.0011549999999999718,0.0011549999999999935,0.0010015499999999882,0.0010015499999999952,0.0010015499999999845,1.6129294785191433,9.15033291135376,3.744817833932823,0.007923025969511685,-0.00945263112570766,0.007561183974651366,12.991406857967377,-22.985156893730164,-9.431250393390656,1011.6249694824219,0.2175535181033665,28.036400044805504
2025-06-14T21:23:39.600Z,40.1015623862609,-75.1806395387728,-8.689124809497066,-30.509712834877256,140.10669931363375,-7.124874520912202,1.4432540789895434,5.808864400761673,0.6349485948705776,0.0010000000422340808,0.0009999999690954884,0.0010000000306210647,0.0010000000040710083,0.0009999999847354793,0.0010000000427491213,6.0482328212528075e-6,6.048249645308992e-6,3.440588566001183,11.608571051487452,3.205572176163634,0.07102527552696741,0.0001087848247383392,0.000056441185809536964,0.00016983781434455744,0.0011559999999999754,0.0011559999999999715,0.0011559999999999943,0.0010015599999999888,0.001001559999999996,0.0010015599999999851,1.2708974288722807,9.526503114028474,2.6396948691613447,0.00038187494215173807,-0.001027500101329472,-0.0007249999742865366,13.247812795639039,-22.078125476837158,-12.145313119888305,1011.7499694824219,0.16762992447428576,28.468472198165617
2025-06-14T21:23:44.600Z,40.102400827987026,-75.1704396462076,-10.576386944901309,-34.251429123704455,134.06859256988622,-5.689968592952176,1.4289714488880199,5.855564345906289,0.6323653938444984,0.001000000042096615,0.000999999969104031,0.001000000030882789,0.0010000000042017835,0.0009999999850300045,0.0010000000430145704,7.048249111400108e-6,7.048269862693723e-6,3.3466353277450693,15.13738980577424,3.824192644787278,0.0608681724595382,0.00011553408686941301,0.00005853623239415463,0.00017968540420362482,0.0011569999999999755,0.0011569999999999719,0.0011569999999999946,0.001001569999999988,0.001001569999999995,0.0010015699999999846,1.1606100469802676,9.546340520253885,2.7364101320596297,0.0007632352531005092,-0.0019786766691553674,-0.00045808817141229164,13.122917440202501,-22.50520918104384,-11.929167217678494,1011.7649536132812,0.20008732787415742,28.6530543630389
2025-06-14T21:23:49.600Z,40.10252552226753,-75.16109818952151,-9.224356610006886,-36.51375336515231,127.85128213723395,-4.046683032480407,1.4121337844743589,5.900011542713262,0.637775343373652,0.0010000000424529622,0.0009999999694311479,0.0010000000307204262,0.0010000000043297113,0.000999999985256821,0.0010000000428524252,8.048267678440379e-6,8.048299534987124e-6,3.224680004642093,19.178455453842293,4.682550403113313,0.05252220268238544,0.00012378065261245896,0.000060787532555596335,0.00018975008821187254,0.001157999999999976,0.0011579999999999722,0.0011579999999999952,0.001001579999999989,0.0010015799999999956,0.0010015799999999852,1.3062600682155532,9.535930592885714,2.675930173207236,-0.0003888888705319779,0.00016111132675007884,-0.0011145836602978207,13.045000584920247,-22.243750508626302,-11.800000445048015,1011.7749633789062,0.1926721491567326,28.358307580828797
2025-06-14T21:23:54.600Z,40.102029588546245,-75.15262183990265,-6.232505660515091,-37.69297004984577,121.00146642697383,-2.7453908872276074,1.4072455134453674,5.945742562901081,0.6448505513762862,0.0010000000426718964,0.0009999999692561481,0.001000000030772365,0.0010000000041198334,0.000999999985460135,0.001000000043003085,9.048285788551958e-6,9.048341186871299e-6,3.111343913361037,23.74221527192468,5.75387877138098,0.046078181173686165,0.00013206688360301348,0.00006290746526684263,0.00020026536809184269,0.0011589999999999762,0.0011589999999999723,0.0011589999999999953,0.00100158999999999,0.0010015899999999962,0.0010015899999999854,1.2870615935451288,9.502238971447335,2.692746309983271,0.001174218704785251,0.0012171878228712416,-0.002718750149954507,13.350000381469727,-22.190000788370767,-11.358750343322754,1011.7649536132812,0.16356764924310935,28.277853245684515
2025-06-14T21:23:59.600Z,40.101186637352065,-75.14487731555255,-2.8210129887088407,-38.88500758335137,113.97115355877163,-1.6791959209882297,1.3996756538612103,5.966873514421928,0.6307294902634444,0.0010000000425231012,0.0009999999692711892,0.0010000000309237798,0.001000000004424333,0.0009999999851835139,0.0010000000432181207,0.000010048299274815897,0.000010048397324526366,3.014845968141601,28.895682139219176,7.0271364117232125,0.041138015982420104,0.00014006471446322021,0.00006692873703565661,0.0002102057887106199,0.0011599999999999755,0.0011599999999999716,0.0011599999999999946,0.0010015999999999907,0.001001599999999997,0.0010015999999999847,1.2805625555386593,9.512112962276685,2.701437624304517,-0.0010993054815270616,-0.0029861110599392064,-0.00004513891119592439,13.325736045837402,-22.344486012178308,-11.49485341240378,1011.7749633789062,0.17553146370442652,28.442574853695756
2025-06-14T21:24:04.600Z,40.10028081469057,-75.1377678631174,0.23830128897660607,-42.498717509365214,107.99834328196363,-1.2312809094290083,1.432531256838489,5.971130763028156,0.5929029515924035,0.0010000000427020982,0.0009999999691686283,0.0010000000311790893,0.001000000004614222,0.000999999985092656,0.001000000043620259,0.000011048305097862695,0.000011048472071340406,2.940545814608579,34.43516910141305,8.66120324346547,0.0387638640570009,0.0001466215888898872,0.00007293823216588551,0.00021981264839606346,0.0011609999999999743,0.0011609999999999709,0.0011609999999999939,0.001001609999999991,0.001001609999999998,0.0010016099999999837,1.0939382799087967,9.623229767774006,2.07581188159543,0.005163235393256361,-0.007737500386945092,0.0015235291083459974,13.50416718588935,-22.402083926730686,-11.355208661821154,1011.7649536132812,0.11066956480090975,28.515851119598512
2025-06-14T21:24:09.600Z,40.0803876023353,-75.2525441505267,-1.6987476986874457,15.1941905362038,39.70318468573259,-2.3679469344681934,1.6632801560047001,5.909677798248217,0.5299602790341019,0.001000000041424753,0.0009999999688829683,0.0010000000307121709,0.001000000002921491,0.00099999998409513,0.0010000000423748259,7.244993337639235e-8,7.244995891174518e-8,1.5247128761987772,1.92201369196417,1.1956963670260063,0.024485300176403046,0.00006345602399867034,0.000049723374766547905,0.0002019822039815644,0.0011619999999999736,0.00116199999999997,0.001161999999999993,0.0010016199999999902,0.001001619999999999,0.001001619999999983,1.574000094414103,9.550958931847779,1.1144500622404423,0.002540625302163444,-0.03074812470748401,0.018690000152367253,12.724688053131104,-23.348438262939453,-9.82781286239624,1011.7249755859375,-0.041315982422333405,28.348726308361222
2025-06-14T21:24:14.600Z,40.081265296332425,-75.25060120902742,-7.245588716828621,13.481915403724845,24.444326184117777,-3.7392169486771527,1.6929349989033708,5.915052310056476,0.4161178042341819,0.0010000000416799878,0.0009999999691923463,0.0010000000306075246,0.001000000002911877,0.0009999999841960986,0.0010000000421688739,1.072450513366678e-6,1.0724513467369403e-6,2.1583587580795114,2.37215535702534,1.4660305428968678,0.04370952866390014,0.0000694798138924628,0.00005826543898459846,0.00021120777496258866,0.0011629999999999722,0.0011629999999999703,0.0011629999999999932,0.0010016299999999895,0.0010016299999999994,0.0010016299999999825,1.3464700549824045,9.70622052259378,1.8042000939538916,0.00008382327409090927,-0.02113970575731896,0.005422058801139675,12.32578182220459,-23.010938048362732,-9.060937941074371,1011.7099914550781,0.18069364498339302,27.631973487033555
2025-06-14T21:24:19.600Z,40.08183227135811,-75.24917664414352,-8.573378379111762,13.403168917870222,12.41083077380074,-3.652010450652405,1.6642817499373295,5.970683966521963,0.40935635970227574,0.0010000000413937062,0.0009999999690534144,0.001000000030942248,0.0010000000027173602,0.0009999999844620012,0.0010000000419302009,2.0724519770686302e-6,2.0724556345357956e-6,2.7963365677272987,3.116866632483216,1.7185920612563104,0.058136306454989406,0.00007144299661800485,0.00006280387800469949,0.00021859820230805691,0.0011639999999999728,0.00116399999999997,0.0011639999999999927,0.0010016399999999885,0.0010016399999999992,0.0010016399999999816,1.401736899058172,9.719103113305634,1.9484711481905086,-0.0004018750527189969,-0.0032825003909232944,-0.004705625068655689,12.61687569618225,-23.214376068115232,-9.873750448226929,1011.6949768066406,0.2293421520574684,28.206043558412542
2025-06-14T21:24:24.600Z,40.08194373649097,-75.24824065251917,-4.419194497198635,12.3646733094633,0.7228679132910552,-1.661134897255668,1.64657556037058,6.040796373902062,0.5066277431399615,0.0010000000415111795,0.0009999999691295525,0.001000000031177443,0.0010000000026439053,0.0009999999842139101,0.0010000000421714961,3.072454549530364e-6,3.0724627170839316e-6,3.140650100997523,4.284270599968791,1.886125283398251,0.06223857099182899,0.00007450540513643684,0.00006394406823059012,0.00022600571962551265,0.0011649999999999727,0.0011649999999999688,0.0011649999999999918,0.001001649999999988,0.0010016499999999985,0.001001649999999981,0.7830909334332338,10.12817310544421,2.1045500979903187,0.007726666182045747,0.016178333131612398,-0.010881666468787502,13.288750648498535,-23.840000661214194,-9.983750470479329,1011.72998046875,0.5936768142471734,29.062154920554086
2025-06-14T21:24:29.600Z,40.08155736977829,-75.24846981015959,4.001256865897659,16.347670754148922,-18.96201960476535,2.094901694700689,1.821312228798303,6.036353393515887,0.4606088308902916,0.0010000000412745478,0.0009999999690978865,0.0010000000313386075,0.0010000000029821235,0.0009999999841241935,0.0010000000420235032,4.07245818577054e-6,4.072472159029827e-6,3.2799036984270264,6.109405217552734,1.918616051383505,0.07526090081749881,0.0000690240308375212,0.00007483799511268191,0.00023475132435724037,0.001165999999999971,0.0011659999999999676,0.0011659999999999926,0.0010016599999999871,0.001001659999999998,0.0010016599999999802,1.2167400454463695,10.903330444366807,2.5933301016773935,0.03583166661966694,-0.009506666449565875,0.0036566663198657695,12.656250613076347,-24.358929770333425,-9.808928966522217,1011.7749633789062,1.4950351514231832,29.15047628271929
2025-06-14T21:24:34.600Z,40.080824785028646,-75.24996749339078,7.14393919827994,21.306596496835795,-38.664111465749855,-2.4214632335323065,1.765275772986957,6.103271589232917,0.3444082499038555,0.0010000000411358961,0.000999999969109512,0.001000000031536548,0.0010000000029264547,0.000999999984242251,0.0010000000418340553,5.072462299216967e-6,5.072483277664503e-6,3.3694244492650434,8.070157044080947,1.7495614816805398,0.0817414215155587,0.00005339271899764168,0.00009173811752980365,0.0002391356846582577,0.0011669999999999706,0.001166999999999967,0.0011669999999999933,0.0010016699999999862,0.001001669999999997,0.0010016699999999793,1.2585300733630376,9.466530473104225,2.307410135873609,-0.01458823566173994,-0.02587132420052331,-0.007963970428172746,11.61093783378601,-25.265626430511475,-8.135156750679016,1011.7149963378906,0.04829999011146462,28.971427143932537
2025-06-14T21:24:39.800Z,40.078942327982276,-75.2521188790128,3.8597295475849407,22.30944531127363,-53.13575504631287,-4.021788781167981,1.7635045865378536,6.127086375771167,0.40594735824363415,0.0010000000410391762,0.0009999999692828063,0.0010000000313192012,0.0010000000026304011,0.000999999984326512,0.0010000000418017012,6.072466217125722e-6,6.072496705210694e-6,3.444204580185345,10.298467369646813,1.5721721447222596,0.07535317705508383,0.000049194626569585675,0.00009774553326162971,0.0002477056507937918,0.0011679999999999705,0.0011679999999999664,0.0011679999999999935,0.0010016799999999861,0.0010016799999999978,0.0010016799999999792,1.1080559433076926,9.65190636177908,1.968182448320548,0.0068085525618325395,0.008899999864079612,-0.007809868229918792,11.700000286102295,-24.6552095413208,-8.956250349680582,1011.4099731445312,0.13773568714052123,28.722480201814758
2025-06-14T21:24:44.800Z,40.076131679104385,-75.25484432087738,3.155596854508037,26.06965287953934,-64.2384675671369,-3.028162440558903,1.722021449960134,6.205270298156127,0.6474147820717734,0.0010000000407551586,0.0009999999691874511,0.0010000000316704087,0.0010000000028492636,0.000999999984330456,0.0010000000417141957,7.072469122312837e-6,7.072511737967695e-6,3.392083131559744,12.52937915026624,1.4947127571727543,0.07738614887364784,0.00005609282843395562,0.00009301305780840867,0.0002568412878359895,0.0011689999999999698,0.001168999999999965,0.0011689999999999927,0.0010016899999999856,0.0010016899999999982,0.0010016899999999785,1.3308600525048262,9.96873044080627,2.1944001267437865,0.004281617506242064,0.04379264658525682,-0.025806617581835126,11.274265064912683,-24.80955987818101,-8.676838650422937,1011.1900024414062,0.5198748367479027,28.59908984652276
2025-06-14T21:24:49.800Z,40.072745806111094,-75.2582008270091,6.479447994373583,31.14820880792707,-69.40016523461532,-2.4591085453178176,1.6740280680635438,6.272886063252468,0.8087393984507012,0.0010000000409214412,0.0009999999695037979,0.0010000000317339458,0.0010000000031071712,0.0009999999844002314,0.0010000000416707498,8.072469286803616e-6,8.072529322780037e-6,3.3824402610225883,14.089964770118872,1.647690332390899,0.08176277391988097,0.00005801481164432829,0.00009121497593392138,0.0002658708666133798,0.0011699999999999703,0.0011699999999999636,0.0011699999999999933,0.0010016999999999852,0.0010016999999999986,0.0010016999999999782,1.3406316426490754,9.751321544477257,2.1260553861477014,-0.0007387500741140528,0.02931187431591101,-0.02002999986874897,12.014062929153443,-24.99375123977661,-7.401562762260437,1010.7649841308594,0.29654344653770764,28.702012595628748
2025-06-14T21:24:54.800Z,40.06883291743181,-75.2619886573589,10.813468439420056,31.001477770405742,-70.38703901910186,-2.6583429135313343,1.5915681027906357,6.255392541598163,0.821811167560415,0.001000000040855579,0.0009999999694838557,0.0010000000317237725,0.0010000000031281644,0.0009999999842574445,0.0010000000420108761,9.072461825861059e-6,9.072550637906564e-6,3.3627693060976203,14.67799113220017,2.0798742356211357,0.07250729354281187,0.00005117007373972255,0.00009605285270729607,0.00027564079791356455,0.0011709999999999696,0.0011709999999999629,0.0011709999999999926,0.0010017099999999847,0.0010017099999999988,0.0010017099999999773,1.2136030032926752,9.42176225373569,1.6334177087122872,-0.009040132175708955,0.001771711629778759,-0.00039210547968200745,10.83958371480306,-25.722917768690323,-7.30312532848782,1010.2349853515625,-0.13439597441873974,28.85303770117301
2025-06-14T21:24:59.800Z,40.064691541009985,-75.26626202178542,17.57185760141143,25.136150975097475,-75.10655232035023,-0.252201412580465,1.4799605064978445,6.025969878648533,0.8930763292888151,0.0010000000405712907,0.000999999969192957,0.001000000031780697,0.0010000000030057398,0.0009999999844222938,0.001000000042009085,0.000010072438940303336,0.000010072577170550138,3.238242701098299,15.322643252800477,2.7240186223918834,0.0463721353763192,0.00005262069917047265,0.00009835353249416504,0.000288205406545338,0.0011719999999999702,0.0011719999999999632,0.0011719999999999931,0.0010017199999999853,0.0010017199999999993,0.001001719999999978,1.0835083925050564,9.805450499459159,1.743108396654062,-0.01512125027585665,0.011581250273532644,0.04371499866795833,11.355937957763672,-25.731563568115234,-7.462500262260437,1009.5999755859375,0.24501422746618065,29.09908327126608
2025-06-14T21:25:04.800Z,40.06149210209758,-75.27105201247169,26.075503309633902,24.57038196344396,-84.40878047179687,1.1903252442624832,1.5862532277938988,6.06295646139783,0.8497946684189569,0.001000000040775616,0.0009999999692346419,0.0010000000320929394,0.0010000000030537847,0.0009999999845709579,0.0010000000420489965,0.000011072390335902643,0.000011072610641659328,3.0270456201526157,16.63856433230024,3.6423347279043066,0.03474533193934704,0.00005036502973371061,0.00010692910027613206,0.0002962692478211749,0.0011729999999999703,0.0011729999999999625,0.0011729999999999933,0.0010017299999999858,0.00100173,0.0010017299999999767,1.3430500492445228,9.853600524933151,2.1557401090939923,0.021455468596213136,-0.008820312849500756,-0.008880469273176891,11.935547292232513,-25.286719799041748,-9.11601597070694,1009.1649780273438,0.4035559135495611,29.410444564980036
2025-06-14T21:25:09.800Z,40.089379136611676,-75.27503076346702,41.986839589432584,13.889835900482318,-43.76971736101382,3.385250649392613,1.4887923055347534,6.2068717427648,0.8990929661714439,0.0010000000403851573,0.00099999996954035,0.001000000032730646,0.0010000000043688575,0.000999999985225987,0.0010000000427247487,2.4247311495811363e-8,2.4247314525716884e-8,1.775298914099459,1.9434128132268034,1.3476479298428623,0.029555342480234004,0.000046223713949857704,0.0000691619753005998,0.00024863794361595296,0.0011739999999999691,0.0011739999999999617,0.001173999999999992,0.0010017399999999854,0.0010017399999999994,0.0010017399999999775,1.0022214745471416,9.651286120854216,2.6607930041571257,-0.005228125387596865,0.012423437879250192,-0.0015671878009101202,11.184375405311584,-25.526954174041748,-9.5425785779953,1009.0999755859376,0.28561105713435087,29.45799480280741
2025-06-14T21:25:14.800Z,40.088677584399086,-75.27770557280188,42.6697745164516,24.67186571977459,-46.222026312732474,0.2527423760031944,1.4993284474545112,6.261798058205109,0.949767490883556,0.0010000000405686288,0.0009999999696026613,0.00100000003269023,0.0010000000044883461,0.0009999999852397926,0.0010000000425857852,1.0242480156712307e-6,1.0242489413188595e-6,2.2626522988215503,2.2268502228079496,1.745946416222681,0.031105892470398647,0.00005135162201793707,0.00007825166824073324,0.00025641298139393457,0.0011749999999999697,0.001174999999999962,0.0011749999999999927,0.001001749999999985,0.0010017499999999992,0.0010017499999999781,1.4643875678373843,9.125694232255878,2.3666282358028514,-0.0009433823028331454,0.012426470311121858,-0.010309558240580689,12.352941737455481,-24.850368611952838,-10.141544454237994,1009.3249816894531,-0.23497436533726906,29.54630118886952
2025-06-14T21:25:19.800Z,40.088255099983776,-75.28048881419392,35.06693094710681,33.846036918527126,-46.57567100896609,-0.9892014726010463,1.5152865393476305,6.245980314089599,0.9761125179023188,0.0010000000403710266,0.0009999999697954073,0.0010000000326563746,0.001000000004813088,0.0009999999853229852,0.0010000000427610777,2.024250416245466e-6,2.0242546165557213e-6,2.55535577684906,2.702095245927007,2.3353426380864053,0.03018169323564488,0.000053728393017548476,0.00008758791587429731,0.0002653491419012556,0.001175999999999969,0.0011759999999999614,0.001175999999999992,0.0010017599999999844,0.0010017599999999982,0.001001759999999977,1.2876406834762915,9.533375488788485,1.8350000867069691,0.0008926459757979002,0.006125735270266325,0.0038852942403326623,12.205078721046448,-24.70429813861847,-8.68242233991623,1009.5149841308594,0.01773421342616109,28.89027202515367
2025-06-14T21:25:24.800Z,40.088015263617265,-75.28330519131217,28.415389927857266,44.83634573179105,-48.76425567743789,-0.7726962700422807,1.5713133315068242,6.256115277811842,0.9578092410768221,0.001000000040686744,0.0009999999696635497,0.0010000000328723156,0.0010000000048507756,0.0009999999851938973,0.0010000000426232435,3.0242543855510377e-6,3.0242663378703198e-6,2.7014030970890577,3.2664759419190657,3.2166277895010493,0.03570424167392789,0.00005406743127566393,0.00009638904913248328,0.0002721980165453583,0.0011769999999999682,0.0011769999999999608,0.0011769999999999916,0.0010017699999999845,0.0010017699999999986,0.0010017699999999776,1.1564281733079367,9.7988098731343,2.1706438643307755,0.01017368407164199,-0.0031131579666434164,-0.001694736905610336,12.020724196183053,-24.995724728232936,-9.291118722212943,1009.7749633789062,0.32717674277544534,29.25074327718334
2025-06-14T21:25:29.800Z,40.0878520478202,-75.2861940140171,22.836046239660593,53.136156022680645,-49.5650869089562,-1.7058041357219778,1.4918210509058856,6.225403413686473,1.144373294507425,0.001000000040390531,0.0009999999694240572,0.001000000032973628,0.0010000000048631685,0.0009999999848302903,0.0010000000426415166,4.024257215482589e-6,4.024286964588886e-6,2.797553917526879,3.7271966851963247,4.393153791312838,0.03652684091868236,0.00005571160507110136,0.00010159137100592627,0.00027962796093695816,0.001177999999999967,0.0011779999999999614,0.001177999999999992,0.0010017799999999855,0.0010017799999999994,0.0010017799999999786,1.1028059416532363,9.489588636989637,1.9317765794909154,-0.014156579101505291,0.03731907823986034,0.0075901313182181835,12.871875524520874,-25.684688663482667,-8.220937919616699,1010.0799865722656,-0.02882422085346116,29.882590209449617
2025-06-14T21:25:34.800Z,40.08780711624376,-75.28913099823258,21.34671054000479,63.133243365344846,-49.836299661776685,0.7878330558359813,1.583965589393031,6.213332421848451,1.1126544924657298,0.0010000000407748254,0.0009999999694395444,0.0010000000331427494,0.001000000005162624,0.0009999999848771465,0.0010000000428841255,5.024253304100569e-6,5.0243199713414585e-6,2.8636668953703577,4.0663352643658435,6.04021368467427,0.040295647760311415,0.000054524206511001884,0.0001078600003358238,0.000285144867388967,0.0011789999999999674,0.0011789999999999607,0.0011789999999999915,0.0010017899999999864,0.0010017899999999996,0.0010017899999999792,1.4966083900789502,10.132500470086049,2.226375083466511,0.018448610819773087,-0.00669097246078618,0.002047916581639611,12.901974326685854,-25.425987946359736,-7.533552922700581,1010.2399597167969,0.7058232174371165,29.490561711827723
2025-06-14T21:25:39.800Z,40.08842647697129,-75.29212056377997,23.463692908359384,75.730465530812,-55.0193175780932,0.9403878303955913,1.6680643914711528,6.141430879078624,1.0844726761116072,0.0010000000409089368,0.0009999999692309788,0.0010000000332222997,0.0010000000051773469,0.000999999984649615,0.0010000000426272683,6.024238242635443e-6,6.024369961638486e-6,2.9205518191519886,4.182777339974018,8.041596226477733,0.04149156898977523,0.0000549638997898897,0.00011307143088372647,0.0002912404402679464,0.001179999999999968,0.0011799999999999602,0.0011799999999999912,0.0010017999999999859,0.0010018000000000002,0.001001799999999979,1.1021281770730562,9.924500452549024,1.959443859886763,0.015459558811354464,-0.0042838234964951765,0.01534632358969625,13.507500394185383,-24.87625109354655,-6.193750254313151,1010.3199768066406,0.4003749637102202,28.976542850937783
2025-06-14T21:25:45Z,40.09006229754491,-75.2954366986043,27.294067169655225,90.36232233814178,-60.396712613111,2.653502958486285,1.5746414474220942,6.143072348632489,1.312137463870206,0.0010000000411360056,0.0009999999689425819,0.0010000000332872105,0.0010000000053865794,0.000999999984518066,0.0010000000425635597,7.024213693230167e-6,7.024448038537526e-6,2.992220767800073,4.31645882243094,10.753008479085771,0.04253296248392622,0.00005054014445784697,0.00012358777029420175,0.0003019276426938573,0.0011809999999999674,0.0011809999999999596,0.0011809999999999904,0.0010018099999999867,0.001001810000000001,0.001001809999999978,1.2304464917795628,10.263650515178387,1.932575069232484,-0.014150890196662136,0.04514107139347074,-0.0017955353202025338,13.438393456595284,-26.24330493382045,-6.012053796223232,1010.1949768066406,0.7407964258295602,30.090583381224302
2025-06-14T21:25:49.800Z,40.09173566754569,-75.29898798673295,26.776255809193927,113.92122146494755,-68.73759007830202,-0.6028491729381197,1.5650221574964127,6.114162571700152,1.820107964984371,0.001000000040926605,0.0009999999685384655,0.0010000000332915716,0.0010000000051187982,0.000999999984688371,0.0010000000422900218,8.024196163201911e-6,8.024552403848158e-6,3.0353483057122084,4.40928683729872,13.599651391418794,0.06438576838858395,0.00007096875968106362,0.00011057397065552662,0.00031937327970903856,0.0011819999999999678,0.0011819999999999598,0.001181999999999991,0.0010018199999999866,0.001001820000000001,0.001001819999999977,-0.19947000369569545,9.410260414154592,4.15292015771716,0.013105882134161168,0.11520367539074715,0.005858823312723747,14.850000493666705,-25.066545486450195,-5.888603182399974,1010.2449951171875,0.5123946922247319,29.724179495381307
2025-06-14T21:25:54.800Z,40.0928124264311,-75.30286384412705,20.59854547353926,128.47995712082542,-62.97737965857753,-2.0269790405327033,1.512106381213559,6.061790784909564,2.353797466523147,0.0010000000408477688,0.0009999999682459228,0.0010000000334714888,0.0010000000049387426,0.000999999984834657,0.0010000000422490595,9.024192224050383e-6,9.024702175287157e-6,3.1615412309222126,4.392049255600422,17.10959670549401,0.05825325050962543,0.00012455903073437785,0.00006736188034334693,0.0003430997071518962,0.0011829999999999673,0.0011829999999999595,0.0011829999999999903,0.0010018299999999861,0.0010018300000000004,0.0010018299999999766,1.3769400626409072,9.334270500214567,3.3052001625363903,0.011589843531142644,0.115170311827623,0.015199218649036629,6.73500026067098,-27.880001068115234,15.84500052134196,1010.3849792480469,0.22092875714638424,32.767596836506385
2025-06-14T21:26:00Z,40.09319494105307,-75.3072454282969,14.701915833495546,142.0524401524071,-49.2190401844557,-2.7373704738805684,1.4748883068147771,6.217654997568393,1.1416195907874065,0.0010000000406038198,0.0009999999684242933,0.001000000033614777,0.001000000004776788,0.0009999999845490394,0.0010000000424762248,0.000010024177479516468,0.000010024890021842382,3.292386662716151,4.040261762411816,20.715220918291173,0.10542324135402832,0.00004903782604593154,0.00013664911385461356,0.0003302103630540472,0.001183999999999967,0.0011839999999999592,0.00118399999999999,0.0010018399999999852,0.0010018399999999995,0.0010018399999999754,3.2687376459428483,9.241306590112016,2.7391157468222644,-0.08371999955671178,-0.5247856253829937,-0.10346499967329627,12.333553264015599,-27.134211991962633,-3.752960669366937,1010.5549926757812,0.39948989057323187,30.041032937733554
2025-06-14T21:26:10.800Z,40.093799036829104,-75.28513665672492,25.275222778474735,76.79012742350379,-9.87324991715381,0.4259000193501725,1.2461636441377884,6.118676933734944,0.27364217765475407,0.0010000000409810497,0.000999999966164786,0.001000000035582783,0.0010000000062618762,0.0009999999838994592,0.0010000000426291754,2.3916762698487412e-9,2.391676406305595e-9,0.6513422858592555,1.2331416774270512,2.0481209483703706,0.026106051454152606,0.00006001751906612718,0.00002814415685558868,0.0003060998974997516,0.0011849999999999675,0.001184999999999958,0.0011849999999999888,0.0010018499999999843,0.00100185,0.0010018499999999765,2.8075301398824917,9.32532052106836,2.1204500983219963,-0.026703906173705105,-0.16287187468950598,-0.02786406228049515,12.078516066074371,-24.910548090934753,-3.9105470776557922,1010.5099487304688,0.1867808702750888,27.9591755279272
2025-06-14T21:26:15Z,40.09517720655553,-75.28548520073088,25.617323307471437,75.98269635741177,-4.436067205066435,0.3987780185315293,1.2741263103179545,6.058374479089126,5.996986427410715,0.001000000041140966,0.0009999999663636288,0.0010000000356921775,0.0010000000061341635,0.0009999999839201542,0.0010000000426056157,1.0023920822679415e-6,1.0023933017914622e-6,1.2034645509881947,1.3817691534209278,2.3792237206293763,0.027002333365135297,0.000056441302226954973,0.000050638231151012555,0.0003137096052246224,0.0011859999999999664,0.0011859999999999586,0.0011859999999999894,0.0010018599999999838,0.0010018600000000005,0.0010018599999999757,1.641600079336511,9.609208670332093,1.830491741833602,-0.020510526681992776,-0.14342105341229835,-0.028934210319546537,-5.805592260862651,-21.89506671303197,-15.110526787607293,1010.5049743652344,0.1380459171337087,27.229103969045394
2025-06-14T21:26:20.200Z,40.097080600818664,-75.28551296305014,25.70146606549819,73.59252789006874,1.9592704154577583,0.7597058279084867,1.2375642137469074,5.940046616016663,5.743712308697802,0.001000000041455368,0.0009999999662928716,0.0010000000359410893,0.0010000000058758135,0.0009999999837966998,0.0010000000424749966,2.002393629472366e-6,2.0024005751201535e-6,2.0347446829051186,1.7051175666843401,3.006571059450981,0.024234231487528544,0.00005544492024708361,0.00006854437073042394,0.0003181559491773513,0.001186999999999967,0.0011869999999999591,0.0011869999999999901,0.0010018699999999833,0.001001870000000001,0.0010018699999999763,1.8897500952070814,9.526006626162786,2.325809503102373,-0.019294374953570264,-0.051888749894438625,0.007545624887805944,-10.260000371932984,-18.345000743865967,-13.217812967300414,1010.4749755859375,0.20485652324331213,24.829714424988417
2025-06-14T21:26:25Z,40.09915920283706,-75.28492272366336,23.608444059672458,70.922831081796,15.68950749745104,-0.6139247200341751,1.238369700133852,5.936522184964593,5.69706125228906,0.0010000000411849647,0.0009999999659991658,0.001000000036270045,0.0010000000058123155,0.0009999999838393426,0.001000000042169063,3.002394634124083e-6,3.0024132579136084e-6,2.4512833400455123,2.2248748416216992,3.588102718075256,0.03692886683136626,0.000056146348722038876,0.00007769856846109646,0.00032313927788212926,0.0011879999999999666,0.0011879999999999588,0.0011879999999999896,0.0010018799999999839,0.0010018800000000016,0.0010018799999999767,1.4152824223608704,9.746070985715578,1.3511794781605957,-0.0015156248866665233,-0.007764999644459996,-0.0025606250340185718,-10.52960561451159,-19.529606066252057,-13.379605845401162,1010.449951171875,0.15764316522490376,25.90925180847204
2025-06-14T21:26:30.200Z,40.10137944010678,-75.28364876763273,18.84441195095982,68.1069034297603,28.957796919329507,-1.7354621050117023,1.2427975332385885,5.937085075172209,5.685095971528578,0.0010000000411866572,0.0009999999660381697,0.001000000036137223,0.0010000000059896981,0.0009999999840722344,0.0010000000425687803,4.0023912092451455e-6,4.002432452630718e-6,2.861963267534658,3.113667836896202,3.894336865332959,0.052180658482208285,0.0000563656481025363,0.00007971271859588104,0.00032217414291650225,0.0011889999999999672,0.0011889999999999594,0.0011889999999999904,0.001001889999999984,0.0010018900000000018,0.0010018899999999767,1.403157566983046,9.755105518375064,1.2981125642890627,-0.0006631250076377154,-0.0027462501606416076,-0.0005600001609685728,-10.759687900543213,-19.647188186645508,-13.57031307220459,1010.469970703125,0.1562030474059712,26.190334568965387
2025-06-14T21:26:35Z,40.102965239196465,-75.28228179797034,14.584436747327114,63.94259381310376,39.6827084414483,-2.804045339169943,1.2318607163957551,5.814649283720931,5.661824798096573,0.0010000000411179968,0.0009999999661318183,0.0010000000360399434,0.0010000000060440323,0.0009999999837248294,0.001000000042459539,5.00238181120304e-6,5.002452789405487e-6,3.062332477576722,4.276418443134921,3.7476220572231322,0.06456079798230677,0.00006562544650815931,0.00007591814652738453,0.0003246194547246288,0.001189999999999966,0.0011899999999999602,0.0011899999999999912,0.0010018999999999835,0.0010019000000000013,0.0010018999999999755,1.3615132032307231,9.738729429580117,1.3150053232421393,-0.007648124900116944,-0.016015000484788502,0.024911874584194353,-10.017187929153442,-21.211875438690186,-13.798125505447388,1010.4649658203125,0.13533041627091819,27.215312189622217
2025-06-14T21:26:40.200Z,40.10475380574058,-75.27961650225834,9.158388923581064,139.8292738565783,92.62100789909843,-5.271790860960277,0.6379891460483984,0.41841543918982477,0.3814566712052889,0.0010000000414095433,0.0009999999663899604,0.0010000000362225185,0.0010000000061596067,0.0009999999835195957,0.0010000000423721614,6.002371718189068e-6,6.002480586787311e-6,3.6689062233028924,7.6348228134104845,4.856421706955853,0.3615702909201702,0.00006669349698585288,0.00006799851037229885,0.0003579803941397685,0.0011909999999999666,0.0011909999999999597,0.001190999999999991,0.0010019099999999828,0.0010019100000000004,0.0010019099999999757,2.2000448166787403,8.770155758941788,1.7405948180415494,-0.47820460378630114,1.187890134049679,-0.06258552528928676,19.453125794728596,-22.8395840326945,-17.986459096272785,1010.4749755859375,-0.5871715732763396,34.97970641398405
2025-06-14T21:26:45Z,40.11169625617272,-75.27200799167669,24.310527947581342,129.80321770077214,166.83347659666447,16.488981112347506,5.894559119085681,0.35556297864181896,0.9298452561573297,0.0010000000413334612,0.000999999966610355,0.0010000000359921455,0.0010000000059192478,0.0009999999834029618,0.0010000000424884256,7.002369525524833e-6,7.002519203184978e-6,4.098147284688615,14.712293925236693,4.615331344107429,0.20632597135594533,0.00010307231998177291,0.000030314723165979544,0.00036577477603980346,0.0011919999999999659,0.001191999999999959,0.001191999999999992,0.0010019199999999836,0.0010019200000000012,0.0010019199999999765,-0.27469706577872716,3.5518295881944053,9.55358568120588,-0.7611578957217727,-0.010921710137463195,0.34959604436627545,-10.59671085759213,25.78914572063245,-23.487829710307874,1010.4849853515625,0.3902258946574842,36.45606616795479
